2026-04-06 10:17:09.213 [main] DEBUG com.appointmentscheduler.application.AppConfig - Application configuration loaded
2026-04-06 10:17:09.245 [main] DEBUG c.a.application.AppointmentReminderService - Registered reminder channel: EmailNotification
2026-04-06 10:17:09.247 [main] DEBUG c.a.application.AppointmentReminderService - Registered reminder channel: SMSNotification
2026-04-06 10:17:10.923 [main] DEBUG com.appointmentscheduler.application.AppConfig - Application configuration loaded
2026-04-06 10:17:11.402 [main] DEBUG com.appointmentscheduler.application.AppConfig - Application configuration loaded
2026-04-06 10:17:11.467 [main] DEBUG com.appointmentscheduler.application.AppConfig - Application configuration loaded
2026-04-06 10:17:13.007 [JavaFX Application Thread] INFO  com.zaxxer.hikari.HikariDataSource - AppointmentBookingPool - Starting...
2026-04-06 10:17:13.322 [JavaFX Application Thread] INFO  com.zaxxer.hikari.pool.HikariPool - AppointmentBookingPool - Added connection com.mysql.cj.jdbc.ConnectionImpl@20e91674
2026-04-06 10:17:13.324 [JavaFX Application Thread] INFO  com.zaxxer.hikari.HikariDataSource - AppointmentBookingPool - Start completed.
2026-04-06 10:17:13.324 [JavaFX Application Thread] INFO  c.a.persistence.database.DatabaseConfig - Database connection pool initialized: jdbc:mysql://localhost:3306/appointment?useUnicode=true&characterEncoding=UTF-8&serverTimezone=UTC&useSSL=false&allowPublicKeyRetrieval=true
2026-04-06 10:17:13.335 [JavaFX Application Thread] INFO  c.a.persistence.database.DatabaseConfig - MySQL: table app_user verified/created
2026-04-06 10:17:13.353 [JavaFX Application Thread] DEBUG c.a.persistence.database.DatabaseConfig - MySQL (skipped): ALTER TABLE appointment ADD COLUMN customer_notes VARCHAR(2000) NULL — Duplicate column name 'customer_notes'
2026-04-06 10:17:13.354 [JavaFX Application Thread] DEBUG c.a.persistence.database.DatabaseConfig - MySQL (skipped): ALTER TABLE appointment ADD COLUMN contact_phone VARCHAR(64) NULL — Duplicate column name 'contact_phone'
2026-04-06 10:17:13.355 [JavaFX Application Thread] DEBUG c.a.persistence.database.DatabaseConfig - MySQL (skipped): ALTER TABLE appointment ADD COLUMN reminder_channel VARCHAR(32) NULL — Duplicate column name 'reminder_channel'
2026-04-06 10:17:13.357 [JavaFX Application Thread] DEBUG c.a.persistence.database.DatabaseConfig - MySQL (skipped): ALTER TABLE appointment ADD COLUMN accessibility_needs VARCHAR(512) NULL — Duplicate column name 'accessibility_needs'
2026-04-06 10:17:13.358 [JavaFX Application Thread] DEBUG c.a.persistence.database.DatabaseConfig - MySQL (skipped): ALTER TABLE appointment ADD COLUMN preferred_language VARCHAR(16) NULL — Duplicate column name 'preferred_language'
2026-04-06 10:17:13.362 [JavaFX Application Thread] INFO  com.appointmentscheduler.presentation.MainApp - Using database persistence (MySQL). User and appointment data will be saved.
2026-04-06 10:17:13.362 [JavaFX Application Thread] DEBUG c.a.application.AppointmentReminderService - Registered reminder channel: EmailNotification
2026-04-06 10:17:13.362 [JavaFX Application Thread] DEBUG c.a.application.AppointmentReminderService - Registered reminder channel: SMSNotification
2026-04-06 10:17:13.407 [JavaFX Application Thread] INFO  com.appointmentscheduler.presentation.MainApp - Starting Appointment Booking System v3.0.0
2026-04-06 10:17:15.836 [JavaFX Application Thread] WARN  com.appointmentscheduler.presentation.MainApp - loadScreen re-entry ignored: PatientDashboard.fxml
2026-04-06 10:17:15.837 [JavaFX Application Thread] WARN  com.appointmentscheduler.presentation.MainApp - loadScreen re-entry ignored: ThisDoesNotExist.fxml
2026-04-06 10:17:15.849 [JavaFX Application Thread] DEBUG c.appointmentscheduler.application.AuditLogService - Audit: LOGOUT | Admin | User logged out from application
2026-04-06 10:17:15.850 [JavaFX Application Thread] WARN  com.appointmentscheduler.presentation.MainApp - loadScreen re-entry ignored: Login.fxml
2026-04-06 10:17:17.552 [JavaFX Application Thread] INFO  com.appointmentscheduler.presentation.MainApp - Using database persistence (MySQL). User and appointment data will be saved.
2026-04-06 10:17:17.553 [JavaFX Application Thread] DEBUG c.a.application.AppointmentReminderService - Registered reminder channel: EmailNotification
2026-04-06 10:17:17.554 [JavaFX Application Thread] DEBUG c.a.application.AppointmentReminderService - Registered reminder channel: SMSNotification
2026-04-06 10:17:17.567 [JavaFX Application Thread] INFO  com.appointmentscheduler.presentation.MainApp - Starting Appointment Booking System v3.0.0
2026-04-06 10:17:19.767 [JavaFX Application Thread] ERROR com.appointmentscheduler.presentation.MainApp - Failed to load screen: ThisDoesNotExist.fxml
java.lang.IllegalStateException: FXML not found. Tried: /com/appointmentscheduler/presentation/ThisDoesNotExist.fxml, com/appointmentscheduler/presentation/ThisDoesNotExist.fxml, ThisDoesNotExist.fxml. Check that src/main/resources is on classpath.
	at com.appointmentscheduler/com.appointmentscheduler.presentation.MainApp.loadScreen(MainApp.java:326)
	at com.appointmentscheduler/com.appointmentscheduler.presentation.PresentationMainAppCoverageTest.lambda$7(PresentationMainAppCoverageTest.java:76)
	at com.appointmentscheduler/com.appointmentscheduler.presentation.PresentationMainAppCoverageTest.lambda$11(PresentationMainAppCoverageTest.java:138)
	at com.appointmentscheduler/com.appointmentscheduler.presentation.PresentationMainAppCoverageTest.lambda$10(PresentationMainAppCoverageTest.java:120)
	at javafx.graphics/com.sun.javafx.application.PlatformImpl.lambda$runLater$10(PlatformImpl.java:457)
	at java.base/java.security.AccessController.doPrivileged(AccessController.java:138)
	at javafx.graphics/com.sun.javafx.application.PlatformImpl.lambda$runLater$11(PlatformImpl.java:456)
	at javafx.graphics/com.sun.glass.ui.InvokeLaterDispatcher$Future.run$$$capture(InvokeLaterDispatcher.java:96)
	at javafx.graphics/com.sun.glass.ui.InvokeLaterDispatcher$Future.run(InvokeLaterDispatcher.java)
	at javafx.graphics/com.sun.glass.ui.win.WinApplication._runLoop(Native Method)
	at javafx.graphics/com.sun.glass.ui.win.WinApplication.lambda$runLoop$3(WinApplication.java:184)
	at java.base/java.lang.Thread.run(Thread.java:1474)
2026-04-06 10:17:19.821 [JavaFX Application Thread] ERROR c.appointmentscheduler.presentation.ErrorHandler - Failed to load screen: FXML not found. Tried: /com/appointmentscheduler/presentation/ThisDoesNotExist.fxml, com/appointmentscheduler/presentation/ThisDoesNotExist.fxml, ThisDoesNotExist.fxml. Check that src/main/resources is on classpath.
java.lang.IllegalStateException: FXML not found. Tried: /com/appointmentscheduler/presentation/ThisDoesNotExist.fxml, com/appointmentscheduler/presentation/ThisDoesNotExist.fxml, ThisDoesNotExist.fxml. Check that src/main/resources is on classpath.
	at com.appointmentscheduler/com.appointmentscheduler.presentation.MainApp.loadScreen(MainApp.java:326)
	at com.appointmentscheduler/com.appointmentscheduler.presentation.PresentationMainAppCoverageTest.lambda$7(PresentationMainAppCoverageTest.java:76)
	at com.appointmentscheduler/com.appointmentscheduler.presentation.PresentationMainAppCoverageTest.lambda$11(PresentationMainAppCoverageTest.java:138)
	at com.appointmentscheduler/com.appointmentscheduler.presentation.PresentationMainAppCoverageTest.lambda$10(PresentationMainAppCoverageTest.java:120)
	at javafx.graphics/com.sun.javafx.application.PlatformImpl.lambda$runLater$10(PlatformImpl.java:457)
	at java.base/java.security.AccessController.doPrivileged(AccessController.java:138)
	at javafx.graphics/com.sun.javafx.application.PlatformImpl.lambda$runLater$11(PlatformImpl.java:456)
	at javafx.graphics/com.sun.glass.ui.InvokeLaterDispatcher$Future.run$$$capture(InvokeLaterDispatcher.java:96)
	at javafx.graphics/com.sun.glass.ui.InvokeLaterDispatcher$Future.run(InvokeLaterDispatcher.java)
	at javafx.graphics/com.sun.glass.ui.win.WinApplication._runLoop(Native Method)
	at javafx.graphics/com.sun.glass.ui.win.WinApplication.lambda$runLoop$3(WinApplication.java:184)
	at java.base/java.lang.Thread.run(Thread.java:1474)
2026-04-06 10:17:19.837 [JavaFX Application Thread] DEBUG c.appointmentscheduler.application.AuditLogService - Audit: LOGOUT | Patient | User logged out from application
2026-04-06 10:17:21.259 [main] INFO  com.zaxxer.hikari.HikariDataSource - AppointmentBookingPool - Shutdown initiated...
2026-04-06 10:17:21.322 [main] INFO  com.zaxxer.hikari.HikariDataSource - AppointmentBookingPool - Shutdown completed.
2026-04-06 10:17:21.323 [main] INFO  c.a.persistence.database.DatabaseConfig - Database connection pool closed
2026-04-06 10:17:21.324 [main] DEBUG com.appointmentscheduler.application.AppConfig - Application configuration loaded
2026-04-06 10:17:21.326 [main] INFO  com.zaxxer.hikari.HikariDataSource - AppointmentBookingPool - Starting...
2026-04-06 10:17:21.747 [main] INFO  com.zaxxer.hikari.pool.HikariPool - AppointmentBookingPool - Added connection conn0: url=jdbc:h2:mem:dbconfig_flyway user=SA
2026-04-06 10:17:21.749 [main] INFO  com.zaxxer.hikari.HikariDataSource - AppointmentBookingPool - Start completed.
2026-04-06 10:17:21.749 [main] INFO  c.a.persistence.database.DatabaseConfig - Database connection pool initialized: jdbc:h2:mem:dbconfig_flyway;DB_CLOSE_DELAY=-1;DATABASE_TO_LOWER=TRUE
2026-04-06 10:17:21.870 [main] INFO  org.flywaydb.core.internal.license.VersionPrinter - Flyway Community Edition 9.22.3 by Redgate
2026-04-06 10:17:21.870 [main] INFO  org.flywaydb.core.internal.license.VersionPrinter - See release notes here: https://rd.gt/416ObMi
2026-04-06 10:17:21.870 [main] INFO  org.flywaydb.core.internal.license.VersionPrinter - 
2026-04-06 10:17:21.942 [main] INFO  org.flywaydb.core.FlywayExecutor - Database: jdbc:h2:mem:dbconfig_flyway (H2 2.2)
2026-04-06 10:17:21.953 [main] WARN  org.flywaydb.core.internal.database.base.Database - Flyway upgrade recommended: H2 2.2.224 is newer than this version of Flyway and support has not been tested. The latest supported version of H2 is 2.2.220.
2026-04-06 10:17:21.989 [main] INFO  o.f.c.i.schemahistory.JdbcTableSchemaHistory - Schema history table "public"."flyway_schema_history" does not exist yet
2026-04-06 10:17:21.993 [main] INFO  org.flywaydb.core.internal.command.DbValidate - Successfully validated 2 migrations (execution time 00:00.024s)
2026-04-06 10:17:22.001 [main] INFO  o.f.c.i.schemahistory.JdbcTableSchemaHistory - Creating Schema History table "public"."flyway_schema_history" ...
2026-04-06 10:17:22.034 [main] INFO  org.flywaydb.core.internal.command.DbMigrate - Current version of schema "public": << Empty Schema >>
2026-04-06 10:17:22.059 [main] INFO  org.flywaydb.core.internal.command.DbMigrate - Migrating schema "public" to version "1 - enterprise schema"
2026-04-06 10:17:22.129 [main] INFO  org.flywaydb.core.internal.command.DbMigrate - Migrating schema "public" to version "2 - booking request fields"
2026-04-06 10:17:22.199 [main] INFO  org.flywaydb.core.internal.command.DbMigrate - Successfully applied 2 migrations to schema "public", now at version v2 (execution time 00:00.119s)
2026-04-06 10:17:22.202 [main] INFO  c.a.persistence.database.DatabaseConfig - Flyway migrations executed: 2
2026-04-06 10:17:22.203 [main] INFO  com.zaxxer.hikari.HikariDataSource - AppointmentBookingPool - Shutdown initiated...
2026-04-06 10:17:22.204 [main] INFO  com.zaxxer.hikari.HikariDataSource - AppointmentBookingPool - Shutdown completed.
2026-04-06 10:17:22.204 [main] INFO  c.a.persistence.database.DatabaseConfig - Database connection pool closed
2026-04-06 10:17:22.204 [main] INFO  com.zaxxer.hikari.HikariDataSource - AppointmentBookingPool - Starting...
2026-04-06 10:17:22.206 [main] INFO  com.zaxxer.hikari.pool.HikariPool - AppointmentBookingPool - Added connection conn2: url=jdbc:h2:mem:dbconfig_flyway user=SA
2026-04-06 10:17:22.206 [main] INFO  com.zaxxer.hikari.HikariDataSource - AppointmentBookingPool - Start completed.
2026-04-06 10:17:22.206 [main] INFO  c.a.persistence.database.DatabaseConfig - Database connection pool initialized: jdbc:h2:mem:dbconfig_flyway;DB_CLOSE_DELAY=-1;DATABASE_TO_LOWER=TRUE
2026-04-06 10:17:22.212 [main] INFO  org.flywaydb.core.FlywayExecutor - Database: jdbc:h2:mem:dbconfig_flyway (H2 2.2)
2026-04-06 10:17:22.214 [main] WARN  org.flywaydb.core.internal.database.base.Database - Flyway upgrade recommended: H2 2.2.224 is newer than this version of Flyway and support has not been tested. The latest supported version of H2 is 2.2.220.
2026-04-06 10:17:22.221 [main] INFO  org.flywaydb.core.internal.command.DbValidate - Successfully validated 2 migrations (execution time 00:00.006s)
2026-04-06 10:17:22.226 [main] INFO  org.flywaydb.core.internal.command.DbMigrate - Current version of schema "public": 2
2026-04-06 10:17:22.227 [main] INFO  org.flywaydb.core.internal.command.DbMigrate - Schema "public" is up to date. No migration necessary.
2026-04-06 10:17:22.228 [main] INFO  c.a.persistence.database.DatabaseConfig - Flyway migrations executed: 0
2026-04-06 10:17:22.229 [main] INFO  com.zaxxer.hikari.HikariDataSource - AppointmentBookingPool - Shutdown initiated...
2026-04-06 10:17:22.255 [main] INFO  com.zaxxer.hikari.HikariDataSource - AppointmentBookingPool - Shutdown completed.
2026-04-06 10:17:22.256 [main] INFO  c.a.persistence.database.DatabaseConfig - Database connection pool closed
2026-04-06 10:17:22.256 [main] DEBUG com.appointmentscheduler.application.AppConfig - Application configuration loaded
2026-04-06 10:17:22.258 [main] DEBUG com.appointmentscheduler.application.AppConfig - Application configuration loaded
2026-04-06 10:17:22.258 [main] DEBUG com.appointmentscheduler.application.AppConfig - Application configuration loaded
2026-04-06 10:17:23.135 [main] WARN  com.appointmentscheduler.application.AuthService - Login failed for email: nobody@here.com
2026-04-06 10:17:24.202 [main] WARN  com.appointmentscheduler.application.AuthService - Login failed for email: john@test.com
2026-04-06 10:17:25.385 [main] WARN  com.appointmentscheduler.application.AuthService - Login attempt for locked account: john@test.com
2026-04-06 10:17:27.626 [main] INFO  com.appointmentscheduler.application.AuthService - Login successful for user: john@test.com
2026-04-06 10:17:28.683 [main] INFO  com.appointmentscheduler.application.AuthService - Login successful for user: john@test.com
2026-04-06 10:17:29.602 [main] INFO  com.appointmentscheduler.application.AuthService - Login successful for user: john@test.com
2026-04-06 10:17:30.527 [main] INFO  com.appointmentscheduler.application.AuthService - Login successful for user: john@test.com
2026-04-06 10:17:31.440 [main] INFO  com.appointmentscheduler.application.AuthService - Login successful for user: admin@test.com
2026-04-06 10:17:31.443 [main] INFO  com.zaxxer.hikari.HikariDataSource - HikariPool-1 - Starting...
2026-04-06 10:17:31.445 [main] INFO  com.zaxxer.hikari.pool.HikariPool - HikariPool-1 - Added connection conn4: url=jdbc:h2:mem:jdbc_repo_test user=SA
2026-04-06 10:17:31.446 [main] INFO  com.zaxxer.hikari.HikariDataSource - HikariPool-1 - Start completed.
2026-04-06 10:17:31.534 [main] INFO  com.zaxxer.hikari.HikariDataSource - HikariPool-1 - Shutdown initiated...
2026-04-06 10:17:31.537 [main] INFO  com.zaxxer.hikari.HikariDataSource - HikariPool-1 - Shutdown completed.
2026-04-06 10:17:31.723 [JavaFX Application Thread] INFO  com.zaxxer.hikari.HikariDataSource - AppointmentBookingPool - Starting...
2026-04-06 10:17:31.729 [JavaFX Application Thread] INFO  com.zaxxer.hikari.pool.HikariPool - AppointmentBookingPool - Added connection com.mysql.cj.jdbc.ConnectionImpl@6e07421b
2026-04-06 10:17:31.730 [JavaFX Application Thread] INFO  com.zaxxer.hikari.HikariDataSource - AppointmentBookingPool - Start completed.
2026-04-06 10:17:31.730 [JavaFX Application Thread] INFO  c.a.persistence.database.DatabaseConfig - Database connection pool initialized: jdbc:mysql://localhost:3306/appointment?useUnicode=true&characterEncoding=UTF-8&serverTimezone=UTC&useSSL=false&allowPublicKeyRetrieval=true
2026-04-06 10:17:31.731 [JavaFX Application Thread] INFO  c.a.persistence.database.DatabaseConfig - MySQL: table app_user verified/created
2026-04-06 10:17:31.732 [JavaFX Application Thread] DEBUG c.a.persistence.database.DatabaseConfig - MySQL (skipped): ALTER TABLE appointment ADD COLUMN customer_notes VARCHAR(2000) NULL — Duplicate column name 'customer_notes'
2026-04-06 10:17:31.732 [JavaFX Application Thread] DEBUG c.a.persistence.database.DatabaseConfig - MySQL (skipped): ALTER TABLE appointment ADD COLUMN contact_phone VARCHAR(64) NULL — Duplicate column name 'contact_phone'
2026-04-06 10:17:31.733 [JavaFX Application Thread] DEBUG c.a.persistence.database.DatabaseConfig - MySQL (skipped): ALTER TABLE appointment ADD COLUMN reminder_channel VARCHAR(32) NULL — Duplicate column name 'reminder_channel'
2026-04-06 10:17:31.733 [JavaFX Application Thread] DEBUG c.a.persistence.database.DatabaseConfig - MySQL (skipped): ALTER TABLE appointment ADD COLUMN accessibility_needs VARCHAR(512) NULL — Duplicate column name 'accessibility_needs'
2026-04-06 10:17:31.734 [JavaFX Application Thread] DEBUG c.a.persistence.database.DatabaseConfig - MySQL (skipped): ALTER TABLE appointment ADD COLUMN preferred_language VARCHAR(16) NULL — Duplicate column name 'preferred_language'
2026-04-06 10:17:31.734 [JavaFX Application Thread] INFO  com.appointmentscheduler.presentation.MainApp - Using database persistence (MySQL). User and appointment data will be saved.
2026-04-06 10:17:31.734 [JavaFX Application Thread] DEBUG c.a.application.AppointmentReminderService - Registered reminder channel: EmailNotification
2026-04-06 10:17:31.734 [JavaFX Application Thread] DEBUG c.a.application.AppointmentReminderService - Registered reminder channel: SMSNotification
2026-04-06 10:17:31.745 [JavaFX Application Thread] INFO  com.appointmentscheduler.presentation.MainApp - Starting Appointment Booking System v3.0.0
2026-04-06 10:17:32.475 [JavaFX Application Thread] DEBUG c.appointmentscheduler.application.AuditLogService - Audit: EXPIRE | System | Appointment 5bba6260-6711-47ee-a7d7-6bc0ed56db75 auto-expired
2026-04-06 10:17:32.577 [JavaFX Application Thread] DEBUG c.appointmentscheduler.application.AuditLogService - Audit: DAY_CLOSED | Admin Sweep | Closed calendar day: 2026-04-06
2026-04-06 10:17:32.599 [JavaFX Application Thread] DEBUG c.appointmentscheduler.application.AuditLogService - Audit: DAY_REOPENED | Admin Sweep | Reopened calendar day: 2026-04-06
2026-04-06 10:17:36.027 [JavaFX Application Thread] INFO  com.appointmentscheduler.presentation.MainApp - Using database persistence (MySQL). User and appointment data will be saved.
2026-04-06 10:17:36.028 [JavaFX Application Thread] DEBUG c.a.application.AppointmentReminderService - Registered reminder channel: EmailNotification
2026-04-06 10:17:36.028 [JavaFX Application Thread] DEBUG c.a.application.AppointmentReminderService - Registered reminder channel: SMSNotification
2026-04-06 10:17:36.047 [JavaFX Application Thread] INFO  com.appointmentscheduler.presentation.MainApp - Starting Appointment Booking System v3.0.0
2026-04-06 10:17:36.840 [JavaFX Application Thread] DEBUG c.appointmentscheduler.application.AuditLogService - Audit: LOGIN_FAILED | admin@example.com | Invalid credentials
2026-04-06 10:17:36.840 [JavaFX Application Thread] WARN  com.appointmentscheduler.application.AuthService - Login failed for email: admin@example.com
2026-04-06 10:17:39.571 [JavaFX Application Thread] DEBUG c.appointmentscheduler.application.AuditLogService - Audit: LOGIN_FAILED | customer@example.com | Invalid credentials
2026-04-06 10:17:39.572 [JavaFX Application Thread] WARN  com.appointmentscheduler.application.AuthService - Login failed for email: customer@example.com
2026-04-06 10:17:41.299 [main] DEBUG com.appointmentscheduler.application.AppConfig - Application configuration loaded
2026-04-06 10:17:41.301 [main] DEBUG com.appointmentscheduler.application.AppConfig - Application configuration loaded
2026-04-06 10:17:41.307 [JavaFX Application Thread] INFO  com.appointmentscheduler.presentation.MainApp - Using database persistence (MySQL). User and appointment data will be saved.
2026-04-06 10:17:41.307 [JavaFX Application Thread] DEBUG c.a.application.AppointmentReminderService - Registered reminder channel: EmailNotification
2026-04-06 10:17:41.307 [JavaFX Application Thread] DEBUG c.a.application.AppointmentReminderService - Registered reminder channel: SMSNotification
2026-04-06 10:17:41.313 [JavaFX Application Thread] INFO  com.appointmentscheduler.presentation.MainApp - Starting Appointment Booking System v3.0.0
2026-04-06 10:17:42.454 [JavaFX Application Thread] DEBUG c.appointmentscheduler.application.AuditLogService - Audit: DAY_CLOSED | Forced Admin | Closed calendar day: 2026-04-06
2026-04-06 10:17:42.463 [JavaFX Application Thread] DEBUG c.appointmentscheduler.application.AuditLogService - Audit: DAY_REOPENED | Forced Admin | Reopened calendar day: 2026-04-06
2026-04-06 10:17:48.542 [main] DEBUG c.appointmentscheduler.application.AuditLogService - Audit: BOOK | Pat | Appointment a9b75abf-a607-4fef-bce1-fa2a388cba9d at 2026-04-14T10:00 to 2026-04-14T11:00 | entity=a9b75abf-a607-4fef-bce1-fa2a388cba9d
2026-04-06 10:17:48.577 [main] DEBUG c.appointmentscheduler.application.AuditLogService - Audit: BOOK | Pat | Appointment b43288c4-a0e1-40e5-8d0d-822c3ca12ab1 at 2026-04-16T10:00 to 2026-04-16T11:00 | entity=b43288c4-a0e1-40e5-8d0d-822c3ca12ab1
2026-04-06 10:17:48.581 [main] DEBUG c.appointmentscheduler.application.AuditLogService - Audit: BOOK | Pat | Appointment f399a949-5873-4750-b20a-1f4d9d883ba0 at 2026-04-08T10:00 to 2026-04-08T11:00 | entity=f399a949-5873-4750-b20a-1f4d9d883ba0
2026-04-06 10:17:48.611 [main] DEBUG c.appointmentscheduler.application.AuditLogService - Audit: BOOK | Pat | Appointment 153a933d-6db0-4164-b3ec-3d5e1ff54f8c at 2026-04-08T10:00 to 2026-04-08T11:00 | entity=153a933d-6db0-4164-b3ec-3d5e1ff54f8c
2026-04-06 10:17:48.639 [main] DEBUG c.appointmentscheduler.application.AuditLogService - Audit: BOOK | Pat | Appointment 1a5eb946-2ca1-4253-83e6-ab2560ee929a at 2026-04-10T10:00 to 2026-04-10T11:00 | entity=1a5eb946-2ca1-4253-83e6-ab2560ee929a
2026-04-06 10:17:48.647 [main] DEBUG c.appointmentscheduler.application.AuditLogService - Audit: CANCEL | A | Appointment cadm | entity=cadm
2026-04-06 10:17:48.654 [main] DEBUG c.appointmentscheduler.application.AuditLogService - Audit: CANCEL | Pat | Appointment cc | entity=cc
2026-04-06 10:17:48.667 [main] DEBUG c.appointmentscheduler.application.AuditLogService - Audit: CANCEL | Pat | Appointment 2b186eb2-7482-4fe5-9e82-59499e9687cf | entity=2b186eb2-7482-4fe5-9e82-59499e9687cf
2026-04-06 10:17:48.677 [main] DEBUG c.appointmentscheduler.application.AuditLogService - Audit: COMPLETE | A | Appointment ex marked COMPLETED | entity=ex
2026-04-06 10:17:48.680 [main] DEBUG c.appointmentscheduler.application.AuditLogService - Audit: COMPLETE | R | Appointment r1 marked COMPLETED | entity=r1
2026-04-06 10:17:48.688 [main] DEBUG c.appointmentscheduler.application.AuditLogService - Audit: COMPLETE | A | Appointment fixed-id marked COMPLETED | entity=fixed-id
2026-04-06 10:17:48.698 [main] DEBUG c.appointmentscheduler.application.AuditLogService - Audit: MODIFY | Pat | Appointment mid to 2026-04-10T10:00 to 2026-04-10T11:00 | entity=mid
2026-04-06 10:17:48.699 [main] DEBUG c.appointmentscheduler.application.AuditLogService - Audit: MODIFY | Pat | Appointment mod to 2026-04-11T10:00 to 2026-04-11T11:00 | entity=mod
2026-04-06 10:17:48.702 [main] DEBUG c.appointmentscheduler.application.AuditLogService - Audit: MODIFY | Pat | Appointment ev to 2026-04-11T10:00 to 2026-04-11T11:00 | entity=ev
2026-04-06 10:17:48.711 [main] DEBUG c.appointmentscheduler.application.AuditLogService - Audit: MODIFY | A | Appointment adm to 2026-04-11T10:00 to 2026-04-11T11:00 | entity=adm
2026-04-06 10:17:49.181 [main] WARN  c.appointmentscheduler.presentation.ErrorHandler - warn msg
2026-04-06 10:17:49.182 [main] WARN  c.appointmentscheduler.presentation.ErrorHandler - warn msg
java.io.IOException: boom
	at com.appointmentscheduler/com.appointmentscheduler.presentation.ErrorHandlerTest.lambda$1(ErrorHandlerTest.java:18)
	at org.assertj.core.api.ThrowableAssert.catchThrowable(ThrowableAssert.java:63)
	at org.assertj.core.api.AssertionsForClassTypes.catchThrowable(AssertionsForClassTypes.java:892)
	at org.assertj.core.api.AssertionsForClassTypes.assertThatCode(AssertionsForClassTypes.java:863)
	at org.assertj.core.api.Assertions.assertThatCode(Assertions.java:1287)
	at com.appointmentscheduler/com.appointmentscheduler.presentation.ErrorHandlerTest.logWarning_withThrowable_doesNotThrow(ErrorHandlerTest.java:18)
	at java.base/jdk.internal.reflect.DirectMethodHandleAccessor.invoke(DirectMethodHandleAccessor.java:104)
	at java.base/java.lang.reflect.Method.invoke(Method.java:565)
	at org.junit.platform.commons.util.ReflectionUtils.invokeMethod(ReflectionUtils.java:728)
	at org.junit.jupiter.engine.execution.MethodInvocation.proceed(MethodInvocation.java:60)
	at org.junit.jupiter.engine.execution.InvocationInterceptorChain$ValidatingInvocation.proceed(InvocationInterceptorChain.java:131)
	at org.junit.jupiter.engine.extension.TimeoutExtension.intercept(TimeoutExtension.java:156)
	at org.junit.jupiter.engine.extension.TimeoutExtension.interceptTestableMethod(TimeoutExtension.java:147)
	at org.junit.jupiter.engine.extension.TimeoutExtension.interceptTestMethod(TimeoutExtension.java:86)
	at org.junit.jupiter.engine.execution.InterceptingExecutableInvoker$ReflectiveInterceptorCall.lambda$ofVoidMethod$0(InterceptingExecutableInvoker.java:103)
	at org.junit.jupiter.engine.execution.InterceptingExecutableInvoker.lambda$invoke$0(InterceptingExecutableInvoker.java:93)
	at org.junit.jupiter.engine.execution.InvocationInterceptorChain$InterceptedInvocation.proceed(InvocationInterceptorChain.java:106)
	at org.junit.jupiter.engine.execution.InvocationInterceptorChain.proceed(InvocationInterceptorChain.java:64)
	at org.junit.jupiter.engine.execution.InvocationInterceptorChain.chainAndInvoke(InvocationInterceptorChain.java:45)
	at org.junit.jupiter.engine.execution.InvocationInterceptorChain.invoke(InvocationInterceptorChain.java:37)
	at org.junit.jupiter.engine.execution.InterceptingExecutableInvoker.invoke(InterceptingExecutableInvoker.java:92)
	at org.junit.jupiter.engine.execution.InterceptingExecutableInvoker.invoke(InterceptingExecutableInvoker.java:86)
	at org.junit.jupiter.engine.descriptor.TestMethodTestDescriptor.lambda$invokeTestMethod$7(TestMethodTestDescriptor.java:218)
	at org.junit.platform.engine.support.hierarchical.ThrowableCollector.execute(ThrowableCollector.java:73)
	at org.junit.jupiter.engine.descriptor.TestMethodTestDescriptor.invokeTestMethod(TestMethodTestDescriptor.java:214)
	at org.junit.jupiter.engine.descriptor.TestMethodTestDescriptor.execute(TestMethodTestDescriptor.java:139)
	at org.junit.jupiter.engine.descriptor.TestMethodTestDescriptor.execute(TestMethodTestDescriptor.java:69)
	at org.junit.platform.engine.support.hierarchical.NodeTestTask.lambda$executeRecursively$6(NodeTestTask.java:151)
	at org.junit.platform.engine.support.hierarchical.ThrowableCollector.execute(ThrowableCollector.java:73)
	at org.junit.platform.engine.support.hierarchical.NodeTestTask.lambda$executeRecursively$8(NodeTestTask.java:141)
	at org.junit.platform.engine.support.hierarchical.Node.around(Node.java:137)
	at org.junit.platform.engine.support.hierarchical.NodeTestTask.lambda$executeRecursively$9(NodeTestTask.java:139)
	at org.junit.platform.engine.support.hierarchical.ThrowableCollector.execute(ThrowableCollector.java:73)
	at org.junit.platform.engine.support.hierarchical.NodeTestTask.executeRecursively(NodeTestTask.java:138)
	at org.junit.platform.engine.support.hierarchical.NodeTestTask.execute(NodeTestTask.java:95)
	at java.base/java.util.ArrayList.forEach(ArrayList.java:1604)
	at org.junit.platform.engine.support.hierarchical.SameThreadHierarchicalTestExecutorService.invokeAll(SameThreadHierarchicalTestExecutorService.java:41)
	at org.junit.platform.engine.support.hierarchical.NodeTestTask.lambda$executeRecursively$6(NodeTestTask.java:155)
	at org.junit.platform.engine.support.hierarchical.ThrowableCollector.execute(ThrowableCollector.java:73)
	at org.junit.platform.engine.support.hierarchical.NodeTestTask.lambda$executeRecursively$8(NodeTestTask.java:141)
	at org.junit.platform.engine.support.hierarchical.Node.around(Node.java:137)
	at org.junit.platform.engine.support.hierarchical.NodeTestTask.lambda$executeRecursively$9(NodeTestTask.java:139)
	at org.junit.platform.engine.support.hierarchical.ThrowableCollector.execute(ThrowableCollector.java:73)
	at org.junit.platform.engine.support.hierarchical.NodeTestTask.executeRecursively(NodeTestTask.java:138)
	at org.junit.platform.engine.support.hierarchical.NodeTestTask.execute(NodeTestTask.java:95)
	at java.base/java.util.ArrayList.forEach(ArrayList.java:1604)
	at org.junit.platform.engine.support.hierarchical.SameThreadHierarchicalTestExecutorService.invokeAll(SameThreadHierarchicalTestExecutorService.java:41)
	at org.junit.platform.engine.support.hierarchical.NodeTestTask.lambda$executeRecursively$6(NodeTestTask.java:155)
	at org.junit.platform.engine.support.hierarchical.ThrowableCollector.execute(ThrowableCollector.java:73)
	at org.junit.platform.engine.support.hierarchical.NodeTestTask.lambda$executeRecursively$8(NodeTestTask.java:141)
	at org.junit.platform.engine.support.hierarchical.Node.around(Node.java:137)
	at org.junit.platform.engine.support.hierarchical.NodeTestTask.lambda$executeRecursively$9(NodeTestTask.java:139)
	at org.junit.platform.engine.support.hierarchical.ThrowableCollector.execute(ThrowableCollector.java:73)
	at org.junit.platform.engine.support.hierarchical.NodeTestTask.executeRecursively(NodeTestTask.java:138)
	at org.junit.platform.engine.support.hierarchical.NodeTestTask.execute(NodeTestTask.java:95)
	at org.junit.platform.engine.support.hierarchical.SameThreadHierarchicalTestExecutorService.submit(SameThreadHierarchicalTestExecutorService.java:35)
	at org.junit.platform.engine.support.hierarchical.HierarchicalTestExecutor.execute(HierarchicalTestExecutor.java:57)
	at org.junit.platform.engine.support.hierarchical.HierarchicalTestEngine.execute(HierarchicalTestEngine.java:54)
	at org.junit.platform.launcher.core.EngineExecutionOrchestrator.execute(EngineExecutionOrchestrator.java:198)
	at org.junit.platform.launcher.core.EngineExecutionOrchestrator.execute(EngineExecutionOrchestrator.java:169)
	at org.junit.platform.launcher.core.EngineExecutionOrchestrator.execute(EngineExecutionOrchestrator.java:93)
	at org.junit.platform.launcher.core.EngineExecutionOrchestrator.lambda$execute$0(EngineExecutionOrchestrator.java:58)
	at org.junit.platform.launcher.core.EngineExecutionOrchestrator.withInterceptedStreams(EngineExecutionOrchestrator.java:141)
	at org.junit.platform.launcher.core.EngineExecutionOrchestrator.execute(EngineExecutionOrchestrator.java:57)
	at org.junit.platform.launcher.core.DefaultLauncher.execute(DefaultLauncher.java:103)
	at org.junit.platform.launcher.core.DefaultLauncher.execute(DefaultLauncher.java:85)
	at org.junit.platform.launcher.core.DelegatingLauncher.execute(DelegatingLauncher.java:47)
	at org.junit.platform.launcher.core.SessionPerRequestLauncher.execute(SessionPerRequestLauncher.java:63)
	at com.intellij.junit5.JUnit5IdeaTestRunner.startRunnerWithArgs(JUnit5IdeaTestRunner.java:66)
	at com.intellij.rt.junit.IdeaTestRunner$Repeater$1.execute(IdeaTestRunner.java:38)
	at com.intellij.rt.execution.junit.TestsRepeater.repeat(TestsRepeater.java:11)
	at com.intellij.rt.junit.IdeaTestRunner$Repeater.startRunnerWithArgs(IdeaTestRunner.java:35)
	at com.intellij.rt.junit.JUnitStarter.prepareStreamsAndStart(JUnitStarter.java:231)
	at com.intellij.rt.junit.JUnitStarter.main(JUnitStarter.java:55)
2026-04-06 10:17:50.082 [JavaFX Application Thread] ERROR c.a.presentation.LoginController - Registration save failed for email auto.94565971527800@test.com
java.lang.RuntimeException: boom
	at com.appointmentscheduler/com.appointmentscheduler.presentation.LoginController.handleOpenRegistration(LoginController.java:215)
	at com.appointmentscheduler/com.appointmentscheduler.presentation.LoginControllerCoverageTest.lambda$3(LoginControllerCoverageTest.java:275)
	at javafx.graphics/com.sun.javafx.application.PlatformImpl.lambda$runLater$10(PlatformImpl.java:457)
	at java.base/java.security.AccessController.doPrivileged(AccessController.java:138)
	at javafx.graphics/com.sun.javafx.application.PlatformImpl.lambda$runLater$11(PlatformImpl.java:456)
	at javafx.graphics/com.sun.glass.ui.InvokeLaterDispatcher$Future.run$$$capture(InvokeLaterDispatcher.java:96)
	at javafx.graphics/com.sun.glass.ui.InvokeLaterDispatcher$Future.run(InvokeLaterDispatcher.java)
	at javafx.graphics/com.sun.glass.ui.win.WinApplication._runLoop(Native Method)
	at javafx.graphics/com.sun.glass.ui.win.WinApplication.lambda$runLoop$3(WinApplication.java:184)
	at java.base/java.lang.Thread.run(Thread.java:1474)
2026-04-06 10:17:50.093 [main] DEBUG com.appointmentscheduler.application.AppConfig - Application configuration loaded
2026-04-06 10:17:50.094 [main] DEBUG com.appointmentscheduler.application.AppConfig - Application configuration loaded
2026-04-06 10:17:50.096 [main] DEBUG com.appointmentscheduler.application.AppConfig - Application configuration loaded
2026-04-06 10:17:50.099 [main] DEBUG com.appointmentscheduler.application.AppConfig - Application configuration loaded
2026-04-06 10:17:50.102 [main] DEBUG com.appointmentscheduler.application.AppConfig - Application configuration loaded
2026-04-06 10:17:50.107 [main] DEBUG com.appointmentscheduler.application.AppConfig - Application configuration loaded
2026-04-06 10:17:50.109 [main] DEBUG com.appointmentscheduler.application.AppConfig - Application configuration loaded
2026-04-06 10:17:50.112 [main] DEBUG com.appointmentscheduler.application.AppConfig - Application configuration loaded
2026-04-06 10:17:50.113 [main] DEBUG com.appointmentscheduler.application.AppConfig - Application configuration loaded
2026-04-06 10:17:50.527 [main] DEBUG c.appointmentscheduler.application.AuditLogService - Audit: ACTION | null | details
2026-04-06 10:17:50.527 [main] DEBUG c.appointmentscheduler.application.AuditLogService - Audit: A2 | N | d2
2026-04-06 10:17:50.527 [main] DEBUG c.appointmentscheduler.application.AuditLogService - Audit: A3 | N | d3 | entity=e1
2026-04-06 10:17:50.527 [main] DEBUG c.appointmentscheduler.application.AuditLogService - Audit: A4 | name | d4
2026-04-06 10:17:50.565 [main] DEBUG c.appointmentscheduler.application.AuditLogService - Audit: EXPIRE | System | Appointment pnd auto-expired
2026-04-06 10:17:50.566 [main] DEBUG c.appointmentscheduler.application.AuditLogService - Audit: EXPIRE | System | Appointment a1 auto-expired
2026-04-06 10:17:50.638 [main] DEBUG c.appointmentscheduler.application.AuditLogService - Audit: CANCEL_RECURRENCE_SINGLE | N | Occurrence sid_1775732400 | entity=sid_1775732400
2026-04-06 10:17:50.641 [main] DEBUG c.appointmentscheduler.application.AuditLogService - Audit: CANCEL_RECURRENCE_SERIES | N | Series SER123 occurrence a1 | entity=a1
2026-04-06 10:17:50.641 [main] DEBUG c.appointmentscheduler.application.AuditLogService - Audit: CANCEL_RECURRENCE_SERIES | N | Series SER123 occurrence a2 | entity=a2
2026-04-06 10:17:50.643 [main] DEBUG com.appointmentscheduler.application.AppConfig - Application configuration loaded
2026-04-06 10:17:50.645 [main] DEBUG com.appointmentscheduler.application.AppConfig - Application configuration loaded
2026-04-06 10:17:50.652 [main] DEBUG com.appointmentscheduler.application.AppConfig - Application configuration loaded
2026-04-06 10:17:50.655 [main] DEBUG com.appointmentscheduler.application.AppConfig - Application configuration loaded
2026-04-06 10:17:50.657 [main] DEBUG com.appointmentscheduler.application.AppConfig - Application configuration loaded
2026-04-06 10:17:50.659 [main] DEBUG com.appointmentscheduler.application.AppConfig - Application configuration loaded
2026-04-06 10:17:50.660 [main] DEBUG com.appointmentscheduler.application.AppConfig - Application configuration loaded
2026-04-06 10:17:50.660 [main] DEBUG com.appointmentscheduler.application.AppConfig - Application configuration loaded
2026-04-06 10:17:50.661 [main] DEBUG com.appointmentscheduler.application.AppConfig - Application configuration loaded
2026-04-06 10:17:50.662 [main] DEBUG com.appointmentscheduler.application.AppConfig - Application configuration loaded
2026-04-06 10:17:50.663 [main] DEBUG com.appointmentscheduler.application.AppConfig - Application configuration loaded
2026-04-06 10:17:50.665 [main] DEBUG com.appointmentscheduler.application.AppConfig - Application configuration loaded
2026-04-06 10:17:50.666 [main] DEBUG com.appointmentscheduler.application.AppConfig - Application configuration loaded
2026-04-06 10:17:50.667 [main] DEBUG com.appointmentscheduler.application.AppConfig - Application configuration loaded
2026-04-06 10:17:50.669 [main] DEBUG com.appointmentscheduler.application.AppConfig - Application configuration loaded
2026-04-06 10:17:50.670 [main] DEBUG com.appointmentscheduler.application.AppConfig - Application configuration loaded
2026-04-06 10:17:50.671 [main] DEBUG com.appointmentscheduler.application.AppConfig - Application configuration loaded
2026-04-06 10:17:50.671 [main] DEBUG com.appointmentscheduler.application.AppConfig - Application configuration loaded
2026-04-06 10:17:50.673 [main] DEBUG com.appointmentscheduler.application.AppConfig - Application configuration loaded
2026-04-06 10:17:50.673 [main] DEBUG com.appointmentscheduler.application.AppConfig - Application configuration loaded
2026-04-06 10:17:50.677 [JavaFX Application Thread] INFO  com.appointmentscheduler.presentation.MainApp - Using database persistence (MySQL). User and appointment data will be saved.
2026-04-06 10:17:50.677 [JavaFX Application Thread] DEBUG c.a.application.AppointmentReminderService - Registered reminder channel: EmailNotification
2026-04-06 10:17:50.677 [JavaFX Application Thread] DEBUG c.a.application.AppointmentReminderService - Registered reminder channel: SMSNotification
2026-04-06 10:17:50.690 [JavaFX Application Thread] INFO  com.appointmentscheduler.presentation.MainApp - Starting Appointment Booking System v3.0.0
2026-04-06 10:17:54.523 [Thread-9] INFO  com.zaxxer.hikari.HikariDataSource - AppointmentBookingPool - Shutdown initiated...
2026-04-06 10:17:54.527 [Thread-9] INFO  com.zaxxer.hikari.HikariDataSource - AppointmentBookingPool - Shutdown completed.
2026-04-06 10:17:54.528 [Thread-9] INFO  c.a.persistence.database.DatabaseConfig - Database connection pool closed
2026-04-06 17:33:37.922 [main] DEBUG com.appointmentscheduler.application.AppConfig - Application configuration loaded
2026-04-06 17:33:37.965 [main] DEBUG c.a.application.AppointmentReminderService - Registered reminder channel: SMSNotification
2026-04-06 17:33:40.316 [main] DEBUG com.appointmentscheduler.application.AppConfig - Application configuration loaded
2026-04-06 17:33:41.107 [main] DEBUG com.appointmentscheduler.application.AppConfig - Application configuration loaded
2026-04-06 17:33:41.281 [main] DEBUG com.appointmentscheduler.application.AppConfig - Application configuration loaded
2026-04-06 17:33:43.167 [JavaFX Application Thread] INFO  com.zaxxer.hikari.HikariDataSource - AppointmentBookingPool - Starting...
2026-04-06 17:33:43.858 [JavaFX Application Thread] INFO  com.zaxxer.hikari.pool.HikariPool - AppointmentBookingPool - Added connection com.mysql.cj.jdbc.ConnectionImpl@7af4ed6e
2026-04-06 17:33:43.862 [JavaFX Application Thread] INFO  com.zaxxer.hikari.HikariDataSource - AppointmentBookingPool - Start completed.
2026-04-06 17:33:43.863 [JavaFX Application Thread] INFO  c.a.persistence.database.DatabaseConfig - Database connection pool initialized: jdbc:mysql://localhost:3306/appointment?useUnicode=true&characterEncoding=UTF-8&serverTimezone=UTC&useSSL=false&allowPublicKeyRetrieval=true
2026-04-06 17:33:43.929 [JavaFX Application Thread] INFO  c.a.persistence.database.DatabaseConfig - MySQL: table app_user verified/created
2026-04-06 17:33:43.989 [JavaFX Application Thread] DEBUG c.a.persistence.database.DatabaseConfig - MySQL (skipped): ALTER TABLE appointment ADD COLUMN customer_notes VARCHAR(2000) NULL — Duplicate column name 'customer_notes'
2026-04-06 17:33:43.992 [JavaFX Application Thread] DEBUG c.a.persistence.database.DatabaseConfig - MySQL (skipped): ALTER TABLE appointment ADD COLUMN contact_phone VARCHAR(64) NULL — Duplicate column name 'contact_phone'
2026-04-06 17:33:43.994 [JavaFX Application Thread] DEBUG c.a.persistence.database.DatabaseConfig - MySQL (skipped): ALTER TABLE appointment ADD COLUMN reminder_channel VARCHAR(32) NULL — Duplicate column name 'reminder_channel'
2026-04-06 17:33:43.995 [JavaFX Application Thread] DEBUG c.a.persistence.database.DatabaseConfig - MySQL (skipped): ALTER TABLE appointment ADD COLUMN accessibility_needs VARCHAR(512) NULL — Duplicate column name 'accessibility_needs'
2026-04-06 17:33:43.996 [JavaFX Application Thread] DEBUG c.a.persistence.database.DatabaseConfig - MySQL (skipped): ALTER TABLE appointment ADD COLUMN preferred_language VARCHAR(16) NULL — Duplicate column name 'preferred_language'
2026-04-06 17:33:44.042 [JavaFX Application Thread] INFO  com.appointmentscheduler.presentation.MainApp - Using database persistence (MySQL). User and appointment data will be saved.
2026-04-06 17:33:44.043 [JavaFX Application Thread] DEBUG c.a.application.AppointmentReminderService - Registered reminder channel: SMSNotification
2026-04-06 17:33:44.156 [JavaFX Application Thread] INFO  com.appointmentscheduler.presentation.MainApp - Starting Appointment Booking System v3.0.0
2026-04-06 17:33:47.502 [JavaFX Application Thread] WARN  com.appointmentscheduler.presentation.MainApp - loadScreen re-entry ignored: PatientDashboard.fxml
2026-04-06 17:33:47.502 [JavaFX Application Thread] WARN  com.appointmentscheduler.presentation.MainApp - loadScreen re-entry ignored: ThisDoesNotExist.fxml
2026-04-06 17:33:47.520 [JavaFX Application Thread] DEBUG c.appointmentscheduler.application.AuditLogService - Audit: LOGOUT | Admin | User logged out from application
2026-04-06 17:33:47.521 [JavaFX Application Thread] WARN  com.appointmentscheduler.presentation.MainApp - loadScreen re-entry ignored: Login.fxml
2026-04-06 17:33:49.673 [JavaFX Application Thread] INFO  com.appointmentscheduler.presentation.MainApp - Using database persistence (MySQL). User and appointment data will be saved.
2026-04-06 17:33:49.674 [JavaFX Application Thread] DEBUG c.a.application.AppointmentReminderService - Registered reminder channel: SMSNotification
2026-04-06 17:33:49.699 [JavaFX Application Thread] INFO  com.appointmentscheduler.presentation.MainApp - Starting Appointment Booking System v3.0.0
2026-04-06 17:33:51.682 [JavaFX Application Thread] ERROR com.appointmentscheduler.presentation.MainApp - Failed to load screen: ThisDoesNotExist.fxml
java.lang.IllegalStateException: FXML not found. Tried: /com/appointmentscheduler/presentation/ThisDoesNotExist.fxml, com/appointmentscheduler/presentation/ThisDoesNotExist.fxml, ThisDoesNotExist.fxml. Check that src/main/resources is on classpath.
	at com.appointmentscheduler/com.appointmentscheduler.presentation.MainApp.loadScreen(MainApp.java:351)
	at com.appointmentscheduler/com.appointmentscheduler.presentation.PresentationMainAppCoverageTest.lambda$mainApp_loadScreen_and_errorHandling_executeCompletely$5(PresentationMainAppCoverageTest.java:76)
	at com.appointmentscheduler/com.appointmentscheduler.presentation.PresentationMainAppCoverageTest.lambda$runOnFxVoid$0(PresentationMainAppCoverageTest.java:138)
	at com.appointmentscheduler/com.appointmentscheduler.presentation.PresentationMainAppCoverageTest.lambda$runOnFx$0(PresentationMainAppCoverageTest.java:120)
	at javafx.graphics/com.sun.javafx.application.PlatformImpl.lambda$runLater$10(PlatformImpl.java:457)
	at java.base/java.security.AccessController.doPrivileged(AccessController.java:138)
	at javafx.graphics/com.sun.javafx.application.PlatformImpl.lambda$runLater$11(PlatformImpl.java:456)
	at javafx.graphics/com.sun.glass.ui.InvokeLaterDispatcher$Future.run$$$capture(InvokeLaterDispatcher.java:96)
	at javafx.graphics/com.sun.glass.ui.InvokeLaterDispatcher$Future.run(InvokeLaterDispatcher.java)
	at javafx.graphics/com.sun.glass.ui.win.WinApplication._runLoop(Native Method)
	at javafx.graphics/com.sun.glass.ui.win.WinApplication.lambda$runLoop$3(WinApplication.java:184)
	at java.base/java.lang.Thread.run(Thread.java:1474)
2026-04-06 17:33:51.722 [JavaFX Application Thread] ERROR c.appointmentscheduler.presentation.ErrorHandler - Failed to load screen: FXML not found. Tried: /com/appointmentscheduler/presentation/ThisDoesNotExist.fxml, com/appointmentscheduler/presentation/ThisDoesNotExist.fxml, ThisDoesNotExist.fxml. Check that src/main/resources is on classpath.
java.lang.IllegalStateException: FXML not found. Tried: /com/appointmentscheduler/presentation/ThisDoesNotExist.fxml, com/appointmentscheduler/presentation/ThisDoesNotExist.fxml, ThisDoesNotExist.fxml. Check that src/main/resources is on classpath.
	at com.appointmentscheduler/com.appointmentscheduler.presentation.MainApp.loadScreen(MainApp.java:351)
	at com.appointmentscheduler/com.appointmentscheduler.presentation.PresentationMainAppCoverageTest.lambda$mainApp_loadScreen_and_errorHandling_executeCompletely$5(PresentationMainAppCoverageTest.java:76)
	at com.appointmentscheduler/com.appointmentscheduler.presentation.PresentationMainAppCoverageTest.lambda$runOnFxVoid$0(PresentationMainAppCoverageTest.java:138)
	at com.appointmentscheduler/com.appointmentscheduler.presentation.PresentationMainAppCoverageTest.lambda$runOnFx$0(PresentationMainAppCoverageTest.java:120)
	at javafx.graphics/com.sun.javafx.application.PlatformImpl.lambda$runLater$10(PlatformImpl.java:457)
	at java.base/java.security.AccessController.doPrivileged(AccessController.java:138)
	at javafx.graphics/com.sun.javafx.application.PlatformImpl.lambda$runLater$11(PlatformImpl.java:456)
	at javafx.graphics/com.sun.glass.ui.InvokeLaterDispatcher$Future.run$$$capture(InvokeLaterDispatcher.java:96)
	at javafx.graphics/com.sun.glass.ui.InvokeLaterDispatcher$Future.run(InvokeLaterDispatcher.java)
	at javafx.graphics/com.sun.glass.ui.win.WinApplication._runLoop(Native Method)
	at javafx.graphics/com.sun.glass.ui.win.WinApplication.lambda$runLoop$3(WinApplication.java:184)
	at java.base/java.lang.Thread.run(Thread.java:1474)
2026-04-06 17:33:51.730 [JavaFX Application Thread] DEBUG c.appointmentscheduler.application.AuditLogService - Audit: LOGOUT | Patient | User logged out from application
2026-04-06 17:33:53.568 [main] INFO  com.zaxxer.hikari.HikariDataSource - AppointmentBookingPool - Shutdown initiated...
2026-04-06 17:33:53.583 [main] INFO  com.zaxxer.hikari.HikariDataSource - AppointmentBookingPool - Shutdown completed.
2026-04-06 17:33:53.585 [main] INFO  c.a.persistence.database.DatabaseConfig - Database connection pool closed
2026-04-06 17:33:53.585 [main] DEBUG com.appointmentscheduler.application.AppConfig - Application configuration loaded
2026-04-06 17:33:53.586 [main] INFO  com.zaxxer.hikari.HikariDataSource - AppointmentBookingPool - Starting...
2026-04-06 17:33:54.490 [main] INFO  com.zaxxer.hikari.pool.HikariPool - AppointmentBookingPool - Added connection conn0: url=jdbc:h2:mem:dbconfig_flyway user=SA
2026-04-06 17:33:54.491 [main] INFO  com.zaxxer.hikari.HikariDataSource - AppointmentBookingPool - Start completed.
2026-04-06 17:33:54.491 [main] INFO  c.a.persistence.database.DatabaseConfig - Database connection pool initialized: jdbc:h2:mem:dbconfig_flyway;DB_CLOSE_DELAY=-1;DATABASE_TO_LOWER=TRUE
2026-04-06 17:33:54.693 [main] INFO  org.flywaydb.core.internal.license.VersionPrinter - Flyway Community Edition 9.22.3 by Redgate
2026-04-06 17:33:54.693 [main] INFO  org.flywaydb.core.internal.license.VersionPrinter - See release notes here: https://rd.gt/416ObMi
2026-04-06 17:33:54.693 [main] INFO  org.flywaydb.core.internal.license.VersionPrinter - 
2026-04-06 17:33:54.792 [main] INFO  org.flywaydb.core.FlywayExecutor - Database: jdbc:h2:mem:dbconfig_flyway (H2 2.2)
2026-04-06 17:33:54.802 [main] WARN  org.flywaydb.core.internal.database.base.Database - Flyway upgrade recommended: H2 2.2.224 is newer than this version of Flyway and support has not been tested. The latest supported version of H2 is 2.2.220.
2026-04-06 17:33:54.839 [main] INFO  o.f.c.i.schemahistory.JdbcTableSchemaHistory - Schema history table "public"."flyway_schema_history" does not exist yet
2026-04-06 17:33:54.844 [main] INFO  org.flywaydb.core.internal.command.DbValidate - Successfully validated 2 migrations (execution time 00:00.024s)
2026-04-06 17:33:54.852 [main] INFO  o.f.c.i.schemahistory.JdbcTableSchemaHistory - Creating Schema History table "public"."flyway_schema_history" ...
2026-04-06 17:33:54.903 [main] INFO  org.flywaydb.core.internal.command.DbMigrate - Current version of schema "public": << Empty Schema >>
2026-04-06 17:33:54.931 [main] INFO  org.flywaydb.core.internal.command.DbMigrate - Migrating schema "public" to version "1 - enterprise schema"
2026-04-06 17:33:55.015 [main] INFO  org.flywaydb.core.internal.command.DbMigrate - Migrating schema "public" to version "2 - booking request fields"
2026-04-06 17:33:55.122 [main] INFO  org.flywaydb.core.internal.command.DbMigrate - Successfully applied 2 migrations to schema "public", now at version v2 (execution time 00:00.164s)
2026-04-06 17:33:55.125 [main] INFO  c.a.persistence.database.DatabaseConfig - Flyway migrations executed: 2
2026-04-06 17:33:55.128 [main] INFO  com.zaxxer.hikari.HikariDataSource - AppointmentBookingPool - Shutdown initiated...
2026-04-06 17:33:55.129 [main] INFO  com.zaxxer.hikari.HikariDataSource - AppointmentBookingPool - Shutdown completed.
2026-04-06 17:33:55.129 [main] INFO  c.a.persistence.database.DatabaseConfig - Database connection pool closed
2026-04-06 17:33:55.129 [main] INFO  com.zaxxer.hikari.HikariDataSource - AppointmentBookingPool - Starting...
2026-04-06 17:33:55.131 [main] INFO  com.zaxxer.hikari.pool.HikariPool - AppointmentBookingPool - Added connection conn3: url=jdbc:h2:mem:dbconfig_flyway user=SA
2026-04-06 17:33:55.131 [main] INFO  com.zaxxer.hikari.HikariDataSource - AppointmentBookingPool - Start completed.
2026-04-06 17:33:55.131 [main] INFO  c.a.persistence.database.DatabaseConfig - Database connection pool initialized: jdbc:h2:mem:dbconfig_flyway;DB_CLOSE_DELAY=-1;DATABASE_TO_LOWER=TRUE
2026-04-06 17:33:55.137 [main] INFO  org.flywaydb.core.FlywayExecutor - Database: jdbc:h2:mem:dbconfig_flyway (H2 2.2)
2026-04-06 17:33:55.140 [main] WARN  org.flywaydb.core.internal.database.base.Database - Flyway upgrade recommended: H2 2.2.224 is newer than this version of Flyway and support has not been tested. The latest supported version of H2 is 2.2.220.
2026-04-06 17:33:55.149 [main] INFO  org.flywaydb.core.internal.command.DbValidate - Successfully validated 2 migrations (execution time 00:00.007s)
2026-04-06 17:33:55.153 [main] INFO  org.flywaydb.core.internal.command.DbMigrate - Current version of schema "public": 2
2026-04-06 17:33:55.154 [main] INFO  org.flywaydb.core.internal.command.DbMigrate - Schema "public" is up to date. No migration necessary.
2026-04-06 17:33:55.154 [main] INFO  c.a.persistence.database.DatabaseConfig - Flyway migrations executed: 0
2026-04-06 17:33:55.155 [main] INFO  com.zaxxer.hikari.HikariDataSource - AppointmentBookingPool - Shutdown initiated...
2026-04-06 17:33:55.187 [main] INFO  com.zaxxer.hikari.HikariDataSource - AppointmentBookingPool - Shutdown completed.
2026-04-06 17:33:55.188 [main] INFO  c.a.persistence.database.DatabaseConfig - Database connection pool closed
2026-04-06 17:33:55.189 [main] DEBUG com.appointmentscheduler.application.AppConfig - Application configuration loaded
2026-04-06 17:33:55.192 [main] DEBUG com.appointmentscheduler.application.AppConfig - Application configuration loaded
2026-04-06 17:33:55.193 [main] DEBUG com.appointmentscheduler.application.AppConfig - Application configuration loaded
2026-04-06 17:33:56.123 [main] WARN  com.appointmentscheduler.application.AuthService - Login failed for email: nobody@here.com
2026-04-06 17:33:57.308 [main] WARN  com.appointmentscheduler.application.AuthService - Login failed for email: john@test.com
2026-04-06 17:33:58.971 [main] WARN  com.appointmentscheduler.application.AuthService - Login attempt for locked account: john@test.com
2026-04-06 17:34:01.828 [main] INFO  com.appointmentscheduler.application.AuthService - Login successful for user: john@test.com
2026-04-06 17:34:03.001 [main] INFO  com.appointmentscheduler.application.AuthService - Login successful for user: john@test.com
2026-04-06 17:34:04.149 [main] INFO  com.appointmentscheduler.application.AuthService - Login successful for user: john@test.com
2026-04-06 17:34:05.579 [main] INFO  com.appointmentscheduler.application.AuthService - Login successful for user: john@test.com
2026-04-06 17:34:06.667 [main] INFO  com.appointmentscheduler.application.AuthService - Login successful for user: admin@test.com
2026-04-06 17:34:06.673 [main] INFO  com.zaxxer.hikari.HikariDataSource - HikariPool-1 - Starting...
2026-04-06 17:34:06.675 [main] INFO  com.zaxxer.hikari.pool.HikariPool - HikariPool-1 - Added connection conn5: url=jdbc:h2:mem:jdbc_repo_test user=SA
2026-04-06 17:34:06.676 [main] INFO  com.zaxxer.hikari.HikariDataSource - HikariPool-1 - Start completed.
2026-04-06 17:34:06.841 [main] INFO  com.zaxxer.hikari.HikariDataSource - HikariPool-1 - Shutdown initiated...
2026-04-06 17:34:06.863 [main] INFO  com.zaxxer.hikari.HikariDataSource - HikariPool-1 - Shutdown completed.
2026-04-06 17:34:07.165 [JavaFX Application Thread] INFO  com.zaxxer.hikari.HikariDataSource - AppointmentBookingPool - Starting...
2026-04-06 17:34:07.170 [JavaFX Application Thread] INFO  com.zaxxer.hikari.pool.HikariPool - AppointmentBookingPool - Added connection com.mysql.cj.jdbc.ConnectionImpl@65c86b0f
2026-04-06 17:34:07.170 [JavaFX Application Thread] INFO  com.zaxxer.hikari.HikariDataSource - AppointmentBookingPool - Start completed.
2026-04-06 17:34:07.170 [JavaFX Application Thread] INFO  c.a.persistence.database.DatabaseConfig - Database connection pool initialized: jdbc:mysql://localhost:3306/appointment?useUnicode=true&characterEncoding=UTF-8&serverTimezone=UTC&useSSL=false&allowPublicKeyRetrieval=true
2026-04-06 17:34:07.171 [JavaFX Application Thread] INFO  c.a.persistence.database.DatabaseConfig - MySQL: table app_user verified/created
2026-04-06 17:34:07.172 [JavaFX Application Thread] DEBUG c.a.persistence.database.DatabaseConfig - MySQL (skipped): ALTER TABLE appointment ADD COLUMN customer_notes VARCHAR(2000) NULL — Duplicate column name 'customer_notes'
2026-04-06 17:34:07.173 [JavaFX Application Thread] DEBUG c.a.persistence.database.DatabaseConfig - MySQL (skipped): ALTER TABLE appointment ADD COLUMN contact_phone VARCHAR(64) NULL — Duplicate column name 'contact_phone'
2026-04-06 17:34:07.175 [JavaFX Application Thread] DEBUG c.a.persistence.database.DatabaseConfig - MySQL (skipped): ALTER TABLE appointment ADD COLUMN reminder_channel VARCHAR(32) NULL — Duplicate column name 'reminder_channel'
2026-04-06 17:34:07.175 [JavaFX Application Thread] DEBUG c.a.persistence.database.DatabaseConfig - MySQL (skipped): ALTER TABLE appointment ADD COLUMN accessibility_needs VARCHAR(512) NULL — Duplicate column name 'accessibility_needs'
2026-04-06 17:34:07.176 [JavaFX Application Thread] DEBUG c.a.persistence.database.DatabaseConfig - MySQL (skipped): ALTER TABLE appointment ADD COLUMN preferred_language VARCHAR(16) NULL — Duplicate column name 'preferred_language'
2026-04-06 17:34:07.176 [JavaFX Application Thread] INFO  com.appointmentscheduler.presentation.MainApp - Using database persistence (MySQL). User and appointment data will be saved.
2026-04-06 17:34:07.176 [JavaFX Application Thread] DEBUG c.a.application.AppointmentReminderService - Registered reminder channel: SMSNotification
2026-04-06 17:34:07.190 [JavaFX Application Thread] INFO  com.appointmentscheduler.presentation.MainApp - Starting Appointment Booking System v3.0.0
2026-04-06 17:34:07.928 [JavaFX Application Thread] DEBUG c.appointmentscheduler.application.AuditLogService - Audit: DAY_CLOSED | Admin Sweep | Closed calendar day: 2026-04-06
2026-04-06 17:34:07.941 [JavaFX Application Thread] DEBUG c.appointmentscheduler.application.AuditLogService - Audit: DAY_REOPENED | Admin Sweep | Reopened calendar day: 2026-04-06
2026-04-06 17:34:10.788 [Thread-32] DEBUG c.appointmentscheduler.application.AuditLogService - Audit: BOOK | User Sweep | Appointment b115b817-d108-4c60-b3dc-7eb2324e70e4 at 2026-04-07T08:15 to 2026-04-07T09:15 | entity=b115b817-d108-4c60-b3dc-7eb2324e70e4
2026-04-06 17:34:11.624 [main] DEBUG c.a.application.AppointmentReminderService - Registered reminder channel: Observer$MockitoMock$TIY3U4rJ
2026-04-06 17:34:11.625 [main] DEBUG c.a.application.AppointmentReminderService - Registered reminder channel: Observer$MockitoMock$TIY3U4rJ
2026-04-06 17:34:11.627 [main] ERROR c.a.application.AppointmentReminderService - Reminder channel failed: com.appointmentscheduler.domain.notifiers.Observer$MockitoMock$TIY3U4rJ
java.lang.RuntimeException: smtp down
	at com.appointmentscheduler/com.appointmentscheduler.application.AppointmentReminderService.dispatchSafely(AppointmentReminderService.java:51)
	at com.appointmentscheduler/com.appointmentscheduler.application.AppointmentReminderService.sendReminder(AppointmentReminderService.java:45)
	at com.appointmentscheduler/com.appointmentscheduler.application.AppointmentReminderServiceTest.sendReminder_oneChannelThrows_otherStillNotified(AppointmentReminderServiceTest.java:60)
	at java.base/jdk.internal.reflect.DirectMethodHandleAccessor.invoke(DirectMethodHandleAccessor.java:104)
	at java.base/java.lang.reflect.Method.invoke(Method.java:565)
	at org.junit.platform.commons.util.ReflectionUtils.invokeMethod(ReflectionUtils.java:728)
	at org.junit.jupiter.engine.execution.MethodInvocation.proceed(MethodInvocation.java:60)
	at org.junit.jupiter.engine.execution.InvocationInterceptorChain$ValidatingInvocation.proceed(InvocationInterceptorChain.java:131)
	at org.junit.jupiter.engine.extension.TimeoutExtension.intercept(TimeoutExtension.java:156)
	at org.junit.jupiter.engine.extension.TimeoutExtension.interceptTestableMethod(TimeoutExtension.java:147)
	at org.junit.jupiter.engine.extension.TimeoutExtension.interceptTestMethod(TimeoutExtension.java:86)
	at org.junit.jupiter.engine.execution.InterceptingExecutableInvoker$ReflectiveInterceptorCall.lambda$ofVoidMethod$0(InterceptingExecutableInvoker.java:103)
	at org.junit.jupiter.engine.execution.InterceptingExecutableInvoker.lambda$invoke$0(InterceptingExecutableInvoker.java:93)
	at org.junit.jupiter.engine.execution.InvocationInterceptorChain$InterceptedInvocation.proceed(InvocationInterceptorChain.java:106)
	at org.junit.jupiter.engine.execution.InvocationInterceptorChain.proceed(InvocationInterceptorChain.java:64)
	at org.junit.jupiter.engine.execution.InvocationInterceptorChain.chainAndInvoke(InvocationInterceptorChain.java:45)
	at org.junit.jupiter.engine.execution.InvocationInterceptorChain.invoke(InvocationInterceptorChain.java:37)
	at org.junit.jupiter.engine.execution.InterceptingExecutableInvoker.invoke(InterceptingExecutableInvoker.java:92)
	at org.junit.jupiter.engine.execution.InterceptingExecutableInvoker.invoke(InterceptingExecutableInvoker.java:86)
	at org.junit.jupiter.engine.descriptor.TestMethodTestDescriptor.lambda$invokeTestMethod$7(TestMethodTestDescriptor.java:218)
	at org.junit.platform.engine.support.hierarchical.ThrowableCollector.execute(ThrowableCollector.java:73)
	at org.junit.jupiter.engine.descriptor.TestMethodTestDescriptor.invokeTestMethod(TestMethodTestDescriptor.java:214)
	at org.junit.jupiter.engine.descriptor.TestMethodTestDescriptor.execute(TestMethodTestDescriptor.java:139)
	at org.junit.jupiter.engine.descriptor.TestMethodTestDescriptor.execute(TestMethodTestDescriptor.java:69)
	at org.junit.platform.engine.support.hierarchical.NodeTestTask.lambda$executeRecursively$6(NodeTestTask.java:151)
	at org.junit.platform.engine.support.hierarchical.ThrowableCollector.execute(ThrowableCollector.java:73)
	at org.junit.platform.engine.support.hierarchical.NodeTestTask.lambda$executeRecursively$8(NodeTestTask.java:141)
	at org.junit.platform.engine.support.hierarchical.Node.around(Node.java:137)
	at org.junit.platform.engine.support.hierarchical.NodeTestTask.lambda$executeRecursively$9(NodeTestTask.java:139)
	at org.junit.platform.engine.support.hierarchical.ThrowableCollector.execute(ThrowableCollector.java:73)
	at org.junit.platform.engine.support.hierarchical.NodeTestTask.executeRecursively(NodeTestTask.java:138)
	at org.junit.platform.engine.support.hierarchical.NodeTestTask.execute(NodeTestTask.java:95)
	at java.base/java.util.ArrayList.forEach(ArrayList.java:1604)
	at org.junit.platform.engine.support.hierarchical.SameThreadHierarchicalTestExecutorService.invokeAll(SameThreadHierarchicalTestExecutorService.java:41)
	at org.junit.platform.engine.support.hierarchical.NodeTestTask.lambda$executeRecursively$6(NodeTestTask.java:155)
	at org.junit.platform.engine.support.hierarchical.ThrowableCollector.execute(ThrowableCollector.java:73)
	at org.junit.platform.engine.support.hierarchical.NodeTestTask.lambda$executeRecursively$8(NodeTestTask.java:141)
	at org.junit.platform.engine.support.hierarchical.Node.around(Node.java:137)
	at org.junit.platform.engine.support.hierarchical.NodeTestTask.lambda$executeRecursively$9(NodeTestTask.java:139)
	at org.junit.platform.engine.support.hierarchical.ThrowableCollector.execute(ThrowableCollector.java:73)
	at org.junit.platform.engine.support.hierarchical.NodeTestTask.executeRecursively(NodeTestTask.java:138)
	at org.junit.platform.engine.support.hierarchical.NodeTestTask.execute(NodeTestTask.java:95)
	at java.base/java.util.ArrayList.forEach(ArrayList.java:1604)
	at org.junit.platform.engine.support.hierarchical.SameThreadHierarchicalTestExecutorService.invokeAll(SameThreadHierarchicalTestExecutorService.java:41)
	at org.junit.platform.engine.support.hierarchical.NodeTestTask.lambda$executeRecursively$6(NodeTestTask.java:155)
	at org.junit.platform.engine.support.hierarchical.ThrowableCollector.execute(ThrowableCollector.java:73)
	at org.junit.platform.engine.support.hierarchical.NodeTestTask.lambda$executeRecursively$8(NodeTestTask.java:141)
	at org.junit.platform.engine.support.hierarchical.Node.around(Node.java:137)
	at org.junit.platform.engine.support.hierarchical.NodeTestTask.lambda$executeRecursively$9(NodeTestTask.java:139)
	at org.junit.platform.engine.support.hierarchical.ThrowableCollector.execute(ThrowableCollector.java:73)
	at org.junit.platform.engine.support.hierarchical.NodeTestTask.executeRecursively(NodeTestTask.java:138)
	at org.junit.platform.engine.support.hierarchical.NodeTestTask.execute(NodeTestTask.java:95)
	at org.junit.platform.engine.support.hierarchical.SameThreadHierarchicalTestExecutorService.submit(SameThreadHierarchicalTestExecutorService.java:35)
	at org.junit.platform.engine.support.hierarchical.HierarchicalTestExecutor.execute(HierarchicalTestExecutor.java:57)
	at org.junit.platform.engine.support.hierarchical.HierarchicalTestEngine.execute(HierarchicalTestEngine.java:54)
	at org.junit.platform.launcher.core.EngineExecutionOrchestrator.execute(EngineExecutionOrchestrator.java:198)
	at org.junit.platform.launcher.core.EngineExecutionOrchestrator.execute(EngineExecutionOrchestrator.java:169)
	at org.junit.platform.launcher.core.EngineExecutionOrchestrator.execute(EngineExecutionOrchestrator.java:93)
	at org.junit.platform.launcher.core.EngineExecutionOrchestrator.lambda$execute$0(EngineExecutionOrchestrator.java:58)
	at org.junit.platform.launcher.core.EngineExecutionOrchestrator.withInterceptedStreams(EngineExecutionOrchestrator.java:141)
	at org.junit.platform.launcher.core.EngineExecutionOrchestrator.execute(EngineExecutionOrchestrator.java:57)
	at org.junit.platform.launcher.core.DefaultLauncher.execute(DefaultLauncher.java:103)
	at org.junit.platform.launcher.core.DefaultLauncher.execute(DefaultLauncher.java:85)
	at org.junit.platform.launcher.core.DelegatingLauncher.execute(DelegatingLauncher.java:47)
	at org.junit.platform.launcher.core.SessionPerRequestLauncher.execute(SessionPerRequestLauncher.java:63)
	at com.intellij.junit5.JUnit5IdeaTestRunner.startRunnerWithArgs(JUnit5IdeaTestRunner.java:66)
	at com.intellij.rt.junit.IdeaTestRunner$Repeater$1.execute(IdeaTestRunner.java:38)
	at com.intellij.rt.execution.junit.TestsRepeater.repeat(TestsRepeater.java:11)
	at com.intellij.rt.junit.IdeaTestRunner$Repeater.startRunnerWithArgs(IdeaTestRunner.java:35)
	at com.intellij.rt.junit.JUnitStarter.prepareStreamsAndStart(JUnitStarter.java:231)
	at com.intellij.rt.junit.JUnitStarter.main(JUnitStarter.java:55)
2026-04-06 17:34:11.651 [main] DEBUG c.a.application.AppointmentReminderService - Registered reminder channel: SMSNotification$MockitoMock$F4o9YTRT
2026-04-06 17:34:11.651 [main] DEBUG c.a.application.AppointmentReminderService - Registered reminder channel: SMSNotification$MockitoMock$F4o9YTRT
2026-04-06 17:34:11.652 [main] DEBUG c.a.domain.notifiers.SMSNotification - SMS reminder (stub): userId=u2, messageLength=31
2026-04-06 17:34:11.652 [main] DEBUG c.a.domain.notifiers.SMSNotification - SMS reminder (stub): userId=u2, messageLength=31
2026-04-06 17:34:11.656 [main] DEBUG c.a.application.AppointmentReminderService - Registered reminder channel: Observer$MockitoMock$TIY3U4rJ
2026-04-06 17:34:11.812 [JavaFX Application Thread] INFO  com.appointmentscheduler.presentation.MainApp - Using database persistence (MySQL). User and appointment data will be saved.
2026-04-06 17:34:11.812 [JavaFX Application Thread] DEBUG c.a.application.AppointmentReminderService - Registered reminder channel: SMSNotification
2026-04-06 17:34:11.821 [JavaFX Application Thread] INFO  com.appointmentscheduler.presentation.MainApp - Starting Appointment Booking System v3.0.0
2026-04-06 17:34:13.185 [JavaFX Application Thread] DEBUG c.appointmentscheduler.application.AuditLogService - Audit: LOGIN_SUCCESS | Admin User | Signed in from admin@admin.com
2026-04-06 17:34:13.185 [JavaFX Application Thread] INFO  com.appointmentscheduler.application.AuthService - Login successful for user: admin@admin.com
2026-04-06 17:34:13.185 [JavaFX Application Thread] INFO  c.a.presentation.LoginController - Login successful for user: admin@admin.com
2026-04-06 17:34:15.695 [JavaFX Application Thread] DEBUG c.appointmentscheduler.application.AuditLogService - Audit: COMPLETE | Admin User | Appointment b115b817-d108-4c60-b3dc-7eb2324e70e4 marked COMPLETED | entity=b115b817-d108-4c60-b3dc-7eb2324e70e4
2026-04-06 17:34:15.865 [JavaFX Application Thread] DEBUG c.appointmentscheduler.application.AuditLogService - Audit: LOGIN_FAILED | customer@example.com | Invalid credentials
2026-04-06 17:34:15.865 [JavaFX Application Thread] WARN  com.appointmentscheduler.application.AuthService - Login failed for email: customer@example.com
2026-04-06 17:34:17.777 [main] DEBUG com.appointmentscheduler.application.AppConfig - Application configuration loaded
2026-04-06 17:34:17.780 [main] DEBUG com.appointmentscheduler.application.AppConfig - Application configuration loaded
2026-04-06 17:34:17.784 [JavaFX Application Thread] INFO  com.appointmentscheduler.presentation.MainApp - Using database persistence (MySQL). User and appointment data will be saved.
2026-04-06 17:34:17.784 [JavaFX Application Thread] DEBUG c.a.application.AppointmentReminderService - Registered reminder channel: SMSNotification
2026-04-06 17:34:17.788 [JavaFX Application Thread] INFO  com.appointmentscheduler.presentation.MainApp - Starting Appointment Booking System v3.0.0
2026-04-06 17:34:18.862 [JavaFX Application Thread] DEBUG c.appointmentscheduler.application.AuditLogService - Audit: DAY_CLOSED | Forced Admin | Closed calendar day: 2026-04-06
2026-04-06 17:34:18.866 [JavaFX Application Thread] DEBUG c.appointmentscheduler.application.AuditLogService - Audit: DAY_REOPENED | Forced Admin | Reopened calendar day: 2026-04-06
2026-04-06 17:34:25.630 [main] DEBUG c.appointmentscheduler.application.AuditLogService - Audit: CANCEL | A | Appointment cadm | entity=cadm
2026-04-06 17:34:25.641 [main] DEBUG c.appointmentscheduler.application.AuditLogService - Audit: CANCEL | Pat | Appointment cc | entity=cc
2026-04-06 17:34:25.681 [main] DEBUG c.appointmentscheduler.application.AuditLogService - Audit: CANCEL | Pat | Appointment 251eacdd-153f-49a8-a9e9-743a6f82529a | entity=251eacdd-153f-49a8-a9e9-743a6f82529a
2026-04-06 17:34:25.686 [main] DEBUG c.appointmentscheduler.application.AuditLogService - Audit: MODIFY | Pat | Appointment mid to 2026-04-10T10:00 to 2026-04-10T11:00 | entity=mid
2026-04-06 17:34:25.690 [main] DEBUG c.appointmentscheduler.application.AuditLogService - Audit: MODIFY | Pat | Appointment mod to 2026-04-11T10:00 to 2026-04-11T11:00 | entity=mod
2026-04-06 17:34:25.704 [main] DEBUG c.appointmentscheduler.application.AuditLogService - Audit: MODIFY | Pat | Appointment ev to 2026-04-11T10:00 to 2026-04-11T11:00 | entity=ev
2026-04-06 17:34:25.719 [main] DEBUG c.appointmentscheduler.application.AuditLogService - Audit: MODIFY | A | Appointment adm to 2026-04-11T10:00 to 2026-04-11T11:00 | entity=adm
2026-04-06 17:34:25.731 [main] DEBUG c.appointmentscheduler.application.AuditLogService - Audit: COMPLETE | A | Appointment ex marked COMPLETED | entity=ex
2026-04-06 17:34:25.733 [main] DEBUG c.appointmentscheduler.application.AuditLogService - Audit: COMPLETE | R | Appointment r1 marked COMPLETED | entity=r1
2026-04-06 17:34:25.744 [main] DEBUG c.appointmentscheduler.application.AuditLogService - Audit: COMPLETE | A | Appointment fixed-id marked COMPLETED | entity=fixed-id
2026-04-06 17:34:25.763 [main] DEBUG c.appointmentscheduler.application.AuditLogService - Audit: BOOK | Pat | Appointment 49dfe702-231f-4254-a849-8ab19b50eb1a at 2026-04-14T10:00 to 2026-04-14T11:00 | entity=49dfe702-231f-4254-a849-8ab19b50eb1a
2026-04-06 17:34:25.829 [main] DEBUG c.appointmentscheduler.application.AuditLogService - Audit: BOOK | Pat | Appointment 08591667-49bb-44b2-957e-50302b2ce607 at 2026-04-16T10:00 to 2026-04-16T11:00 | entity=08591667-49bb-44b2-957e-50302b2ce607
2026-04-06 17:34:25.832 [main] DEBUG c.appointmentscheduler.application.AuditLogService - Audit: BOOK | Pat | Appointment 6c015e3c-c7d5-4f50-984c-96fb4287a52f at 2026-04-08T10:00 to 2026-04-08T11:00 | entity=6c015e3c-c7d5-4f50-984c-96fb4287a52f
2026-04-06 17:34:25.840 [main] DEBUG c.appointmentscheduler.application.AuditLogService - Audit: BOOK | Pat | Appointment 0f937d4c-a647-4197-b9a6-fc43dc16b1d4 at 2026-04-08T10:00 to 2026-04-08T11:00 | entity=0f937d4c-a647-4197-b9a6-fc43dc16b1d4
2026-04-06 17:34:25.858 [main] DEBUG c.appointmentscheduler.application.AuditLogService - Audit: BOOK | Pat | Appointment bd810084-f562-4fe2-b10f-80ddb3b70b64 at 2026-04-10T10:00 to 2026-04-10T11:00 | entity=bd810084-f562-4fe2-b10f-80ddb3b70b64
2026-04-06 17:34:26.268 [main] WARN  c.appointmentscheduler.presentation.ErrorHandler - warn msg
2026-04-06 17:34:26.276 [main] WARN  c.appointmentscheduler.presentation.ErrorHandler - warn msg
java.io.IOException: boom
	at com.appointmentscheduler/com.appointmentscheduler.presentation.ErrorHandlerTest.lambda$1(ErrorHandlerTest.java:18)
	at org.assertj.core.api.ThrowableAssert.catchThrowable(ThrowableAssert.java:63)
	at org.assertj.core.api.AssertionsForClassTypes.catchThrowable(AssertionsForClassTypes.java:892)
	at org.assertj.core.api.AssertionsForClassTypes.assertThatCode(AssertionsForClassTypes.java:863)
	at org.assertj.core.api.Assertions.assertThatCode(Assertions.java:1287)
	at com.appointmentscheduler/com.appointmentscheduler.presentation.ErrorHandlerTest.logWarning_withThrowable_doesNotThrow(ErrorHandlerTest.java:18)
	at java.base/jdk.internal.reflect.DirectMethodHandleAccessor.invoke(DirectMethodHandleAccessor.java:104)
	at java.base/java.lang.reflect.Method.invoke(Method.java:565)
	at org.junit.platform.commons.util.ReflectionUtils.invokeMethod(ReflectionUtils.java:728)
	at org.junit.jupiter.engine.execution.MethodInvocation.proceed(MethodInvocation.java:60)
	at org.junit.jupiter.engine.execution.InvocationInterceptorChain$ValidatingInvocation.proceed(InvocationInterceptorChain.java:131)
	at org.junit.jupiter.engine.extension.TimeoutExtension.intercept(TimeoutExtension.java:156)
	at org.junit.jupiter.engine.extension.TimeoutExtension.interceptTestableMethod(TimeoutExtension.java:147)
	at org.junit.jupiter.engine.extension.TimeoutExtension.interceptTestMethod(TimeoutExtension.java:86)
	at org.junit.jupiter.engine.execution.InterceptingExecutableInvoker$ReflectiveInterceptorCall.lambda$ofVoidMethod$0(InterceptingExecutableInvoker.java:103)
	at org.junit.jupiter.engine.execution.InterceptingExecutableInvoker.lambda$invoke$0(InterceptingExecutableInvoker.java:93)
	at org.junit.jupiter.engine.execution.InvocationInterceptorChain$InterceptedInvocation.proceed(InvocationInterceptorChain.java:106)
	at org.junit.jupiter.engine.execution.InvocationInterceptorChain.proceed(InvocationInterceptorChain.java:64)
	at org.junit.jupiter.engine.execution.InvocationInterceptorChain.chainAndInvoke(InvocationInterceptorChain.java:45)
	at org.junit.jupiter.engine.execution.InvocationInterceptorChain.invoke(InvocationInterceptorChain.java:37)
	at org.junit.jupiter.engine.execution.InterceptingExecutableInvoker.invoke(InterceptingExecutableInvoker.java:92)
	at org.junit.jupiter.engine.execution.InterceptingExecutableInvoker.invoke(InterceptingExecutableInvoker.java:86)
	at org.junit.jupiter.engine.descriptor.TestMethodTestDescriptor.lambda$invokeTestMethod$7(TestMethodTestDescriptor.java:218)
	at org.junit.platform.engine.support.hierarchical.ThrowableCollector.execute(ThrowableCollector.java:73)
	at org.junit.jupiter.engine.descriptor.TestMethodTestDescriptor.invokeTestMethod(TestMethodTestDescriptor.java:214)
	at org.junit.jupiter.engine.descriptor.TestMethodTestDescriptor.execute(TestMethodTestDescriptor.java:139)
	at org.junit.jupiter.engine.descriptor.TestMethodTestDescriptor.execute(TestMethodTestDescriptor.java:69)
	at org.junit.platform.engine.support.hierarchical.NodeTestTask.lambda$executeRecursively$6(NodeTestTask.java:151)
	at org.junit.platform.engine.support.hierarchical.ThrowableCollector.execute(ThrowableCollector.java:73)
	at org.junit.platform.engine.support.hierarchical.NodeTestTask.lambda$executeRecursively$8(NodeTestTask.java:141)
	at org.junit.platform.engine.support.hierarchical.Node.around(Node.java:137)
	at org.junit.platform.engine.support.hierarchical.NodeTestTask.lambda$executeRecursively$9(NodeTestTask.java:139)
	at org.junit.platform.engine.support.hierarchical.ThrowableCollector.execute(ThrowableCollector.java:73)
	at org.junit.platform.engine.support.hierarchical.NodeTestTask.executeRecursively(NodeTestTask.java:138)
	at org.junit.platform.engine.support.hierarchical.NodeTestTask.execute(NodeTestTask.java:95)
	at java.base/java.util.ArrayList.forEach(ArrayList.java:1604)
	at org.junit.platform.engine.support.hierarchical.SameThreadHierarchicalTestExecutorService.invokeAll(SameThreadHierarchicalTestExecutorService.java:41)
	at org.junit.platform.engine.support.hierarchical.NodeTestTask.lambda$executeRecursively$6(NodeTestTask.java:155)
	at org.junit.platform.engine.support.hierarchical.ThrowableCollector.execute(ThrowableCollector.java:73)
	at org.junit.platform.engine.support.hierarchical.NodeTestTask.lambda$executeRecursively$8(NodeTestTask.java:141)
	at org.junit.platform.engine.support.hierarchical.Node.around(Node.java:137)
	at org.junit.platform.engine.support.hierarchical.NodeTestTask.lambda$executeRecursively$9(NodeTestTask.java:139)
	at org.junit.platform.engine.support.hierarchical.ThrowableCollector.execute(ThrowableCollector.java:73)
	at org.junit.platform.engine.support.hierarchical.NodeTestTask.executeRecursively(NodeTestTask.java:138)
	at org.junit.platform.engine.support.hierarchical.NodeTestTask.execute(NodeTestTask.java:95)
	at java.base/java.util.ArrayList.forEach(ArrayList.java:1604)
	at org.junit.platform.engine.support.hierarchical.SameThreadHierarchicalTestExecutorService.invokeAll(SameThreadHierarchicalTestExecutorService.java:41)
	at org.junit.platform.engine.support.hierarchical.NodeTestTask.lambda$executeRecursively$6(NodeTestTask.java:155)
	at org.junit.platform.engine.support.hierarchical.ThrowableCollector.execute(ThrowableCollector.java:73)
	at org.junit.platform.engine.support.hierarchical.NodeTestTask.lambda$executeRecursively$8(NodeTestTask.java:141)
	at org.junit.platform.engine.support.hierarchical.Node.around(Node.java:137)
	at org.junit.platform.engine.support.hierarchical.NodeTestTask.lambda$executeRecursively$9(NodeTestTask.java:139)
	at org.junit.platform.engine.support.hierarchical.ThrowableCollector.execute(ThrowableCollector.java:73)
	at org.junit.platform.engine.support.hierarchical.NodeTestTask.executeRecursively(NodeTestTask.java:138)
	at org.junit.platform.engine.support.hierarchical.NodeTestTask.execute(NodeTestTask.java:95)
	at org.junit.platform.engine.support.hierarchical.SameThreadHierarchicalTestExecutorService.submit(SameThreadHierarchicalTestExecutorService.java:35)
	at org.junit.platform.engine.support.hierarchical.HierarchicalTestExecutor.execute(HierarchicalTestExecutor.java:57)
	at org.junit.platform.engine.support.hierarchical.HierarchicalTestEngine.execute(HierarchicalTestEngine.java:54)
	at org.junit.platform.launcher.core.EngineExecutionOrchestrator.execute(EngineExecutionOrchestrator.java:198)
	at org.junit.platform.launcher.core.EngineExecutionOrchestrator.execute(EngineExecutionOrchestrator.java:169)
	at org.junit.platform.launcher.core.EngineExecutionOrchestrator.execute(EngineExecutionOrchestrator.java:93)
	at org.junit.platform.launcher.core.EngineExecutionOrchestrator.lambda$execute$0(EngineExecutionOrchestrator.java:58)
	at org.junit.platform.launcher.core.EngineExecutionOrchestrator.withInterceptedStreams(EngineExecutionOrchestrator.java:141)
	at org.junit.platform.launcher.core.EngineExecutionOrchestrator.execute(EngineExecutionOrchestrator.java:57)
	at org.junit.platform.launcher.core.DefaultLauncher.execute(DefaultLauncher.java:103)
	at org.junit.platform.launcher.core.DefaultLauncher.execute(DefaultLauncher.java:85)
	at org.junit.platform.launcher.core.DelegatingLauncher.execute(DelegatingLauncher.java:47)
	at org.junit.platform.launcher.core.SessionPerRequestLauncher.execute(SessionPerRequestLauncher.java:63)
	at com.intellij.junit5.JUnit5IdeaTestRunner.startRunnerWithArgs(JUnit5IdeaTestRunner.java:66)
	at com.intellij.rt.junit.IdeaTestRunner$Repeater$1.execute(IdeaTestRunner.java:38)
	at com.intellij.rt.execution.junit.TestsRepeater.repeat(TestsRepeater.java:11)
	at com.intellij.rt.junit.IdeaTestRunner$Repeater.startRunnerWithArgs(IdeaTestRunner.java:35)
	at com.intellij.rt.junit.JUnitStarter.prepareStreamsAndStart(JUnitStarter.java:231)
	at com.intellij.rt.junit.JUnitStarter.main(JUnitStarter.java:55)
2026-04-06 17:34:27.432 [JavaFX Application Thread] ERROR c.a.presentation.LoginController - Registration save failed for email auto.120763236876900@test.com
java.lang.RuntimeException: boom
	at com.appointmentscheduler/com.appointmentscheduler.presentation.LoginController.handleOpenRegistration(LoginController.java:215)
	at com.appointmentscheduler/com.appointmentscheduler.presentation.LoginControllerCoverageTest.lambda$3(LoginControllerCoverageTest.java:275)
	at javafx.graphics/com.sun.javafx.application.PlatformImpl.lambda$runLater$10(PlatformImpl.java:457)
	at java.base/java.security.AccessController.doPrivileged(AccessController.java:138)
	at javafx.graphics/com.sun.javafx.application.PlatformImpl.lambda$runLater$11(PlatformImpl.java:456)
	at javafx.graphics/com.sun.glass.ui.InvokeLaterDispatcher$Future.run$$$capture(InvokeLaterDispatcher.java:96)
	at javafx.graphics/com.sun.glass.ui.InvokeLaterDispatcher$Future.run(InvokeLaterDispatcher.java)
	at javafx.graphics/com.sun.glass.ui.win.WinApplication._runLoop(Native Method)
	at javafx.graphics/com.sun.glass.ui.win.WinApplication.lambda$runLoop$3(WinApplication.java:184)
	at java.base/java.lang.Thread.run(Thread.java:1474)
2026-04-06 17:34:27.448 [main] DEBUG com.appointmentscheduler.application.AppConfig - Application configuration loaded
2026-04-06 17:34:27.451 [main] DEBUG com.appointmentscheduler.application.AppConfig - Application configuration loaded
2026-04-06 17:34:27.453 [main] DEBUG com.appointmentscheduler.application.AppConfig - Application configuration loaded
2026-04-06 17:34:27.457 [main] DEBUG com.appointmentscheduler.application.AppConfig - Application configuration loaded
2026-04-06 17:34:27.460 [main] DEBUG com.appointmentscheduler.application.AppConfig - Application configuration loaded
2026-04-06 17:34:27.467 [main] DEBUG com.appointmentscheduler.application.AppConfig - Application configuration loaded
2026-04-06 17:34:27.469 [main] DEBUG com.appointmentscheduler.application.AppConfig - Application configuration loaded
2026-04-06 17:34:27.471 [main] DEBUG com.appointmentscheduler.application.AppConfig - Application configuration loaded
2026-04-06 17:34:27.474 [main] DEBUG com.appointmentscheduler.application.AppConfig - Application configuration loaded
2026-04-06 17:34:27.896 [main] DEBUG c.appointmentscheduler.application.AuditLogService - Audit: ACTION | null | details
2026-04-06 17:34:27.896 [main] DEBUG c.appointmentscheduler.application.AuditLogService - Audit: A2 | N | d2
2026-04-06 17:34:27.896 [main] DEBUG c.appointmentscheduler.application.AuditLogService - Audit: A3 | N | d3 | entity=e1
2026-04-06 17:34:27.896 [main] DEBUG c.appointmentscheduler.application.AuditLogService - Audit: A4 | name | d4
2026-04-06 17:34:27.926 [main] DEBUG c.appointmentscheduler.application.AuditLogService - Audit: EXPIRE | System | Appointment pnd auto-expired
2026-04-06 17:34:27.928 [main] DEBUG c.appointmentscheduler.application.AuditLogService - Audit: EXPIRE | System | Appointment a1 auto-expired
2026-04-06 17:34:27.941 [main] DEBUG c.a.application.InAppMessagingService - Customer contact stored in staff inbox id=cfdf50de-704d-4228-89b9-c5cd52f87a8e customerId=p1
2026-04-06 17:34:27.946 [main] DEBUG c.a.application.InAppMessagingService - In-app message stored userId=p1 correlationId=090a19e9-cdbb-4726-9b4f-4efae4779ac5
2026-04-06 17:34:27.946 [main] DEBUG c.a.application.InAppMessagingService - In-app message stored userId=p2 correlationId=5301aea2-8c62-4bd7-bdcf-b8254a66fe77
2026-04-06 17:34:28.014 [main] DEBUG c.appointmentscheduler.application.AuditLogService - Audit: CANCEL_RECURRENCE_SINGLE | N | Occurrence sid_1775732400 | entity=sid_1775732400
2026-04-06 17:34:28.017 [main] DEBUG c.appointmentscheduler.application.AuditLogService - Audit: CANCEL_RECURRENCE_SERIES | N | Series SER123 occurrence a1 | entity=a1
2026-04-06 17:34:28.018 [main] DEBUG c.appointmentscheduler.application.AuditLogService - Audit: CANCEL_RECURRENCE_SERIES | N | Series SER123 occurrence a2 | entity=a2
2026-04-06 17:34:28.021 [main] DEBUG com.appointmentscheduler.application.AppConfig - Application configuration loaded
2026-04-06 17:34:28.026 [main] DEBUG com.appointmentscheduler.application.AppConfig - Application configuration loaded
2026-04-06 17:34:28.034 [main] DEBUG com.appointmentscheduler.application.AppConfig - Application configuration loaded
2026-04-06 17:34:28.038 [main] DEBUG com.appointmentscheduler.application.AppConfig - Application configuration loaded
2026-04-06 17:34:28.040 [main] DEBUG com.appointmentscheduler.application.AppConfig - Application configuration loaded
2026-04-06 17:34:28.041 [main] DEBUG com.appointmentscheduler.application.AppConfig - Application configuration loaded
2026-04-06 17:34:28.045 [main] DEBUG com.appointmentscheduler.application.AppConfig - Application configuration loaded
2026-04-06 17:34:28.046 [main] DEBUG com.appointmentscheduler.application.AppConfig - Application configuration loaded
2026-04-06 17:34:28.048 [main] DEBUG com.appointmentscheduler.application.AppConfig - Application configuration loaded
2026-04-06 17:34:28.049 [main] DEBUG com.appointmentscheduler.application.AppConfig - Application configuration loaded
2026-04-06 17:34:28.050 [main] DEBUG com.appointmentscheduler.application.AppConfig - Application configuration loaded
2026-04-06 17:34:28.052 [main] DEBUG com.appointmentscheduler.application.AppConfig - Application configuration loaded
2026-04-06 17:34:28.053 [main] DEBUG com.appointmentscheduler.application.AppConfig - Application configuration loaded
2026-04-06 17:34:28.056 [main] DEBUG com.appointmentscheduler.application.AppConfig - Application configuration loaded
2026-04-06 17:34:28.057 [main] DEBUG com.appointmentscheduler.application.AppConfig - Application configuration loaded
2026-04-06 17:34:28.058 [main] DEBUG com.appointmentscheduler.application.AppConfig - Application configuration loaded
2026-04-06 17:34:28.060 [main] DEBUG com.appointmentscheduler.application.AppConfig - Application configuration loaded
2026-04-06 17:34:28.061 [main] DEBUG com.appointmentscheduler.application.AppConfig - Application configuration loaded
2026-04-06 17:34:28.062 [main] DEBUG com.appointmentscheduler.application.AppConfig - Application configuration loaded
2026-04-06 17:34:28.063 [main] DEBUG com.appointmentscheduler.application.AppConfig - Application configuration loaded
2026-04-06 17:34:28.066 [JavaFX Application Thread] INFO  com.appointmentscheduler.presentation.MainApp - Using database persistence (MySQL). User and appointment data will be saved.
2026-04-06 17:34:28.066 [JavaFX Application Thread] DEBUG c.a.application.AppointmentReminderService - Registered reminder channel: SMSNotification
2026-04-06 17:34:28.075 [JavaFX Application Thread] INFO  com.appointmentscheduler.presentation.MainApp - Starting Appointment Booking System v3.0.0
2026-04-06 17:34:30.554 [Thread-4] INFO  com.zaxxer.hikari.HikariDataSource - AppointmentBookingPool - Shutdown initiated...
2026-04-06 17:34:30.560 [Thread-4] INFO  com.zaxxer.hikari.HikariDataSource - AppointmentBookingPool - Shutdown completed.
2026-04-06 17:34:30.560 [Thread-4] INFO  c.a.persistence.database.DatabaseConfig - Database connection pool closed
2026-04-06 17:38:39.820 [main] DEBUG com.appointmentscheduler.application.AppConfig - Application configuration loaded
2026-04-06 17:38:39.842 [main] DEBUG c.a.application.AppointmentReminderService - Registered reminder channel: SMSNotification
2026-04-06 17:38:41.759 [main] DEBUG com.appointmentscheduler.application.AppConfig - Application configuration loaded
2026-04-06 17:38:42.429 [main] DEBUG com.appointmentscheduler.application.AppConfig - Application configuration loaded
2026-04-06 17:38:42.572 [main] DEBUG com.appointmentscheduler.application.AppConfig - Application configuration loaded
2026-04-06 17:38:44.366 [JavaFX Application Thread] INFO  com.zaxxer.hikari.HikariDataSource - AppointmentBookingPool - Starting...
2026-04-06 17:38:44.943 [JavaFX Application Thread] INFO  com.zaxxer.hikari.pool.HikariPool - AppointmentBookingPool - Added connection com.mysql.cj.jdbc.ConnectionImpl@60a36d15
2026-04-06 17:38:44.946 [JavaFX Application Thread] INFO  com.zaxxer.hikari.HikariDataSource - AppointmentBookingPool - Start completed.
2026-04-06 17:38:44.947 [JavaFX Application Thread] INFO  c.a.persistence.database.DatabaseConfig - Database connection pool initialized: jdbc:mysql://localhost:3306/appointment?useUnicode=true&characterEncoding=UTF-8&serverTimezone=UTC&useSSL=false&allowPublicKeyRetrieval=true
2026-04-06 17:38:44.985 [JavaFX Application Thread] INFO  c.a.persistence.database.DatabaseConfig - MySQL: table app_user verified/created
2026-04-06 17:38:45.022 [JavaFX Application Thread] DEBUG c.a.persistence.database.DatabaseConfig - MySQL (skipped): ALTER TABLE appointment ADD COLUMN customer_notes VARCHAR(2000) NULL — Duplicate column name 'customer_notes'
2026-04-06 17:38:45.023 [JavaFX Application Thread] DEBUG c.a.persistence.database.DatabaseConfig - MySQL (skipped): ALTER TABLE appointment ADD COLUMN contact_phone VARCHAR(64) NULL — Duplicate column name 'contact_phone'
2026-04-06 17:38:45.024 [JavaFX Application Thread] DEBUG c.a.persistence.database.DatabaseConfig - MySQL (skipped): ALTER TABLE appointment ADD COLUMN reminder_channel VARCHAR(32) NULL — Duplicate column name 'reminder_channel'
2026-04-06 17:38:45.025 [JavaFX Application Thread] DEBUG c.a.persistence.database.DatabaseConfig - MySQL (skipped): ALTER TABLE appointment ADD COLUMN accessibility_needs VARCHAR(512) NULL — Duplicate column name 'accessibility_needs'
2026-04-06 17:38:45.027 [JavaFX Application Thread] DEBUG c.a.persistence.database.DatabaseConfig - MySQL (skipped): ALTER TABLE appointment ADD COLUMN preferred_language VARCHAR(16) NULL — Duplicate column name 'preferred_language'
2026-04-06 17:38:45.052 [JavaFX Application Thread] INFO  com.appointmentscheduler.presentation.MainApp - Using database persistence (MySQL). User and appointment data will be saved.
2026-04-06 17:38:45.052 [JavaFX Application Thread] DEBUG c.a.application.AppointmentReminderService - Registered reminder channel: SMSNotification
2026-04-06 17:38:45.137 [JavaFX Application Thread] INFO  com.appointmentscheduler.presentation.MainApp - Starting Appointment Booking System v3.0.0
2026-04-06 17:38:47.872 [JavaFX Application Thread] WARN  com.appointmentscheduler.presentation.MainApp - loadScreen re-entry ignored: PatientDashboard.fxml
2026-04-06 17:38:47.873 [JavaFX Application Thread] WARN  com.appointmentscheduler.presentation.MainApp - loadScreen re-entry ignored: ThisDoesNotExist.fxml
2026-04-06 17:38:47.889 [JavaFX Application Thread] DEBUG c.appointmentscheduler.application.AuditLogService - Audit: LOGOUT | Admin | User logged out from application
2026-04-06 17:38:47.890 [JavaFX Application Thread] WARN  com.appointmentscheduler.presentation.MainApp - loadScreen re-entry ignored: Login.fxml
2026-04-06 17:38:49.480 [JavaFX Application Thread] INFO  com.appointmentscheduler.presentation.MainApp - Using database persistence (MySQL). User and appointment data will be saved.
2026-04-06 17:38:49.480 [JavaFX Application Thread] DEBUG c.a.application.AppointmentReminderService - Registered reminder channel: SMSNotification
2026-04-06 17:38:49.501 [JavaFX Application Thread] INFO  com.appointmentscheduler.presentation.MainApp - Starting Appointment Booking System v3.0.0
2026-04-06 17:38:51.656 [JavaFX Application Thread] ERROR com.appointmentscheduler.presentation.MainApp - Failed to load screen: ThisDoesNotExist.fxml
java.lang.IllegalStateException: FXML not found. Tried: /com/appointmentscheduler/presentation/ThisDoesNotExist.fxml, com/appointmentscheduler/presentation/ThisDoesNotExist.fxml, ThisDoesNotExist.fxml. Check that src/main/resources is on classpath.
	at com.appointmentscheduler/com.appointmentscheduler.presentation.MainApp.loadScreen(MainApp.java:351)
	at com.appointmentscheduler/com.appointmentscheduler.presentation.PresentationMainAppCoverageTest.lambda$mainApp_loadScreen_and_errorHandling_executeCompletely$5(PresentationMainAppCoverageTest.java:76)
	at com.appointmentscheduler/com.appointmentscheduler.presentation.PresentationMainAppCoverageTest.lambda$runOnFxVoid$0(PresentationMainAppCoverageTest.java:138)
	at com.appointmentscheduler/com.appointmentscheduler.presentation.PresentationMainAppCoverageTest.lambda$runOnFx$0(PresentationMainAppCoverageTest.java:120)
	at javafx.graphics/com.sun.javafx.application.PlatformImpl.lambda$runLater$10(PlatformImpl.java:457)
	at java.base/java.security.AccessController.doPrivileged(AccessController.java:138)
	at javafx.graphics/com.sun.javafx.application.PlatformImpl.lambda$runLater$11(PlatformImpl.java:456)
	at javafx.graphics/com.sun.glass.ui.InvokeLaterDispatcher$Future.run$$$capture(InvokeLaterDispatcher.java:96)
	at javafx.graphics/com.sun.glass.ui.InvokeLaterDispatcher$Future.run(InvokeLaterDispatcher.java)
	at javafx.graphics/com.sun.glass.ui.win.WinApplication._runLoop(Native Method)
	at javafx.graphics/com.sun.glass.ui.win.WinApplication.lambda$runLoop$3(WinApplication.java:184)
	at java.base/java.lang.Thread.run(Thread.java:1474)
2026-04-06 17:38:51.673 [JavaFX Application Thread] ERROR c.appointmentscheduler.presentation.ErrorHandler - Failed to load screen: FXML not found. Tried: /com/appointmentscheduler/presentation/ThisDoesNotExist.fxml, com/appointmentscheduler/presentation/ThisDoesNotExist.fxml, ThisDoesNotExist.fxml. Check that src/main/resources is on classpath.
java.lang.IllegalStateException: FXML not found. Tried: /com/appointmentscheduler/presentation/ThisDoesNotExist.fxml, com/appointmentscheduler/presentation/ThisDoesNotExist.fxml, ThisDoesNotExist.fxml. Check that src/main/resources is on classpath.
	at com.appointmentscheduler/com.appointmentscheduler.presentation.MainApp.loadScreen(MainApp.java:351)
	at com.appointmentscheduler/com.appointmentscheduler.presentation.PresentationMainAppCoverageTest.lambda$mainApp_loadScreen_and_errorHandling_executeCompletely$5(PresentationMainAppCoverageTest.java:76)
	at com.appointmentscheduler/com.appointmentscheduler.presentation.PresentationMainAppCoverageTest.lambda$runOnFxVoid$0(PresentationMainAppCoverageTest.java:138)
	at com.appointmentscheduler/com.appointmentscheduler.presentation.PresentationMainAppCoverageTest.lambda$runOnFx$0(PresentationMainAppCoverageTest.java:120)
	at javafx.graphics/com.sun.javafx.application.PlatformImpl.lambda$runLater$10(PlatformImpl.java:457)
	at java.base/java.security.AccessController.doPrivileged(AccessController.java:138)
	at javafx.graphics/com.sun.javafx.application.PlatformImpl.lambda$runLater$11(PlatformImpl.java:456)
	at javafx.graphics/com.sun.glass.ui.InvokeLaterDispatcher$Future.run$$$capture(InvokeLaterDispatcher.java:96)
	at javafx.graphics/com.sun.glass.ui.InvokeLaterDispatcher$Future.run(InvokeLaterDispatcher.java)
	at javafx.graphics/com.sun.glass.ui.win.WinApplication._runLoop(Native Method)
	at javafx.graphics/com.sun.glass.ui.win.WinApplication.lambda$runLoop$3(WinApplication.java:184)
	at java.base/java.lang.Thread.run(Thread.java:1474)
2026-04-06 17:38:51.681 [JavaFX Application Thread] DEBUG c.appointmentscheduler.application.AuditLogService - Audit: LOGOUT | Patient | User logged out from application
2026-04-06 17:38:53.235 [main] INFO  com.zaxxer.hikari.HikariDataSource - AppointmentBookingPool - Shutdown initiated...
2026-04-06 17:38:53.249 [main] INFO  com.zaxxer.hikari.HikariDataSource - AppointmentBookingPool - Shutdown completed.
2026-04-06 17:38:53.249 [main] INFO  c.a.persistence.database.DatabaseConfig - Database connection pool closed
2026-04-06 17:38:53.250 [main] DEBUG com.appointmentscheduler.application.AppConfig - Application configuration loaded
2026-04-06 17:38:53.250 [main] INFO  com.zaxxer.hikari.HikariDataSource - AppointmentBookingPool - Starting...
2026-04-06 17:38:53.923 [main] INFO  com.zaxxer.hikari.pool.HikariPool - AppointmentBookingPool - Added connection conn0: url=jdbc:h2:mem:dbconfig_flyway user=SA
2026-04-06 17:38:53.924 [main] INFO  com.zaxxer.hikari.HikariDataSource - AppointmentBookingPool - Start completed.
2026-04-06 17:38:53.924 [main] INFO  c.a.persistence.database.DatabaseConfig - Database connection pool initialized: jdbc:h2:mem:dbconfig_flyway;DB_CLOSE_DELAY=-1;DATABASE_TO_LOWER=TRUE
2026-04-06 17:38:54.065 [main] INFO  org.flywaydb.core.internal.license.VersionPrinter - Flyway Community Edition 9.22.3 by Redgate
2026-04-06 17:38:54.065 [main] INFO  org.flywaydb.core.internal.license.VersionPrinter - See release notes here: https://rd.gt/416ObMi
2026-04-06 17:38:54.066 [main] INFO  org.flywaydb.core.internal.license.VersionPrinter - 
2026-04-06 17:38:54.147 [main] INFO  org.flywaydb.core.FlywayExecutor - Database: jdbc:h2:mem:dbconfig_flyway (H2 2.2)
2026-04-06 17:38:54.157 [main] WARN  org.flywaydb.core.internal.database.base.Database - Flyway upgrade recommended: H2 2.2.224 is newer than this version of Flyway and support has not been tested. The latest supported version of H2 is 2.2.220.
2026-04-06 17:38:54.196 [main] INFO  o.f.c.i.schemahistory.JdbcTableSchemaHistory - Schema history table "public"."flyway_schema_history" does not exist yet
2026-04-06 17:38:54.199 [main] INFO  org.flywaydb.core.internal.command.DbValidate - Successfully validated 2 migrations (execution time 00:00.025s)
2026-04-06 17:38:54.212 [main] INFO  o.f.c.i.schemahistory.JdbcTableSchemaHistory - Creating Schema History table "public"."flyway_schema_history" ...
2026-04-06 17:38:54.249 [main] INFO  org.flywaydb.core.internal.command.DbMigrate - Current version of schema "public": << Empty Schema >>
2026-04-06 17:38:54.276 [main] INFO  org.flywaydb.core.internal.command.DbMigrate - Migrating schema "public" to version "1 - enterprise schema"
2026-04-06 17:38:54.363 [main] INFO  org.flywaydb.core.internal.command.DbMigrate - Migrating schema "public" to version "2 - booking request fields"
2026-04-06 17:38:54.466 [main] INFO  org.flywaydb.core.internal.command.DbMigrate - Successfully applied 2 migrations to schema "public", now at version v2 (execution time 00:00.164s)
2026-04-06 17:38:54.469 [main] INFO  c.a.persistence.database.DatabaseConfig - Flyway migrations executed: 2
2026-04-06 17:38:54.471 [main] INFO  com.zaxxer.hikari.HikariDataSource - AppointmentBookingPool - Shutdown initiated...
2026-04-06 17:38:54.473 [main] INFO  com.zaxxer.hikari.HikariDataSource - AppointmentBookingPool - Shutdown completed.
2026-04-06 17:38:54.473 [main] INFO  c.a.persistence.database.DatabaseConfig - Database connection pool closed
2026-04-06 17:38:54.473 [main] INFO  com.zaxxer.hikari.HikariDataSource - AppointmentBookingPool - Starting...
2026-04-06 17:38:54.475 [main] INFO  com.zaxxer.hikari.pool.HikariPool - AppointmentBookingPool - Added connection conn2: url=jdbc:h2:mem:dbconfig_flyway user=SA
2026-04-06 17:38:54.475 [main] INFO  com.zaxxer.hikari.HikariDataSource - AppointmentBookingPool - Start completed.
2026-04-06 17:38:54.475 [main] INFO  c.a.persistence.database.DatabaseConfig - Database connection pool initialized: jdbc:h2:mem:dbconfig_flyway;DB_CLOSE_DELAY=-1;DATABASE_TO_LOWER=TRUE
2026-04-06 17:38:54.481 [main] INFO  org.flywaydb.core.FlywayExecutor - Database: jdbc:h2:mem:dbconfig_flyway (H2 2.2)
2026-04-06 17:38:54.483 [main] WARN  org.flywaydb.core.internal.database.base.Database - Flyway upgrade recommended: H2 2.2.224 is newer than this version of Flyway and support has not been tested. The latest supported version of H2 is 2.2.220.
2026-04-06 17:38:54.493 [main] INFO  org.flywaydb.core.internal.command.DbValidate - Successfully validated 2 migrations (execution time 00:00.007s)
2026-04-06 17:38:54.498 [main] INFO  org.flywaydb.core.internal.command.DbMigrate - Current version of schema "public": 2
2026-04-06 17:38:54.498 [main] INFO  org.flywaydb.core.internal.command.DbMigrate - Schema "public" is up to date. No migration necessary.
2026-04-06 17:38:54.499 [main] INFO  c.a.persistence.database.DatabaseConfig - Flyway migrations executed: 0
2026-04-06 17:38:54.500 [main] INFO  com.zaxxer.hikari.HikariDataSource - AppointmentBookingPool - Shutdown initiated...
2026-04-06 17:38:54.526 [main] INFO  com.zaxxer.hikari.HikariDataSource - AppointmentBookingPool - Shutdown completed.
2026-04-06 17:38:54.527 [main] INFO  c.a.persistence.database.DatabaseConfig - Database connection pool closed
2026-04-06 17:38:54.527 [main] DEBUG com.appointmentscheduler.application.AppConfig - Application configuration loaded
2026-04-06 17:38:54.529 [main] DEBUG com.appointmentscheduler.application.AppConfig - Application configuration loaded
2026-04-06 17:38:54.530 [main] DEBUG com.appointmentscheduler.application.AppConfig - Application configuration loaded
2026-04-06 17:38:55.401 [main] WARN  com.appointmentscheduler.application.AuthService - Login failed for email: nobody@here.com
2026-04-06 17:38:56.475 [main] WARN  com.appointmentscheduler.application.AuthService - Login failed for email: john@test.com
2026-04-06 17:38:57.939 [main] WARN  com.appointmentscheduler.application.AuthService - Login attempt for locked account: john@test.com
2026-04-06 17:39:00.509 [main] INFO  com.appointmentscheduler.application.AuthService - Login successful for user: john@test.com
2026-04-06 17:39:01.601 [main] INFO  com.appointmentscheduler.application.AuthService - Login successful for user: john@test.com
2026-04-06 17:39:02.628 [main] INFO  com.appointmentscheduler.application.AuthService - Login successful for user: john@test.com
2026-04-06 17:39:03.780 [main] INFO  com.appointmentscheduler.application.AuthService - Login successful for user: john@test.com
2026-04-06 17:39:04.870 [main] INFO  com.appointmentscheduler.application.AuthService - Login successful for user: admin@test.com
2026-04-06 17:39:04.873 [main] INFO  com.zaxxer.hikari.HikariDataSource - HikariPool-1 - Starting...
2026-04-06 17:39:04.876 [main] INFO  com.zaxxer.hikari.pool.HikariPool - HikariPool-1 - Added connection conn4: url=jdbc:h2:mem:jdbc_repo_test user=SA
2026-04-06 17:39:04.876 [main] INFO  com.zaxxer.hikari.HikariDataSource - HikariPool-1 - Start completed.
2026-04-06 17:39:05.026 [main] INFO  com.zaxxer.hikari.HikariDataSource - HikariPool-1 - Shutdown initiated...
2026-04-06 17:39:05.039 [main] INFO  com.zaxxer.hikari.HikariDataSource - HikariPool-1 - Shutdown completed.
2026-04-06 17:39:05.297 [JavaFX Application Thread] INFO  com.zaxxer.hikari.HikariDataSource - AppointmentBookingPool - Starting...
2026-04-06 17:39:05.304 [JavaFX Application Thread] INFO  com.zaxxer.hikari.pool.HikariPool - AppointmentBookingPool - Added connection com.mysql.cj.jdbc.ConnectionImpl@33dbeab5
2026-04-06 17:39:05.305 [JavaFX Application Thread] INFO  com.zaxxer.hikari.HikariDataSource - AppointmentBookingPool - Start completed.
2026-04-06 17:39:05.305 [JavaFX Application Thread] INFO  c.a.persistence.database.DatabaseConfig - Database connection pool initialized: jdbc:mysql://localhost:3306/appointment?useUnicode=true&characterEncoding=UTF-8&serverTimezone=UTC&useSSL=false&allowPublicKeyRetrieval=true
2026-04-06 17:39:05.306 [JavaFX Application Thread] INFO  c.a.persistence.database.DatabaseConfig - MySQL: table app_user verified/created
2026-04-06 17:39:05.307 [JavaFX Application Thread] DEBUG c.a.persistence.database.DatabaseConfig - MySQL (skipped): ALTER TABLE appointment ADD COLUMN customer_notes VARCHAR(2000) NULL — Duplicate column name 'customer_notes'
2026-04-06 17:39:05.308 [JavaFX Application Thread] DEBUG c.a.persistence.database.DatabaseConfig - MySQL (skipped): ALTER TABLE appointment ADD COLUMN contact_phone VARCHAR(64) NULL — Duplicate column name 'contact_phone'
2026-04-06 17:39:05.308 [JavaFX Application Thread] DEBUG c.a.persistence.database.DatabaseConfig - MySQL (skipped): ALTER TABLE appointment ADD COLUMN reminder_channel VARCHAR(32) NULL — Duplicate column name 'reminder_channel'
2026-04-06 17:39:05.309 [JavaFX Application Thread] DEBUG c.a.persistence.database.DatabaseConfig - MySQL (skipped): ALTER TABLE appointment ADD COLUMN accessibility_needs VARCHAR(512) NULL — Duplicate column name 'accessibility_needs'
2026-04-06 17:39:05.310 [JavaFX Application Thread] DEBUG c.a.persistence.database.DatabaseConfig - MySQL (skipped): ALTER TABLE appointment ADD COLUMN preferred_language VARCHAR(16) NULL — Duplicate column name 'preferred_language'
2026-04-06 17:39:05.310 [JavaFX Application Thread] INFO  com.appointmentscheduler.presentation.MainApp - Using database persistence (MySQL). User and appointment data will be saved.
2026-04-06 17:39:05.310 [JavaFX Application Thread] DEBUG c.a.application.AppointmentReminderService - Registered reminder channel: SMSNotification
2026-04-06 17:39:05.325 [JavaFX Application Thread] INFO  com.appointmentscheduler.presentation.MainApp - Starting Appointment Booking System v3.0.0
2026-04-06 17:39:06.047 [JavaFX Application Thread] DEBUG c.appointmentscheduler.application.AuditLogService - Audit: DAY_REOPENED | Admin Sweep | Reopened calendar day: 2026-04-06
2026-04-06 17:39:06.068 [JavaFX Application Thread] DEBUG c.appointmentscheduler.application.AuditLogService - Audit: DAY_CLOSED | Admin Sweep | Closed calendar day: 2026-04-06
2026-04-06 17:39:09.146 [main] DEBUG c.a.application.AppointmentReminderService - Registered reminder channel: Observer$MockitoMock$VGRqkn3g
2026-04-06 17:39:09.146 [main] DEBUG c.a.application.AppointmentReminderService - Registered reminder channel: Observer$MockitoMock$VGRqkn3g
2026-04-06 17:39:09.147 [main] ERROR c.a.application.AppointmentReminderService - Reminder channel failed: com.appointmentscheduler.domain.notifiers.Observer$MockitoMock$VGRqkn3g
java.lang.RuntimeException: smtp down
	at com.appointmentscheduler/com.appointmentscheduler.application.AppointmentReminderService.dispatchSafely(AppointmentReminderService.java:51)
	at com.appointmentscheduler/com.appointmentscheduler.application.AppointmentReminderService.sendReminder(AppointmentReminderService.java:45)
	at com.appointmentscheduler/com.appointmentscheduler.application.AppointmentReminderServiceTest.sendReminder_oneChannelThrows_otherStillNotified(AppointmentReminderServiceTest.java:60)
	at java.base/jdk.internal.reflect.DirectMethodHandleAccessor.invoke(DirectMethodHandleAccessor.java:104)
	at java.base/java.lang.reflect.Method.invoke(Method.java:565)
	at org.junit.platform.commons.util.ReflectionUtils.invokeMethod(ReflectionUtils.java:728)
	at org.junit.jupiter.engine.execution.MethodInvocation.proceed(MethodInvocation.java:60)
	at org.junit.jupiter.engine.execution.InvocationInterceptorChain$ValidatingInvocation.proceed(InvocationInterceptorChain.java:131)
	at org.junit.jupiter.engine.extension.TimeoutExtension.intercept(TimeoutExtension.java:156)
	at org.junit.jupiter.engine.extension.TimeoutExtension.interceptTestableMethod(TimeoutExtension.java:147)
	at org.junit.jupiter.engine.extension.TimeoutExtension.interceptTestMethod(TimeoutExtension.java:86)
	at org.junit.jupiter.engine.execution.InterceptingExecutableInvoker$ReflectiveInterceptorCall.lambda$ofVoidMethod$0(InterceptingExecutableInvoker.java:103)
	at org.junit.jupiter.engine.execution.InterceptingExecutableInvoker.lambda$invoke$0(InterceptingExecutableInvoker.java:93)
	at org.junit.jupiter.engine.execution.InvocationInterceptorChain$InterceptedInvocation.proceed(InvocationInterceptorChain.java:106)
	at org.junit.jupiter.engine.execution.InvocationInterceptorChain.proceed(InvocationInterceptorChain.java:64)
	at org.junit.jupiter.engine.execution.InvocationInterceptorChain.chainAndInvoke(InvocationInterceptorChain.java:45)
	at org.junit.jupiter.engine.execution.InvocationInterceptorChain.invoke(InvocationInterceptorChain.java:37)
	at org.junit.jupiter.engine.execution.InterceptingExecutableInvoker.invoke(InterceptingExecutableInvoker.java:92)
	at org.junit.jupiter.engine.execution.InterceptingExecutableInvoker.invoke(InterceptingExecutableInvoker.java:86)
	at org.junit.jupiter.engine.descriptor.TestMethodTestDescriptor.lambda$invokeTestMethod$7(TestMethodTestDescriptor.java:218)
	at org.junit.platform.engine.support.hierarchical.ThrowableCollector.execute(ThrowableCollector.java:73)
	at org.junit.jupiter.engine.descriptor.TestMethodTestDescriptor.invokeTestMethod(TestMethodTestDescriptor.java:214)
	at org.junit.jupiter.engine.descriptor.TestMethodTestDescriptor.execute(TestMethodTestDescriptor.java:139)
	at org.junit.jupiter.engine.descriptor.TestMethodTestDescriptor.execute(TestMethodTestDescriptor.java:69)
	at org.junit.platform.engine.support.hierarchical.NodeTestTask.lambda$executeRecursively$6(NodeTestTask.java:151)
	at org.junit.platform.engine.support.hierarchical.ThrowableCollector.execute(ThrowableCollector.java:73)
	at org.junit.platform.engine.support.hierarchical.NodeTestTask.lambda$executeRecursively$8(NodeTestTask.java:141)
	at org.junit.platform.engine.support.hierarchical.Node.around(Node.java:137)
	at org.junit.platform.engine.support.hierarchical.NodeTestTask.lambda$executeRecursively$9(NodeTestTask.java:139)
	at org.junit.platform.engine.support.hierarchical.ThrowableCollector.execute(ThrowableCollector.java:73)
	at org.junit.platform.engine.support.hierarchical.NodeTestTask.executeRecursively(NodeTestTask.java:138)
	at org.junit.platform.engine.support.hierarchical.NodeTestTask.execute(NodeTestTask.java:95)
	at java.base/java.util.ArrayList.forEach(ArrayList.java:1604)
	at org.junit.platform.engine.support.hierarchical.SameThreadHierarchicalTestExecutorService.invokeAll(SameThreadHierarchicalTestExecutorService.java:41)
	at org.junit.platform.engine.support.hierarchical.NodeTestTask.lambda$executeRecursively$6(NodeTestTask.java:155)
	at org.junit.platform.engine.support.hierarchical.ThrowableCollector.execute(ThrowableCollector.java:73)
	at org.junit.platform.engine.support.hierarchical.NodeTestTask.lambda$executeRecursively$8(NodeTestTask.java:141)
	at org.junit.platform.engine.support.hierarchical.Node.around(Node.java:137)
	at org.junit.platform.engine.support.hierarchical.NodeTestTask.lambda$executeRecursively$9(NodeTestTask.java:139)
	at org.junit.platform.engine.support.hierarchical.ThrowableCollector.execute(ThrowableCollector.java:73)
	at org.junit.platform.engine.support.hierarchical.NodeTestTask.executeRecursively(NodeTestTask.java:138)
	at org.junit.platform.engine.support.hierarchical.NodeTestTask.execute(NodeTestTask.java:95)
	at java.base/java.util.ArrayList.forEach(ArrayList.java:1604)
	at org.junit.platform.engine.support.hierarchical.SameThreadHierarchicalTestExecutorService.invokeAll(SameThreadHierarchicalTestExecutorService.java:41)
	at org.junit.platform.engine.support.hierarchical.NodeTestTask.lambda$executeRecursively$6(NodeTestTask.java:155)
	at org.junit.platform.engine.support.hierarchical.ThrowableCollector.execute(ThrowableCollector.java:73)
	at org.junit.platform.engine.support.hierarchical.NodeTestTask.lambda$executeRecursively$8(NodeTestTask.java:141)
	at org.junit.platform.engine.support.hierarchical.Node.around(Node.java:137)
	at org.junit.platform.engine.support.hierarchical.NodeTestTask.lambda$executeRecursively$9(NodeTestTask.java:139)
	at org.junit.platform.engine.support.hierarchical.ThrowableCollector.execute(ThrowableCollector.java:73)
	at org.junit.platform.engine.support.hierarchical.NodeTestTask.executeRecursively(NodeTestTask.java:138)
	at org.junit.platform.engine.support.hierarchical.NodeTestTask.execute(NodeTestTask.java:95)
	at org.junit.platform.engine.support.hierarchical.SameThreadHierarchicalTestExecutorService.submit(SameThreadHierarchicalTestExecutorService.java:35)
	at org.junit.platform.engine.support.hierarchical.HierarchicalTestExecutor.execute(HierarchicalTestExecutor.java:57)
	at org.junit.platform.engine.support.hierarchical.HierarchicalTestEngine.execute(HierarchicalTestEngine.java:54)
	at org.junit.platform.launcher.core.EngineExecutionOrchestrator.execute(EngineExecutionOrchestrator.java:198)
	at org.junit.platform.launcher.core.EngineExecutionOrchestrator.execute(EngineExecutionOrchestrator.java:169)
	at org.junit.platform.launcher.core.EngineExecutionOrchestrator.execute(EngineExecutionOrchestrator.java:93)
	at org.junit.platform.launcher.core.EngineExecutionOrchestrator.lambda$execute$0(EngineExecutionOrchestrator.java:58)
	at org.junit.platform.launcher.core.EngineExecutionOrchestrator.withInterceptedStreams(EngineExecutionOrchestrator.java:141)
	at org.junit.platform.launcher.core.EngineExecutionOrchestrator.execute(EngineExecutionOrchestrator.java:57)
	at org.junit.platform.launcher.core.DefaultLauncher.execute(DefaultLauncher.java:103)
	at org.junit.platform.launcher.core.DefaultLauncher.execute(DefaultLauncher.java:85)
	at org.junit.platform.launcher.core.DelegatingLauncher.execute(DelegatingLauncher.java:47)
	at org.junit.platform.launcher.core.SessionPerRequestLauncher.execute(SessionPerRequestLauncher.java:63)
	at com.intellij.junit5.JUnit5IdeaTestRunner.startRunnerWithArgs(JUnit5IdeaTestRunner.java:66)
	at com.intellij.rt.junit.IdeaTestRunner$Repeater$1.execute(IdeaTestRunner.java:38)
	at com.intellij.rt.execution.junit.TestsRepeater.repeat(TestsRepeater.java:11)
	at com.intellij.rt.junit.IdeaTestRunner$Repeater.startRunnerWithArgs(IdeaTestRunner.java:35)
	at com.intellij.rt.junit.JUnitStarter.prepareStreamsAndStart(JUnitStarter.java:231)
	at com.intellij.rt.junit.JUnitStarter.main(JUnitStarter.java:55)
2026-04-06 17:39:09.171 [main] DEBUG c.a.application.AppointmentReminderService - Registered reminder channel: SMSNotification$MockitoMock$fO9VV6TT
2026-04-06 17:39:09.171 [main] DEBUG c.a.application.AppointmentReminderService - Registered reminder channel: SMSNotification$MockitoMock$fO9VV6TT
2026-04-06 17:39:09.171 [main] DEBUG c.a.domain.notifiers.SMSNotification - SMS reminder (stub): userId=u2, messageLength=31
2026-04-06 17:39:09.171 [main] DEBUG c.a.domain.notifiers.SMSNotification - SMS reminder (stub): userId=u2, messageLength=31
2026-04-06 17:39:09.174 [main] DEBUG c.a.application.AppointmentReminderService - Registered reminder channel: Observer$MockitoMock$VGRqkn3g
2026-04-06 17:39:09.377 [JavaFX Application Thread] INFO  com.appointmentscheduler.presentation.MainApp - Using database persistence (MySQL). User and appointment data will be saved.
2026-04-06 17:39:09.377 [JavaFX Application Thread] DEBUG c.a.application.AppointmentReminderService - Registered reminder channel: SMSNotification
2026-04-06 17:39:09.403 [JavaFX Application Thread] INFO  com.appointmentscheduler.presentation.MainApp - Starting Appointment Booking System v3.0.0
2026-04-06 17:39:10.210 [JavaFX Application Thread] DEBUG c.appointmentscheduler.application.AuditLogService - Audit: LOGIN_FAILED | admin@admin.com | Invalid credentials
2026-04-06 17:39:10.210 [JavaFX Application Thread] WARN  com.appointmentscheduler.application.AuthService - Login failed for email: admin@admin.com
2026-04-06 17:39:12.179 [JavaFX Application Thread] DEBUG c.appointmentscheduler.application.AuditLogService - Audit: LOGIN_FAILED | customer@example.com | Invalid credentials
2026-04-06 17:39:12.179 [JavaFX Application Thread] WARN  com.appointmentscheduler.application.AuthService - Login failed for email: customer@example.com
2026-04-06 17:39:13.938 [main] DEBUG com.appointmentscheduler.application.AppConfig - Application configuration loaded
2026-04-06 17:39:13.941 [main] DEBUG com.appointmentscheduler.application.AppConfig - Application configuration loaded
2026-04-06 17:39:13.945 [JavaFX Application Thread] INFO  com.appointmentscheduler.presentation.MainApp - Using database persistence (MySQL). User and appointment data will be saved.
2026-04-06 17:39:13.945 [JavaFX Application Thread] DEBUG c.a.application.AppointmentReminderService - Registered reminder channel: SMSNotification
2026-04-06 17:39:13.951 [JavaFX Application Thread] INFO  com.appointmentscheduler.presentation.MainApp - Starting Appointment Booking System v3.0.0
2026-04-06 17:39:15.099 [JavaFX Application Thread] DEBUG c.appointmentscheduler.application.AuditLogService - Audit: DAY_REOPENED | Forced Admin | Reopened calendar day: 2026-04-06
2026-04-06 17:39:15.106 [JavaFX Application Thread] DEBUG c.appointmentscheduler.application.AuditLogService - Audit: DAY_CLOSED | Forced Admin | Closed calendar day: 2026-04-06
2026-04-06 17:39:21.580 [main] DEBUG c.appointmentscheduler.application.AuditLogService - Audit: CANCEL | A | Appointment cadm | entity=cadm
2026-04-06 17:39:21.591 [main] DEBUG c.appointmentscheduler.application.AuditLogService - Audit: CANCEL | Pat | Appointment cc | entity=cc
2026-04-06 17:39:21.617 [main] DEBUG c.appointmentscheduler.application.AuditLogService - Audit: CANCEL | Pat | Appointment 83eabdc2-dd08-4a8c-abdb-e02d55df27c9 | entity=83eabdc2-dd08-4a8c-abdb-e02d55df27c9
2026-04-06 17:39:21.623 [main] DEBUG c.appointmentscheduler.application.AuditLogService - Audit: MODIFY | Pat | Appointment mid to 2026-04-10T10:00 to 2026-04-10T11:00 | entity=mid
2026-04-06 17:39:21.625 [main] DEBUG c.appointmentscheduler.application.AuditLogService - Audit: MODIFY | Pat | Appointment mod to 2026-04-11T10:00 to 2026-04-11T11:00 | entity=mod
2026-04-06 17:39:21.635 [main] DEBUG c.appointmentscheduler.application.AuditLogService - Audit: MODIFY | Pat | Appointment ev to 2026-04-11T10:00 to 2026-04-11T11:00 | entity=ev
2026-04-06 17:39:21.647 [main] DEBUG c.appointmentscheduler.application.AuditLogService - Audit: MODIFY | A | Appointment adm to 2026-04-11T10:00 to 2026-04-11T11:00 | entity=adm
2026-04-06 17:39:21.657 [main] DEBUG c.appointmentscheduler.application.AuditLogService - Audit: COMPLETE | A | Appointment ex marked COMPLETED | entity=ex
2026-04-06 17:39:21.658 [main] DEBUG c.appointmentscheduler.application.AuditLogService - Audit: COMPLETE | R | Appointment r1 marked COMPLETED | entity=r1
2026-04-06 17:39:21.665 [main] DEBUG c.appointmentscheduler.application.AuditLogService - Audit: COMPLETE | A | Appointment fixed-id marked COMPLETED | entity=fixed-id
2026-04-06 17:39:21.681 [main] DEBUG c.appointmentscheduler.application.AuditLogService - Audit: BOOK | Pat | Appointment 9225272e-423c-4f27-8e6c-b3411686dba3 at 2026-04-14T10:00 to 2026-04-14T11:00 | entity=9225272e-423c-4f27-8e6c-b3411686dba3
2026-04-06 17:39:21.725 [main] DEBUG c.appointmentscheduler.application.AuditLogService - Audit: BOOK | Pat | Appointment b9f55247-0a19-4673-96dc-48d70c448c48 at 2026-04-16T10:00 to 2026-04-16T11:00 | entity=b9f55247-0a19-4673-96dc-48d70c448c48
2026-04-06 17:39:21.727 [main] DEBUG c.appointmentscheduler.application.AuditLogService - Audit: BOOK | Pat | Appointment 7c2fc9ac-2f56-48b6-b945-71626f02a160 at 2026-04-08T10:00 to 2026-04-08T11:00 | entity=7c2fc9ac-2f56-48b6-b945-71626f02a160
2026-04-06 17:39:21.732 [main] DEBUG c.appointmentscheduler.application.AuditLogService - Audit: BOOK | Pat | Appointment 2db73f6a-c8f6-4715-a934-64b6c47b410c at 2026-04-08T10:00 to 2026-04-08T11:00 | entity=2db73f6a-c8f6-4715-a934-64b6c47b410c
2026-04-06 17:39:21.747 [main] DEBUG c.appointmentscheduler.application.AuditLogService - Audit: BOOK | Pat | Appointment 5840ce54-17ea-456c-8a06-65417b3d5ae5 at 2026-04-10T10:00 to 2026-04-10T11:00 | entity=5840ce54-17ea-456c-8a06-65417b3d5ae5
2026-04-06 17:39:21.950 [main] WARN  c.appointmentscheduler.presentation.ErrorHandler - warn msg
2026-04-06 17:39:21.951 [main] WARN  c.appointmentscheduler.presentation.ErrorHandler - warn msg
java.io.IOException: boom
	at com.appointmentscheduler/com.appointmentscheduler.presentation.ErrorHandlerTest.lambda$1(ErrorHandlerTest.java:18)
	at org.assertj.core.api.ThrowableAssert.catchThrowable(ThrowableAssert.java:63)
	at org.assertj.core.api.AssertionsForClassTypes.catchThrowable(AssertionsForClassTypes.java:892)
	at org.assertj.core.api.AssertionsForClassTypes.assertThatCode(AssertionsForClassTypes.java:863)
	at org.assertj.core.api.Assertions.assertThatCode(Assertions.java:1287)
	at com.appointmentscheduler/com.appointmentscheduler.presentation.ErrorHandlerTest.logWarning_withThrowable_doesNotThrow(ErrorHandlerTest.java:18)
	at java.base/jdk.internal.reflect.DirectMethodHandleAccessor.invoke(DirectMethodHandleAccessor.java:104)
	at java.base/java.lang.reflect.Method.invoke(Method.java:565)
	at org.junit.platform.commons.util.ReflectionUtils.invokeMethod(ReflectionUtils.java:728)
	at org.junit.jupiter.engine.execution.MethodInvocation.proceed(MethodInvocation.java:60)
	at org.junit.jupiter.engine.execution.InvocationInterceptorChain$ValidatingInvocation.proceed(InvocationInterceptorChain.java:131)
	at org.junit.jupiter.engine.extension.TimeoutExtension.intercept(TimeoutExtension.java:156)
	at org.junit.jupiter.engine.extension.TimeoutExtension.interceptTestableMethod(TimeoutExtension.java:147)
	at org.junit.jupiter.engine.extension.TimeoutExtension.interceptTestMethod(TimeoutExtension.java:86)
	at org.junit.jupiter.engine.execution.InterceptingExecutableInvoker$ReflectiveInterceptorCall.lambda$ofVoidMethod$0(InterceptingExecutableInvoker.java:103)
	at org.junit.jupiter.engine.execution.InterceptingExecutableInvoker.lambda$invoke$0(InterceptingExecutableInvoker.java:93)
	at org.junit.jupiter.engine.execution.InvocationInterceptorChain$InterceptedInvocation.proceed(InvocationInterceptorChain.java:106)
	at org.junit.jupiter.engine.execution.InvocationInterceptorChain.proceed(InvocationInterceptorChain.java:64)
	at org.junit.jupiter.engine.execution.InvocationInterceptorChain.chainAndInvoke(InvocationInterceptorChain.java:45)
	at org.junit.jupiter.engine.execution.InvocationInterceptorChain.invoke(InvocationInterceptorChain.java:37)
	at org.junit.jupiter.engine.execution.InterceptingExecutableInvoker.invoke(InterceptingExecutableInvoker.java:92)
	at org.junit.jupiter.engine.execution.InterceptingExecutableInvoker.invoke(InterceptingExecutableInvoker.java:86)
	at org.junit.jupiter.engine.descriptor.TestMethodTestDescriptor.lambda$invokeTestMethod$7(TestMethodTestDescriptor.java:218)
	at org.junit.platform.engine.support.hierarchical.ThrowableCollector.execute(ThrowableCollector.java:73)
	at org.junit.jupiter.engine.descriptor.TestMethodTestDescriptor.invokeTestMethod(TestMethodTestDescriptor.java:214)
	at org.junit.jupiter.engine.descriptor.TestMethodTestDescriptor.execute(TestMethodTestDescriptor.java:139)
	at org.junit.jupiter.engine.descriptor.TestMethodTestDescriptor.execute(TestMethodTestDescriptor.java:69)
	at org.junit.platform.engine.support.hierarchical.NodeTestTask.lambda$executeRecursively$6(NodeTestTask.java:151)
	at org.junit.platform.engine.support.hierarchical.ThrowableCollector.execute(ThrowableCollector.java:73)
	at org.junit.platform.engine.support.hierarchical.NodeTestTask.lambda$executeRecursively$8(NodeTestTask.java:141)
	at org.junit.platform.engine.support.hierarchical.Node.around(Node.java:137)
	at org.junit.platform.engine.support.hierarchical.NodeTestTask.lambda$executeRecursively$9(NodeTestTask.java:139)
	at org.junit.platform.engine.support.hierarchical.ThrowableCollector.execute(ThrowableCollector.java:73)
	at org.junit.platform.engine.support.hierarchical.NodeTestTask.executeRecursively(NodeTestTask.java:138)
	at org.junit.platform.engine.support.hierarchical.NodeTestTask.execute(NodeTestTask.java:95)
	at java.base/java.util.ArrayList.forEach(ArrayList.java:1604)
	at org.junit.platform.engine.support.hierarchical.SameThreadHierarchicalTestExecutorService.invokeAll(SameThreadHierarchicalTestExecutorService.java:41)
	at org.junit.platform.engine.support.hierarchical.NodeTestTask.lambda$executeRecursively$6(NodeTestTask.java:155)
	at org.junit.platform.engine.support.hierarchical.ThrowableCollector.execute(ThrowableCollector.java:73)
	at org.junit.platform.engine.support.hierarchical.NodeTestTask.lambda$executeRecursively$8(NodeTestTask.java:141)
	at org.junit.platform.engine.support.hierarchical.Node.around(Node.java:137)
	at org.junit.platform.engine.support.hierarchical.NodeTestTask.lambda$executeRecursively$9(NodeTestTask.java:139)
	at org.junit.platform.engine.support.hierarchical.ThrowableCollector.execute(ThrowableCollector.java:73)
	at org.junit.platform.engine.support.hierarchical.NodeTestTask.executeRecursively(NodeTestTask.java:138)
	at org.junit.platform.engine.support.hierarchical.NodeTestTask.execute(NodeTestTask.java:95)
	at java.base/java.util.ArrayList.forEach(ArrayList.java:1604)
	at org.junit.platform.engine.support.hierarchical.SameThreadHierarchicalTestExecutorService.invokeAll(SameThreadHierarchicalTestExecutorService.java:41)
	at org.junit.platform.engine.support.hierarchical.NodeTestTask.lambda$executeRecursively$6(NodeTestTask.java:155)
	at org.junit.platform.engine.support.hierarchical.ThrowableCollector.execute(ThrowableCollector.java:73)
	at org.junit.platform.engine.support.hierarchical.NodeTestTask.lambda$executeRecursively$8(NodeTestTask.java:141)
	at org.junit.platform.engine.support.hierarchical.Node.around(Node.java:137)
	at org.junit.platform.engine.support.hierarchical.NodeTestTask.lambda$executeRecursively$9(NodeTestTask.java:139)
	at org.junit.platform.engine.support.hierarchical.ThrowableCollector.execute(ThrowableCollector.java:73)
	at org.junit.platform.engine.support.hierarchical.NodeTestTask.executeRecursively(NodeTestTask.java:138)
	at org.junit.platform.engine.support.hierarchical.NodeTestTask.execute(NodeTestTask.java:95)
	at org.junit.platform.engine.support.hierarchical.SameThreadHierarchicalTestExecutorService.submit(SameThreadHierarchicalTestExecutorService.java:35)
	at org.junit.platform.engine.support.hierarchical.HierarchicalTestExecutor.execute(HierarchicalTestExecutor.java:57)
	at org.junit.platform.engine.support.hierarchical.HierarchicalTestEngine.execute(HierarchicalTestEngine.java:54)
	at org.junit.platform.launcher.core.EngineExecutionOrchestrator.execute(EngineExecutionOrchestrator.java:198)
	at org.junit.platform.launcher.core.EngineExecutionOrchestrator.execute(EngineExecutionOrchestrator.java:169)
	at org.junit.platform.launcher.core.EngineExecutionOrchestrator.execute(EngineExecutionOrchestrator.java:93)
	at org.junit.platform.launcher.core.EngineExecutionOrchestrator.lambda$execute$0(EngineExecutionOrchestrator.java:58)
	at org.junit.platform.launcher.core.EngineExecutionOrchestrator.withInterceptedStreams(EngineExecutionOrchestrator.java:141)
	at org.junit.platform.launcher.core.EngineExecutionOrchestrator.execute(EngineExecutionOrchestrator.java:57)
	at org.junit.platform.launcher.core.DefaultLauncher.execute(DefaultLauncher.java:103)
	at org.junit.platform.launcher.core.DefaultLauncher.execute(DefaultLauncher.java:85)
	at org.junit.platform.launcher.core.DelegatingLauncher.execute(DelegatingLauncher.java:47)
	at org.junit.platform.launcher.core.SessionPerRequestLauncher.execute(SessionPerRequestLauncher.java:63)
	at com.intellij.junit5.JUnit5IdeaTestRunner.startRunnerWithArgs(JUnit5IdeaTestRunner.java:66)
	at com.intellij.rt.junit.IdeaTestRunner$Repeater$1.execute(IdeaTestRunner.java:38)
	at com.intellij.rt.execution.junit.TestsRepeater.repeat(TestsRepeater.java:11)
	at com.intellij.rt.junit.IdeaTestRunner$Repeater.startRunnerWithArgs(IdeaTestRunner.java:35)
	at com.intellij.rt.junit.JUnitStarter.prepareStreamsAndStart(JUnitStarter.java:231)
	at com.intellij.rt.junit.JUnitStarter.main(JUnitStarter.java:55)
2026-04-06 17:39:22.704 [JavaFX Application Thread] ERROR c.a.presentation.LoginController - Registration save failed for email auto.121058600607100@test.com
java.lang.RuntimeException: boom
	at com.appointmentscheduler/com.appointmentscheduler.presentation.LoginController.handleOpenRegistration(LoginController.java:215)
	at com.appointmentscheduler/com.appointmentscheduler.presentation.LoginControllerCoverageTest.lambda$3(LoginControllerCoverageTest.java:275)
	at javafx.graphics/com.sun.javafx.application.PlatformImpl.lambda$runLater$10(PlatformImpl.java:457)
	at java.base/java.security.AccessController.doPrivileged(AccessController.java:138)
	at javafx.graphics/com.sun.javafx.application.PlatformImpl.lambda$runLater$11(PlatformImpl.java:456)
	at javafx.graphics/com.sun.glass.ui.InvokeLaterDispatcher$Future.run$$$capture(InvokeLaterDispatcher.java:96)
	at javafx.graphics/com.sun.glass.ui.InvokeLaterDispatcher$Future.run(InvokeLaterDispatcher.java)
	at javafx.graphics/com.sun.glass.ui.win.WinApplication._runLoop(Native Method)
	at javafx.graphics/com.sun.glass.ui.win.WinApplication.lambda$runLoop$3(WinApplication.java:184)
	at java.base/java.lang.Thread.run(Thread.java:1474)
2026-04-06 17:39:22.713 [main] DEBUG com.appointmentscheduler.application.AppConfig - Application configuration loaded
2026-04-06 17:39:22.716 [main] DEBUG com.appointmentscheduler.application.AppConfig - Application configuration loaded
2026-04-06 17:39:22.718 [main] DEBUG com.appointmentscheduler.application.AppConfig - Application configuration loaded
2026-04-06 17:39:22.720 [main] DEBUG com.appointmentscheduler.application.AppConfig - Application configuration loaded
2026-04-06 17:39:22.723 [main] DEBUG com.appointmentscheduler.application.AppConfig - Application configuration loaded
2026-04-06 17:39:22.727 [main] DEBUG com.appointmentscheduler.application.AppConfig - Application configuration loaded
2026-04-06 17:39:22.728 [main] DEBUG com.appointmentscheduler.application.AppConfig - Application configuration loaded
2026-04-06 17:39:22.730 [main] DEBUG com.appointmentscheduler.application.AppConfig - Application configuration loaded
2026-04-06 17:39:22.732 [main] DEBUG com.appointmentscheduler.application.AppConfig - Application configuration loaded
2026-04-06 17:39:23.115 [main] DEBUG c.appointmentscheduler.application.AuditLogService - Audit: ACTION | null | details
2026-04-06 17:39:23.115 [main] DEBUG c.appointmentscheduler.application.AuditLogService - Audit: A2 | N | d2
2026-04-06 17:39:23.116 [main] DEBUG c.appointmentscheduler.application.AuditLogService - Audit: A3 | N | d3 | entity=e1
2026-04-06 17:39:23.116 [main] DEBUG c.appointmentscheduler.application.AuditLogService - Audit: A4 | name | d4
2026-04-06 17:39:23.142 [main] DEBUG c.appointmentscheduler.application.AuditLogService - Audit: EXPIRE | System | Appointment pnd auto-expired
2026-04-06 17:39:23.144 [main] DEBUG c.appointmentscheduler.application.AuditLogService - Audit: EXPIRE | System | Appointment a1 auto-expired
2026-04-06 17:39:23.153 [main] DEBUG c.a.application.InAppMessagingService - Customer contact stored in staff inbox id=45796761-0682-44bc-a79f-6c265a9f5325 customerId=p1
2026-04-06 17:39:23.159 [main] DEBUG c.a.application.InAppMessagingService - In-app message stored userId=p1 correlationId=677500e2-ec7c-432b-ae7a-5d5482aecd91
2026-04-06 17:39:23.159 [main] DEBUG c.a.application.InAppMessagingService - In-app message stored userId=p2 correlationId=c1ddc1e5-e4e5-4048-b11a-cddd74fc485a
2026-04-06 17:39:23.210 [main] DEBUG c.appointmentscheduler.application.AuditLogService - Audit: CANCEL_RECURRENCE_SINGLE | N | Occurrence sid_1775732400 | entity=sid_1775732400
2026-04-06 17:39:23.211 [main] DEBUG c.appointmentscheduler.application.AuditLogService - Audit: CANCEL_RECURRENCE_SERIES | N | Series SER123 occurrence a1 | entity=a1
2026-04-06 17:39:23.213 [main] DEBUG c.appointmentscheduler.application.AuditLogService - Audit: CANCEL_RECURRENCE_SERIES | N | Series SER123 occurrence a2 | entity=a2
2026-04-06 17:39:23.215 [main] DEBUG com.appointmentscheduler.application.AppConfig - Application configuration loaded
2026-04-06 17:39:23.216 [main] DEBUG com.appointmentscheduler.application.AppConfig - Application configuration loaded
2026-04-06 17:39:23.217 [main] DEBUG com.appointmentscheduler.application.AppConfig - Application configuration loaded
2026-04-06 17:39:23.220 [main] DEBUG com.appointmentscheduler.application.AppConfig - Application configuration loaded
2026-04-06 17:39:23.222 [main] DEBUG com.appointmentscheduler.application.AppConfig - Application configuration loaded
2026-04-06 17:39:23.223 [main] DEBUG com.appointmentscheduler.application.AppConfig - Application configuration loaded
2026-04-06 17:39:23.225 [main] DEBUG com.appointmentscheduler.application.AppConfig - Application configuration loaded
2026-04-06 17:39:23.225 [main] DEBUG com.appointmentscheduler.application.AppConfig - Application configuration loaded
2026-04-06 17:39:23.227 [main] DEBUG com.appointmentscheduler.application.AppConfig - Application configuration loaded
2026-04-06 17:39:23.227 [main] DEBUG com.appointmentscheduler.application.AppConfig - Application configuration loaded
2026-04-06 17:39:23.228 [main] DEBUG com.appointmentscheduler.application.AppConfig - Application configuration loaded
2026-04-06 17:39:23.229 [main] DEBUG com.appointmentscheduler.application.AppConfig - Application configuration loaded
2026-04-06 17:39:23.230 [main] DEBUG com.appointmentscheduler.application.AppConfig - Application configuration loaded
2026-04-06 17:39:23.230 [main] DEBUG com.appointmentscheduler.application.AppConfig - Application configuration loaded
2026-04-06 17:39:23.231 [main] DEBUG com.appointmentscheduler.application.AppConfig - Application configuration loaded
2026-04-06 17:39:23.232 [main] DEBUG com.appointmentscheduler.application.AppConfig - Application configuration loaded
2026-04-06 17:39:23.233 [main] DEBUG com.appointmentscheduler.application.AppConfig - Application configuration loaded
2026-04-06 17:39:23.235 [main] DEBUG com.appointmentscheduler.application.AppConfig - Application configuration loaded
2026-04-06 17:39:23.236 [main] DEBUG com.appointmentscheduler.application.AppConfig - Application configuration loaded
2026-04-06 17:39:23.237 [main] DEBUG com.appointmentscheduler.application.AppConfig - Application configuration loaded
2026-04-06 17:39:23.240 [JavaFX Application Thread] INFO  com.appointmentscheduler.presentation.MainApp - Using database persistence (MySQL). User and appointment data will be saved.
2026-04-06 17:39:23.240 [JavaFX Application Thread] DEBUG c.a.application.AppointmentReminderService - Registered reminder channel: SMSNotification
2026-04-06 17:39:23.252 [JavaFX Application Thread] INFO  com.appointmentscheduler.presentation.MainApp - Starting Appointment Booking System v3.0.0
2026-04-06 17:39:25.757 [Thread-4] INFO  com.zaxxer.hikari.HikariDataSource - AppointmentBookingPool - Shutdown initiated...
2026-04-06 17:39:25.760 [Thread-4] INFO  com.zaxxer.hikari.HikariDataSource - AppointmentBookingPool - Shutdown completed.
2026-04-06 17:39:25.760 [Thread-4] INFO  c.a.persistence.database.DatabaseConfig - Database connection pool closed
2026-04-06 17:50:30.371 [main] DEBUG com.appointmentscheduler.application.AppConfig - Application configuration loaded
2026-04-06 17:50:30.404 [main] DEBUG c.a.application.AppointmentReminderService - Registered reminder channel: SMSNotification
2026-04-06 17:50:32.204 [main] DEBUG com.appointmentscheduler.application.AppConfig - Application configuration loaded
2026-04-06 17:50:32.920 [main] DEBUG com.appointmentscheduler.application.AppConfig - Application configuration loaded
2026-04-06 17:50:33.063 [main] DEBUG com.appointmentscheduler.application.AppConfig - Application configuration loaded
2026-04-06 17:50:36.784 [main] INFO  com.zaxxer.hikari.HikariDataSource - HikariPool-1 - Starting...
2026-04-06 17:50:37.530 [main] INFO  com.zaxxer.hikari.pool.HikariPool - HikariPool-1 - Added connection conn0: url=jdbc:h2:mem:jdbc_repo_test user=SA
2026-04-06 17:50:37.533 [main] INFO  com.zaxxer.hikari.HikariDataSource - HikariPool-1 - Start completed.
2026-04-06 17:50:38.212 [main] INFO  com.zaxxer.hikari.HikariDataSource - HikariPool-1 - Shutdown initiated...
2026-04-06 17:50:38.215 [main] INFO  com.zaxxer.hikari.HikariDataSource - HikariPool-1 - Shutdown completed.
2026-04-06 17:50:38.246 [JavaFX Application Thread] INFO  com.zaxxer.hikari.HikariDataSource - AppointmentBookingPool - Starting...
2026-04-06 17:50:38.644 [JavaFX Application Thread] INFO  com.zaxxer.hikari.pool.HikariPool - AppointmentBookingPool - Added connection com.mysql.cj.jdbc.ConnectionImpl@169c5bea
2026-04-06 17:50:38.644 [JavaFX Application Thread] INFO  com.zaxxer.hikari.HikariDataSource - AppointmentBookingPool - Start completed.
2026-04-06 17:50:38.644 [JavaFX Application Thread] INFO  c.a.persistence.database.DatabaseConfig - Database connection pool initialized: jdbc:mysql://localhost:3306/appointment?useUnicode=true&characterEncoding=UTF-8&serverTimezone=UTC&useSSL=false&allowPublicKeyRetrieval=true
2026-04-06 17:50:38.658 [JavaFX Application Thread] INFO  c.a.persistence.database.DatabaseConfig - MySQL: table app_user verified/created
2026-04-06 17:50:38.674 [JavaFX Application Thread] DEBUG c.a.persistence.database.DatabaseConfig - MySQL (skipped): ALTER TABLE appointment ADD COLUMN customer_notes VARCHAR(2000) NULL — Duplicate column name 'customer_notes'
2026-04-06 17:50:38.675 [JavaFX Application Thread] DEBUG c.a.persistence.database.DatabaseConfig - MySQL (skipped): ALTER TABLE appointment ADD COLUMN contact_phone VARCHAR(64) NULL — Duplicate column name 'contact_phone'
2026-04-06 17:50:38.676 [JavaFX Application Thread] DEBUG c.a.persistence.database.DatabaseConfig - MySQL (skipped): ALTER TABLE appointment ADD COLUMN reminder_channel VARCHAR(32) NULL — Duplicate column name 'reminder_channel'
2026-04-06 17:50:38.677 [JavaFX Application Thread] DEBUG c.a.persistence.database.DatabaseConfig - MySQL (skipped): ALTER TABLE appointment ADD COLUMN accessibility_needs VARCHAR(512) NULL — Duplicate column name 'accessibility_needs'
2026-04-06 17:50:38.679 [JavaFX Application Thread] DEBUG c.a.persistence.database.DatabaseConfig - MySQL (skipped): ALTER TABLE appointment ADD COLUMN preferred_language VARCHAR(16) NULL — Duplicate column name 'preferred_language'
2026-04-06 17:50:38.679 [JavaFX Application Thread] INFO  com.appointmentscheduler.presentation.MainApp - Using database persistence (MySQL). User and appointment data will be saved.
2026-04-06 17:50:38.679 [JavaFX Application Thread] DEBUG c.a.application.AppointmentReminderService - Registered reminder channel: SMSNotification
2026-04-06 17:50:38.732 [JavaFX Application Thread] INFO  com.appointmentscheduler.presentation.MainApp - Starting Appointment Booking System v3.0.0
2026-04-06 17:50:41.067 [JavaFX Application Thread] DEBUG c.appointmentscheduler.application.AuditLogService - Audit: DAY_REOPENED | Admin Sweep | Reopened calendar day: 2026-04-06
2026-04-06 17:50:41.122 [JavaFX Application Thread] DEBUG c.appointmentscheduler.application.AuditLogService - Audit: DAY_CLOSED | Admin Sweep | Closed calendar day: 2026-04-06
2026-04-06 17:50:46.000 [main] DEBUG c.a.application.AppointmentReminderService - Registered reminder channel: Observer$MockitoMock$f1i0Aa0B
2026-04-06 17:50:46.001 [main] DEBUG c.a.application.AppointmentReminderService - Registered reminder channel: Observer$MockitoMock$f1i0Aa0B
2026-04-06 17:50:46.004 [main] ERROR c.a.application.AppointmentReminderService - Reminder channel failed: com.appointmentscheduler.domain.notifiers.Observer$MockitoMock$f1i0Aa0B
java.lang.RuntimeException: smtp down
	at com.appointmentscheduler/com.appointmentscheduler.application.AppointmentReminderService.dispatchSafely(AppointmentReminderService.java:51)
	at com.appointmentscheduler/com.appointmentscheduler.application.AppointmentReminderService.sendReminder(AppointmentReminderService.java:45)
	at com.appointmentscheduler/com.appointmentscheduler.application.AppointmentReminderServiceTest.sendReminder_oneChannelThrows_otherStillNotified(AppointmentReminderServiceTest.java:60)
	at java.base/jdk.internal.reflect.DirectMethodHandleAccessor.invoke(DirectMethodHandleAccessor.java:104)
	at java.base/java.lang.reflect.Method.invoke(Method.java:565)
	at org.junit.platform.commons.util.ReflectionUtils.invokeMethod(ReflectionUtils.java:728)
	at org.junit.jupiter.engine.execution.MethodInvocation.proceed(MethodInvocation.java:60)
	at org.junit.jupiter.engine.execution.InvocationInterceptorChain$ValidatingInvocation.proceed(InvocationInterceptorChain.java:131)
	at org.junit.jupiter.engine.extension.TimeoutExtension.intercept(TimeoutExtension.java:156)
	at org.junit.jupiter.engine.extension.TimeoutExtension.interceptTestableMethod(TimeoutExtension.java:147)
	at org.junit.jupiter.engine.extension.TimeoutExtension.interceptTestMethod(TimeoutExtension.java:86)
	at org.junit.jupiter.engine.execution.InterceptingExecutableInvoker$ReflectiveInterceptorCall.lambda$ofVoidMethod$0(InterceptingExecutableInvoker.java:103)
	at org.junit.jupiter.engine.execution.InterceptingExecutableInvoker.lambda$invoke$0(InterceptingExecutableInvoker.java:93)
	at org.junit.jupiter.engine.execution.InvocationInterceptorChain$InterceptedInvocation.proceed(InvocationInterceptorChain.java:106)
	at org.junit.jupiter.engine.execution.InvocationInterceptorChain.proceed(InvocationInterceptorChain.java:64)
	at org.junit.jupiter.engine.execution.InvocationInterceptorChain.chainAndInvoke(InvocationInterceptorChain.java:45)
	at org.junit.jupiter.engine.execution.InvocationInterceptorChain.invoke(InvocationInterceptorChain.java:37)
	at org.junit.jupiter.engine.execution.InterceptingExecutableInvoker.invoke(InterceptingExecutableInvoker.java:92)
	at org.junit.jupiter.engine.execution.InterceptingExecutableInvoker.invoke(InterceptingExecutableInvoker.java:86)
	at org.junit.jupiter.engine.descriptor.TestMethodTestDescriptor.lambda$invokeTestMethod$7(TestMethodTestDescriptor.java:218)
	at org.junit.platform.engine.support.hierarchical.ThrowableCollector.execute(ThrowableCollector.java:73)
	at org.junit.jupiter.engine.descriptor.TestMethodTestDescriptor.invokeTestMethod(TestMethodTestDescriptor.java:214)
	at org.junit.jupiter.engine.descriptor.TestMethodTestDescriptor.execute(TestMethodTestDescriptor.java:139)
	at org.junit.jupiter.engine.descriptor.TestMethodTestDescriptor.execute(TestMethodTestDescriptor.java:69)
	at org.junit.platform.engine.support.hierarchical.NodeTestTask.lambda$executeRecursively$6(NodeTestTask.java:151)
	at org.junit.platform.engine.support.hierarchical.ThrowableCollector.execute(ThrowableCollector.java:73)
	at org.junit.platform.engine.support.hierarchical.NodeTestTask.lambda$executeRecursively$8(NodeTestTask.java:141)
	at org.junit.platform.engine.support.hierarchical.Node.around(Node.java:137)
	at org.junit.platform.engine.support.hierarchical.NodeTestTask.lambda$executeRecursively$9(NodeTestTask.java:139)
	at org.junit.platform.engine.support.hierarchical.ThrowableCollector.execute(ThrowableCollector.java:73)
	at org.junit.platform.engine.support.hierarchical.NodeTestTask.executeRecursively(NodeTestTask.java:138)
	at org.junit.platform.engine.support.hierarchical.NodeTestTask.execute(NodeTestTask.java:95)
	at java.base/java.util.ArrayList.forEach(ArrayList.java:1604)
	at org.junit.platform.engine.support.hierarchical.SameThreadHierarchicalTestExecutorService.invokeAll(SameThreadHierarchicalTestExecutorService.java:41)
	at org.junit.platform.engine.support.hierarchical.NodeTestTask.lambda$executeRecursively$6(NodeTestTask.java:155)
	at org.junit.platform.engine.support.hierarchical.ThrowableCollector.execute(ThrowableCollector.java:73)
	at org.junit.platform.engine.support.hierarchical.NodeTestTask.lambda$executeRecursively$8(NodeTestTask.java:141)
	at org.junit.platform.engine.support.hierarchical.Node.around(Node.java:137)
	at org.junit.platform.engine.support.hierarchical.NodeTestTask.lambda$executeRecursively$9(NodeTestTask.java:139)
	at org.junit.platform.engine.support.hierarchical.ThrowableCollector.execute(ThrowableCollector.java:73)
	at org.junit.platform.engine.support.hierarchical.NodeTestTask.executeRecursively(NodeTestTask.java:138)
	at org.junit.platform.engine.support.hierarchical.NodeTestTask.execute(NodeTestTask.java:95)
	at java.base/java.util.ArrayList.forEach(ArrayList.java:1604)
	at org.junit.platform.engine.support.hierarchical.SameThreadHierarchicalTestExecutorService.invokeAll(SameThreadHierarchicalTestExecutorService.java:41)
	at org.junit.platform.engine.support.hierarchical.NodeTestTask.lambda$executeRecursively$6(NodeTestTask.java:155)
	at org.junit.platform.engine.support.hierarchical.ThrowableCollector.execute(ThrowableCollector.java:73)
	at org.junit.platform.engine.support.hierarchical.NodeTestTask.lambda$executeRecursively$8(NodeTestTask.java:141)
	at org.junit.platform.engine.support.hierarchical.Node.around(Node.java:137)
	at org.junit.platform.engine.support.hierarchical.NodeTestTask.lambda$executeRecursively$9(NodeTestTask.java:139)
	at org.junit.platform.engine.support.hierarchical.ThrowableCollector.execute(ThrowableCollector.java:73)
	at org.junit.platform.engine.support.hierarchical.NodeTestTask.executeRecursively(NodeTestTask.java:138)
	at org.junit.platform.engine.support.hierarchical.NodeTestTask.execute(NodeTestTask.java:95)
	at org.junit.platform.engine.support.hierarchical.SameThreadHierarchicalTestExecutorService.submit(SameThreadHierarchicalTestExecutorService.java:35)
	at org.junit.platform.engine.support.hierarchical.HierarchicalTestExecutor.execute(HierarchicalTestExecutor.java:57)
	at org.junit.platform.engine.support.hierarchical.HierarchicalTestEngine.execute(HierarchicalTestEngine.java:54)
	at org.junit.platform.launcher.core.EngineExecutionOrchestrator.execute(EngineExecutionOrchestrator.java:198)
	at org.junit.platform.launcher.core.EngineExecutionOrchestrator.execute(EngineExecutionOrchestrator.java:169)
	at org.junit.platform.launcher.core.EngineExecutionOrchestrator.execute(EngineExecutionOrchestrator.java:93)
	at org.junit.platform.launcher.core.EngineExecutionOrchestrator.lambda$execute$0(EngineExecutionOrchestrator.java:58)
	at org.junit.platform.launcher.core.EngineExecutionOrchestrator.withInterceptedStreams(EngineExecutionOrchestrator.java:141)
	at org.junit.platform.launcher.core.EngineExecutionOrchestrator.execute(EngineExecutionOrchestrator.java:57)
	at org.junit.platform.launcher.core.DefaultLauncher.execute(DefaultLauncher.java:103)
	at org.junit.platform.launcher.core.DefaultLauncher.execute(DefaultLauncher.java:85)
	at org.junit.platform.launcher.core.DelegatingLauncher.execute(DelegatingLauncher.java:47)
	at org.junit.platform.launcher.core.SessionPerRequestLauncher.execute(SessionPerRequestLauncher.java:63)
	at com.intellij.junit5.JUnit5IdeaTestRunner.startRunnerWithArgs(JUnit5IdeaTestRunner.java:66)
	at com.intellij.rt.junit.IdeaTestRunner$Repeater$1.execute(IdeaTestRunner.java:38)
	at com.intellij.rt.execution.junit.TestsRepeater.repeat(TestsRepeater.java:11)
	at com.intellij.rt.junit.IdeaTestRunner$Repeater.startRunnerWithArgs(IdeaTestRunner.java:35)
	at com.intellij.rt.junit.JUnitStarter.prepareStreamsAndStart(JUnitStarter.java:231)
	at com.intellij.rt.junit.JUnitStarter.main(JUnitStarter.java:55)
2026-04-06 17:50:46.042 [main] DEBUG c.a.application.AppointmentReminderService - Registered reminder channel: SMSNotification$MockitoMock$Xj7Eeffb
2026-04-06 17:50:46.043 [main] DEBUG c.a.application.AppointmentReminderService - Registered reminder channel: SMSNotification$MockitoMock$Xj7Eeffb
2026-04-06 17:50:46.043 [main] DEBUG c.a.domain.notifiers.SMSNotification - SMS reminder (stub): userId=u2, messageLength=31
2026-04-06 17:50:46.043 [main] DEBUG c.a.domain.notifiers.SMSNotification - SMS reminder (stub): userId=u2, messageLength=31
2026-04-06 17:50:46.046 [main] DEBUG c.a.application.AppointmentReminderService - Registered reminder channel: Observer$MockitoMock$f1i0Aa0B
2026-04-06 17:50:46.126 [main] DEBUG com.appointmentscheduler.application.AppConfig - Application configuration loaded
2026-04-06 17:50:46.129 [main] DEBUG com.appointmentscheduler.application.AppConfig - Application configuration loaded
2026-04-06 17:50:46.133 [JavaFX Application Thread] INFO  com.appointmentscheduler.presentation.MainApp - Using database persistence (MySQL). User and appointment data will be saved.
2026-04-06 17:50:46.133 [JavaFX Application Thread] DEBUG c.a.application.AppointmentReminderService - Registered reminder channel: SMSNotification
2026-04-06 17:50:46.143 [JavaFX Application Thread] INFO  com.appointmentscheduler.presentation.MainApp - Starting Appointment Booking System v3.0.0
2026-04-06 17:50:47.327 [JavaFX Application Thread] DEBUG c.appointmentscheduler.application.AuditLogService - Audit: DAY_REOPENED | Forced Admin | Reopened calendar day: 2026-04-06
2026-04-06 17:50:47.359 [JavaFX Application Thread] DEBUG c.appointmentscheduler.application.AuditLogService - Audit: DAY_CLOSED | Forced Admin | Closed calendar day: 2026-04-06
2026-04-06 17:50:54.907 [JavaFX Application Thread] ERROR c.a.presentation.LoginController - Registration save failed for email auto.121750814318300@test.com
java.lang.RuntimeException: boom
	at com.appointmentscheduler/com.appointmentscheduler.presentation.LoginController.handleOpenRegistration(LoginController.java:215)
	at com.appointmentscheduler/com.appointmentscheduler.presentation.LoginControllerCoverageTest.lambda$3(LoginControllerCoverageTest.java:275)
	at javafx.graphics/com.sun.javafx.application.PlatformImpl.lambda$runLater$10(PlatformImpl.java:457)
	at java.base/java.security.AccessController.doPrivileged(AccessController.java:138)
	at javafx.graphics/com.sun.javafx.application.PlatformImpl.lambda$runLater$11(PlatformImpl.java:456)
	at javafx.graphics/com.sun.glass.ui.InvokeLaterDispatcher$Future.run$$$capture(InvokeLaterDispatcher.java:96)
	at javafx.graphics/com.sun.glass.ui.InvokeLaterDispatcher$Future.run(InvokeLaterDispatcher.java)
	at javafx.graphics/com.sun.glass.ui.win.WinApplication._runLoop(Native Method)
	at javafx.graphics/com.sun.glass.ui.win.WinApplication.lambda$runLoop$3(WinApplication.java:184)
	at java.base/java.lang.Thread.run(Thread.java:1474)
2026-04-06 17:50:54.927 [main] DEBUG com.appointmentscheduler.application.AppConfig - Application configuration loaded
2026-04-06 17:50:54.928 [main] DEBUG com.appointmentscheduler.application.AppConfig - Application configuration loaded
2026-04-06 17:50:54.930 [main] DEBUG com.appointmentscheduler.application.AppConfig - Application configuration loaded
2026-04-06 17:50:54.932 [main] DEBUG com.appointmentscheduler.application.AppConfig - Application configuration loaded
2026-04-06 17:50:54.934 [main] DEBUG com.appointmentscheduler.application.AppConfig - Application configuration loaded
2026-04-06 17:50:54.939 [main] DEBUG com.appointmentscheduler.application.AppConfig - Application configuration loaded
2026-04-06 17:50:54.941 [main] DEBUG com.appointmentscheduler.application.AppConfig - Application configuration loaded
2026-04-06 17:50:54.943 [main] DEBUG com.appointmentscheduler.application.AppConfig - Application configuration loaded
2026-04-06 17:50:54.946 [main] DEBUG com.appointmentscheduler.application.AppConfig - Application configuration loaded
2026-04-06 17:50:55.077 [main] DEBUG c.appointmentscheduler.application.AuditLogService - Audit: ACTION | null | details
2026-04-06 17:50:55.077 [main] DEBUG c.appointmentscheduler.application.AuditLogService - Audit: A2 | N | d2
2026-04-06 17:50:55.077 [main] DEBUG c.appointmentscheduler.application.AuditLogService - Audit: A3 | N | d3 | entity=e1
2026-04-06 17:50:55.077 [main] DEBUG c.appointmentscheduler.application.AuditLogService - Audit: A4 | name | d4
2026-04-06 17:50:55.118 [main] DEBUG c.a.application.InAppMessagingService - Customer contact stored in staff inbox id=05ceec3d-90cb-4f0c-a2da-ac5cfcf1e528 customerId=p1
2026-04-06 17:50:55.123 [main] DEBUG c.a.application.InAppMessagingService - In-app message stored userId=p1 correlationId=7f5e734b-a615-4829-ba5e-d687b3195833
2026-04-06 17:50:55.123 [main] DEBUG c.a.application.InAppMessagingService - In-app message stored userId=p2 correlationId=dfeb790b-7130-4375-9a0a-c91d8724c5e0
2026-04-06 17:50:55.179 [JavaFX Application Thread] INFO  com.appointmentscheduler.presentation.MainApp - Using database persistence (MySQL). User and appointment data will be saved.
2026-04-06 17:50:55.179 [JavaFX Application Thread] DEBUG c.a.application.AppointmentReminderService - Registered reminder channel: SMSNotification
2026-04-06 17:50:55.184 [JavaFX Application Thread] INFO  com.appointmentscheduler.presentation.MainApp - Starting Appointment Booking System v3.0.0
2026-04-06 17:50:57.825 [JavaFX Application Thread] INFO  com.appointmentscheduler.presentation.MainApp - Using database persistence (MySQL). User and appointment data will be saved.
2026-04-06 17:50:57.825 [JavaFX Application Thread] DEBUG c.a.application.AppointmentReminderService - Registered reminder channel: SMSNotification
2026-04-06 17:50:57.831 [JavaFX Application Thread] INFO  com.appointmentscheduler.presentation.MainApp - Starting Appointment Booking System v3.0.0
2026-04-06 17:50:58.118 [JavaFX Application Thread] WARN  com.appointmentscheduler.presentation.MainApp - loadScreen re-entry ignored: PatientDashboard.fxml
2026-04-06 17:50:58.118 [JavaFX Application Thread] WARN  com.appointmentscheduler.presentation.MainApp - loadScreen re-entry ignored: ThisDoesNotExist.fxml
2026-04-06 17:50:58.122 [JavaFX Application Thread] DEBUG c.appointmentscheduler.application.AuditLogService - Audit: LOGOUT | Admin | User logged out from application
2026-04-06 17:50:58.122 [JavaFX Application Thread] WARN  com.appointmentscheduler.presentation.MainApp - loadScreen re-entry ignored: Login.fxml
2026-04-06 17:50:58.846 [JavaFX Application Thread] INFO  com.appointmentscheduler.presentation.MainApp - Using database persistence (MySQL). User and appointment data will be saved.
2026-04-06 17:50:58.846 [JavaFX Application Thread] DEBUG c.a.application.AppointmentReminderService - Registered reminder channel: SMSNotification
2026-04-06 17:50:58.859 [JavaFX Application Thread] INFO  com.appointmentscheduler.presentation.MainApp - Starting Appointment Booking System v3.0.0
2026-04-06 17:50:59.497 [JavaFX Application Thread] ERROR com.appointmentscheduler.presentation.MainApp - Failed to load screen: ThisDoesNotExist.fxml
java.lang.IllegalStateException: FXML not found. Tried: /com/appointmentscheduler/presentation/ThisDoesNotExist.fxml, com/appointmentscheduler/presentation/ThisDoesNotExist.fxml, ThisDoesNotExist.fxml. Check that src/main/resources is on classpath.
	at com.appointmentscheduler/com.appointmentscheduler.presentation.MainApp.loadScreen(MainApp.java:351)
	at com.appointmentscheduler/com.appointmentscheduler.presentation.PresentationMainAppCoverageTest.lambda$mainApp_loadScreen_and_errorHandling_executeCompletely$5(PresentationMainAppCoverageTest.java:76)
	at com.appointmentscheduler/com.appointmentscheduler.presentation.PresentationMainAppCoverageTest.lambda$runOnFxVoid$0(PresentationMainAppCoverageTest.java:138)
	at com.appointmentscheduler/com.appointmentscheduler.presentation.PresentationMainAppCoverageTest.lambda$runOnFx$0(PresentationMainAppCoverageTest.java:120)
	at javafx.graphics/com.sun.javafx.application.PlatformImpl.lambda$runLater$10(PlatformImpl.java:457)
	at java.base/java.security.AccessController.doPrivileged(AccessController.java:138)
	at javafx.graphics/com.sun.javafx.application.PlatformImpl.lambda$runLater$11(PlatformImpl.java:456)
	at javafx.graphics/com.sun.glass.ui.InvokeLaterDispatcher$Future.run$$$capture(InvokeLaterDispatcher.java:96)
	at javafx.graphics/com.sun.glass.ui.InvokeLaterDispatcher$Future.run(InvokeLaterDispatcher.java)
	at javafx.graphics/com.sun.glass.ui.win.WinApplication._runLoop(Native Method)
	at javafx.graphics/com.sun.glass.ui.win.WinApplication.lambda$runLoop$3(WinApplication.java:184)
	at java.base/java.lang.Thread.run(Thread.java:1474)
2026-04-06 17:50:59.509 [JavaFX Application Thread] ERROR c.appointmentscheduler.presentation.ErrorHandler - Failed to load screen: FXML not found. Tried: /com/appointmentscheduler/presentation/ThisDoesNotExist.fxml, com/appointmentscheduler/presentation/ThisDoesNotExist.fxml, ThisDoesNotExist.fxml. Check that src/main/resources is on classpath.
java.lang.IllegalStateException: FXML not found. Tried: /com/appointmentscheduler/presentation/ThisDoesNotExist.fxml, com/appointmentscheduler/presentation/ThisDoesNotExist.fxml, ThisDoesNotExist.fxml. Check that src/main/resources is on classpath.
	at com.appointmentscheduler/com.appointmentscheduler.presentation.MainApp.loadScreen(MainApp.java:351)
	at com.appointmentscheduler/com.appointmentscheduler.presentation.PresentationMainAppCoverageTest.lambda$mainApp_loadScreen_and_errorHandling_executeCompletely$5(PresentationMainAppCoverageTest.java:76)
	at com.appointmentscheduler/com.appointmentscheduler.presentation.PresentationMainAppCoverageTest.lambda$runOnFxVoid$0(PresentationMainAppCoverageTest.java:138)
	at com.appointmentscheduler/com.appointmentscheduler.presentation.PresentationMainAppCoverageTest.lambda$runOnFx$0(PresentationMainAppCoverageTest.java:120)
	at javafx.graphics/com.sun.javafx.application.PlatformImpl.lambda$runLater$10(PlatformImpl.java:457)
	at java.base/java.security.AccessController.doPrivileged(AccessController.java:138)
	at javafx.graphics/com.sun.javafx.application.PlatformImpl.lambda$runLater$11(PlatformImpl.java:456)
	at javafx.graphics/com.sun.glass.ui.InvokeLaterDispatcher$Future.run$$$capture(InvokeLaterDispatcher.java:96)
	at javafx.graphics/com.sun.glass.ui.InvokeLaterDispatcher$Future.run(InvokeLaterDispatcher.java)
	at javafx.graphics/com.sun.glass.ui.win.WinApplication._runLoop(Native Method)
	at javafx.graphics/com.sun.glass.ui.win.WinApplication.lambda$runLoop$3(WinApplication.java:184)
	at java.base/java.lang.Thread.run(Thread.java:1474)
2026-04-06 17:50:59.512 [JavaFX Application Thread] DEBUG c.appointmentscheduler.application.AuditLogService - Audit: LOGOUT | Patient | User logged out from application
2026-04-06 17:50:59.593 [main] INFO  com.zaxxer.hikari.HikariDataSource - AppointmentBookingPool - Shutdown initiated...
2026-04-06 17:50:59.605 [main] INFO  com.zaxxer.hikari.HikariDataSource - AppointmentBookingPool - Shutdown completed.
2026-04-06 17:50:59.605 [main] INFO  c.a.persistence.database.DatabaseConfig - Database connection pool closed
2026-04-06 17:50:59.605 [main] DEBUG com.appointmentscheduler.application.AppConfig - Application configuration loaded
2026-04-06 17:50:59.605 [main] INFO  com.zaxxer.hikari.HikariDataSource - AppointmentBookingPool - Starting...
2026-04-06 17:50:59.609 [main] INFO  com.zaxxer.hikari.pool.HikariPool - AppointmentBookingPool - Added connection conn4: url=jdbc:h2:mem:dbconfig_flyway user=SA
2026-04-06 17:50:59.609 [main] INFO  com.zaxxer.hikari.HikariDataSource - AppointmentBookingPool - Start completed.
2026-04-06 17:50:59.609 [main] INFO  c.a.persistence.database.DatabaseConfig - Database connection pool initialized: jdbc:h2:mem:dbconfig_flyway;DB_CLOSE_DELAY=-1;DATABASE_TO_LOWER=TRUE
2026-04-06 17:50:59.714 [main] INFO  org.flywaydb.core.internal.license.VersionPrinter - Flyway Community Edition 9.22.3 by Redgate
2026-04-06 17:50:59.714 [main] INFO  org.flywaydb.core.internal.license.VersionPrinter - See release notes here: https://rd.gt/416ObMi
2026-04-06 17:50:59.714 [main] INFO  org.flywaydb.core.internal.license.VersionPrinter - 
2026-04-06 17:50:59.747 [main] INFO  org.flywaydb.core.FlywayExecutor - Database: jdbc:h2:mem:dbconfig_flyway (H2 2.2)
2026-04-06 17:50:59.751 [main] WARN  org.flywaydb.core.internal.database.base.Database - Flyway upgrade recommended: H2 2.2.224 is newer than this version of Flyway and support has not been tested. The latest supported version of H2 is 2.2.220.
2026-04-06 17:50:59.772 [main] INFO  o.f.c.i.schemahistory.JdbcTableSchemaHistory - Schema history table "public"."flyway_schema_history" does not exist yet
2026-04-06 17:50:59.775 [main] INFO  org.flywaydb.core.internal.command.DbValidate - Successfully validated 2 migrations (execution time 00:00.014s)
2026-04-06 17:50:59.780 [main] INFO  o.f.c.i.schemahistory.JdbcTableSchemaHistory - Creating Schema History table "public"."flyway_schema_history" ...
2026-04-06 17:50:59.796 [main] INFO  org.flywaydb.core.internal.command.DbMigrate - Current version of schema "public": << Empty Schema >>
2026-04-06 17:50:59.812 [main] INFO  org.flywaydb.core.internal.command.DbMigrate - Migrating schema "public" to version "1 - enterprise schema"
2026-04-06 17:50:59.841 [main] INFO  org.flywaydb.core.internal.command.DbMigrate - Migrating schema "public" to version "2 - booking request fields"
2026-04-06 17:50:59.885 [main] INFO  org.flywaydb.core.internal.command.DbMigrate - Successfully applied 2 migrations to schema "public", now at version v2 (execution time 00:00.058s)
2026-04-06 17:50:59.886 [main] INFO  c.a.persistence.database.DatabaseConfig - Flyway migrations executed: 2
2026-04-06 17:50:59.886 [main] INFO  com.zaxxer.hikari.HikariDataSource - AppointmentBookingPool - Shutdown initiated...
2026-04-06 17:50:59.887 [main] INFO  com.zaxxer.hikari.HikariDataSource - AppointmentBookingPool - Shutdown completed.
2026-04-06 17:50:59.887 [main] INFO  c.a.persistence.database.DatabaseConfig - Database connection pool closed
2026-04-06 17:50:59.887 [main] INFO  com.zaxxer.hikari.HikariDataSource - AppointmentBookingPool - Starting...
2026-04-06 17:50:59.888 [main] INFO  com.zaxxer.hikari.pool.HikariPool - AppointmentBookingPool - Added connection conn6: url=jdbc:h2:mem:dbconfig_flyway user=SA
2026-04-06 17:50:59.888 [main] INFO  com.zaxxer.hikari.HikariDataSource - AppointmentBookingPool - Start completed.
2026-04-06 17:50:59.888 [main] INFO  c.a.persistence.database.DatabaseConfig - Database connection pool initialized: jdbc:h2:mem:dbconfig_flyway;DB_CLOSE_DELAY=-1;DATABASE_TO_LOWER=TRUE
2026-04-06 17:50:59.891 [main] INFO  org.flywaydb.core.FlywayExecutor - Database: jdbc:h2:mem:dbconfig_flyway (H2 2.2)
2026-04-06 17:50:59.892 [main] WARN  org.flywaydb.core.internal.database.base.Database - Flyway upgrade recommended: H2 2.2.224 is newer than this version of Flyway and support has not been tested. The latest supported version of H2 is 2.2.220.
2026-04-06 17:50:59.898 [main] INFO  org.flywaydb.core.internal.command.DbValidate - Successfully validated 2 migrations (execution time 00:00.004s)
2026-04-06 17:50:59.901 [main] INFO  org.flywaydb.core.internal.command.DbMigrate - Current version of schema "public": 2
2026-04-06 17:50:59.902 [main] INFO  org.flywaydb.core.internal.command.DbMigrate - Schema "public" is up to date. No migration necessary.
2026-04-06 17:50:59.902 [main] INFO  c.a.persistence.database.DatabaseConfig - Flyway migrations executed: 0
2026-04-06 17:50:59.902 [main] INFO  com.zaxxer.hikari.HikariDataSource - AppointmentBookingPool - Shutdown initiated...
2026-04-06 17:50:59.930 [main] INFO  com.zaxxer.hikari.HikariDataSource - AppointmentBookingPool - Shutdown completed.
2026-04-06 17:50:59.930 [main] INFO  c.a.persistence.database.DatabaseConfig - Database connection pool closed
2026-04-06 17:50:59.930 [main] DEBUG com.appointmentscheduler.application.AppConfig - Application configuration loaded
2026-04-06 17:50:59.932 [main] DEBUG com.appointmentscheduler.application.AppConfig - Application configuration loaded
2026-04-06 17:50:59.932 [main] DEBUG com.appointmentscheduler.application.AppConfig - Application configuration loaded
2026-04-06 17:51:00.635 [main] WARN  com.appointmentscheduler.application.AuthService - Login failed for email: nobody@here.com
2026-04-06 17:51:01.658 [main] WARN  com.appointmentscheduler.application.AuthService - Login failed for email: john@test.com
2026-04-06 17:51:03.057 [main] WARN  com.appointmentscheduler.application.AuthService - Login attempt for locked account: john@test.com
2026-04-06 17:51:05.393 [main] INFO  com.appointmentscheduler.application.AuthService - Login successful for user: john@test.com
2026-04-06 17:51:06.424 [main] INFO  com.appointmentscheduler.application.AuthService - Login successful for user: john@test.com
2026-04-06 17:51:07.462 [main] INFO  com.appointmentscheduler.application.AuthService - Login successful for user: john@test.com
2026-04-06 17:51:08.453 [main] INFO  com.appointmentscheduler.application.AuthService - Login successful for user: john@test.com
2026-04-06 17:51:09.432 [main] INFO  com.appointmentscheduler.application.AuthService - Login successful for user: admin@test.com
2026-04-06 17:51:09.515 [JavaFX Application Thread] INFO  com.zaxxer.hikari.HikariDataSource - AppointmentBookingPool - Starting...
2026-04-06 17:51:09.518 [JavaFX Application Thread] INFO  com.zaxxer.hikari.pool.HikariPool - AppointmentBookingPool - Added connection com.mysql.cj.jdbc.ConnectionImpl@2be71b91
2026-04-06 17:51:09.518 [JavaFX Application Thread] INFO  com.zaxxer.hikari.HikariDataSource - AppointmentBookingPool - Start completed.
2026-04-06 17:51:09.518 [JavaFX Application Thread] INFO  c.a.persistence.database.DatabaseConfig - Database connection pool initialized: jdbc:mysql://localhost:3306/appointment?useUnicode=true&characterEncoding=UTF-8&serverTimezone=UTC&useSSL=false&allowPublicKeyRetrieval=true
2026-04-06 17:51:09.519 [JavaFX Application Thread] INFO  c.a.persistence.database.DatabaseConfig - MySQL: table app_user verified/created
2026-04-06 17:51:09.520 [JavaFX Application Thread] DEBUG c.a.persistence.database.DatabaseConfig - MySQL (skipped): ALTER TABLE appointment ADD COLUMN customer_notes VARCHAR(2000) NULL — Duplicate column name 'customer_notes'
2026-04-06 17:51:09.520 [JavaFX Application Thread] DEBUG c.a.persistence.database.DatabaseConfig - MySQL (skipped): ALTER TABLE appointment ADD COLUMN contact_phone VARCHAR(64) NULL — Duplicate column name 'contact_phone'
2026-04-06 17:51:09.521 [JavaFX Application Thread] DEBUG c.a.persistence.database.DatabaseConfig - MySQL (skipped): ALTER TABLE appointment ADD COLUMN reminder_channel VARCHAR(32) NULL — Duplicate column name 'reminder_channel'
2026-04-06 17:51:09.521 [JavaFX Application Thread] DEBUG c.a.persistence.database.DatabaseConfig - MySQL (skipped): ALTER TABLE appointment ADD COLUMN accessibility_needs VARCHAR(512) NULL — Duplicate column name 'accessibility_needs'
2026-04-06 17:51:09.522 [JavaFX Application Thread] DEBUG c.a.persistence.database.DatabaseConfig - MySQL (skipped): ALTER TABLE appointment ADD COLUMN preferred_language VARCHAR(16) NULL — Duplicate column name 'preferred_language'
2026-04-06 17:51:09.522 [JavaFX Application Thread] INFO  com.appointmentscheduler.presentation.MainApp - Using database persistence (MySQL). User and appointment data will be saved.
2026-04-06 17:51:09.522 [JavaFX Application Thread] DEBUG c.a.application.AppointmentReminderService - Registered reminder channel: SMSNotification
2026-04-06 17:51:09.530 [JavaFX Application Thread] INFO  com.appointmentscheduler.presentation.MainApp - Starting Appointment Booking System v3.0.0
2026-04-06 17:51:10.013 [JavaFX Application Thread] DEBUG c.appointmentscheduler.application.AuditLogService - Audit: LOGIN_FAILED | admin@admin.com | Invalid credentials
2026-04-06 17:51:10.014 [JavaFX Application Thread] WARN  com.appointmentscheduler.application.AuthService - Login failed for email: admin@admin.com
2026-04-06 17:51:11.698 [JavaFX Application Thread] DEBUG c.appointmentscheduler.application.AuditLogService - Audit: LOGIN_FAILED | customer@example.com | Invalid credentials
2026-04-06 17:51:11.699 [JavaFX Application Thread] WARN  com.appointmentscheduler.application.AuthService - Login failed for email: customer@example.com
2026-04-06 17:51:13.448 [main] DEBUG c.appointmentscheduler.application.AuditLogService - Audit: CANCEL | A | Appointment cadm | entity=cadm
2026-04-06 17:51:13.457 [main] DEBUG c.appointmentscheduler.application.AuditLogService - Audit: CANCEL | Pat | Appointment cc | entity=cc
2026-04-06 17:51:13.475 [main] DEBUG c.appointmentscheduler.application.AuditLogService - Audit: CANCEL | Pat | Appointment 0ffbab9c-ec84-4449-97bb-db187b5aa23e | entity=0ffbab9c-ec84-4449-97bb-db187b5aa23e
2026-04-06 17:51:13.481 [main] DEBUG c.appointmentscheduler.application.AuditLogService - Audit: MODIFY | Pat | Appointment mid to 2026-04-10T10:00 to 2026-04-10T11:00 | entity=mid
2026-04-06 17:51:13.483 [main] DEBUG c.appointmentscheduler.application.AuditLogService - Audit: MODIFY | Pat | Appointment mod to 2026-04-11T10:00 to 2026-04-11T11:00 | entity=mod
2026-04-06 17:51:13.494 [main] DEBUG c.appointmentscheduler.application.AuditLogService - Audit: MODIFY | Pat | Appointment ev to 2026-04-11T10:00 to 2026-04-11T11:00 | entity=ev
2026-04-06 17:51:13.502 [main] DEBUG c.appointmentscheduler.application.AuditLogService - Audit: MODIFY | A | Appointment adm to 2026-04-11T10:00 to 2026-04-11T11:00 | entity=adm
2026-04-06 17:51:13.509 [main] DEBUG c.appointmentscheduler.application.AuditLogService - Audit: COMPLETE | A | Appointment ex marked COMPLETED | entity=ex
2026-04-06 17:51:13.510 [main] DEBUG c.appointmentscheduler.application.AuditLogService - Audit: COMPLETE | R | Appointment r1 marked COMPLETED | entity=r1
2026-04-06 17:51:13.518 [main] DEBUG c.appointmentscheduler.application.AuditLogService - Audit: COMPLETE | A | Appointment fixed-id marked COMPLETED | entity=fixed-id
2026-04-06 17:51:13.530 [main] DEBUG c.appointmentscheduler.application.AuditLogService - Audit: BOOK | Pat | Appointment 0c37fa8c-1c59-421a-a90c-54e5158b7214 at 2026-04-14T10:00 to 2026-04-14T11:00 | entity=0c37fa8c-1c59-421a-a90c-54e5158b7214
2026-04-06 17:51:13.572 [main] DEBUG c.appointmentscheduler.application.AuditLogService - Audit: BOOK | Pat | Appointment cbe22c8e-627d-4772-ab24-97320ea665ef at 2026-04-16T10:00 to 2026-04-16T11:00 | entity=cbe22c8e-627d-4772-ab24-97320ea665ef
2026-04-06 17:51:13.575 [main] DEBUG c.appointmentscheduler.application.AuditLogService - Audit: BOOK | Pat | Appointment 9eb2e6df-3796-409b-800b-8b093af254ac at 2026-04-08T10:00 to 2026-04-08T11:00 | entity=9eb2e6df-3796-409b-800b-8b093af254ac
2026-04-06 17:51:13.581 [main] DEBUG c.appointmentscheduler.application.AuditLogService - Audit: BOOK | Pat | Appointment c16f5369-6f22-43ea-87d2-3dac08a8ef40 at 2026-04-08T10:00 to 2026-04-08T11:00 | entity=c16f5369-6f22-43ea-87d2-3dac08a8ef40
2026-04-06 17:51:13.598 [main] DEBUG c.appointmentscheduler.application.AuditLogService - Audit: BOOK | Pat | Appointment 3c670565-53f5-4e95-883f-be2b4ff9c3d5 at 2026-04-10T10:00 to 2026-04-10T11:00 | entity=3c670565-53f5-4e95-883f-be2b4ff9c3d5
2026-04-06 17:51:13.739 [main] WARN  c.appointmentscheduler.presentation.ErrorHandler - warn msg
2026-04-06 17:51:13.740 [main] WARN  c.appointmentscheduler.presentation.ErrorHandler - warn msg
java.io.IOException: boom
	at com.appointmentscheduler/com.appointmentscheduler.presentation.ErrorHandlerTest.lambda$1(ErrorHandlerTest.java:18)
	at org.assertj.core.api.ThrowableAssert.catchThrowable(ThrowableAssert.java:63)
	at org.assertj.core.api.AssertionsForClassTypes.catchThrowable(AssertionsForClassTypes.java:892)
	at org.assertj.core.api.AssertionsForClassTypes.assertThatCode(AssertionsForClassTypes.java:863)
	at org.assertj.core.api.Assertions.assertThatCode(Assertions.java:1287)
	at com.appointmentscheduler/com.appointmentscheduler.presentation.ErrorHandlerTest.logWarning_withThrowable_doesNotThrow(ErrorHandlerTest.java:18)
	at java.base/jdk.internal.reflect.DirectMethodHandleAccessor.invoke(DirectMethodHandleAccessor.java:104)
	at java.base/java.lang.reflect.Method.invoke(Method.java:565)
	at org.junit.platform.commons.util.ReflectionUtils.invokeMethod(ReflectionUtils.java:728)
	at org.junit.jupiter.engine.execution.MethodInvocation.proceed(MethodInvocation.java:60)
	at org.junit.jupiter.engine.execution.InvocationInterceptorChain$ValidatingInvocation.proceed(InvocationInterceptorChain.java:131)
	at org.junit.jupiter.engine.extension.TimeoutExtension.intercept(TimeoutExtension.java:156)
	at org.junit.jupiter.engine.extension.TimeoutExtension.interceptTestableMethod(TimeoutExtension.java:147)
	at org.junit.jupiter.engine.extension.TimeoutExtension.interceptTestMethod(TimeoutExtension.java:86)
	at org.junit.jupiter.engine.execution.InterceptingExecutableInvoker$ReflectiveInterceptorCall.lambda$ofVoidMethod$0(InterceptingExecutableInvoker.java:103)
	at org.junit.jupiter.engine.execution.InterceptingExecutableInvoker.lambda$invoke$0(InterceptingExecutableInvoker.java:93)
	at org.junit.jupiter.engine.execution.InvocationInterceptorChain$InterceptedInvocation.proceed(InvocationInterceptorChain.java:106)
	at org.junit.jupiter.engine.execution.InvocationInterceptorChain.proceed(InvocationInterceptorChain.java:64)
	at org.junit.jupiter.engine.execution.InvocationInterceptorChain.chainAndInvoke(InvocationInterceptorChain.java:45)
	at org.junit.jupiter.engine.execution.InvocationInterceptorChain.invoke(InvocationInterceptorChain.java:37)
	at org.junit.jupiter.engine.execution.InterceptingExecutableInvoker.invoke(InterceptingExecutableInvoker.java:92)
	at org.junit.jupiter.engine.execution.InterceptingExecutableInvoker.invoke(InterceptingExecutableInvoker.java:86)
	at org.junit.jupiter.engine.descriptor.TestMethodTestDescriptor.lambda$invokeTestMethod$7(TestMethodTestDescriptor.java:218)
	at org.junit.platform.engine.support.hierarchical.ThrowableCollector.execute(ThrowableCollector.java:73)
	at org.junit.jupiter.engine.descriptor.TestMethodTestDescriptor.invokeTestMethod(TestMethodTestDescriptor.java:214)
	at org.junit.jupiter.engine.descriptor.TestMethodTestDescriptor.execute(TestMethodTestDescriptor.java:139)
	at org.junit.jupiter.engine.descriptor.TestMethodTestDescriptor.execute(TestMethodTestDescriptor.java:69)
	at org.junit.platform.engine.support.hierarchical.NodeTestTask.lambda$executeRecursively$6(NodeTestTask.java:151)
	at org.junit.platform.engine.support.hierarchical.ThrowableCollector.execute(ThrowableCollector.java:73)
	at org.junit.platform.engine.support.hierarchical.NodeTestTask.lambda$executeRecursively$8(NodeTestTask.java:141)
	at org.junit.platform.engine.support.hierarchical.Node.around(Node.java:137)
	at org.junit.platform.engine.support.hierarchical.NodeTestTask.lambda$executeRecursively$9(NodeTestTask.java:139)
	at org.junit.platform.engine.support.hierarchical.ThrowableCollector.execute(ThrowableCollector.java:73)
	at org.junit.platform.engine.support.hierarchical.NodeTestTask.executeRecursively(NodeTestTask.java:138)
	at org.junit.platform.engine.support.hierarchical.NodeTestTask.execute(NodeTestTask.java:95)
	at java.base/java.util.ArrayList.forEach(ArrayList.java:1604)
	at org.junit.platform.engine.support.hierarchical.SameThreadHierarchicalTestExecutorService.invokeAll(SameThreadHierarchicalTestExecutorService.java:41)
	at org.junit.platform.engine.support.hierarchical.NodeTestTask.lambda$executeRecursively$6(NodeTestTask.java:155)
	at org.junit.platform.engine.support.hierarchical.ThrowableCollector.execute(ThrowableCollector.java:73)
	at org.junit.platform.engine.support.hierarchical.NodeTestTask.lambda$executeRecursively$8(NodeTestTask.java:141)
	at org.junit.platform.engine.support.hierarchical.Node.around(Node.java:137)
	at org.junit.platform.engine.support.hierarchical.NodeTestTask.lambda$executeRecursively$9(NodeTestTask.java:139)
	at org.junit.platform.engine.support.hierarchical.ThrowableCollector.execute(ThrowableCollector.java:73)
	at org.junit.platform.engine.support.hierarchical.NodeTestTask.executeRecursively(NodeTestTask.java:138)
	at org.junit.platform.engine.support.hierarchical.NodeTestTask.execute(NodeTestTask.java:95)
	at java.base/java.util.ArrayList.forEach(ArrayList.java:1604)
	at org.junit.platform.engine.support.hierarchical.SameThreadHierarchicalTestExecutorService.invokeAll(SameThreadHierarchicalTestExecutorService.java:41)
	at org.junit.platform.engine.support.hierarchical.NodeTestTask.lambda$executeRecursively$6(NodeTestTask.java:155)
	at org.junit.platform.engine.support.hierarchical.ThrowableCollector.execute(ThrowableCollector.java:73)
	at org.junit.platform.engine.support.hierarchical.NodeTestTask.lambda$executeRecursively$8(NodeTestTask.java:141)
	at org.junit.platform.engine.support.hierarchical.Node.around(Node.java:137)
	at org.junit.platform.engine.support.hierarchical.NodeTestTask.lambda$executeRecursively$9(NodeTestTask.java:139)
	at org.junit.platform.engine.support.hierarchical.ThrowableCollector.execute(ThrowableCollector.java:73)
	at org.junit.platform.engine.support.hierarchical.NodeTestTask.executeRecursively(NodeTestTask.java:138)
	at org.junit.platform.engine.support.hierarchical.NodeTestTask.execute(NodeTestTask.java:95)
	at org.junit.platform.engine.support.hierarchical.SameThreadHierarchicalTestExecutorService.submit(SameThreadHierarchicalTestExecutorService.java:35)
	at org.junit.platform.engine.support.hierarchical.HierarchicalTestExecutor.execute(HierarchicalTestExecutor.java:57)
	at org.junit.platform.engine.support.hierarchical.HierarchicalTestEngine.execute(HierarchicalTestEngine.java:54)
	at org.junit.platform.launcher.core.EngineExecutionOrchestrator.execute(EngineExecutionOrchestrator.java:198)
	at org.junit.platform.launcher.core.EngineExecutionOrchestrator.execute(EngineExecutionOrchestrator.java:169)
	at org.junit.platform.launcher.core.EngineExecutionOrchestrator.execute(EngineExecutionOrchestrator.java:93)
	at org.junit.platform.launcher.core.EngineExecutionOrchestrator.lambda$execute$0(EngineExecutionOrchestrator.java:58)
	at org.junit.platform.launcher.core.EngineExecutionOrchestrator.withInterceptedStreams(EngineExecutionOrchestrator.java:141)
	at org.junit.platform.launcher.core.EngineExecutionOrchestrator.execute(EngineExecutionOrchestrator.java:57)
	at org.junit.platform.launcher.core.DefaultLauncher.execute(DefaultLauncher.java:103)
	at org.junit.platform.launcher.core.DefaultLauncher.execute(DefaultLauncher.java:85)
	at org.junit.platform.launcher.core.DelegatingLauncher.execute(DelegatingLauncher.java:47)
	at org.junit.platform.launcher.core.SessionPerRequestLauncher.execute(SessionPerRequestLauncher.java:63)
	at com.intellij.junit5.JUnit5IdeaTestRunner.startRunnerWithArgs(JUnit5IdeaTestRunner.java:66)
	at com.intellij.rt.junit.IdeaTestRunner$Repeater$1.execute(IdeaTestRunner.java:38)
	at com.intellij.rt.execution.junit.TestsRepeater.repeat(TestsRepeater.java:11)
	at com.intellij.rt.junit.IdeaTestRunner$Repeater.startRunnerWithArgs(IdeaTestRunner.java:35)
	at com.intellij.rt.junit.JUnitStarter.prepareStreamsAndStart(JUnitStarter.java:231)
	at com.intellij.rt.junit.JUnitStarter.main(JUnitStarter.java:55)
2026-04-06 17:51:13.887 [main] DEBUG c.appointmentscheduler.application.AuditLogService - Audit: EXPIRE | System | Appointment pnd auto-expired
2026-04-06 17:51:13.888 [main] DEBUG c.appointmentscheduler.application.AuditLogService - Audit: EXPIRE | System | Appointment a1 auto-expired
2026-04-06 17:51:13.896 [main] DEBUG c.appointmentscheduler.application.AuditLogService - Audit: CANCEL_RECURRENCE_SINGLE | N | Occurrence sid_1775732400 | entity=sid_1775732400
2026-04-06 17:51:13.898 [main] DEBUG c.appointmentscheduler.application.AuditLogService - Audit: CANCEL_RECURRENCE_SERIES | N | Series SER123 occurrence a1 | entity=a1
2026-04-06 17:51:13.898 [main] DEBUG c.appointmentscheduler.application.AuditLogService - Audit: CANCEL_RECURRENCE_SERIES | N | Series SER123 occurrence a2 | entity=a2
2026-04-06 17:51:13.901 [main] DEBUG com.appointmentscheduler.application.AppConfig - Application configuration loaded
2026-04-06 17:51:13.901 [main] DEBUG com.appointmentscheduler.application.AppConfig - Application configuration loaded
2026-04-06 17:51:13.902 [main] DEBUG com.appointmentscheduler.application.AppConfig - Application configuration loaded
2026-04-06 17:51:13.904 [main] DEBUG com.appointmentscheduler.application.AppConfig - Application configuration loaded
2026-04-06 17:51:13.905 [main] DEBUG com.appointmentscheduler.application.AppConfig - Application configuration loaded
2026-04-06 17:51:13.906 [main] DEBUG com.appointmentscheduler.application.AppConfig - Application configuration loaded
2026-04-06 17:51:13.906 [main] DEBUG com.appointmentscheduler.application.AppConfig - Application configuration loaded
2026-04-06 17:51:13.907 [main] DEBUG com.appointmentscheduler.application.AppConfig - Application configuration loaded
2026-04-06 17:51:13.907 [main] DEBUG com.appointmentscheduler.application.AppConfig - Application configuration loaded
2026-04-06 17:51:13.908 [main] DEBUG com.appointmentscheduler.application.AppConfig - Application configuration loaded
2026-04-06 17:51:13.908 [main] DEBUG com.appointmentscheduler.application.AppConfig - Application configuration loaded
2026-04-06 17:51:13.908 [main] DEBUG com.appointmentscheduler.application.AppConfig - Application configuration loaded
2026-04-06 17:51:13.909 [main] DEBUG com.appointmentscheduler.application.AppConfig - Application configuration loaded
2026-04-06 17:51:13.909 [main] DEBUG com.appointmentscheduler.application.AppConfig - Application configuration loaded
2026-04-06 17:51:13.909 [main] DEBUG com.appointmentscheduler.application.AppConfig - Application configuration loaded
2026-04-06 17:51:13.911 [main] DEBUG com.appointmentscheduler.application.AppConfig - Application configuration loaded
2026-04-06 17:51:13.911 [main] DEBUG com.appointmentscheduler.application.AppConfig - Application configuration loaded
2026-04-06 17:51:13.911 [main] DEBUG com.appointmentscheduler.application.AppConfig - Application configuration loaded
2026-04-06 17:51:13.912 [main] DEBUG com.appointmentscheduler.application.AppConfig - Application configuration loaded
2026-04-06 17:51:13.913 [main] DEBUG com.appointmentscheduler.application.AppConfig - Application configuration loaded
2026-04-06 17:51:13.921 [Thread-67] INFO  com.zaxxer.hikari.HikariDataSource - AppointmentBookingPool - Shutdown initiated...
2026-04-06 17:51:13.938 [Thread-67] INFO  com.zaxxer.hikari.HikariDataSource - AppointmentBookingPool - Shutdown completed.
2026-04-06 17:51:13.938 [Thread-67] INFO  c.a.persistence.database.DatabaseConfig - Database connection pool closed
2026-04-06 17:53:29.391 [main] DEBUG com.appointmentscheduler.application.AppConfig - Application configuration loaded
2026-04-06 17:53:29.408 [main] DEBUG c.a.application.AppointmentReminderService - Registered reminder channel: SMSNotification
2026-04-06 17:53:30.830 [main] DEBUG com.appointmentscheduler.application.AppConfig - Application configuration loaded
2026-04-06 17:53:31.280 [main] DEBUG com.appointmentscheduler.application.AppConfig - Application configuration loaded
2026-04-06 17:53:31.370 [main] DEBUG com.appointmentscheduler.application.AppConfig - Application configuration loaded
2026-04-06 17:53:33.762 [main] INFO  com.zaxxer.hikari.HikariDataSource - HikariPool-1 - Starting...
2026-04-06 17:53:34.343 [main] INFO  com.zaxxer.hikari.pool.HikariPool - HikariPool-1 - Added connection conn0: url=jdbc:h2:mem:jdbc_repo_test user=SA
2026-04-06 17:53:34.357 [main] INFO  com.zaxxer.hikari.HikariDataSource - HikariPool-1 - Start completed.
2026-04-06 17:53:34.840 [main] INFO  com.zaxxer.hikari.HikariDataSource - HikariPool-1 - Shutdown initiated...
2026-04-06 17:53:34.847 [main] INFO  com.zaxxer.hikari.HikariDataSource - HikariPool-1 - Shutdown completed.
2026-04-06 17:53:34.886 [JavaFX Application Thread] INFO  com.zaxxer.hikari.HikariDataSource - AppointmentBookingPool - Starting...
2026-04-06 17:53:35.261 [JavaFX Application Thread] INFO  com.zaxxer.hikari.pool.HikariPool - AppointmentBookingPool - Added connection com.mysql.cj.jdbc.ConnectionImpl@6be249a6
2026-04-06 17:53:35.262 [JavaFX Application Thread] INFO  com.zaxxer.hikari.HikariDataSource - AppointmentBookingPool - Start completed.
2026-04-06 17:53:35.262 [JavaFX Application Thread] INFO  c.a.persistence.database.DatabaseConfig - Database connection pool initialized: jdbc:mysql://localhost:3306/appointment?useUnicode=true&characterEncoding=UTF-8&serverTimezone=UTC&useSSL=false&allowPublicKeyRetrieval=true
2026-04-06 17:53:35.272 [JavaFX Application Thread] INFO  c.a.persistence.database.DatabaseConfig - MySQL: table app_user verified/created
2026-04-06 17:53:35.283 [JavaFX Application Thread] DEBUG c.a.persistence.database.DatabaseConfig - MySQL (skipped): ALTER TABLE appointment ADD COLUMN customer_notes VARCHAR(2000) NULL — Duplicate column name 'customer_notes'
2026-04-06 17:53:35.284 [JavaFX Application Thread] DEBUG c.a.persistence.database.DatabaseConfig - MySQL (skipped): ALTER TABLE appointment ADD COLUMN contact_phone VARCHAR(64) NULL — Duplicate column name 'contact_phone'
2026-04-06 17:53:35.285 [JavaFX Application Thread] DEBUG c.a.persistence.database.DatabaseConfig - MySQL (skipped): ALTER TABLE appointment ADD COLUMN reminder_channel VARCHAR(32) NULL — Duplicate column name 'reminder_channel'
2026-04-06 17:53:35.285 [JavaFX Application Thread] DEBUG c.a.persistence.database.DatabaseConfig - MySQL (skipped): ALTER TABLE appointment ADD COLUMN accessibility_needs VARCHAR(512) NULL — Duplicate column name 'accessibility_needs'
2026-04-06 17:53:35.286 [JavaFX Application Thread] DEBUG c.a.persistence.database.DatabaseConfig - MySQL (skipped): ALTER TABLE appointment ADD COLUMN preferred_language VARCHAR(16) NULL — Duplicate column name 'preferred_language'
2026-04-06 17:53:35.286 [JavaFX Application Thread] INFO  com.appointmentscheduler.presentation.MainApp - Using database persistence (MySQL). User and appointment data will be saved.
2026-04-06 17:53:35.286 [JavaFX Application Thread] DEBUG c.a.application.AppointmentReminderService - Registered reminder channel: SMSNotification
2026-04-06 17:53:35.331 [JavaFX Application Thread] INFO  com.appointmentscheduler.presentation.MainApp - Starting Appointment Booking System v3.0.0
2026-04-06 17:53:37.669 [JavaFX Application Thread] DEBUG c.appointmentscheduler.application.AuditLogService - Audit: DAY_CLOSED | Admin Sweep | Closed calendar day: 2026-04-06
2026-04-06 17:53:37.691 [JavaFX Application Thread] DEBUG c.appointmentscheduler.application.AuditLogService - Audit: DAY_REOPENED | Admin Sweep | Reopened calendar day: 2026-04-06
2026-04-06 17:53:42.365 [main] DEBUG c.a.application.AppointmentReminderService - Registered reminder channel: Observer$MockitoMock$hNkIk3Il
2026-04-06 17:53:42.366 [main] DEBUG c.a.application.AppointmentReminderService - Registered reminder channel: Observer$MockitoMock$hNkIk3Il
2026-04-06 17:53:42.369 [main] ERROR c.a.application.AppointmentReminderService - Reminder channel failed: com.appointmentscheduler.domain.notifiers.Observer$MockitoMock$hNkIk3Il
java.lang.RuntimeException: smtp down
	at com.appointmentscheduler/com.appointmentscheduler.application.AppointmentReminderService.dispatchSafely(AppointmentReminderService.java:51)
	at com.appointmentscheduler/com.appointmentscheduler.application.AppointmentReminderService.sendReminder(AppointmentReminderService.java:45)
	at com.appointmentscheduler/com.appointmentscheduler.application.AppointmentReminderServiceTest.sendReminder_oneChannelThrows_otherStillNotified(AppointmentReminderServiceTest.java:60)
	at java.base/jdk.internal.reflect.DirectMethodHandleAccessor.invoke(DirectMethodHandleAccessor.java:104)
	at java.base/java.lang.reflect.Method.invoke(Method.java:565)
	at org.junit.platform.commons.util.ReflectionUtils.invokeMethod(ReflectionUtils.java:728)
	at org.junit.jupiter.engine.execution.MethodInvocation.proceed(MethodInvocation.java:60)
	at org.junit.jupiter.engine.execution.InvocationInterceptorChain$ValidatingInvocation.proceed(InvocationInterceptorChain.java:131)
	at org.junit.jupiter.engine.extension.TimeoutExtension.intercept(TimeoutExtension.java:156)
	at org.junit.jupiter.engine.extension.TimeoutExtension.interceptTestableMethod(TimeoutExtension.java:147)
	at org.junit.jupiter.engine.extension.TimeoutExtension.interceptTestMethod(TimeoutExtension.java:86)
	at org.junit.jupiter.engine.execution.InterceptingExecutableInvoker$ReflectiveInterceptorCall.lambda$ofVoidMethod$0(InterceptingExecutableInvoker.java:103)
	at org.junit.jupiter.engine.execution.InterceptingExecutableInvoker.lambda$invoke$0(InterceptingExecutableInvoker.java:93)
	at org.junit.jupiter.engine.execution.InvocationInterceptorChain$InterceptedInvocation.proceed(InvocationInterceptorChain.java:106)
	at org.junit.jupiter.engine.execution.InvocationInterceptorChain.proceed(InvocationInterceptorChain.java:64)
	at org.junit.jupiter.engine.execution.InvocationInterceptorChain.chainAndInvoke(InvocationInterceptorChain.java:45)
	at org.junit.jupiter.engine.execution.InvocationInterceptorChain.invoke(InvocationInterceptorChain.java:37)
	at org.junit.jupiter.engine.execution.InterceptingExecutableInvoker.invoke(InterceptingExecutableInvoker.java:92)
	at org.junit.jupiter.engine.execution.InterceptingExecutableInvoker.invoke(InterceptingExecutableInvoker.java:86)
	at org.junit.jupiter.engine.descriptor.TestMethodTestDescriptor.lambda$invokeTestMethod$7(TestMethodTestDescriptor.java:218)
	at org.junit.platform.engine.support.hierarchical.ThrowableCollector.execute(ThrowableCollector.java:73)
	at org.junit.jupiter.engine.descriptor.TestMethodTestDescriptor.invokeTestMethod(TestMethodTestDescriptor.java:214)
	at org.junit.jupiter.engine.descriptor.TestMethodTestDescriptor.execute(TestMethodTestDescriptor.java:139)
	at org.junit.jupiter.engine.descriptor.TestMethodTestDescriptor.execute(TestMethodTestDescriptor.java:69)
	at org.junit.platform.engine.support.hierarchical.NodeTestTask.lambda$executeRecursively$6(NodeTestTask.java:151)
	at org.junit.platform.engine.support.hierarchical.ThrowableCollector.execute(ThrowableCollector.java:73)
	at org.junit.platform.engine.support.hierarchical.NodeTestTask.lambda$executeRecursively$8(NodeTestTask.java:141)
	at org.junit.platform.engine.support.hierarchical.Node.around(Node.java:137)
	at org.junit.platform.engine.support.hierarchical.NodeTestTask.lambda$executeRecursively$9(NodeTestTask.java:139)
	at org.junit.platform.engine.support.hierarchical.ThrowableCollector.execute(ThrowableCollector.java:73)
	at org.junit.platform.engine.support.hierarchical.NodeTestTask.executeRecursively(NodeTestTask.java:138)
	at org.junit.platform.engine.support.hierarchical.NodeTestTask.execute(NodeTestTask.java:95)
	at java.base/java.util.ArrayList.forEach(ArrayList.java:1604)
	at org.junit.platform.engine.support.hierarchical.SameThreadHierarchicalTestExecutorService.invokeAll(SameThreadHierarchicalTestExecutorService.java:41)
	at org.junit.platform.engine.support.hierarchical.NodeTestTask.lambda$executeRecursively$6(NodeTestTask.java:155)
	at org.junit.platform.engine.support.hierarchical.ThrowableCollector.execute(ThrowableCollector.java:73)
	at org.junit.platform.engine.support.hierarchical.NodeTestTask.lambda$executeRecursively$8(NodeTestTask.java:141)
	at org.junit.platform.engine.support.hierarchical.Node.around(Node.java:137)
	at org.junit.platform.engine.support.hierarchical.NodeTestTask.lambda$executeRecursively$9(NodeTestTask.java:139)
	at org.junit.platform.engine.support.hierarchical.ThrowableCollector.execute(ThrowableCollector.java:73)
	at org.junit.platform.engine.support.hierarchical.NodeTestTask.executeRecursively(NodeTestTask.java:138)
	at org.junit.platform.engine.support.hierarchical.NodeTestTask.execute(NodeTestTask.java:95)
	at java.base/java.util.ArrayList.forEach(ArrayList.java:1604)
	at org.junit.platform.engine.support.hierarchical.SameThreadHierarchicalTestExecutorService.invokeAll(SameThreadHierarchicalTestExecutorService.java:41)
	at org.junit.platform.engine.support.hierarchical.NodeTestTask.lambda$executeRecursively$6(NodeTestTask.java:155)
	at org.junit.platform.engine.support.hierarchical.ThrowableCollector.execute(ThrowableCollector.java:73)
	at org.junit.platform.engine.support.hierarchical.NodeTestTask.lambda$executeRecursively$8(NodeTestTask.java:141)
	at org.junit.platform.engine.support.hierarchical.Node.around(Node.java:137)
	at org.junit.platform.engine.support.hierarchical.NodeTestTask.lambda$executeRecursively$9(NodeTestTask.java:139)
	at org.junit.platform.engine.support.hierarchical.ThrowableCollector.execute(ThrowableCollector.java:73)
	at org.junit.platform.engine.support.hierarchical.NodeTestTask.executeRecursively(NodeTestTask.java:138)
	at org.junit.platform.engine.support.hierarchical.NodeTestTask.execute(NodeTestTask.java:95)
	at org.junit.platform.engine.support.hierarchical.SameThreadHierarchicalTestExecutorService.submit(SameThreadHierarchicalTestExecutorService.java:35)
	at org.junit.platform.engine.support.hierarchical.HierarchicalTestExecutor.execute(HierarchicalTestExecutor.java:57)
	at org.junit.platform.engine.support.hierarchical.HierarchicalTestEngine.execute(HierarchicalTestEngine.java:54)
	at org.junit.platform.launcher.core.EngineExecutionOrchestrator.execute(EngineExecutionOrchestrator.java:198)
	at org.junit.platform.launcher.core.EngineExecutionOrchestrator.execute(EngineExecutionOrchestrator.java:169)
	at org.junit.platform.launcher.core.EngineExecutionOrchestrator.execute(EngineExecutionOrchestrator.java:93)
	at org.junit.platform.launcher.core.EngineExecutionOrchestrator.lambda$execute$0(EngineExecutionOrchestrator.java:58)
	at org.junit.platform.launcher.core.EngineExecutionOrchestrator.withInterceptedStreams(EngineExecutionOrchestrator.java:141)
	at org.junit.platform.launcher.core.EngineExecutionOrchestrator.execute(EngineExecutionOrchestrator.java:57)
	at org.junit.platform.launcher.core.DefaultLauncher.execute(DefaultLauncher.java:103)
	at org.junit.platform.launcher.core.DefaultLauncher.execute(DefaultLauncher.java:85)
	at org.junit.platform.launcher.core.DelegatingLauncher.execute(DelegatingLauncher.java:47)
	at org.junit.platform.launcher.core.SessionPerRequestLauncher.execute(SessionPerRequestLauncher.java:63)
	at com.intellij.junit5.JUnit5IdeaTestRunner.startRunnerWithArgs(JUnit5IdeaTestRunner.java:66)
	at com.intellij.rt.junit.IdeaTestRunner$Repeater$1.execute(IdeaTestRunner.java:38)
	at com.intellij.rt.execution.junit.TestsRepeater.repeat(TestsRepeater.java:11)
	at com.intellij.rt.junit.IdeaTestRunner$Repeater.startRunnerWithArgs(IdeaTestRunner.java:35)
	at com.intellij.rt.junit.JUnitStarter.prepareStreamsAndStart(JUnitStarter.java:231)
	at com.intellij.rt.junit.JUnitStarter.main(JUnitStarter.java:55)
2026-04-06 17:53:42.405 [main] DEBUG c.a.application.AppointmentReminderService - Registered reminder channel: SMSNotification$MockitoMock$qhSKzuuS
2026-04-06 17:53:42.406 [main] DEBUG c.a.application.AppointmentReminderService - Registered reminder channel: SMSNotification$MockitoMock$qhSKzuuS
2026-04-06 17:53:42.406 [main] DEBUG c.a.domain.notifiers.SMSNotification - SMS reminder (stub): userId=u2, messageLength=31
2026-04-06 17:53:42.406 [main] DEBUG c.a.domain.notifiers.SMSNotification - SMS reminder (stub): userId=u2, messageLength=31
2026-04-06 17:53:42.409 [main] DEBUG c.a.application.AppointmentReminderService - Registered reminder channel: Observer$MockitoMock$hNkIk3Il
2026-04-06 17:53:42.474 [main] DEBUG com.appointmentscheduler.application.AppConfig - Application configuration loaded
2026-04-06 17:53:42.478 [main] DEBUG com.appointmentscheduler.application.AppConfig - Application configuration loaded
2026-04-06 17:53:42.525 [JavaFX Application Thread] INFO  com.appointmentscheduler.presentation.MainApp - Using database persistence (MySQL). User and appointment data will be saved.
2026-04-06 17:53:42.525 [JavaFX Application Thread] DEBUG c.a.application.AppointmentReminderService - Registered reminder channel: SMSNotification
2026-04-06 17:53:42.537 [JavaFX Application Thread] INFO  com.appointmentscheduler.presentation.MainApp - Starting Appointment Booking System v3.0.0
2026-04-06 17:53:43.959 [JavaFX Application Thread] DEBUG c.appointmentscheduler.application.AuditLogService - Audit: DAY_CLOSED | Forced Admin | Closed calendar day: 2026-04-06
2026-04-06 17:53:43.967 [JavaFX Application Thread] DEBUG c.appointmentscheduler.application.AuditLogService - Audit: DAY_REOPENED | Forced Admin | Reopened calendar day: 2026-04-06
2026-04-06 17:53:51.373 [JavaFX Application Thread] ERROR c.a.presentation.LoginController - Registration save failed for email auto.121927294130400@test.com
java.lang.RuntimeException: boom
	at com.appointmentscheduler/com.appointmentscheduler.presentation.LoginController.handleOpenRegistration(LoginController.java:215)
	at com.appointmentscheduler/com.appointmentscheduler.presentation.LoginControllerCoverageTest.lambda$3(LoginControllerCoverageTest.java:275)
	at javafx.graphics/com.sun.javafx.application.PlatformImpl.lambda$runLater$10(PlatformImpl.java:457)
	at java.base/java.security.AccessController.doPrivileged(AccessController.java:138)
	at javafx.graphics/com.sun.javafx.application.PlatformImpl.lambda$runLater$11(PlatformImpl.java:456)
	at javafx.graphics/com.sun.glass.ui.InvokeLaterDispatcher$Future.run$$$capture(InvokeLaterDispatcher.java:96)
	at javafx.graphics/com.sun.glass.ui.InvokeLaterDispatcher$Future.run(InvokeLaterDispatcher.java)
	at javafx.graphics/com.sun.glass.ui.win.WinApplication._runLoop(Native Method)
	at javafx.graphics/com.sun.glass.ui.win.WinApplication.lambda$runLoop$3(WinApplication.java:184)
	at java.base/java.lang.Thread.run(Thread.java:1474)
2026-04-06 17:53:51.395 [main] DEBUG com.appointmentscheduler.application.AppConfig - Application configuration loaded
2026-04-06 17:53:51.397 [main] DEBUG com.appointmentscheduler.application.AppConfig - Application configuration loaded
2026-04-06 17:53:51.399 [main] DEBUG com.appointmentscheduler.application.AppConfig - Application configuration loaded
2026-04-06 17:53:51.401 [main] DEBUG com.appointmentscheduler.application.AppConfig - Application configuration loaded
2026-04-06 17:53:51.404 [main] DEBUG com.appointmentscheduler.application.AppConfig - Application configuration loaded
2026-04-06 17:53:51.406 [main] DEBUG com.appointmentscheduler.application.AppConfig - Application configuration loaded
2026-04-06 17:53:51.411 [main] DEBUG com.appointmentscheduler.application.AppConfig - Application configuration loaded
2026-04-06 17:53:51.413 [main] DEBUG com.appointmentscheduler.application.AppConfig - Application configuration loaded
2026-04-06 17:53:51.417 [main] DEBUG com.appointmentscheduler.application.AppConfig - Application configuration loaded
2026-04-06 17:53:51.547 [main] DEBUG c.appointmentscheduler.application.AuditLogService - Audit: ACTION | null | details
2026-04-06 17:53:51.549 [main] DEBUG c.appointmentscheduler.application.AuditLogService - Audit: A2 | N | d2
2026-04-06 17:53:51.549 [main] DEBUG c.appointmentscheduler.application.AuditLogService - Audit: A3 | N | d3 | entity=e1
2026-04-06 17:53:51.549 [main] DEBUG c.appointmentscheduler.application.AuditLogService - Audit: A4 | name | d4
2026-04-06 17:53:51.598 [main] DEBUG c.a.application.InAppMessagingService - Customer contact stored in staff inbox id=561fa253-986e-479a-bd77-ebebb27e8212 customerId=p1
2026-04-06 17:53:51.628 [main] DEBUG c.a.application.InAppMessagingService - In-app message stored userId=p1 correlationId=c690553b-6a83-44fc-bec7-1aec01b94b34
2026-04-06 17:53:51.628 [main] DEBUG c.a.application.InAppMessagingService - In-app message stored userId=p1 correlationId=5d1bb520-2af0-4528-b160-245d36c663a3
2026-04-06 17:53:51.630 [main] DEBUG c.a.application.InAppMessagingService - In-app message stored userId=p1 correlationId=227be51b-7a8e-40e2-b18d-26079c5786f6
2026-04-06 17:53:51.630 [main] DEBUG c.a.application.InAppMessagingService - In-app message stored userId=p2 correlationId=333db02e-2524-440b-9e23-f854f17b16c8
2026-04-06 17:53:51.675 [JavaFX Application Thread] INFO  com.appointmentscheduler.presentation.MainApp - Using database persistence (MySQL). User and appointment data will be saved.
2026-04-06 17:53:51.675 [JavaFX Application Thread] DEBUG c.a.application.AppointmentReminderService - Registered reminder channel: SMSNotification
2026-04-06 17:53:51.685 [JavaFX Application Thread] INFO  com.appointmentscheduler.presentation.MainApp - Starting Appointment Booking System v3.0.0
2026-04-06 17:53:54.493 [JavaFX Application Thread] INFO  com.appointmentscheduler.presentation.MainApp - Using database persistence (MySQL). User and appointment data will be saved.
2026-04-06 17:53:54.493 [JavaFX Application Thread] DEBUG c.a.application.AppointmentReminderService - Registered reminder channel: SMSNotification
2026-04-06 17:53:54.499 [JavaFX Application Thread] INFO  com.appointmentscheduler.presentation.MainApp - Starting Appointment Booking System v3.0.0
2026-04-06 17:53:54.825 [JavaFX Application Thread] WARN  com.appointmentscheduler.presentation.MainApp - loadScreen re-entry ignored: PatientDashboard.fxml
2026-04-06 17:53:54.827 [JavaFX Application Thread] WARN  com.appointmentscheduler.presentation.MainApp - loadScreen re-entry ignored: ThisDoesNotExist.fxml
2026-04-06 17:53:54.829 [JavaFX Application Thread] DEBUG c.appointmentscheduler.application.AuditLogService - Audit: LOGOUT | Admin | User logged out from application
2026-04-06 17:53:54.829 [JavaFX Application Thread] WARN  com.appointmentscheduler.presentation.MainApp - loadScreen re-entry ignored: Login.fxml
2026-04-06 17:53:55.564 [JavaFX Application Thread] INFO  com.appointmentscheduler.presentation.MainApp - Using database persistence (MySQL). User and appointment data will be saved.
2026-04-06 17:53:55.564 [JavaFX Application Thread] DEBUG c.a.application.AppointmentReminderService - Registered reminder channel: SMSNotification
2026-04-06 17:53:55.571 [JavaFX Application Thread] INFO  com.appointmentscheduler.presentation.MainApp - Starting Appointment Booking System v3.0.0
2026-04-06 17:53:56.449 [JavaFX Application Thread] ERROR com.appointmentscheduler.presentation.MainApp - Failed to load screen: ThisDoesNotExist.fxml
java.lang.IllegalStateException: FXML not found. Tried: /com/appointmentscheduler/presentation/ThisDoesNotExist.fxml, com/appointmentscheduler/presentation/ThisDoesNotExist.fxml, ThisDoesNotExist.fxml. Check that src/main/resources is on classpath.
	at com.appointmentscheduler/com.appointmentscheduler.presentation.MainApp.loadScreen(MainApp.java:351)
	at com.appointmentscheduler/com.appointmentscheduler.presentation.PresentationMainAppCoverageTest.lambda$mainApp_loadScreen_and_errorHandling_executeCompletely$5(PresentationMainAppCoverageTest.java:76)
	at com.appointmentscheduler/com.appointmentscheduler.presentation.PresentationMainAppCoverageTest.lambda$runOnFxVoid$0(PresentationMainAppCoverageTest.java:138)
	at com.appointmentscheduler/com.appointmentscheduler.presentation.PresentationMainAppCoverageTest.lambda$runOnFx$0(PresentationMainAppCoverageTest.java:120)
	at javafx.graphics/com.sun.javafx.application.PlatformImpl.lambda$runLater$10(PlatformImpl.java:457)
	at java.base/java.security.AccessController.doPrivileged(AccessController.java:138)
	at javafx.graphics/com.sun.javafx.application.PlatformImpl.lambda$runLater$11(PlatformImpl.java:456)
	at javafx.graphics/com.sun.glass.ui.InvokeLaterDispatcher$Future.run$$$capture(InvokeLaterDispatcher.java:96)
	at javafx.graphics/com.sun.glass.ui.InvokeLaterDispatcher$Future.run(InvokeLaterDispatcher.java)
	at javafx.graphics/com.sun.glass.ui.win.WinApplication._runLoop(Native Method)
	at javafx.graphics/com.sun.glass.ui.win.WinApplication.lambda$runLoop$3(WinApplication.java:184)
	at java.base/java.lang.Thread.run(Thread.java:1474)
2026-04-06 17:53:56.463 [JavaFX Application Thread] ERROR c.appointmentscheduler.presentation.ErrorHandler - Failed to load screen: FXML not found. Tried: /com/appointmentscheduler/presentation/ThisDoesNotExist.fxml, com/appointmentscheduler/presentation/ThisDoesNotExist.fxml, ThisDoesNotExist.fxml. Check that src/main/resources is on classpath.
java.lang.IllegalStateException: FXML not found. Tried: /com/appointmentscheduler/presentation/ThisDoesNotExist.fxml, com/appointmentscheduler/presentation/ThisDoesNotExist.fxml, ThisDoesNotExist.fxml. Check that src/main/resources is on classpath.
	at com.appointmentscheduler/com.appointmentscheduler.presentation.MainApp.loadScreen(MainApp.java:351)
	at com.appointmentscheduler/com.appointmentscheduler.presentation.PresentationMainAppCoverageTest.lambda$mainApp_loadScreen_and_errorHandling_executeCompletely$5(PresentationMainAppCoverageTest.java:76)
	at com.appointmentscheduler/com.appointmentscheduler.presentation.PresentationMainAppCoverageTest.lambda$runOnFxVoid$0(PresentationMainAppCoverageTest.java:138)
	at com.appointmentscheduler/com.appointmentscheduler.presentation.PresentationMainAppCoverageTest.lambda$runOnFx$0(PresentationMainAppCoverageTest.java:120)
	at javafx.graphics/com.sun.javafx.application.PlatformImpl.lambda$runLater$10(PlatformImpl.java:457)
	at java.base/java.security.AccessController.doPrivileged(AccessController.java:138)
	at javafx.graphics/com.sun.javafx.application.PlatformImpl.lambda$runLater$11(PlatformImpl.java:456)
	at javafx.graphics/com.sun.glass.ui.InvokeLaterDispatcher$Future.run$$$capture(InvokeLaterDispatcher.java:96)
	at javafx.graphics/com.sun.glass.ui.InvokeLaterDispatcher$Future.run(InvokeLaterDispatcher.java)
	at javafx.graphics/com.sun.glass.ui.win.WinApplication._runLoop(Native Method)
	at javafx.graphics/com.sun.glass.ui.win.WinApplication.lambda$runLoop$3(WinApplication.java:184)
	at java.base/java.lang.Thread.run(Thread.java:1474)
2026-04-06 17:53:56.468 [JavaFX Application Thread] DEBUG c.appointmentscheduler.application.AuditLogService - Audit: LOGOUT | Patient | User logged out from application
2026-04-06 17:53:56.561 [main] INFO  com.zaxxer.hikari.HikariDataSource - AppointmentBookingPool - Shutdown initiated...
2026-04-06 17:53:56.571 [main] INFO  com.zaxxer.hikari.HikariDataSource - AppointmentBookingPool - Shutdown completed.
2026-04-06 17:53:56.571 [main] INFO  c.a.persistence.database.DatabaseConfig - Database connection pool closed
2026-04-06 17:53:56.571 [main] DEBUG com.appointmentscheduler.application.AppConfig - Application configuration loaded
2026-04-06 17:53:56.572 [main] INFO  com.zaxxer.hikari.HikariDataSource - AppointmentBookingPool - Starting...
2026-04-06 17:53:56.575 [main] INFO  com.zaxxer.hikari.pool.HikariPool - AppointmentBookingPool - Added connection conn4: url=jdbc:h2:mem:dbconfig_flyway user=SA
2026-04-06 17:53:56.575 [main] INFO  com.zaxxer.hikari.HikariDataSource - AppointmentBookingPool - Start completed.
2026-04-06 17:53:56.575 [main] INFO  c.a.persistence.database.DatabaseConfig - Database connection pool initialized: jdbc:h2:mem:dbconfig_flyway;DB_CLOSE_DELAY=-1;DATABASE_TO_LOWER=TRUE
2026-04-06 17:53:56.654 [main] INFO  org.flywaydb.core.internal.license.VersionPrinter - Flyway Community Edition 9.22.3 by Redgate
2026-04-06 17:53:56.654 [main] INFO  org.flywaydb.core.internal.license.VersionPrinter - See release notes here: https://rd.gt/416ObMi
2026-04-06 17:53:56.654 [main] INFO  org.flywaydb.core.internal.license.VersionPrinter - 
2026-04-06 17:53:56.707 [main] INFO  org.flywaydb.core.FlywayExecutor - Database: jdbc:h2:mem:dbconfig_flyway (H2 2.2)
2026-04-06 17:53:56.712 [main] WARN  org.flywaydb.core.internal.database.base.Database - Flyway upgrade recommended: H2 2.2.224 is newer than this version of Flyway and support has not been tested. The latest supported version of H2 is 2.2.220.
2026-04-06 17:53:56.736 [main] INFO  o.f.c.i.schemahistory.JdbcTableSchemaHistory - Schema history table "public"."flyway_schema_history" does not exist yet
2026-04-06 17:53:56.736 [main] INFO  org.flywaydb.core.internal.command.DbValidate - Successfully validated 2 migrations (execution time 00:00.016s)
2026-04-06 17:53:56.754 [main] INFO  o.f.c.i.schemahistory.JdbcTableSchemaHistory - Creating Schema History table "public"."flyway_schema_history" ...
2026-04-06 17:53:56.777 [main] INFO  org.flywaydb.core.internal.command.DbMigrate - Current version of schema "public": << Empty Schema >>
2026-04-06 17:53:56.799 [main] INFO  org.flywaydb.core.internal.command.DbMigrate - Migrating schema "public" to version "1 - enterprise schema"
2026-04-06 17:53:56.831 [main] INFO  org.flywaydb.core.internal.command.DbMigrate - Migrating schema "public" to version "2 - booking request fields"
2026-04-06 17:53:56.869 [main] INFO  org.flywaydb.core.internal.command.DbMigrate - Successfully applied 2 migrations to schema "public", now at version v2 (execution time 00:00.067s)
2026-04-06 17:53:56.869 [main] INFO  c.a.persistence.database.DatabaseConfig - Flyway migrations executed: 2
2026-04-06 17:53:56.869 [main] INFO  com.zaxxer.hikari.HikariDataSource - AppointmentBookingPool - Shutdown initiated...
2026-04-06 17:53:56.869 [main] INFO  com.zaxxer.hikari.HikariDataSource - AppointmentBookingPool - Shutdown completed.
2026-04-06 17:53:56.869 [main] INFO  c.a.persistence.database.DatabaseConfig - Database connection pool closed
2026-04-06 17:53:56.869 [main] INFO  com.zaxxer.hikari.HikariDataSource - AppointmentBookingPool - Starting...
2026-04-06 17:53:56.869 [main] INFO  com.zaxxer.hikari.pool.HikariPool - AppointmentBookingPool - Added connection conn7: url=jdbc:h2:mem:dbconfig_flyway user=SA
2026-04-06 17:53:56.869 [main] INFO  com.zaxxer.hikari.HikariDataSource - AppointmentBookingPool - Start completed.
2026-04-06 17:53:56.869 [main] INFO  c.a.persistence.database.DatabaseConfig - Database connection pool initialized: jdbc:h2:mem:dbconfig_flyway;DB_CLOSE_DELAY=-1;DATABASE_TO_LOWER=TRUE
2026-04-06 17:53:56.888 [main] INFO  org.flywaydb.core.FlywayExecutor - Database: jdbc:h2:mem:dbconfig_flyway (H2 2.2)
2026-04-06 17:53:56.889 [main] WARN  org.flywaydb.core.internal.database.base.Database - Flyway upgrade recommended: H2 2.2.224 is newer than this version of Flyway and support has not been tested. The latest supported version of H2 is 2.2.220.
2026-04-06 17:53:56.894 [main] INFO  org.flywaydb.core.internal.command.DbValidate - Successfully validated 2 migrations (execution time 00:00.004s)
2026-04-06 17:53:56.897 [main] INFO  org.flywaydb.core.internal.command.DbMigrate - Current version of schema "public": 2
2026-04-06 17:53:56.897 [main] INFO  org.flywaydb.core.internal.command.DbMigrate - Schema "public" is up to date. No migration necessary.
2026-04-06 17:53:56.897 [main] INFO  c.a.persistence.database.DatabaseConfig - Flyway migrations executed: 0
2026-04-06 17:53:56.898 [main] INFO  com.zaxxer.hikari.HikariDataSource - AppointmentBookingPool - Shutdown initiated...
2026-04-06 17:53:56.934 [main] INFO  com.zaxxer.hikari.HikariDataSource - AppointmentBookingPool - Shutdown completed.
2026-04-06 17:53:56.934 [main] INFO  c.a.persistence.database.DatabaseConfig - Database connection pool closed
2026-04-06 17:53:56.935 [main] DEBUG com.appointmentscheduler.application.AppConfig - Application configuration loaded
2026-04-06 17:53:56.936 [main] DEBUG com.appointmentscheduler.application.AppConfig - Application configuration loaded
2026-04-06 17:53:56.936 [main] DEBUG com.appointmentscheduler.application.AppConfig - Application configuration loaded
2026-04-06 17:53:57.585 [main] WARN  com.appointmentscheduler.application.AuthService - Login failed for email: nobody@here.com
2026-04-06 17:53:58.560 [main] WARN  com.appointmentscheduler.application.AuthService - Login failed for email: john@test.com
2026-04-06 17:54:00.042 [main] WARN  com.appointmentscheduler.application.AuthService - Login attempt for locked account: john@test.com
2026-04-06 17:54:03.702 [main] INFO  com.appointmentscheduler.application.AuthService - Login successful for user: john@test.com
2026-04-06 17:54:04.761 [main] INFO  com.appointmentscheduler.application.AuthService - Login successful for user: john@test.com
2026-04-06 17:54:06.001 [main] INFO  com.appointmentscheduler.application.AuthService - Login successful for user: john@test.com
2026-04-06 17:54:07.045 [main] INFO  com.appointmentscheduler.application.AuthService - Login successful for user: john@test.com
2026-04-06 17:54:08.060 [main] INFO  com.appointmentscheduler.application.AuthService - Login successful for user: admin@test.com
2026-04-06 17:54:08.164 [JavaFX Application Thread] INFO  com.zaxxer.hikari.HikariDataSource - AppointmentBookingPool - Starting...
2026-04-06 17:54:08.169 [JavaFX Application Thread] INFO  com.zaxxer.hikari.pool.HikariPool - AppointmentBookingPool - Added connection com.mysql.cj.jdbc.ConnectionImpl@5960c015
2026-04-06 17:54:08.169 [JavaFX Application Thread] INFO  com.zaxxer.hikari.HikariDataSource - AppointmentBookingPool - Start completed.
2026-04-06 17:54:08.169 [JavaFX Application Thread] INFO  c.a.persistence.database.DatabaseConfig - Database connection pool initialized: jdbc:mysql://localhost:3306/appointment?useUnicode=true&characterEncoding=UTF-8&serverTimezone=UTC&useSSL=false&allowPublicKeyRetrieval=true
2026-04-06 17:54:08.169 [JavaFX Application Thread] INFO  c.a.persistence.database.DatabaseConfig - MySQL: table app_user verified/created
2026-04-06 17:54:08.169 [JavaFX Application Thread] DEBUG c.a.persistence.database.DatabaseConfig - MySQL (skipped): ALTER TABLE appointment ADD COLUMN customer_notes VARCHAR(2000) NULL — Duplicate column name 'customer_notes'
2026-04-06 17:54:08.173 [JavaFX Application Thread] DEBUG c.a.persistence.database.DatabaseConfig - MySQL (skipped): ALTER TABLE appointment ADD COLUMN contact_phone VARCHAR(64) NULL — Duplicate column name 'contact_phone'
2026-04-06 17:54:08.174 [JavaFX Application Thread] DEBUG c.a.persistence.database.DatabaseConfig - MySQL (skipped): ALTER TABLE appointment ADD COLUMN reminder_channel VARCHAR(32) NULL — Duplicate column name 'reminder_channel'
2026-04-06 17:54:08.174 [JavaFX Application Thread] DEBUG c.a.persistence.database.DatabaseConfig - MySQL (skipped): ALTER TABLE appointment ADD COLUMN accessibility_needs VARCHAR(512) NULL — Duplicate column name 'accessibility_needs'
2026-04-06 17:54:08.175 [JavaFX Application Thread] DEBUG c.a.persistence.database.DatabaseConfig - MySQL (skipped): ALTER TABLE appointment ADD COLUMN preferred_language VARCHAR(16) NULL — Duplicate column name 'preferred_language'
2026-04-06 17:54:08.175 [JavaFX Application Thread] INFO  com.appointmentscheduler.presentation.MainApp - Using database persistence (MySQL). User and appointment data will be saved.
2026-04-06 17:54:08.175 [JavaFX Application Thread] DEBUG c.a.application.AppointmentReminderService - Registered reminder channel: SMSNotification
2026-04-06 17:54:08.186 [JavaFX Application Thread] INFO  com.appointmentscheduler.presentation.MainApp - Starting Appointment Booking System v3.0.0
2026-04-06 17:54:08.670 [JavaFX Application Thread] DEBUG c.appointmentscheduler.application.AuditLogService - Audit: LOGIN_FAILED | admin@admin.com | Invalid credentials
2026-04-06 17:54:08.670 [JavaFX Application Thread] WARN  com.appointmentscheduler.application.AuthService - Login failed for email: admin@admin.com
2026-04-06 17:54:10.463 [JavaFX Application Thread] DEBUG c.appointmentscheduler.application.AuditLogService - Audit: LOGIN_FAILED | customer@example.com | Invalid credentials
2026-04-06 17:54:10.463 [JavaFX Application Thread] WARN  com.appointmentscheduler.application.AuthService - Login failed for email: customer@example.com
2026-04-06 17:54:12.201 [main] DEBUG c.appointmentscheduler.application.AuditLogService - Audit: CANCEL | A | Appointment cadm | entity=cadm
2026-04-06 17:54:12.211 [main] DEBUG c.appointmentscheduler.application.AuditLogService - Audit: CANCEL | Pat | Appointment cc | entity=cc
2026-04-06 17:54:12.231 [main] DEBUG c.appointmentscheduler.application.AuditLogService - Audit: CANCEL | Pat | Appointment d2fce910-610a-4f88-b9f3-e5b7bce27125 | entity=d2fce910-610a-4f88-b9f3-e5b7bce27125
2026-04-06 17:54:12.235 [main] DEBUG c.appointmentscheduler.application.AuditLogService - Audit: MODIFY | Pat | Appointment mid to 2026-04-10T10:00 to 2026-04-10T11:00 | entity=mid
2026-04-06 17:54:12.237 [main] DEBUG c.appointmentscheduler.application.AuditLogService - Audit: MODIFY | Pat | Appointment mod to 2026-04-11T10:00 to 2026-04-11T11:00 | entity=mod
2026-04-06 17:54:12.249 [main] DEBUG c.appointmentscheduler.application.AuditLogService - Audit: MODIFY | Pat | Appointment ev to 2026-04-11T10:00 to 2026-04-11T11:00 | entity=ev
2026-04-06 17:54:12.262 [main] DEBUG c.appointmentscheduler.application.AuditLogService - Audit: MODIFY | A | Appointment adm to 2026-04-11T10:00 to 2026-04-11T11:00 | entity=adm
2026-04-06 17:54:12.269 [main] DEBUG c.appointmentscheduler.application.AuditLogService - Audit: COMPLETE | A | Appointment ex marked COMPLETED | entity=ex
2026-04-06 17:54:12.273 [main] DEBUG c.appointmentscheduler.application.AuditLogService - Audit: COMPLETE | R | Appointment r1 marked COMPLETED | entity=r1
2026-04-06 17:54:12.280 [main] DEBUG c.appointmentscheduler.application.AuditLogService - Audit: COMPLETE | A | Appointment fixed-id marked COMPLETED | entity=fixed-id
2026-04-06 17:54:12.294 [main] DEBUG c.appointmentscheduler.application.AuditLogService - Audit: BOOK | Pat | Appointment d42d9e00-113e-499a-95ff-ad9d90c5624f at 2026-04-14T10:00 to 2026-04-14T11:00 | entity=d42d9e00-113e-499a-95ff-ad9d90c5624f
2026-04-06 17:54:12.345 [main] DEBUG c.appointmentscheduler.application.AuditLogService - Audit: BOOK | Pat | Appointment 0d930b4d-9ec7-48e0-b023-a72a71cba613 at 2026-04-16T10:00 to 2026-04-16T11:00 | entity=0d930b4d-9ec7-48e0-b023-a72a71cba613
2026-04-06 17:54:12.347 [main] DEBUG c.appointmentscheduler.application.AuditLogService - Audit: BOOK | Pat | Appointment bd6483fb-6982-4146-9dfd-73641e6f4f9e at 2026-04-08T10:00 to 2026-04-08T11:00 | entity=bd6483fb-6982-4146-9dfd-73641e6f4f9e
2026-04-06 17:54:12.355 [main] DEBUG c.appointmentscheduler.application.AuditLogService - Audit: BOOK | Pat | Appointment 0cb464c9-0969-4d5e-8001-4a3d38f2cd6a at 2026-04-08T10:00 to 2026-04-08T11:00 | entity=0cb464c9-0969-4d5e-8001-4a3d38f2cd6a
2026-04-06 17:54:12.372 [main] DEBUG c.appointmentscheduler.application.AuditLogService - Audit: BOOK | Pat | Appointment ab68fae3-c3f0-484c-aa21-5e1ec872e085 at 2026-04-10T10:00 to 2026-04-10T11:00 | entity=ab68fae3-c3f0-484c-aa21-5e1ec872e085
2026-04-06 17:54:12.549 [main] WARN  c.appointmentscheduler.presentation.ErrorHandler - warn msg
2026-04-06 17:54:12.552 [main] WARN  c.appointmentscheduler.presentation.ErrorHandler - warn msg
java.io.IOException: boom
	at com.appointmentscheduler/com.appointmentscheduler.presentation.ErrorHandlerTest.lambda$1(ErrorHandlerTest.java:18)
	at org.assertj.core.api.ThrowableAssert.catchThrowable(ThrowableAssert.java:63)
	at org.assertj.core.api.AssertionsForClassTypes.catchThrowable(AssertionsForClassTypes.java:892)
	at org.assertj.core.api.AssertionsForClassTypes.assertThatCode(AssertionsForClassTypes.java:863)
	at org.assertj.core.api.Assertions.assertThatCode(Assertions.java:1287)
	at com.appointmentscheduler/com.appointmentscheduler.presentation.ErrorHandlerTest.logWarning_withThrowable_doesNotThrow(ErrorHandlerTest.java:18)
	at java.base/jdk.internal.reflect.DirectMethodHandleAccessor.invoke(DirectMethodHandleAccessor.java:104)
	at java.base/java.lang.reflect.Method.invoke(Method.java:565)
	at org.junit.platform.commons.util.ReflectionUtils.invokeMethod(ReflectionUtils.java:728)
	at org.junit.jupiter.engine.execution.MethodInvocation.proceed(MethodInvocation.java:60)
	at org.junit.jupiter.engine.execution.InvocationInterceptorChain$ValidatingInvocation.proceed(InvocationInterceptorChain.java:131)
	at org.junit.jupiter.engine.extension.TimeoutExtension.intercept(TimeoutExtension.java:156)
	at org.junit.jupiter.engine.extension.TimeoutExtension.interceptTestableMethod(TimeoutExtension.java:147)
	at org.junit.jupiter.engine.extension.TimeoutExtension.interceptTestMethod(TimeoutExtension.java:86)
	at org.junit.jupiter.engine.execution.InterceptingExecutableInvoker$ReflectiveInterceptorCall.lambda$ofVoidMethod$0(InterceptingExecutableInvoker.java:103)
	at org.junit.jupiter.engine.execution.InterceptingExecutableInvoker.lambda$invoke$0(InterceptingExecutableInvoker.java:93)
	at org.junit.jupiter.engine.execution.InvocationInterceptorChain$InterceptedInvocation.proceed(InvocationInterceptorChain.java:106)
	at org.junit.jupiter.engine.execution.InvocationInterceptorChain.proceed(InvocationInterceptorChain.java:64)
	at org.junit.jupiter.engine.execution.InvocationInterceptorChain.chainAndInvoke(InvocationInterceptorChain.java:45)
	at org.junit.jupiter.engine.execution.InvocationInterceptorChain.invoke(InvocationInterceptorChain.java:37)
	at org.junit.jupiter.engine.execution.InterceptingExecutableInvoker.invoke(InterceptingExecutableInvoker.java:92)
	at org.junit.jupiter.engine.execution.InterceptingExecutableInvoker.invoke(InterceptingExecutableInvoker.java:86)
	at org.junit.jupiter.engine.descriptor.TestMethodTestDescriptor.lambda$invokeTestMethod$7(TestMethodTestDescriptor.java:218)
	at org.junit.platform.engine.support.hierarchical.ThrowableCollector.execute(ThrowableCollector.java:73)
	at org.junit.jupiter.engine.descriptor.TestMethodTestDescriptor.invokeTestMethod(TestMethodTestDescriptor.java:214)
	at org.junit.jupiter.engine.descriptor.TestMethodTestDescriptor.execute(TestMethodTestDescriptor.java:139)
	at org.junit.jupiter.engine.descriptor.TestMethodTestDescriptor.execute(TestMethodTestDescriptor.java:69)
	at org.junit.platform.engine.support.hierarchical.NodeTestTask.lambda$executeRecursively$6(NodeTestTask.java:151)
	at org.junit.platform.engine.support.hierarchical.ThrowableCollector.execute(ThrowableCollector.java:73)
	at org.junit.platform.engine.support.hierarchical.NodeTestTask.lambda$executeRecursively$8(NodeTestTask.java:141)
	at org.junit.platform.engine.support.hierarchical.Node.around(Node.java:137)
	at org.junit.platform.engine.support.hierarchical.NodeTestTask.lambda$executeRecursively$9(NodeTestTask.java:139)
	at org.junit.platform.engine.support.hierarchical.ThrowableCollector.execute(ThrowableCollector.java:73)
	at org.junit.platform.engine.support.hierarchical.NodeTestTask.executeRecursively(NodeTestTask.java:138)
	at org.junit.platform.engine.support.hierarchical.NodeTestTask.execute(NodeTestTask.java:95)
	at java.base/java.util.ArrayList.forEach(ArrayList.java:1604)
	at org.junit.platform.engine.support.hierarchical.SameThreadHierarchicalTestExecutorService.invokeAll(SameThreadHierarchicalTestExecutorService.java:41)
	at org.junit.platform.engine.support.hierarchical.NodeTestTask.lambda$executeRecursively$6(NodeTestTask.java:155)
	at org.junit.platform.engine.support.hierarchical.ThrowableCollector.execute(ThrowableCollector.java:73)
	at org.junit.platform.engine.support.hierarchical.NodeTestTask.lambda$executeRecursively$8(NodeTestTask.java:141)
	at org.junit.platform.engine.support.hierarchical.Node.around(Node.java:137)
	at org.junit.platform.engine.support.hierarchical.NodeTestTask.lambda$executeRecursively$9(NodeTestTask.java:139)
	at org.junit.platform.engine.support.hierarchical.ThrowableCollector.execute(ThrowableCollector.java:73)
	at org.junit.platform.engine.support.hierarchical.NodeTestTask.executeRecursively(NodeTestTask.java:138)
	at org.junit.platform.engine.support.hierarchical.NodeTestTask.execute(NodeTestTask.java:95)
	at java.base/java.util.ArrayList.forEach(ArrayList.java:1604)
	at org.junit.platform.engine.support.hierarchical.SameThreadHierarchicalTestExecutorService.invokeAll(SameThreadHierarchicalTestExecutorService.java:41)
	at org.junit.platform.engine.support.hierarchical.NodeTestTask.lambda$executeRecursively$6(NodeTestTask.java:155)
	at org.junit.platform.engine.support.hierarchical.ThrowableCollector.execute(ThrowableCollector.java:73)
	at org.junit.platform.engine.support.hierarchical.NodeTestTask.lambda$executeRecursively$8(NodeTestTask.java:141)
	at org.junit.platform.engine.support.hierarchical.Node.around(Node.java:137)
	at org.junit.platform.engine.support.hierarchical.NodeTestTask.lambda$executeRecursively$9(NodeTestTask.java:139)
	at org.junit.platform.engine.support.hierarchical.ThrowableCollector.execute(ThrowableCollector.java:73)
	at org.junit.platform.engine.support.hierarchical.NodeTestTask.executeRecursively(NodeTestTask.java:138)
	at org.junit.platform.engine.support.hierarchical.NodeTestTask.execute(NodeTestTask.java:95)
	at org.junit.platform.engine.support.hierarchical.SameThreadHierarchicalTestExecutorService.submit(SameThreadHierarchicalTestExecutorService.java:35)
	at org.junit.platform.engine.support.hierarchical.HierarchicalTestExecutor.execute(HierarchicalTestExecutor.java:57)
	at org.junit.platform.engine.support.hierarchical.HierarchicalTestEngine.execute(HierarchicalTestEngine.java:54)
	at org.junit.platform.launcher.core.EngineExecutionOrchestrator.execute(EngineExecutionOrchestrator.java:198)
	at org.junit.platform.launcher.core.EngineExecutionOrchestrator.execute(EngineExecutionOrchestrator.java:169)
	at org.junit.platform.launcher.core.EngineExecutionOrchestrator.execute(EngineExecutionOrchestrator.java:93)
	at org.junit.platform.launcher.core.EngineExecutionOrchestrator.lambda$execute$0(EngineExecutionOrchestrator.java:58)
	at org.junit.platform.launcher.core.EngineExecutionOrchestrator.withInterceptedStreams(EngineExecutionOrchestrator.java:141)
	at org.junit.platform.launcher.core.EngineExecutionOrchestrator.execute(EngineExecutionOrchestrator.java:57)
	at org.junit.platform.launcher.core.DefaultLauncher.execute(DefaultLauncher.java:103)
	at org.junit.platform.launcher.core.DefaultLauncher.execute(DefaultLauncher.java:85)
	at org.junit.platform.launcher.core.DelegatingLauncher.execute(DelegatingLauncher.java:47)
	at org.junit.platform.launcher.core.SessionPerRequestLauncher.execute(SessionPerRequestLauncher.java:63)
	at com.intellij.junit5.JUnit5IdeaTestRunner.startRunnerWithArgs(JUnit5IdeaTestRunner.java:66)
	at com.intellij.rt.junit.IdeaTestRunner$Repeater$1.execute(IdeaTestRunner.java:38)
	at com.intellij.rt.execution.junit.TestsRepeater.repeat(TestsRepeater.java:11)
	at com.intellij.rt.junit.IdeaTestRunner$Repeater.startRunnerWithArgs(IdeaTestRunner.java:35)
	at com.intellij.rt.junit.JUnitStarter.prepareStreamsAndStart(JUnitStarter.java:231)
	at com.intellij.rt.junit.JUnitStarter.main(JUnitStarter.java:55)
2026-04-06 17:54:12.900 [main] DEBUG c.appointmentscheduler.application.AuditLogService - Audit: EXPIRE | System | Appointment pnd auto-expired
2026-04-06 17:54:12.902 [main] DEBUG c.appointmentscheduler.application.AuditLogService - Audit: EXPIRE | System | Appointment a1 auto-expired
2026-04-06 17:54:12.911 [main] DEBUG c.appointmentscheduler.application.AuditLogService - Audit: CANCEL_RECURRENCE_SINGLE | N | Occurrence sid_1775732400 | entity=sid_1775732400
2026-04-06 17:54:12.914 [main] DEBUG c.appointmentscheduler.application.AuditLogService - Audit: CANCEL_RECURRENCE_SERIES | N | Series SER123 occurrence a1 | entity=a1
2026-04-06 17:54:12.914 [main] DEBUG c.appointmentscheduler.application.AuditLogService - Audit: CANCEL_RECURRENCE_SERIES | N | Series SER123 occurrence a2 | entity=a2
2026-04-06 17:54:12.916 [main] DEBUG com.appointmentscheduler.application.AppConfig - Application configuration loaded
2026-04-06 17:54:12.917 [main] DEBUG com.appointmentscheduler.application.AppConfig - Application configuration loaded
2026-04-06 17:54:12.918 [main] DEBUG com.appointmentscheduler.application.AppConfig - Application configuration loaded
2026-04-06 17:54:12.923 [main] DEBUG com.appointmentscheduler.application.AppConfig - Application configuration loaded
2026-04-06 17:54:12.924 [main] DEBUG com.appointmentscheduler.application.AppConfig - Application configuration loaded
2026-04-06 17:54:12.925 [main] DEBUG com.appointmentscheduler.application.AppConfig - Application configuration loaded
2026-04-06 17:54:12.926 [main] DEBUG com.appointmentscheduler.application.AppConfig - Application configuration loaded
2026-04-06 17:54:12.927 [main] DEBUG com.appointmentscheduler.application.AppConfig - Application configuration loaded
2026-04-06 17:54:12.928 [main] DEBUG com.appointmentscheduler.application.AppConfig - Application configuration loaded
2026-04-06 17:54:12.929 [main] DEBUG com.appointmentscheduler.application.AppConfig - Application configuration loaded
2026-04-06 17:54:12.930 [main] DEBUG com.appointmentscheduler.application.AppConfig - Application configuration loaded
2026-04-06 17:54:12.931 [main] DEBUG com.appointmentscheduler.application.AppConfig - Application configuration loaded
2026-04-06 17:54:12.932 [main] DEBUG com.appointmentscheduler.application.AppConfig - Application configuration loaded
2026-04-06 17:54:12.932 [main] DEBUG com.appointmentscheduler.application.AppConfig - Application configuration loaded
2026-04-06 17:54:12.933 [main] DEBUG com.appointmentscheduler.application.AppConfig - Application configuration loaded
2026-04-06 17:54:12.933 [main] DEBUG com.appointmentscheduler.application.AppConfig - Application configuration loaded
2026-04-06 17:54:12.934 [main] DEBUG com.appointmentscheduler.application.AppConfig - Application configuration loaded
2026-04-06 17:54:12.935 [main] DEBUG com.appointmentscheduler.application.AppConfig - Application configuration loaded
2026-04-06 17:54:12.936 [main] DEBUG com.appointmentscheduler.application.AppConfig - Application configuration loaded
2026-04-06 17:54:12.937 [main] DEBUG com.appointmentscheduler.application.AppConfig - Application configuration loaded
2026-04-06 17:54:12.948 [Thread-58] INFO  com.zaxxer.hikari.HikariDataSource - AppointmentBookingPool - Shutdown initiated...
2026-04-06 17:54:12.951 [Thread-58] INFO  com.zaxxer.hikari.HikariDataSource - AppointmentBookingPool - Shutdown completed.
2026-04-06 17:54:12.951 [Thread-58] INFO  c.a.persistence.database.DatabaseConfig - Database connection pool closed
2026-04-06 18:10:34.818 [main] DEBUG com.appointmentscheduler.application.AppConfig - Application configuration loaded
2026-04-06 18:10:34.845 [main] DEBUG c.a.application.AppointmentReminderService - Registered reminder channel: SMSNotification
2026-04-06 18:10:36.299 [main] DEBUG com.appointmentscheduler.application.AppConfig - Application configuration loaded
2026-04-06 18:10:36.721 [main] DEBUG com.appointmentscheduler.application.AppConfig - Application configuration loaded
2026-04-06 18:10:36.798 [main] DEBUG com.appointmentscheduler.application.AppConfig - Application configuration loaded
2026-04-06 18:10:39.394 [main] INFO  com.zaxxer.hikari.HikariDataSource - HikariPool-1 - Starting...
2026-04-06 18:10:39.919 [main] INFO  com.zaxxer.hikari.pool.HikariPool - HikariPool-1 - Added connection conn0: url=jdbc:h2:mem:jdbc_repo_test user=SA
2026-04-06 18:10:39.926 [main] INFO  com.zaxxer.hikari.HikariDataSource - HikariPool-1 - Start completed.
2026-04-06 18:10:40.207 [main] INFO  com.zaxxer.hikari.HikariDataSource - HikariPool-1 - Shutdown initiated...
2026-04-06 18:10:40.209 [main] INFO  com.zaxxer.hikari.HikariDataSource - HikariPool-1 - Shutdown completed.
2026-04-06 18:10:40.230 [JavaFX Application Thread] INFO  com.zaxxer.hikari.HikariDataSource - AppointmentBookingPool - Starting...
2026-04-06 18:10:40.478 [JavaFX Application Thread] INFO  com.zaxxer.hikari.pool.HikariPool - AppointmentBookingPool - Added connection com.mysql.cj.jdbc.ConnectionImpl@1c81bfce
2026-04-06 18:10:40.478 [JavaFX Application Thread] INFO  com.zaxxer.hikari.HikariDataSource - AppointmentBookingPool - Start completed.
2026-04-06 18:10:40.478 [JavaFX Application Thread] INFO  c.a.persistence.database.DatabaseConfig - Database connection pool initialized: jdbc:mysql://localhost:3306/appointment?useUnicode=true&characterEncoding=UTF-8&serverTimezone=UTC&useSSL=false&allowPublicKeyRetrieval=true
2026-04-06 18:10:40.488 [JavaFX Application Thread] INFO  c.a.persistence.database.DatabaseConfig - MySQL: table app_user verified/created
2026-04-06 18:10:40.502 [JavaFX Application Thread] DEBUG c.a.persistence.database.DatabaseConfig - MySQL (skipped): ALTER TABLE appointment ADD COLUMN customer_notes VARCHAR(2000) NULL — Duplicate column name 'customer_notes'
2026-04-06 18:10:40.503 [JavaFX Application Thread] DEBUG c.a.persistence.database.DatabaseConfig - MySQL (skipped): ALTER TABLE appointment ADD COLUMN contact_phone VARCHAR(64) NULL — Duplicate column name 'contact_phone'
2026-04-06 18:10:40.504 [JavaFX Application Thread] DEBUG c.a.persistence.database.DatabaseConfig - MySQL (skipped): ALTER TABLE appointment ADD COLUMN reminder_channel VARCHAR(32) NULL — Duplicate column name 'reminder_channel'
2026-04-06 18:10:40.504 [JavaFX Application Thread] DEBUG c.a.persistence.database.DatabaseConfig - MySQL (skipped): ALTER TABLE appointment ADD COLUMN accessibility_needs VARCHAR(512) NULL — Duplicate column name 'accessibility_needs'
2026-04-06 18:10:40.505 [JavaFX Application Thread] DEBUG c.a.persistence.database.DatabaseConfig - MySQL (skipped): ALTER TABLE appointment ADD COLUMN preferred_language VARCHAR(16) NULL — Duplicate column name 'preferred_language'
2026-04-06 18:10:40.505 [JavaFX Application Thread] INFO  com.appointmentscheduler.presentation.MainApp - Using database persistence (MySQL). User and appointment data will be saved.
2026-04-06 18:10:40.505 [JavaFX Application Thread] DEBUG c.a.application.AppointmentReminderService - Registered reminder channel: SMSNotification
2026-04-06 18:10:40.542 [JavaFX Application Thread] INFO  com.appointmentscheduler.presentation.MainApp - Starting Appointment Booking System v3.0.0
2026-04-06 18:10:42.504 [JavaFX Application Thread] DEBUG c.appointmentscheduler.application.AuditLogService - Audit: DAY_REOPENED | Admin Sweep | Reopened calendar day: 2026-04-06
2026-04-06 18:10:42.518 [JavaFX Application Thread] DEBUG c.appointmentscheduler.application.AuditLogService - Audit: DAY_CLOSED | Admin Sweep | Closed calendar day: 2026-04-06
2026-04-06 18:10:45.899 [main] DEBUG c.a.application.AppointmentReminderService - Registered reminder channel: Observer$MockitoMock$QAmoLyYT
2026-04-06 18:10:45.899 [main] DEBUG c.a.application.AppointmentReminderService - Registered reminder channel: Observer$MockitoMock$QAmoLyYT
2026-04-06 18:10:45.902 [main] ERROR c.a.application.AppointmentReminderService - Reminder channel failed: com.appointmentscheduler.domain.notifiers.Observer$MockitoMock$QAmoLyYT
java.lang.RuntimeException: smtp down
	at com.appointmentscheduler/com.appointmentscheduler.application.AppointmentReminderService.dispatchSafely(AppointmentReminderService.java:51)
	at com.appointmentscheduler/com.appointmentscheduler.application.AppointmentReminderService.sendReminder(AppointmentReminderService.java:45)
	at com.appointmentscheduler/com.appointmentscheduler.application.AppointmentReminderServiceTest.sendReminder_oneChannelThrows_otherStillNotified(AppointmentReminderServiceTest.java:60)
	at java.base/jdk.internal.reflect.DirectMethodHandleAccessor.invoke(DirectMethodHandleAccessor.java:104)
	at java.base/java.lang.reflect.Method.invoke(Method.java:565)
	at org.junit.platform.commons.util.ReflectionUtils.invokeMethod(ReflectionUtils.java:728)
	at org.junit.jupiter.engine.execution.MethodInvocation.proceed(MethodInvocation.java:60)
	at org.junit.jupiter.engine.execution.InvocationInterceptorChain$ValidatingInvocation.proceed(InvocationInterceptorChain.java:131)
	at org.junit.jupiter.engine.extension.TimeoutExtension.intercept(TimeoutExtension.java:156)
	at org.junit.jupiter.engine.extension.TimeoutExtension.interceptTestableMethod(TimeoutExtension.java:147)
	at org.junit.jupiter.engine.extension.TimeoutExtension.interceptTestMethod(TimeoutExtension.java:86)
	at org.junit.jupiter.engine.execution.InterceptingExecutableInvoker$ReflectiveInterceptorCall.lambda$ofVoidMethod$0(InterceptingExecutableInvoker.java:103)
	at org.junit.jupiter.engine.execution.InterceptingExecutableInvoker.lambda$invoke$0(InterceptingExecutableInvoker.java:93)
	at org.junit.jupiter.engine.execution.InvocationInterceptorChain$InterceptedInvocation.proceed(InvocationInterceptorChain.java:106)
	at org.junit.jupiter.engine.execution.InvocationInterceptorChain.proceed(InvocationInterceptorChain.java:64)
	at org.junit.jupiter.engine.execution.InvocationInterceptorChain.chainAndInvoke(InvocationInterceptorChain.java:45)
	at org.junit.jupiter.engine.execution.InvocationInterceptorChain.invoke(InvocationInterceptorChain.java:37)
	at org.junit.jupiter.engine.execution.InterceptingExecutableInvoker.invoke(InterceptingExecutableInvoker.java:92)
	at org.junit.jupiter.engine.execution.InterceptingExecutableInvoker.invoke(InterceptingExecutableInvoker.java:86)
	at org.junit.jupiter.engine.descriptor.TestMethodTestDescriptor.lambda$invokeTestMethod$7(TestMethodTestDescriptor.java:218)
	at org.junit.platform.engine.support.hierarchical.ThrowableCollector.execute(ThrowableCollector.java:73)
	at org.junit.jupiter.engine.descriptor.TestMethodTestDescriptor.invokeTestMethod(TestMethodTestDescriptor.java:214)
	at org.junit.jupiter.engine.descriptor.TestMethodTestDescriptor.execute(TestMethodTestDescriptor.java:139)
	at org.junit.jupiter.engine.descriptor.TestMethodTestDescriptor.execute(TestMethodTestDescriptor.java:69)
	at org.junit.platform.engine.support.hierarchical.NodeTestTask.lambda$executeRecursively$6(NodeTestTask.java:151)
	at org.junit.platform.engine.support.hierarchical.ThrowableCollector.execute(ThrowableCollector.java:73)
	at org.junit.platform.engine.support.hierarchical.NodeTestTask.lambda$executeRecursively$8(NodeTestTask.java:141)
	at org.junit.platform.engine.support.hierarchical.Node.around(Node.java:137)
	at org.junit.platform.engine.support.hierarchical.NodeTestTask.lambda$executeRecursively$9(NodeTestTask.java:139)
	at org.junit.platform.engine.support.hierarchical.ThrowableCollector.execute(ThrowableCollector.java:73)
	at org.junit.platform.engine.support.hierarchical.NodeTestTask.executeRecursively(NodeTestTask.java:138)
	at org.junit.platform.engine.support.hierarchical.NodeTestTask.execute(NodeTestTask.java:95)
	at java.base/java.util.ArrayList.forEach(ArrayList.java:1604)
	at org.junit.platform.engine.support.hierarchical.SameThreadHierarchicalTestExecutorService.invokeAll(SameThreadHierarchicalTestExecutorService.java:41)
	at org.junit.platform.engine.support.hierarchical.NodeTestTask.lambda$executeRecursively$6(NodeTestTask.java:155)
	at org.junit.platform.engine.support.hierarchical.ThrowableCollector.execute(ThrowableCollector.java:73)
	at org.junit.platform.engine.support.hierarchical.NodeTestTask.lambda$executeRecursively$8(NodeTestTask.java:141)
	at org.junit.platform.engine.support.hierarchical.Node.around(Node.java:137)
	at org.junit.platform.engine.support.hierarchical.NodeTestTask.lambda$executeRecursively$9(NodeTestTask.java:139)
	at org.junit.platform.engine.support.hierarchical.ThrowableCollector.execute(ThrowableCollector.java:73)
	at org.junit.platform.engine.support.hierarchical.NodeTestTask.executeRecursively(NodeTestTask.java:138)
	at org.junit.platform.engine.support.hierarchical.NodeTestTask.execute(NodeTestTask.java:95)
	at java.base/java.util.ArrayList.forEach(ArrayList.java:1604)
	at org.junit.platform.engine.support.hierarchical.SameThreadHierarchicalTestExecutorService.invokeAll(SameThreadHierarchicalTestExecutorService.java:41)
	at org.junit.platform.engine.support.hierarchical.NodeTestTask.lambda$executeRecursively$6(NodeTestTask.java:155)
	at org.junit.platform.engine.support.hierarchical.ThrowableCollector.execute(ThrowableCollector.java:73)
	at org.junit.platform.engine.support.hierarchical.NodeTestTask.lambda$executeRecursively$8(NodeTestTask.java:141)
	at org.junit.platform.engine.support.hierarchical.Node.around(Node.java:137)
	at org.junit.platform.engine.support.hierarchical.NodeTestTask.lambda$executeRecursively$9(NodeTestTask.java:139)
	at org.junit.platform.engine.support.hierarchical.ThrowableCollector.execute(ThrowableCollector.java:73)
	at org.junit.platform.engine.support.hierarchical.NodeTestTask.executeRecursively(NodeTestTask.java:138)
	at org.junit.platform.engine.support.hierarchical.NodeTestTask.execute(NodeTestTask.java:95)
	at org.junit.platform.engine.support.hierarchical.SameThreadHierarchicalTestExecutorService.submit(SameThreadHierarchicalTestExecutorService.java:35)
	at org.junit.platform.engine.support.hierarchical.HierarchicalTestExecutor.execute(HierarchicalTestExecutor.java:57)
	at org.junit.platform.engine.support.hierarchical.HierarchicalTestEngine.execute(HierarchicalTestEngine.java:54)
	at org.junit.platform.launcher.core.EngineExecutionOrchestrator.execute(EngineExecutionOrchestrator.java:198)
	at org.junit.platform.launcher.core.EngineExecutionOrchestrator.execute(EngineExecutionOrchestrator.java:169)
	at org.junit.platform.launcher.core.EngineExecutionOrchestrator.execute(EngineExecutionOrchestrator.java:93)
	at org.junit.platform.launcher.core.EngineExecutionOrchestrator.lambda$execute$0(EngineExecutionOrchestrator.java:58)
	at org.junit.platform.launcher.core.EngineExecutionOrchestrator.withInterceptedStreams(EngineExecutionOrchestrator.java:141)
	at org.junit.platform.launcher.core.EngineExecutionOrchestrator.execute(EngineExecutionOrchestrator.java:57)
	at org.junit.platform.launcher.core.DefaultLauncher.execute(DefaultLauncher.java:103)
	at org.junit.platform.launcher.core.DefaultLauncher.execute(DefaultLauncher.java:85)
	at org.junit.platform.launcher.core.DelegatingLauncher.execute(DelegatingLauncher.java:47)
	at org.junit.platform.launcher.core.SessionPerRequestLauncher.execute(SessionPerRequestLauncher.java:63)
	at com.intellij.junit5.JUnit5IdeaTestRunner.startRunnerWithArgs(JUnit5IdeaTestRunner.java:66)
	at com.intellij.rt.junit.IdeaTestRunner$Repeater$1.execute(IdeaTestRunner.java:38)
	at com.intellij.rt.execution.junit.TestsRepeater.repeat(TestsRepeater.java:11)
	at com.intellij.rt.junit.IdeaTestRunner$Repeater.startRunnerWithArgs(IdeaTestRunner.java:35)
	at com.intellij.rt.junit.JUnitStarter.prepareStreamsAndStart(JUnitStarter.java:231)
	at com.intellij.rt.junit.JUnitStarter.main(JUnitStarter.java:55)
2026-04-06 18:10:45.931 [main] DEBUG c.a.application.AppointmentReminderService - Registered reminder channel: SMSNotification$MockitoMock$mvD5oQeT
2026-04-06 18:10:45.931 [main] DEBUG c.a.application.AppointmentReminderService - Registered reminder channel: SMSNotification$MockitoMock$mvD5oQeT
2026-04-06 18:10:45.931 [main] DEBUG c.a.domain.notifiers.SMSNotification - SMS reminder (stub): userId=u2, messageLength=31
2026-04-06 18:10:45.932 [main] DEBUG c.a.domain.notifiers.SMSNotification - SMS reminder (stub): userId=u2, messageLength=31
2026-04-06 18:10:45.933 [main] DEBUG c.a.application.AppointmentReminderService - Registered reminder channel: Observer$MockitoMock$QAmoLyYT
2026-04-06 18:10:45.976 [main] DEBUG com.appointmentscheduler.application.AppConfig - Application configuration loaded
2026-04-06 18:10:45.978 [main] DEBUG com.appointmentscheduler.application.AppConfig - Application configuration loaded
2026-04-06 18:10:45.979 [JavaFX Application Thread] INFO  com.appointmentscheduler.presentation.MainApp - Using database persistence (MySQL). User and appointment data will be saved.
2026-04-06 18:10:45.981 [JavaFX Application Thread] DEBUG c.a.application.AppointmentReminderService - Registered reminder channel: SMSNotification
2026-04-06 18:10:45.986 [JavaFX Application Thread] INFO  com.appointmentscheduler.presentation.MainApp - Starting Appointment Booking System v3.0.0
2026-04-06 18:10:47.206 [JavaFX Application Thread] DEBUG c.appointmentscheduler.application.AuditLogService - Audit: DAY_REOPENED | Forced Admin | Reopened calendar day: 2026-04-06
2026-04-06 18:10:47.210 [JavaFX Application Thread] DEBUG c.appointmentscheduler.application.AuditLogService - Audit: DAY_CLOSED | Forced Admin | Closed calendar day: 2026-04-06
2026-04-06 18:10:54.223 [JavaFX Application Thread] ERROR c.a.presentation.LoginController - Registration save failed for email auto.122950138642900@test.com
java.lang.RuntimeException: boom
	at com.appointmentscheduler/com.appointmentscheduler.presentation.LoginController.handleOpenRegistration(LoginController.java:215)
	at com.appointmentscheduler/com.appointmentscheduler.presentation.LoginControllerCoverageTest.lambda$3(LoginControllerCoverageTest.java:275)
	at javafx.graphics/com.sun.javafx.application.PlatformImpl.lambda$runLater$10(PlatformImpl.java:457)
	at java.base/java.security.AccessController.doPrivileged(AccessController.java:138)
	at javafx.graphics/com.sun.javafx.application.PlatformImpl.lambda$runLater$11(PlatformImpl.java:456)
	at javafx.graphics/com.sun.glass.ui.InvokeLaterDispatcher$Future.run$$$capture(InvokeLaterDispatcher.java:96)
	at javafx.graphics/com.sun.glass.ui.InvokeLaterDispatcher$Future.run(InvokeLaterDispatcher.java)
	at javafx.graphics/com.sun.glass.ui.win.WinApplication._runLoop(Native Method)
	at javafx.graphics/com.sun.glass.ui.win.WinApplication.lambda$runLoop$3(WinApplication.java:184)
	at java.base/java.lang.Thread.run(Thread.java:1474)
2026-04-06 18:10:54.244 [main] DEBUG com.appointmentscheduler.application.AppConfig - Application configuration loaded
2026-04-06 18:10:54.246 [main] DEBUG com.appointmentscheduler.application.AppConfig - Application configuration loaded
2026-04-06 18:10:54.248 [main] DEBUG com.appointmentscheduler.application.AppConfig - Application configuration loaded
2026-04-06 18:10:54.252 [main] DEBUG com.appointmentscheduler.application.AppConfig - Application configuration loaded
2026-04-06 18:10:54.254 [main] DEBUG com.appointmentscheduler.application.AppConfig - Application configuration loaded
2026-04-06 18:10:54.258 [main] DEBUG com.appointmentscheduler.application.AppConfig - Application configuration loaded
2026-04-06 18:10:54.261 [main] DEBUG com.appointmentscheduler.application.AppConfig - Application configuration loaded
2026-04-06 18:10:54.264 [main] DEBUG com.appointmentscheduler.application.AppConfig - Application configuration loaded
2026-04-06 18:10:54.266 [main] DEBUG com.appointmentscheduler.application.AppConfig - Application configuration loaded
2026-04-06 18:10:54.404 [main] DEBUG c.appointmentscheduler.application.AuditLogService - Audit: ACTION | null | details
2026-04-06 18:10:54.404 [main] DEBUG c.appointmentscheduler.application.AuditLogService - Audit: A2 | N | d2
2026-04-06 18:10:54.404 [main] DEBUG c.appointmentscheduler.application.AuditLogService - Audit: A3 | N | d3 | entity=e1
2026-04-06 18:10:54.405 [main] DEBUG c.appointmentscheduler.application.AuditLogService - Audit: A4 | name | d4
2026-04-06 18:10:54.446 [main] DEBUG c.a.application.InAppMessagingService - Customer contact stored in staff inbox id=41fb11d9-31e5-4d45-b7a3-8da9e4dc1952 customerId=p1
2026-04-06 18:10:54.470 [main] DEBUG c.a.application.InAppMessagingService - In-app message stored userId=p1 correlationId=9acf9490-a92c-400c-bd29-f07c0c157f1a
2026-04-06 18:10:54.472 [main] DEBUG c.a.application.InAppMessagingService - In-app message stored userId=p1 correlationId=b9ead79c-9f45-46f7-9639-f2acf5302548
2026-04-06 18:10:54.473 [main] DEBUG c.a.application.InAppMessagingService - In-app message stored userId=p1 correlationId=24828cb7-876e-44e3-ab5f-45bc92310e03
2026-04-06 18:10:54.473 [main] DEBUG c.a.application.InAppMessagingService - In-app message stored userId=p2 correlationId=aa7eddbe-8950-43f5-85a3-3755c034f0cd
2026-04-06 18:10:54.509 [JavaFX Application Thread] INFO  com.appointmentscheduler.presentation.MainApp - Using database persistence (MySQL). User and appointment data will be saved.
2026-04-06 18:10:54.509 [JavaFX Application Thread] DEBUG c.a.application.AppointmentReminderService - Registered reminder channel: SMSNotification
2026-04-06 18:10:54.515 [JavaFX Application Thread] INFO  com.appointmentscheduler.presentation.MainApp - Starting Appointment Booking System v3.0.0
2026-04-06 18:10:57.167 [JavaFX Application Thread] INFO  com.appointmentscheduler.presentation.MainApp - Using database persistence (MySQL). User and appointment data will be saved.
2026-04-06 18:10:57.168 [JavaFX Application Thread] DEBUG c.a.application.AppointmentReminderService - Registered reminder channel: SMSNotification
2026-04-06 18:10:57.175 [JavaFX Application Thread] INFO  com.appointmentscheduler.presentation.MainApp - Starting Appointment Booking System v3.0.0
2026-04-06 18:10:57.596 [JavaFX Application Thread] WARN  com.appointmentscheduler.presentation.MainApp - loadScreen re-entry ignored: PatientDashboard.fxml
2026-04-06 18:10:57.596 [JavaFX Application Thread] WARN  com.appointmentscheduler.presentation.MainApp - loadScreen re-entry ignored: ThisDoesNotExist.fxml
2026-04-06 18:10:57.600 [JavaFX Application Thread] DEBUG c.appointmentscheduler.application.AuditLogService - Audit: LOGOUT | Admin | User logged out from application
2026-04-06 18:10:57.600 [JavaFX Application Thread] WARN  com.appointmentscheduler.presentation.MainApp - loadScreen re-entry ignored: Login.fxml
2026-04-06 18:10:58.321 [JavaFX Application Thread] INFO  com.appointmentscheduler.presentation.MainApp - Using database persistence (MySQL). User and appointment data will be saved.
2026-04-06 18:10:58.322 [JavaFX Application Thread] DEBUG c.a.application.AppointmentReminderService - Registered reminder channel: SMSNotification
2026-04-06 18:10:58.326 [JavaFX Application Thread] INFO  com.appointmentscheduler.presentation.MainApp - Starting Appointment Booking System v3.0.0
2026-04-06 18:10:58.848 [JavaFX Application Thread] ERROR com.appointmentscheduler.presentation.MainApp - Failed to load screen: ThisDoesNotExist.fxml
java.lang.IllegalStateException: FXML not found. Tried: /com/appointmentscheduler/presentation/ThisDoesNotExist.fxml, com/appointmentscheduler/presentation/ThisDoesNotExist.fxml, ThisDoesNotExist.fxml. Check that src/main/resources is on classpath.
	at com.appointmentscheduler/com.appointmentscheduler.presentation.MainApp.loadScreen(MainApp.java:351)
	at com.appointmentscheduler/com.appointmentscheduler.presentation.PresentationMainAppCoverageTest.lambda$mainApp_loadScreen_and_errorHandling_executeCompletely$5(PresentationMainAppCoverageTest.java:76)
	at com.appointmentscheduler/com.appointmentscheduler.presentation.PresentationMainAppCoverageTest.lambda$runOnFxVoid$0(PresentationMainAppCoverageTest.java:138)
	at com.appointmentscheduler/com.appointmentscheduler.presentation.PresentationMainAppCoverageTest.lambda$runOnFx$0(PresentationMainAppCoverageTest.java:120)
	at javafx.graphics/com.sun.javafx.application.PlatformImpl.lambda$runLater$10(PlatformImpl.java:457)
	at java.base/java.security.AccessController.doPrivileged(AccessController.java:138)
	at javafx.graphics/com.sun.javafx.application.PlatformImpl.lambda$runLater$11(PlatformImpl.java:456)
	at javafx.graphics/com.sun.glass.ui.InvokeLaterDispatcher$Future.run$$$capture(InvokeLaterDispatcher.java:96)
	at javafx.graphics/com.sun.glass.ui.InvokeLaterDispatcher$Future.run(InvokeLaterDispatcher.java)
	at javafx.graphics/com.sun.glass.ui.win.WinApplication._runLoop(Native Method)
	at javafx.graphics/com.sun.glass.ui.win.WinApplication.lambda$runLoop$3(WinApplication.java:184)
	at java.base/java.lang.Thread.run(Thread.java:1474)
2026-04-06 18:10:58.855 [JavaFX Application Thread] ERROR c.appointmentscheduler.presentation.ErrorHandler - Failed to load screen: FXML not found. Tried: /com/appointmentscheduler/presentation/ThisDoesNotExist.fxml, com/appointmentscheduler/presentation/ThisDoesNotExist.fxml, ThisDoesNotExist.fxml. Check that src/main/resources is on classpath.
java.lang.IllegalStateException: FXML not found. Tried: /com/appointmentscheduler/presentation/ThisDoesNotExist.fxml, com/appointmentscheduler/presentation/ThisDoesNotExist.fxml, ThisDoesNotExist.fxml. Check that src/main/resources is on classpath.
	at com.appointmentscheduler/com.appointmentscheduler.presentation.MainApp.loadScreen(MainApp.java:351)
	at com.appointmentscheduler/com.appointmentscheduler.presentation.PresentationMainAppCoverageTest.lambda$mainApp_loadScreen_and_errorHandling_executeCompletely$5(PresentationMainAppCoverageTest.java:76)
	at com.appointmentscheduler/com.appointmentscheduler.presentation.PresentationMainAppCoverageTest.lambda$runOnFxVoid$0(PresentationMainAppCoverageTest.java:138)
	at com.appointmentscheduler/com.appointmentscheduler.presentation.PresentationMainAppCoverageTest.lambda$runOnFx$0(PresentationMainAppCoverageTest.java:120)
	at javafx.graphics/com.sun.javafx.application.PlatformImpl.lambda$runLater$10(PlatformImpl.java:457)
	at java.base/java.security.AccessController.doPrivileged(AccessController.java:138)
	at javafx.graphics/com.sun.javafx.application.PlatformImpl.lambda$runLater$11(PlatformImpl.java:456)
	at javafx.graphics/com.sun.glass.ui.InvokeLaterDispatcher$Future.run$$$capture(InvokeLaterDispatcher.java:96)
	at javafx.graphics/com.sun.glass.ui.InvokeLaterDispatcher$Future.run(InvokeLaterDispatcher.java)
	at javafx.graphics/com.sun.glass.ui.win.WinApplication._runLoop(Native Method)
	at javafx.graphics/com.sun.glass.ui.win.WinApplication.lambda$runLoop$3(WinApplication.java:184)
	at java.base/java.lang.Thread.run(Thread.java:1474)
2026-04-06 18:10:58.859 [JavaFX Application Thread] DEBUG c.appointmentscheduler.application.AuditLogService - Audit: LOGOUT | Patient | User logged out from application
2026-04-06 18:10:58.933 [main] INFO  com.zaxxer.hikari.HikariDataSource - AppointmentBookingPool - Shutdown initiated...
2026-04-06 18:10:58.943 [main] INFO  com.zaxxer.hikari.HikariDataSource - AppointmentBookingPool - Shutdown completed.
2026-04-06 18:10:58.943 [main] INFO  c.a.persistence.database.DatabaseConfig - Database connection pool closed
2026-04-06 18:10:58.943 [main] DEBUG com.appointmentscheduler.application.AppConfig - Application configuration loaded
2026-04-06 18:10:58.943 [main] INFO  com.zaxxer.hikari.HikariDataSource - AppointmentBookingPool - Starting...
2026-04-06 18:10:58.947 [main] INFO  com.zaxxer.hikari.pool.HikariPool - AppointmentBookingPool - Added connection conn4: url=jdbc:h2:mem:dbconfig_flyway user=SA
2026-04-06 18:10:58.947 [main] INFO  com.zaxxer.hikari.HikariDataSource - AppointmentBookingPool - Start completed.
2026-04-06 18:10:58.947 [main] INFO  c.a.persistence.database.DatabaseConfig - Database connection pool initialized: jdbc:h2:mem:dbconfig_flyway;DB_CLOSE_DELAY=-1;DATABASE_TO_LOWER=TRUE
2026-04-06 18:10:59.015 [main] INFO  org.flywaydb.core.internal.license.VersionPrinter - Flyway Community Edition 9.22.3 by Redgate
2026-04-06 18:10:59.015 [main] INFO  org.flywaydb.core.internal.license.VersionPrinter - See release notes here: https://rd.gt/416ObMi
2026-04-06 18:10:59.015 [main] INFO  org.flywaydb.core.internal.license.VersionPrinter - 
2026-04-06 18:10:59.046 [main] INFO  org.flywaydb.core.FlywayExecutor - Database: jdbc:h2:mem:dbconfig_flyway (H2 2.2)
2026-04-06 18:10:59.052 [main] WARN  org.flywaydb.core.internal.database.base.Database - Flyway upgrade recommended: H2 2.2.224 is newer than this version of Flyway and support has not been tested. The latest supported version of H2 is 2.2.220.
2026-04-06 18:10:59.073 [main] INFO  o.f.c.i.schemahistory.JdbcTableSchemaHistory - Schema history table "public"."flyway_schema_history" does not exist yet
2026-04-06 18:10:59.076 [main] INFO  org.flywaydb.core.internal.command.DbValidate - Successfully validated 2 migrations (execution time 00:00.014s)
2026-04-06 18:10:59.080 [main] INFO  o.f.c.i.schemahistory.JdbcTableSchemaHistory - Creating Schema History table "public"."flyway_schema_history" ...
2026-04-06 18:10:59.097 [main] INFO  org.flywaydb.core.internal.command.DbMigrate - Current version of schema "public": << Empty Schema >>
2026-04-06 18:10:59.111 [main] INFO  org.flywaydb.core.internal.command.DbMigrate - Migrating schema "public" to version "1 - enterprise schema"
2026-04-06 18:10:59.141 [main] INFO  org.flywaydb.core.internal.command.DbMigrate - Migrating schema "public" to version "2 - booking request fields"
2026-04-06 18:10:59.197 [main] INFO  org.flywaydb.core.internal.command.DbMigrate - Successfully applied 2 migrations to schema "public", now at version v2 (execution time 00:00.073s)
2026-04-06 18:10:59.200 [main] INFO  c.a.persistence.database.DatabaseConfig - Flyway migrations executed: 2
2026-04-06 18:10:59.200 [main] INFO  com.zaxxer.hikari.HikariDataSource - AppointmentBookingPool - Shutdown initiated...
2026-04-06 18:10:59.201 [main] INFO  com.zaxxer.hikari.HikariDataSource - AppointmentBookingPool - Shutdown completed.
2026-04-06 18:10:59.201 [main] INFO  c.a.persistence.database.DatabaseConfig - Database connection pool closed
2026-04-06 18:10:59.201 [main] INFO  com.zaxxer.hikari.HikariDataSource - AppointmentBookingPool - Starting...
2026-04-06 18:10:59.203 [main] INFO  com.zaxxer.hikari.pool.HikariPool - AppointmentBookingPool - Added connection conn7: url=jdbc:h2:mem:dbconfig_flyway user=SA
2026-04-06 18:10:59.203 [main] INFO  com.zaxxer.hikari.HikariDataSource - AppointmentBookingPool - Start completed.
2026-04-06 18:10:59.203 [main] INFO  c.a.persistence.database.DatabaseConfig - Database connection pool initialized: jdbc:h2:mem:dbconfig_flyway;DB_CLOSE_DELAY=-1;DATABASE_TO_LOWER=TRUE
2026-04-06 18:10:59.208 [main] INFO  org.flywaydb.core.FlywayExecutor - Database: jdbc:h2:mem:dbconfig_flyway (H2 2.2)
2026-04-06 18:10:59.210 [main] WARN  org.flywaydb.core.internal.database.base.Database - Flyway upgrade recommended: H2 2.2.224 is newer than this version of Flyway and support has not been tested. The latest supported version of H2 is 2.2.220.
2026-04-06 18:10:59.218 [main] INFO  org.flywaydb.core.internal.command.DbValidate - Successfully validated 2 migrations (execution time 00:00.006s)
2026-04-06 18:10:59.222 [main] INFO  org.flywaydb.core.internal.command.DbMigrate - Current version of schema "public": 2
2026-04-06 18:10:59.222 [main] INFO  org.flywaydb.core.internal.command.DbMigrate - Schema "public" is up to date. No migration necessary.
2026-04-06 18:10:59.223 [main] INFO  c.a.persistence.database.DatabaseConfig - Flyway migrations executed: 0
2026-04-06 18:10:59.224 [main] INFO  com.zaxxer.hikari.HikariDataSource - AppointmentBookingPool - Shutdown initiated...
2026-04-06 18:10:59.251 [main] INFO  com.zaxxer.hikari.HikariDataSource - AppointmentBookingPool - Shutdown completed.
2026-04-06 18:10:59.251 [main] INFO  c.a.persistence.database.DatabaseConfig - Database connection pool closed
2026-04-06 18:10:59.252 [main] DEBUG com.appointmentscheduler.application.AppConfig - Application configuration loaded
2026-04-06 18:10:59.253 [main] DEBUG com.appointmentscheduler.application.AppConfig - Application configuration loaded
2026-04-06 18:10:59.253 [main] DEBUG com.appointmentscheduler.application.AppConfig - Application configuration loaded
2026-04-06 18:10:59.954 [main] WARN  com.appointmentscheduler.application.AuthService - Login failed for email: nobody@here.com
2026-04-06 18:11:00.967 [main] WARN  com.appointmentscheduler.application.AuthService - Login failed for email: john@test.com
2026-04-06 18:11:02.310 [main] WARN  com.appointmentscheduler.application.AuthService - Login attempt for locked account: john@test.com
2026-04-06 18:11:04.652 [main] INFO  com.appointmentscheduler.application.AuthService - Login successful for user: john@test.com
2026-04-06 18:11:05.665 [main] INFO  com.appointmentscheduler.application.AuthService - Login successful for user: john@test.com
2026-04-06 18:11:06.748 [main] INFO  com.appointmentscheduler.application.AuthService - Login successful for user: john@test.com
2026-04-06 18:11:07.848 [main] INFO  com.appointmentscheduler.application.AuthService - Login successful for user: john@test.com
2026-04-06 18:11:08.893 [main] INFO  com.appointmentscheduler.application.AuthService - Login successful for user: admin@test.com
2026-04-06 18:11:08.973 [JavaFX Application Thread] INFO  com.zaxxer.hikari.HikariDataSource - AppointmentBookingPool - Starting...
2026-04-06 18:11:08.978 [JavaFX Application Thread] INFO  com.zaxxer.hikari.pool.HikariPool - AppointmentBookingPool - Added connection com.mysql.cj.jdbc.ConnectionImpl@2665381e
2026-04-06 18:11:08.978 [JavaFX Application Thread] INFO  com.zaxxer.hikari.HikariDataSource - AppointmentBookingPool - Start completed.
2026-04-06 18:11:08.978 [JavaFX Application Thread] INFO  c.a.persistence.database.DatabaseConfig - Database connection pool initialized: jdbc:mysql://localhost:3306/appointment?useUnicode=true&characterEncoding=UTF-8&serverTimezone=UTC&useSSL=false&allowPublicKeyRetrieval=true
2026-04-06 18:11:08.979 [JavaFX Application Thread] INFO  c.a.persistence.database.DatabaseConfig - MySQL: table app_user verified/created
2026-04-06 18:11:08.980 [JavaFX Application Thread] DEBUG c.a.persistence.database.DatabaseConfig - MySQL (skipped): ALTER TABLE appointment ADD COLUMN customer_notes VARCHAR(2000) NULL — Duplicate column name 'customer_notes'
2026-04-06 18:11:08.982 [JavaFX Application Thread] DEBUG c.a.persistence.database.DatabaseConfig - MySQL (skipped): ALTER TABLE appointment ADD COLUMN contact_phone VARCHAR(64) NULL — Duplicate column name 'contact_phone'
2026-04-06 18:11:08.982 [JavaFX Application Thread] DEBUG c.a.persistence.database.DatabaseConfig - MySQL (skipped): ALTER TABLE appointment ADD COLUMN reminder_channel VARCHAR(32) NULL — Duplicate column name 'reminder_channel'
2026-04-06 18:11:08.982 [JavaFX Application Thread] DEBUG c.a.persistence.database.DatabaseConfig - MySQL (skipped): ALTER TABLE appointment ADD COLUMN accessibility_needs VARCHAR(512) NULL — Duplicate column name 'accessibility_needs'
2026-04-06 18:11:08.983 [JavaFX Application Thread] DEBUG c.a.persistence.database.DatabaseConfig - MySQL (skipped): ALTER TABLE appointment ADD COLUMN preferred_language VARCHAR(16) NULL — Duplicate column name 'preferred_language'
2026-04-06 18:11:08.983 [JavaFX Application Thread] INFO  com.appointmentscheduler.presentation.MainApp - Using database persistence (MySQL). User and appointment data will be saved.
2026-04-06 18:11:08.983 [JavaFX Application Thread] DEBUG c.a.application.AppointmentReminderService - Registered reminder channel: SMSNotification
2026-04-06 18:11:08.993 [JavaFX Application Thread] INFO  com.appointmentscheduler.presentation.MainApp - Starting Appointment Booking System v3.0.0
2026-04-06 18:11:09.424 [JavaFX Application Thread] DEBUG c.appointmentscheduler.application.AuditLogService - Audit: LOGIN_FAILED | admin@admin.com | Invalid credentials
2026-04-06 18:11:09.424 [JavaFX Application Thread] WARN  com.appointmentscheduler.application.AuthService - Login failed for email: admin@admin.com
2026-04-06 18:11:11.084 [JavaFX Application Thread] DEBUG c.appointmentscheduler.application.AuditLogService - Audit: LOGIN_FAILED | customer@example.com | Invalid credentials
2026-04-06 18:11:11.084 [JavaFX Application Thread] WARN  com.appointmentscheduler.application.AuthService - Login failed for email: customer@example.com
2026-04-06 18:11:12.811 [main] DEBUG c.appointmentscheduler.application.AuditLogService - Audit: CANCEL | A | Appointment cadm | entity=cadm
2026-04-06 18:11:12.820 [main] DEBUG c.appointmentscheduler.application.AuditLogService - Audit: CANCEL | Pat | Appointment cc | entity=cc
2026-04-06 18:11:12.845 [main] DEBUG c.appointmentscheduler.application.AuditLogService - Audit: CANCEL | Pat | Appointment af6a0763-700a-4bdd-9a32-57c6280b87ce | entity=af6a0763-700a-4bdd-9a32-57c6280b87ce
2026-04-06 18:11:12.853 [main] DEBUG c.appointmentscheduler.application.AuditLogService - Audit: MODIFY | Pat | Appointment mid to 2026-04-10T10:00 to 2026-04-10T11:00 | entity=mid
2026-04-06 18:11:12.856 [main] DEBUG c.appointmentscheduler.application.AuditLogService - Audit: MODIFY | Pat | Appointment mod to 2026-04-11T10:00 to 2026-04-11T11:00 | entity=mod
2026-04-06 18:11:12.867 [main] DEBUG c.appointmentscheduler.application.AuditLogService - Audit: MODIFY | Pat | Appointment ev to 2026-04-11T10:00 to 2026-04-11T11:00 | entity=ev
2026-04-06 18:11:12.880 [main] DEBUG c.appointmentscheduler.application.AuditLogService - Audit: MODIFY | A | Appointment adm to 2026-04-11T10:00 to 2026-04-11T11:00 | entity=adm
2026-04-06 18:11:12.889 [main] DEBUG c.appointmentscheduler.application.AuditLogService - Audit: COMPLETE | A | Appointment ex marked COMPLETED | entity=ex
2026-04-06 18:11:12.892 [main] DEBUG c.appointmentscheduler.application.AuditLogService - Audit: COMPLETE | R | Appointment r1 marked COMPLETED | entity=r1
2026-04-06 18:11:12.902 [main] DEBUG c.appointmentscheduler.application.AuditLogService - Audit: COMPLETE | A | Appointment fixed-id marked COMPLETED | entity=fixed-id
2026-04-06 18:11:12.917 [main] DEBUG c.appointmentscheduler.application.AuditLogService - Audit: BOOK | Pat | Appointment c8ff83c9-3f32-4f42-bd0c-40197a6a2a1a at 2026-04-14T10:00 to 2026-04-14T11:00 | entity=c8ff83c9-3f32-4f42-bd0c-40197a6a2a1a
2026-04-06 18:11:12.969 [main] DEBUG c.appointmentscheduler.application.AuditLogService - Audit: BOOK | Pat | Appointment cebfa457-56ca-4546-8ab7-3ca658535c16 at 2026-04-16T10:00 to 2026-04-16T11:00 | entity=cebfa457-56ca-4546-8ab7-3ca658535c16
2026-04-06 18:11:12.972 [main] DEBUG c.appointmentscheduler.application.AuditLogService - Audit: BOOK | Pat | Appointment 340b44d6-1860-45b6-8740-18188f7b9065 at 2026-04-08T10:00 to 2026-04-08T11:00 | entity=340b44d6-1860-45b6-8740-18188f7b9065
2026-04-06 18:11:12.980 [main] DEBUG c.appointmentscheduler.application.AuditLogService - Audit: BOOK | Pat | Appointment e6a4be19-0a2c-4b57-9f16-efc172890365 at 2026-04-08T10:00 to 2026-04-08T11:00 | entity=e6a4be19-0a2c-4b57-9f16-efc172890365
2026-04-06 18:11:12.999 [main] DEBUG c.appointmentscheduler.application.AuditLogService - Audit: BOOK | Pat | Appointment 7f912bab-e3d7-4f82-861f-649cfc6e5b2e at 2026-04-10T10:00 to 2026-04-10T11:00 | entity=7f912bab-e3d7-4f82-861f-649cfc6e5b2e
2026-04-06 18:11:13.175 [main] WARN  c.appointmentscheduler.presentation.ErrorHandler - warn msg
2026-04-06 18:11:13.175 [main] WARN  c.appointmentscheduler.presentation.ErrorHandler - warn msg
java.io.IOException: boom
	at com.appointmentscheduler/com.appointmentscheduler.presentation.ErrorHandlerTest.lambda$1(ErrorHandlerTest.java:18)
	at org.assertj.core.api.ThrowableAssert.catchThrowable(ThrowableAssert.java:63)
	at org.assertj.core.api.AssertionsForClassTypes.catchThrowable(AssertionsForClassTypes.java:892)
	at org.assertj.core.api.AssertionsForClassTypes.assertThatCode(AssertionsForClassTypes.java:863)
	at org.assertj.core.api.Assertions.assertThatCode(Assertions.java:1287)
	at com.appointmentscheduler/com.appointmentscheduler.presentation.ErrorHandlerTest.logWarning_withThrowable_doesNotThrow(ErrorHandlerTest.java:18)
	at java.base/jdk.internal.reflect.DirectMethodHandleAccessor.invoke(DirectMethodHandleAccessor.java:104)
	at java.base/java.lang.reflect.Method.invoke(Method.java:565)
	at org.junit.platform.commons.util.ReflectionUtils.invokeMethod(ReflectionUtils.java:728)
	at org.junit.jupiter.engine.execution.MethodInvocation.proceed(MethodInvocation.java:60)
	at org.junit.jupiter.engine.execution.InvocationInterceptorChain$ValidatingInvocation.proceed(InvocationInterceptorChain.java:131)
	at org.junit.jupiter.engine.extension.TimeoutExtension.intercept(TimeoutExtension.java:156)
	at org.junit.jupiter.engine.extension.TimeoutExtension.interceptTestableMethod(TimeoutExtension.java:147)
	at org.junit.jupiter.engine.extension.TimeoutExtension.interceptTestMethod(TimeoutExtension.java:86)
	at org.junit.jupiter.engine.execution.InterceptingExecutableInvoker$ReflectiveInterceptorCall.lambda$ofVoidMethod$0(InterceptingExecutableInvoker.java:103)
	at org.junit.jupiter.engine.execution.InterceptingExecutableInvoker.lambda$invoke$0(InterceptingExecutableInvoker.java:93)
	at org.junit.jupiter.engine.execution.InvocationInterceptorChain$InterceptedInvocation.proceed(InvocationInterceptorChain.java:106)
	at org.junit.jupiter.engine.execution.InvocationInterceptorChain.proceed(InvocationInterceptorChain.java:64)
	at org.junit.jupiter.engine.execution.InvocationInterceptorChain.chainAndInvoke(InvocationInterceptorChain.java:45)
	at org.junit.jupiter.engine.execution.InvocationInterceptorChain.invoke(InvocationInterceptorChain.java:37)
	at org.junit.jupiter.engine.execution.InterceptingExecutableInvoker.invoke(InterceptingExecutableInvoker.java:92)
	at org.junit.jupiter.engine.execution.InterceptingExecutableInvoker.invoke(InterceptingExecutableInvoker.java:86)
	at org.junit.jupiter.engine.descriptor.TestMethodTestDescriptor.lambda$invokeTestMethod$7(TestMethodTestDescriptor.java:218)
	at org.junit.platform.engine.support.hierarchical.ThrowableCollector.execute(ThrowableCollector.java:73)
	at org.junit.jupiter.engine.descriptor.TestMethodTestDescriptor.invokeTestMethod(TestMethodTestDescriptor.java:214)
	at org.junit.jupiter.engine.descriptor.TestMethodTestDescriptor.execute(TestMethodTestDescriptor.java:139)
	at org.junit.jupiter.engine.descriptor.TestMethodTestDescriptor.execute(TestMethodTestDescriptor.java:69)
	at org.junit.platform.engine.support.hierarchical.NodeTestTask.lambda$executeRecursively$6(NodeTestTask.java:151)
	at org.junit.platform.engine.support.hierarchical.ThrowableCollector.execute(ThrowableCollector.java:73)
	at org.junit.platform.engine.support.hierarchical.NodeTestTask.lambda$executeRecursively$8(NodeTestTask.java:141)
	at org.junit.platform.engine.support.hierarchical.Node.around(Node.java:137)
	at org.junit.platform.engine.support.hierarchical.NodeTestTask.lambda$executeRecursively$9(NodeTestTask.java:139)
	at org.junit.platform.engine.support.hierarchical.ThrowableCollector.execute(ThrowableCollector.java:73)
	at org.junit.platform.engine.support.hierarchical.NodeTestTask.executeRecursively(NodeTestTask.java:138)
	at org.junit.platform.engine.support.hierarchical.NodeTestTask.execute(NodeTestTask.java:95)
	at java.base/java.util.ArrayList.forEach(ArrayList.java:1604)
	at org.junit.platform.engine.support.hierarchical.SameThreadHierarchicalTestExecutorService.invokeAll(SameThreadHierarchicalTestExecutorService.java:41)
	at org.junit.platform.engine.support.hierarchical.NodeTestTask.lambda$executeRecursively$6(NodeTestTask.java:155)
	at org.junit.platform.engine.support.hierarchical.ThrowableCollector.execute(ThrowableCollector.java:73)
	at org.junit.platform.engine.support.hierarchical.NodeTestTask.lambda$executeRecursively$8(NodeTestTask.java:141)
	at org.junit.platform.engine.support.hierarchical.Node.around(Node.java:137)
	at org.junit.platform.engine.support.hierarchical.NodeTestTask.lambda$executeRecursively$9(NodeTestTask.java:139)
	at org.junit.platform.engine.support.hierarchical.ThrowableCollector.execute(ThrowableCollector.java:73)
	at org.junit.platform.engine.support.hierarchical.NodeTestTask.executeRecursively(NodeTestTask.java:138)
	at org.junit.platform.engine.support.hierarchical.NodeTestTask.execute(NodeTestTask.java:95)
	at java.base/java.util.ArrayList.forEach(ArrayList.java:1604)
	at org.junit.platform.engine.support.hierarchical.SameThreadHierarchicalTestExecutorService.invokeAll(SameThreadHierarchicalTestExecutorService.java:41)
	at org.junit.platform.engine.support.hierarchical.NodeTestTask.lambda$executeRecursively$6(NodeTestTask.java:155)
	at org.junit.platform.engine.support.hierarchical.ThrowableCollector.execute(ThrowableCollector.java:73)
	at org.junit.platform.engine.support.hierarchical.NodeTestTask.lambda$executeRecursively$8(NodeTestTask.java:141)
	at org.junit.platform.engine.support.hierarchical.Node.around(Node.java:137)
	at org.junit.platform.engine.support.hierarchical.NodeTestTask.lambda$executeRecursively$9(NodeTestTask.java:139)
	at org.junit.platform.engine.support.hierarchical.ThrowableCollector.execute(ThrowableCollector.java:73)
	at org.junit.platform.engine.support.hierarchical.NodeTestTask.executeRecursively(NodeTestTask.java:138)
	at org.junit.platform.engine.support.hierarchical.NodeTestTask.execute(NodeTestTask.java:95)
	at org.junit.platform.engine.support.hierarchical.SameThreadHierarchicalTestExecutorService.submit(SameThreadHierarchicalTestExecutorService.java:35)
	at org.junit.platform.engine.support.hierarchical.HierarchicalTestExecutor.execute(HierarchicalTestExecutor.java:57)
	at org.junit.platform.engine.support.hierarchical.HierarchicalTestEngine.execute(HierarchicalTestEngine.java:54)
	at org.junit.platform.launcher.core.EngineExecutionOrchestrator.execute(EngineExecutionOrchestrator.java:198)
	at org.junit.platform.launcher.core.EngineExecutionOrchestrator.execute(EngineExecutionOrchestrator.java:169)
	at org.junit.platform.launcher.core.EngineExecutionOrchestrator.execute(EngineExecutionOrchestrator.java:93)
	at org.junit.platform.launcher.core.EngineExecutionOrchestrator.lambda$execute$0(EngineExecutionOrchestrator.java:58)
	at org.junit.platform.launcher.core.EngineExecutionOrchestrator.withInterceptedStreams(EngineExecutionOrchestrator.java:141)
	at org.junit.platform.launcher.core.EngineExecutionOrchestrator.execute(EngineExecutionOrchestrator.java:57)
	at org.junit.platform.launcher.core.DefaultLauncher.execute(DefaultLauncher.java:103)
	at org.junit.platform.launcher.core.DefaultLauncher.execute(DefaultLauncher.java:85)
	at org.junit.platform.launcher.core.DelegatingLauncher.execute(DelegatingLauncher.java:47)
	at org.junit.platform.launcher.core.SessionPerRequestLauncher.execute(SessionPerRequestLauncher.java:63)
	at com.intellij.junit5.JUnit5IdeaTestRunner.startRunnerWithArgs(JUnit5IdeaTestRunner.java:66)
	at com.intellij.rt.junit.IdeaTestRunner$Repeater$1.execute(IdeaTestRunner.java:38)
	at com.intellij.rt.execution.junit.TestsRepeater.repeat(TestsRepeater.java:11)
	at com.intellij.rt.junit.IdeaTestRunner$Repeater.startRunnerWithArgs(IdeaTestRunner.java:35)
	at com.intellij.rt.junit.JUnitStarter.prepareStreamsAndStart(JUnitStarter.java:231)
	at com.intellij.rt.junit.JUnitStarter.main(JUnitStarter.java:55)
2026-04-06 18:11:13.354 [main] DEBUG c.appointmentscheduler.application.AuditLogService - Audit: EXPIRE | System | Appointment pnd auto-expired
2026-04-06 18:11:13.356 [main] DEBUG c.appointmentscheduler.application.AuditLogService - Audit: EXPIRE | System | Appointment a1 auto-expired
2026-04-06 18:11:13.364 [main] DEBUG c.appointmentscheduler.application.AuditLogService - Audit: CANCEL_RECURRENCE_SINGLE | N | Occurrence sid_1775732400 | entity=sid_1775732400
2026-04-06 18:11:13.366 [main] DEBUG c.appointmentscheduler.application.AuditLogService - Audit: CANCEL_RECURRENCE_SERIES | N | Series SER123 occurrence a1 | entity=a1
2026-04-06 18:11:13.366 [main] DEBUG c.appointmentscheduler.application.AuditLogService - Audit: CANCEL_RECURRENCE_SERIES | N | Series SER123 occurrence a2 | entity=a2
2026-04-06 18:11:13.369 [main] DEBUG com.appointmentscheduler.application.AppConfig - Application configuration loaded
2026-04-06 18:11:13.370 [main] DEBUG com.appointmentscheduler.application.AppConfig - Application configuration loaded
2026-04-06 18:11:13.371 [main] DEBUG com.appointmentscheduler.application.AppConfig - Application configuration loaded
2026-04-06 18:11:13.373 [main] DEBUG com.appointmentscheduler.application.AppConfig - Application configuration loaded
2026-04-06 18:11:13.374 [main] DEBUG com.appointmentscheduler.application.AppConfig - Application configuration loaded
2026-04-06 18:11:13.375 [main] DEBUG com.appointmentscheduler.application.AppConfig - Application configuration loaded
2026-04-06 18:11:13.375 [main] DEBUG com.appointmentscheduler.application.AppConfig - Application configuration loaded
2026-04-06 18:11:13.376 [main] DEBUG com.appointmentscheduler.application.AppConfig - Application configuration loaded
2026-04-06 18:11:13.376 [main] DEBUG com.appointmentscheduler.application.AppConfig - Application configuration loaded
2026-04-06 18:11:13.376 [main] DEBUG com.appointmentscheduler.application.AppConfig - Application configuration loaded
2026-04-06 18:11:13.377 [main] DEBUG com.appointmentscheduler.application.AppConfig - Application configuration loaded
2026-04-06 18:11:13.377 [main] DEBUG com.appointmentscheduler.application.AppConfig - Application configuration loaded
2026-04-06 18:11:13.379 [main] DEBUG com.appointmentscheduler.application.AppConfig - Application configuration loaded
2026-04-06 18:11:13.379 [main] DEBUG com.appointmentscheduler.application.AppConfig - Application configuration loaded
2026-04-06 18:11:13.379 [main] DEBUG com.appointmentscheduler.application.AppConfig - Application configuration loaded
2026-04-06 18:11:13.380 [main] DEBUG com.appointmentscheduler.application.AppConfig - Application configuration loaded
2026-04-06 18:11:13.380 [main] DEBUG com.appointmentscheduler.application.AppConfig - Application configuration loaded
2026-04-06 18:11:13.381 [main] DEBUG com.appointmentscheduler.application.AppConfig - Application configuration loaded
2026-04-06 18:11:13.381 [main] DEBUG com.appointmentscheduler.application.AppConfig - Application configuration loaded
2026-04-06 18:11:13.382 [main] DEBUG com.appointmentscheduler.application.AppConfig - Application configuration loaded
2026-04-06 18:11:13.393 [Thread-67] INFO  com.zaxxer.hikari.HikariDataSource - AppointmentBookingPool - Shutdown initiated...
2026-04-06 18:11:13.396 [Thread-67] INFO  com.zaxxer.hikari.HikariDataSource - AppointmentBookingPool - Shutdown completed.
2026-04-06 18:11:13.397 [Thread-67] INFO  c.a.persistence.database.DatabaseConfig - Database connection pool closed
2026-04-06 18:16:28.293 [main] INFO  com.zaxxer.hikari.HikariDataSource - HikariPool-1 - Starting...
2026-04-06 18:16:29.703 [main] INFO  com.zaxxer.hikari.pool.HikariPool - HikariPool-1 - Added connection conn0: url=jdbc:h2:mem:jdbc_repo_test user=SA
2026-04-06 18:16:29.708 [main] INFO  com.zaxxer.hikari.HikariDataSource - HikariPool-1 - Start completed.
2026-04-06 18:16:30.747 [main] INFO  com.zaxxer.hikari.HikariDataSource - HikariPool-1 - Shutdown initiated...
2026-04-06 18:16:30.751 [main] INFO  com.zaxxer.hikari.HikariDataSource - HikariPool-1 - Shutdown completed.
2026-04-06 18:17:30.774 [main] DEBUG com.appointmentscheduler.application.AppConfig - Application configuration loaded
2026-04-06 18:17:30.778 [main] DEBUG com.appointmentscheduler.application.AppConfig - Application configuration loaded
2026-04-06 18:17:30.972 [main] DEBUG com.appointmentscheduler.application.AppConfig - Application configuration loaded
2026-04-06 18:17:31.000 [main] DEBUG com.appointmentscheduler.application.AppConfig - Application configuration loaded
2026-04-06 18:17:31.052 [main] DEBUG com.appointmentscheduler.application.AppConfig - Application configuration loaded
2026-04-06 18:17:31.056 [main] DEBUG com.appointmentscheduler.application.AppConfig - Application configuration loaded
2026-04-06 18:17:31.059 [main] DEBUG com.appointmentscheduler.application.AppConfig - Application configuration loaded
2026-04-06 18:17:31.062 [main] DEBUG com.appointmentscheduler.application.AppConfig - Application configuration loaded
2026-04-06 18:17:31.068 [main] DEBUG com.appointmentscheduler.application.AppConfig - Application configuration loaded
2026-04-06 18:17:31.073 [main] DEBUG com.appointmentscheduler.application.AppConfig - Application configuration loaded
2026-04-06 18:17:31.075 [main] DEBUG com.appointmentscheduler.application.AppConfig - Application configuration loaded
2026-04-06 18:17:31.078 [main] DEBUG com.appointmentscheduler.application.AppConfig - Application configuration loaded
2026-04-06 18:17:31.084 [main] DEBUG com.appointmentscheduler.application.AppConfig - Application configuration loaded
2026-04-06 18:17:31.088 [main] DEBUG com.appointmentscheduler.application.AppConfig - Application configuration loaded
2026-04-06 18:17:31.090 [main] DEBUG com.appointmentscheduler.application.AppConfig - Application configuration loaded
2026-04-06 18:17:31.094 [main] DEBUG com.appointmentscheduler.application.AppConfig - Application configuration loaded
2026-04-06 18:17:31.095 [main] DEBUG com.appointmentscheduler.application.AppConfig - Application configuration loaded
2026-04-06 18:17:31.103 [main] DEBUG com.appointmentscheduler.application.AppConfig - Application configuration loaded
2026-04-06 18:17:31.105 [main] DEBUG com.appointmentscheduler.application.AppConfig - Application configuration loaded
2026-04-06 18:17:31.109 [main] DEBUG com.appointmentscheduler.application.AppConfig - Application configuration loaded
2026-04-06 18:17:31.110 [main] DEBUG com.appointmentscheduler.application.AppConfig - Application configuration loaded
2026-04-06 18:17:40.490 [main] DEBUG c.appointmentscheduler.application.AuditLogService - Audit: EXPIRE | System | Appointment pnd auto-expired
2026-04-06 18:17:40.511 [main] DEBUG c.appointmentscheduler.application.AuditLogService - Audit: EXPIRE | System | Appointment a1 auto-expired
2026-04-06 18:17:45.697 [main] DEBUG c.a.application.AppointmentReminderService - Registered reminder channel: Observer$MockitoMock$47zQjdW8
2026-04-06 18:17:45.706 [main] DEBUG c.a.application.AppointmentReminderService - Registered reminder channel: Observer$MockitoMock$47zQjdW8
2026-04-06 18:17:45.720 [main] ERROR c.a.application.AppointmentReminderService - Reminder channel failed: com.appointmentscheduler.domain.notifiers.Observer$MockitoMock$47zQjdW8
java.lang.RuntimeException: smtp down
	at com.appointmentscheduler.application.AppointmentReminderService.dispatchSafely(AppointmentReminderService.java:51)
	at com.appointmentscheduler.application.AppointmentReminderService.sendReminder(AppointmentReminderService.java:45)
	at com.appointmentscheduler.application.AppointmentReminderServiceTest.sendReminder_oneChannelThrows_otherStillNotified(AppointmentReminderServiceTest.java:60)
	at java.base/jdk.internal.reflect.DirectMethodHandleAccessor.invoke(DirectMethodHandleAccessor.java:104)
	at java.base/java.lang.reflect.Method.invoke(Method.java:565)
	at org.junit.platform.commons.util.ReflectionUtils.invokeMethod(ReflectionUtils.java:728)
	at org.junit.jupiter.engine.execution.MethodInvocation.proceed(MethodInvocation.java:60)
	at org.junit.jupiter.engine.execution.InvocationInterceptorChain$ValidatingInvocation.proceed(InvocationInterceptorChain.java:131)
	at org.junit.jupiter.engine.extension.TimeoutExtension.intercept(TimeoutExtension.java:156)
	at org.junit.jupiter.engine.extension.TimeoutExtension.interceptTestableMethod(TimeoutExtension.java:147)
	at org.junit.jupiter.engine.extension.TimeoutExtension.interceptTestMethod(TimeoutExtension.java:86)
	at org.junit.jupiter.engine.execution.InterceptingExecutableInvoker$ReflectiveInterceptorCall.lambda$ofVoidMethod$0(InterceptingExecutableInvoker.java:103)
	at org.junit.jupiter.engine.execution.InterceptingExecutableInvoker.lambda$invoke$0(InterceptingExecutableInvoker.java:93)
	at org.junit.jupiter.engine.execution.InvocationInterceptorChain$InterceptedInvocation.proceed(InvocationInterceptorChain.java:106)
	at org.junit.jupiter.engine.execution.InvocationInterceptorChain.proceed(InvocationInterceptorChain.java:64)
	at org.junit.jupiter.engine.execution.InvocationInterceptorChain.chainAndInvoke(InvocationInterceptorChain.java:45)
	at org.junit.jupiter.engine.execution.InvocationInterceptorChain.invoke(InvocationInterceptorChain.java:37)
	at org.junit.jupiter.engine.execution.InterceptingExecutableInvoker.invoke(InterceptingExecutableInvoker.java:92)
	at org.junit.jupiter.engine.execution.InterceptingExecutableInvoker.invoke(InterceptingExecutableInvoker.java:86)
	at org.junit.jupiter.engine.descriptor.TestMethodTestDescriptor.lambda$invokeTestMethod$7(TestMethodTestDescriptor.java:218)
	at org.junit.platform.engine.support.hierarchical.ThrowableCollector.execute(ThrowableCollector.java:73)
	at org.junit.jupiter.engine.descriptor.TestMethodTestDescriptor.invokeTestMethod(TestMethodTestDescriptor.java:214)
	at org.junit.jupiter.engine.descriptor.TestMethodTestDescriptor.execute(TestMethodTestDescriptor.java:139)
	at org.junit.jupiter.engine.descriptor.TestMethodTestDescriptor.execute(TestMethodTestDescriptor.java:69)
	at org.junit.platform.engine.support.hierarchical.NodeTestTask.lambda$executeRecursively$6(NodeTestTask.java:151)
	at org.junit.platform.engine.support.hierarchical.ThrowableCollector.execute(ThrowableCollector.java:73)
	at org.junit.platform.engine.support.hierarchical.NodeTestTask.lambda$executeRecursively$8(NodeTestTask.java:141)
	at org.junit.platform.engine.support.hierarchical.Node.around(Node.java:137)
	at org.junit.platform.engine.support.hierarchical.NodeTestTask.lambda$executeRecursively$9(NodeTestTask.java:139)
	at org.junit.platform.engine.support.hierarchical.ThrowableCollector.execute(ThrowableCollector.java:73)
	at org.junit.platform.engine.support.hierarchical.NodeTestTask.executeRecursively(NodeTestTask.java:138)
	at org.junit.platform.engine.support.hierarchical.NodeTestTask.execute(NodeTestTask.java:95)
	at java.base/java.util.ArrayList.forEach(ArrayList.java:1604)
	at org.junit.platform.engine.support.hierarchical.SameThreadHierarchicalTestExecutorService.invokeAll(SameThreadHierarchicalTestExecutorService.java:41)
	at org.junit.platform.engine.support.hierarchical.NodeTestTask.lambda$executeRecursively$6(NodeTestTask.java:155)
	at org.junit.platform.engine.support.hierarchical.ThrowableCollector.execute(ThrowableCollector.java:73)
	at org.junit.platform.engine.support.hierarchical.NodeTestTask.lambda$executeRecursively$8(NodeTestTask.java:141)
	at org.junit.platform.engine.support.hierarchical.Node.around(Node.java:137)
	at org.junit.platform.engine.support.hierarchical.NodeTestTask.lambda$executeRecursively$9(NodeTestTask.java:139)
	at org.junit.platform.engine.support.hierarchical.ThrowableCollector.execute(ThrowableCollector.java:73)
	at org.junit.platform.engine.support.hierarchical.NodeTestTask.executeRecursively(NodeTestTask.java:138)
	at org.junit.platform.engine.support.hierarchical.NodeTestTask.execute(NodeTestTask.java:95)
	at java.base/java.util.ArrayList.forEach(ArrayList.java:1604)
	at org.junit.platform.engine.support.hierarchical.SameThreadHierarchicalTestExecutorService.invokeAll(SameThreadHierarchicalTestExecutorService.java:41)
	at org.junit.platform.engine.support.hierarchical.NodeTestTask.lambda$executeRecursively$6(NodeTestTask.java:155)
	at org.junit.platform.engine.support.hierarchical.ThrowableCollector.execute(ThrowableCollector.java:73)
	at org.junit.platform.engine.support.hierarchical.NodeTestTask.lambda$executeRecursively$8(NodeTestTask.java:141)
	at org.junit.platform.engine.support.hierarchical.Node.around(Node.java:137)
	at org.junit.platform.engine.support.hierarchical.NodeTestTask.lambda$executeRecursively$9(NodeTestTask.java:139)
	at org.junit.platform.engine.support.hierarchical.ThrowableCollector.execute(ThrowableCollector.java:73)
	at org.junit.platform.engine.support.hierarchical.NodeTestTask.executeRecursively(NodeTestTask.java:138)
	at org.junit.platform.engine.support.hierarchical.NodeTestTask.execute(NodeTestTask.java:95)
	at org.junit.platform.engine.support.hierarchical.SameThreadHierarchicalTestExecutorService.submit(SameThreadHierarchicalTestExecutorService.java:35)
	at org.junit.platform.engine.support.hierarchical.HierarchicalTestExecutor.execute(HierarchicalTestExecutor.java:57)
	at org.junit.platform.engine.support.hierarchical.HierarchicalTestEngine.execute(HierarchicalTestEngine.java:54)
	at org.junit.platform.launcher.core.EngineExecutionOrchestrator.execute(EngineExecutionOrchestrator.java:198)
	at org.junit.platform.launcher.core.EngineExecutionOrchestrator.execute(EngineExecutionOrchestrator.java:169)
	at org.junit.platform.launcher.core.EngineExecutionOrchestrator.execute(EngineExecutionOrchestrator.java:93)
	at org.junit.platform.launcher.core.EngineExecutionOrchestrator.lambda$execute$0(EngineExecutionOrchestrator.java:58)
	at org.junit.platform.launcher.core.EngineExecutionOrchestrator.withInterceptedStreams(EngineExecutionOrchestrator.java:141)
	at org.junit.platform.launcher.core.EngineExecutionOrchestrator.execute(EngineExecutionOrchestrator.java:57)
	at org.junit.platform.launcher.core.DefaultLauncher.execute(DefaultLauncher.java:103)
	at org.junit.platform.launcher.core.DefaultLauncher.execute(DefaultLauncher.java:85)
	at org.junit.platform.launcher.core.DelegatingLauncher.execute(DelegatingLauncher.java:47)
	at org.apache.maven.surefire.junitplatform.LazyLauncher.execute(LazyLauncher.java:56)
	at org.apache.maven.surefire.junitplatform.JUnitPlatformProvider.execute(JUnitPlatformProvider.java:184)
	at org.apache.maven.surefire.junitplatform.JUnitPlatformProvider.invokeAllTests(JUnitPlatformProvider.java:148)
	at org.apache.maven.surefire.junitplatform.JUnitPlatformProvider.invoke(JUnitPlatformProvider.java:120)
	at org.apache.maven.surefire.booter.ForkedBooter.runSuitesInProcess(ForkedBooter.java:385)
	at org.apache.maven.surefire.booter.ForkedBooter.execute(ForkedBooter.java:162)
	at org.apache.maven.surefire.booter.ForkedBooter.run(ForkedBooter.java:507)
	at org.apache.maven.surefire.booter.ForkedBooter.main(ForkedBooter.java:495)
2026-04-06 18:17:45.842 [main] DEBUG c.a.application.AppointmentReminderService - Registered reminder channel: SMSNotification$MockitoMock$AKDBmgmO
2026-04-06 18:17:45.843 [main] DEBUG c.a.application.AppointmentReminderService - Registered reminder channel: SMSNotification$MockitoMock$AKDBmgmO
2026-04-06 18:17:45.846 [main] DEBUG c.a.domain.notifiers.SMSNotification - SMS reminder (stub): userId=u2, messageLength=31
2026-04-06 18:17:45.848 [main] DEBUG c.a.domain.notifiers.SMSNotification - SMS reminder (stub): userId=u2, messageLength=31
2026-04-06 18:17:45.861 [main] DEBUG c.a.application.AppointmentReminderService - Registered reminder channel: Observer$MockitoMock$47zQjdW8
2026-04-06 18:17:48.468 [main] DEBUG com.appointmentscheduler.application.AppConfig - Application configuration loaded
2026-04-06 18:17:53.269 [main] DEBUG c.appointmentscheduler.application.AuditLogService - Audit: ACTION | null | details
2026-04-06 18:17:53.275 [main] DEBUG c.appointmentscheduler.application.AuditLogService - Audit: A2 | N | d2
2026-04-06 18:17:53.277 [main] DEBUG c.appointmentscheduler.application.AuditLogService - Audit: A3 | N | d3 | entity=e1
2026-04-06 18:17:53.278 [main] DEBUG c.appointmentscheduler.application.AuditLogService - Audit: A4 | name | d4
2026-04-06 18:17:58.046 [main] INFO  com.appointmentscheduler.application.AuthService - Login successful for user: john@test.com
2026-04-06 18:18:00.757 [main] WARN  com.appointmentscheduler.application.AuthService - Login attempt for locked account: john@test.com
2026-04-06 18:18:03.711 [main] WARN  com.appointmentscheduler.application.AuthService - Login failed for email: nobody@here.com
2026-04-06 18:18:04.738 [main] WARN  com.appointmentscheduler.application.AuthService - Login failed for email: john@test.com
2026-04-06 18:18:06.555 [main] INFO  com.appointmentscheduler.application.AuthService - Login successful for user: john@test.com
2026-04-06 18:18:07.760 [main] INFO  com.appointmentscheduler.application.AuthService - Login successful for user: john@test.com
2026-04-06 18:18:08.988 [main] INFO  com.appointmentscheduler.application.AuthService - Login successful for user: john@test.com
2026-04-06 18:18:10.095 [main] INFO  com.appointmentscheduler.application.AuthService - Login successful for user: admin@test.com
2026-04-06 18:18:15.515 [main] DEBUG com.appointmentscheduler.application.AppConfig - Application configuration loaded
2026-04-06 18:18:18.501 [main] DEBUG com.appointmentscheduler.application.AppConfig - Application configuration loaded
2026-04-06 18:18:29.988 [main] DEBUG c.appointmentscheduler.application.AuditLogService - Audit: CANCEL | A | Appointment cadm | entity=cadm
2026-04-06 18:18:30.138 [main] DEBUG c.appointmentscheduler.application.AuditLogService - Audit: CANCEL | Pat | Appointment cc | entity=cc
2026-04-06 18:18:30.353 [main] DEBUG c.appointmentscheduler.application.AuditLogService - Audit: CANCEL | Pat | Appointment 7fe325f2-c200-4860-92cd-9b26c3d649b2 | entity=7fe325f2-c200-4860-92cd-9b26c3d649b2
2026-04-06 18:18:30.385 [main] DEBUG c.appointmentscheduler.application.AuditLogService - Audit: MODIFY | Pat | Appointment mid to 2026-04-10T10:00 to 2026-04-10T11:00 | entity=mid
2026-04-06 18:18:30.398 [main] DEBUG c.appointmentscheduler.application.AuditLogService - Audit: MODIFY | Pat | Appointment mod to 2026-04-11T10:00 to 2026-04-11T11:00 | entity=mod
2026-04-06 18:18:30.441 [main] DEBUG c.appointmentscheduler.application.AuditLogService - Audit: MODIFY | Pat | Appointment ev to 2026-04-11T10:00 to 2026-04-11T11:00 | entity=ev
2026-04-06 18:18:30.492 [main] DEBUG c.appointmentscheduler.application.AuditLogService - Audit: MODIFY | A | Appointment adm to 2026-04-11T10:00 to 2026-04-11T11:00 | entity=adm
2026-04-06 18:18:30.537 [main] DEBUG c.appointmentscheduler.application.AuditLogService - Audit: COMPLETE | A | Appointment ex marked COMPLETED | entity=ex
2026-04-06 18:18:30.548 [main] DEBUG c.appointmentscheduler.application.AuditLogService - Audit: COMPLETE | R | Appointment r1 marked COMPLETED | entity=r1
2026-04-06 18:18:30.605 [main] DEBUG c.appointmentscheduler.application.AuditLogService - Audit: COMPLETE | A | Appointment fixed-id marked COMPLETED | entity=fixed-id
2026-04-06 18:18:30.688 [main] DEBUG com.appointmentscheduler.application.AppConfig - Application configuration loaded
2026-04-06 18:18:30.718 [main] DEBUG c.appointmentscheduler.application.AuditLogService - Audit: BOOK | Pat | Appointment 4b9c59ca-a5e5-4227-bb64-9f363c2223fb at 2026-04-14T10:00 to 2026-04-14T11:00 | entity=4b9c59ca-a5e5-4227-bb64-9f363c2223fb
2026-04-06 18:18:30.910 [main] DEBUG c.appointmentscheduler.application.AuditLogService - Audit: BOOK | Pat | Appointment df7001de-355d-4449-9ca6-4eaddcd3f5bc at 2026-04-16T10:00 to 2026-04-16T11:00 | entity=df7001de-355d-4449-9ca6-4eaddcd3f5bc
2026-04-06 18:18:30.919 [main] DEBUG c.appointmentscheduler.application.AuditLogService - Audit: BOOK | Pat | Appointment 9406a52a-064c-45b5-b4e3-d26b948c6582 at 2026-04-08T10:00 to 2026-04-08T11:00 | entity=9406a52a-064c-45b5-b4e3-d26b948c6582
2026-04-06 18:18:30.954 [main] DEBUG c.appointmentscheduler.application.AuditLogService - Audit: BOOK | Pat | Appointment f67b0eaf-4512-471c-b0f4-670a8911cae1 at 2026-04-08T10:00 to 2026-04-08T11:00 | entity=f67b0eaf-4512-471c-b0f4-670a8911cae1
2026-04-06 18:18:31.017 [main] DEBUG c.appointmentscheduler.application.AuditLogService - Audit: BOOK | Pat | Appointment ea2f408e-e2d7-4adf-9cbb-af312dd552cb at 2026-04-10T10:00 to 2026-04-10T11:00 | entity=ea2f408e-e2d7-4adf-9cbb-af312dd552cb
2026-04-06 18:18:45.585 [main] DEBUG com.appointmentscheduler.application.AppConfig - Application configuration loaded
2026-04-06 18:18:45.589 [main] DEBUG com.appointmentscheduler.application.AppConfig - Application configuration loaded
2026-04-06 18:18:45.627 [main] INFO  com.zaxxer.hikari.HikariDataSource - AppointmentBookingPool - Starting...
2026-04-06 18:18:46.647 [main] INFO  com.zaxxer.hikari.pool.HikariPool - AppointmentBookingPool - Added connection conn0: url=jdbc:h2:mem:dbconfig_flyway user=SA
2026-04-06 18:18:46.652 [main] INFO  com.zaxxer.hikari.HikariDataSource - AppointmentBookingPool - Start completed.
2026-04-06 18:18:46.652 [main] INFO  c.a.persistence.database.DatabaseConfig - Database connection pool initialized: jdbc:h2:mem:dbconfig_flyway;DB_CLOSE_DELAY=-1;DATABASE_TO_LOWER=TRUE
2026-04-06 18:18:46.874 [main] INFO  org.flywaydb.core.internal.license.VersionPrinter - Flyway Community Edition 9.22.3 by Redgate
2026-04-06 18:18:46.875 [main] INFO  org.flywaydb.core.internal.license.VersionPrinter - See release notes here: https://rd.gt/416ObMi
2026-04-06 18:18:46.876 [main] INFO  org.flywaydb.core.internal.license.VersionPrinter - 
2026-04-06 18:18:47.020 [main] INFO  org.flywaydb.core.FlywayExecutor - Database: jdbc:h2:mem:dbconfig_flyway (H2 2.2)
2026-04-06 18:18:47.035 [main] WARN  org.flywaydb.core.internal.database.base.Database - Flyway upgrade recommended: H2 2.2.224 is newer than this version of Flyway and support has not been tested. The latest supported version of H2 is 2.2.220.
2026-04-06 18:18:47.088 [main] INFO  o.f.c.i.schemahistory.JdbcTableSchemaHistory - Schema history table "public"."flyway_schema_history" does not exist yet
2026-04-06 18:18:47.097 [main] INFO  org.flywaydb.core.internal.command.DbValidate - Successfully validated 2 migrations (execution time 00:00.036s)
2026-04-06 18:18:47.114 [main] INFO  o.f.c.i.schemahistory.JdbcTableSchemaHistory - Creating Schema History table "public"."flyway_schema_history" ...
2026-04-06 18:18:47.183 [main] INFO  org.flywaydb.core.internal.command.DbMigrate - Current version of schema "public": << Empty Schema >>
2026-04-06 18:18:47.231 [main] INFO  org.flywaydb.core.internal.command.DbMigrate - Migrating schema "public" to version "1 - enterprise schema"
2026-04-06 18:18:47.348 [main] INFO  org.flywaydb.core.internal.command.DbMigrate - Migrating schema "public" to version "2 - booking request fields"
2026-04-06 18:18:47.488 [main] INFO  org.flywaydb.core.internal.command.DbMigrate - Successfully applied 2 migrations to schema "public", now at version v2 (execution time 00:00.217s)
2026-04-06 18:18:47.490 [main] INFO  c.a.persistence.database.DatabaseConfig - Flyway migrations executed: 2
2026-04-06 18:18:47.639 [main] INFO  com.zaxxer.hikari.HikariDataSource - AppointmentBookingPool - Shutdown initiated...
2026-04-06 18:18:47.645 [main] INFO  com.zaxxer.hikari.HikariDataSource - AppointmentBookingPool - Shutdown completed.
2026-04-06 18:18:47.645 [main] INFO  c.a.persistence.database.DatabaseConfig - Database connection pool closed
2026-04-06 18:18:47.645 [main] INFO  com.zaxxer.hikari.HikariDataSource - AppointmentBookingPool - Starting...
2026-04-06 18:18:47.648 [main] INFO  com.zaxxer.hikari.pool.HikariPool - AppointmentBookingPool - Added connection conn3: url=jdbc:h2:mem:dbconfig_flyway user=SA
2026-04-06 18:18:47.648 [main] INFO  com.zaxxer.hikari.HikariDataSource - AppointmentBookingPool - Start completed.
2026-04-06 18:18:47.649 [main] INFO  c.a.persistence.database.DatabaseConfig - Database connection pool initialized: jdbc:h2:mem:dbconfig_flyway;DB_CLOSE_DELAY=-1;DATABASE_TO_LOWER=TRUE
2026-04-06 18:18:47.655 [main] INFO  org.flywaydb.core.FlywayExecutor - Database: jdbc:h2:mem:dbconfig_flyway (H2 2.2)
2026-04-06 18:18:47.662 [main] WARN  org.flywaydb.core.internal.database.base.Database - Flyway upgrade recommended: H2 2.2.224 is newer than this version of Flyway and support has not been tested. The latest supported version of H2 is 2.2.220.
2026-04-06 18:18:47.672 [main] INFO  org.flywaydb.core.internal.command.DbValidate - Successfully validated 2 migrations (execution time 00:00.008s)
2026-04-06 18:18:47.681 [main] INFO  org.flywaydb.core.internal.command.DbMigrate - Current version of schema "public": 2
2026-04-06 18:18:47.682 [main] INFO  org.flywaydb.core.internal.command.DbMigrate - Schema "public" is up to date. No migration necessary.
2026-04-06 18:18:47.683 [main] INFO  c.a.persistence.database.DatabaseConfig - Flyway migrations executed: 0
2026-04-06 18:18:47.688 [main] INFO  com.zaxxer.hikari.HikariDataSource - AppointmentBookingPool - Shutdown initiated...
2026-04-06 18:18:47.711 [main] INFO  com.zaxxer.hikari.HikariDataSource - AppointmentBookingPool - Shutdown completed.
2026-04-06 18:18:47.711 [main] INFO  c.a.persistence.database.DatabaseConfig - Database connection pool closed
2026-04-06 18:18:47.712 [main] DEBUG com.appointmentscheduler.application.AppConfig - Application configuration loaded
2026-04-06 18:18:47.737 [main] DEBUG com.appointmentscheduler.application.AppConfig - Application configuration loaded
2026-04-06 18:18:47.739 [main] DEBUG com.appointmentscheduler.application.AppConfig - Application configuration loaded
2026-04-06 18:19:01.677 [main] DEBUG c.a.application.InAppMessagingService - Customer contact stored in staff inbox id=76c15797-8855-4112-8c5f-9bd2ba97f513 customerId=p1
2026-04-06 18:19:01.939 [main] DEBUG c.a.application.InAppMessagingService - In-app message stored userId=p1 correlationId=1129d448-7262-422e-b617-3f8531ead4d5
2026-04-06 18:19:01.944 [main] DEBUG c.a.application.InAppMessagingService - In-app message stored userId=p1 correlationId=57364b72-30f6-414a-82ef-f2e1bf547177
2026-04-06 18:19:01.951 [main] DEBUG c.a.application.InAppMessagingService - In-app message stored userId=p1 correlationId=a503d527-d349-425b-bcef-ed8e1eb45574
2026-04-06 18:19:01.952 [main] DEBUG c.a.application.InAppMessagingService - In-app message stored userId=p2 correlationId=df51d5dc-2e2c-44e4-a7eb-339515416014
2026-04-06 18:19:33.853 [main] DEBUG c.appointmentscheduler.application.AuditLogService - Audit: CANCEL_RECURRENCE_SINGLE | N | Occurrence sid_1775732400 | entity=sid_1775732400
2026-04-06 18:19:33.873 [main] DEBUG c.appointmentscheduler.application.AuditLogService - Audit: CANCEL_RECURRENCE_SERIES | N | Series SER123 occurrence a1 | entity=a1
2026-04-06 18:19:33.873 [main] DEBUG c.appointmentscheduler.application.AuditLogService - Audit: CANCEL_RECURRENCE_SERIES | N | Series SER123 occurrence a2 | entity=a2
2026-04-06 18:19:39.593 [main] DEBUG com.appointmentscheduler.application.AppConfig - Application configuration loaded
2026-04-06 18:19:42.009 [main] DEBUG com.appointmentscheduler.application.AppConfig - Application configuration loaded
2026-04-06 18:19:42.065 [main] DEBUG com.appointmentscheduler.application.AppConfig - Application configuration loaded
2026-04-06 18:19:42.150 [main] DEBUG com.appointmentscheduler.application.AppConfig - Application configuration loaded
2026-04-06 18:19:42.182 [main] DEBUG com.appointmentscheduler.application.AppConfig - Application configuration loaded
2026-04-06 18:19:42.199 [main] DEBUG com.appointmentscheduler.application.AppConfig - Application configuration loaded
2026-04-06 18:19:42.253 [main] DEBUG com.appointmentscheduler.application.AppConfig - Application configuration loaded
2026-04-06 18:19:42.268 [main] DEBUG com.appointmentscheduler.application.AppConfig - Application configuration loaded
2026-04-06 18:19:42.297 [main] DEBUG com.appointmentscheduler.application.AppConfig - Application configuration loaded
2026-04-06 18:19:42.316 [main] DEBUG com.appointmentscheduler.application.AppConfig - Application configuration loaded
2026-04-06 18:19:45.404 [main] DEBUG com.appointmentscheduler.application.AppConfig - Application configuration loaded
2026-04-06 18:19:45.706 [main] DEBUG com.appointmentscheduler.application.AppConfig - Application configuration loaded
2026-04-06 18:19:45.761 [main] DEBUG com.appointmentscheduler.application.AppConfig - Application configuration loaded
2026-04-06 18:20:28.853 [main] DEBUG com.appointmentscheduler.application.AppConfig - Application configuration loaded
2026-04-06 18:20:38.465 [main] INFO  com.zaxxer.hikari.HikariDataSource - HikariPool-1 - Starting...
2026-04-06 18:20:39.381 [main] INFO  com.zaxxer.hikari.pool.HikariPool - HikariPool-1 - Added connection conn0: url=jdbc:h2:mem:jdbc_repo_test user=SA
2026-04-06 18:20:39.389 [main] INFO  com.zaxxer.hikari.HikariDataSource - HikariPool-1 - Start completed.
2026-04-06 18:20:40.181 [main] INFO  com.zaxxer.hikari.HikariDataSource - HikariPool-1 - Shutdown initiated...
2026-04-06 18:20:40.187 [main] INFO  com.zaxxer.hikari.HikariDataSource - HikariPool-1 - Shutdown completed.
2026-04-06 18:20:59.288 [JavaFX Application Thread] DEBUG com.appointmentscheduler.application.AppConfig - Application configuration loaded
2026-04-06 18:21:15.234 [main] WARN  c.appointmentscheduler.presentation.ErrorHandler - warn msg
2026-04-06 18:21:15.295 [main] WARN  c.appointmentscheduler.presentation.ErrorHandler - warn msg
java.io.IOException: boom
	at com.appointmentscheduler.presentation.ErrorHandlerTest.lambda$logWarning_withThrowable_doesNotThrow$0(ErrorHandlerTest.java:18)
	at org.assertj.core.api.ThrowableAssert.catchThrowable(ThrowableAssert.java:63)
	at org.assertj.core.api.AssertionsForClassTypes.catchThrowable(AssertionsForClassTypes.java:892)
	at org.assertj.core.api.AssertionsForClassTypes.assertThatCode(AssertionsForClassTypes.java:863)
	at org.assertj.core.api.Assertions.assertThatCode(Assertions.java:1287)
	at com.appointmentscheduler.presentation.ErrorHandlerTest.logWarning_withThrowable_doesNotThrow(ErrorHandlerTest.java:18)
	at java.base/jdk.internal.reflect.DirectMethodHandleAccessor.invoke(DirectMethodHandleAccessor.java:104)
	at java.base/java.lang.reflect.Method.invoke(Method.java:565)
	at org.junit.platform.commons.util.ReflectionUtils.invokeMethod(ReflectionUtils.java:728)
	at org.junit.jupiter.engine.execution.MethodInvocation.proceed(MethodInvocation.java:60)
	at org.junit.jupiter.engine.execution.InvocationInterceptorChain$ValidatingInvocation.proceed(InvocationInterceptorChain.java:131)
	at org.junit.jupiter.engine.extension.TimeoutExtension.intercept(TimeoutExtension.java:156)
	at org.junit.jupiter.engine.extension.TimeoutExtension.interceptTestableMethod(TimeoutExtension.java:147)
	at org.junit.jupiter.engine.extension.TimeoutExtension.interceptTestMethod(TimeoutExtension.java:86)
	at org.junit.jupiter.engine.execution.InterceptingExecutableInvoker$ReflectiveInterceptorCall.lambda$ofVoidMethod$0(InterceptingExecutableInvoker.java:103)
	at org.junit.jupiter.engine.execution.InterceptingExecutableInvoker.lambda$invoke$0(InterceptingExecutableInvoker.java:93)
	at org.junit.jupiter.engine.execution.InvocationInterceptorChain$InterceptedInvocation.proceed(InvocationInterceptorChain.java:106)
	at org.junit.jupiter.engine.execution.InvocationInterceptorChain.proceed(InvocationInterceptorChain.java:64)
	at org.junit.jupiter.engine.execution.InvocationInterceptorChain.chainAndInvoke(InvocationInterceptorChain.java:45)
	at org.junit.jupiter.engine.execution.InvocationInterceptorChain.invoke(InvocationInterceptorChain.java:37)
	at org.junit.jupiter.engine.execution.InterceptingExecutableInvoker.invoke(InterceptingExecutableInvoker.java:92)
	at org.junit.jupiter.engine.execution.InterceptingExecutableInvoker.invoke(InterceptingExecutableInvoker.java:86)
	at org.junit.jupiter.engine.descriptor.TestMethodTestDescriptor.lambda$invokeTestMethod$7(TestMethodTestDescriptor.java:218)
	at org.junit.platform.engine.support.hierarchical.ThrowableCollector.execute(ThrowableCollector.java:73)
	at org.junit.jupiter.engine.descriptor.TestMethodTestDescriptor.invokeTestMethod(TestMethodTestDescriptor.java:214)
	at org.junit.jupiter.engine.descriptor.TestMethodTestDescriptor.execute(TestMethodTestDescriptor.java:139)
	at org.junit.jupiter.engine.descriptor.TestMethodTestDescriptor.execute(TestMethodTestDescriptor.java:69)
	at org.junit.platform.engine.support.hierarchical.NodeTestTask.lambda$executeRecursively$6(NodeTestTask.java:151)
	at org.junit.platform.engine.support.hierarchical.ThrowableCollector.execute(ThrowableCollector.java:73)
	at org.junit.platform.engine.support.hierarchical.NodeTestTask.lambda$executeRecursively$8(NodeTestTask.java:141)
	at org.junit.platform.engine.support.hierarchical.Node.around(Node.java:137)
	at org.junit.platform.engine.support.hierarchical.NodeTestTask.lambda$executeRecursively$9(NodeTestTask.java:139)
	at org.junit.platform.engine.support.hierarchical.ThrowableCollector.execute(ThrowableCollector.java:73)
	at org.junit.platform.engine.support.hierarchical.NodeTestTask.executeRecursively(NodeTestTask.java:138)
	at org.junit.platform.engine.support.hierarchical.NodeTestTask.execute(NodeTestTask.java:95)
	at java.base/java.util.ArrayList.forEach(ArrayList.java:1604)
	at org.junit.platform.engine.support.hierarchical.SameThreadHierarchicalTestExecutorService.invokeAll(SameThreadHierarchicalTestExecutorService.java:41)
	at org.junit.platform.engine.support.hierarchical.NodeTestTask.lambda$executeRecursively$6(NodeTestTask.java:155)
	at org.junit.platform.engine.support.hierarchical.ThrowableCollector.execute(ThrowableCollector.java:73)
	at org.junit.platform.engine.support.hierarchical.NodeTestTask.lambda$executeRecursively$8(NodeTestTask.java:141)
	at org.junit.platform.engine.support.hierarchical.Node.around(Node.java:137)
	at org.junit.platform.engine.support.hierarchical.NodeTestTask.lambda$executeRecursively$9(NodeTestTask.java:139)
	at org.junit.platform.engine.support.hierarchical.ThrowableCollector.execute(ThrowableCollector.java:73)
	at org.junit.platform.engine.support.hierarchical.NodeTestTask.executeRecursively(NodeTestTask.java:138)
	at org.junit.platform.engine.support.hierarchical.NodeTestTask.execute(NodeTestTask.java:95)
	at java.base/java.util.ArrayList.forEach(ArrayList.java:1604)
	at org.junit.platform.engine.support.hierarchical.SameThreadHierarchicalTestExecutorService.invokeAll(SameThreadHierarchicalTestExecutorService.java:41)
	at org.junit.platform.engine.support.hierarchical.NodeTestTask.lambda$executeRecursively$6(NodeTestTask.java:155)
	at org.junit.platform.engine.support.hierarchical.ThrowableCollector.execute(ThrowableCollector.java:73)
	at org.junit.platform.engine.support.hierarchical.NodeTestTask.lambda$executeRecursively$8(NodeTestTask.java:141)
	at org.junit.platform.engine.support.hierarchical.Node.around(Node.java:137)
	at org.junit.platform.engine.support.hierarchical.NodeTestTask.lambda$executeRecursively$9(NodeTestTask.java:139)
	at org.junit.platform.engine.support.hierarchical.ThrowableCollector.execute(ThrowableCollector.java:73)
	at org.junit.platform.engine.support.hierarchical.NodeTestTask.executeRecursively(NodeTestTask.java:138)
	at org.junit.platform.engine.support.hierarchical.NodeTestTask.execute(NodeTestTask.java:95)
	at org.junit.platform.engine.support.hierarchical.SameThreadHierarchicalTestExecutorService.submit(SameThreadHierarchicalTestExecutorService.java:35)
	at org.junit.platform.engine.support.hierarchical.HierarchicalTestExecutor.execute(HierarchicalTestExecutor.java:57)
	at org.junit.platform.engine.support.hierarchical.HierarchicalTestEngine.execute(HierarchicalTestEngine.java:54)
	at org.junit.platform.launcher.core.EngineExecutionOrchestrator.execute(EngineExecutionOrchestrator.java:198)
	at org.junit.platform.launcher.core.EngineExecutionOrchestrator.execute(EngineExecutionOrchestrator.java:169)
	at org.junit.platform.launcher.core.EngineExecutionOrchestrator.execute(EngineExecutionOrchestrator.java:93)
	at org.junit.platform.launcher.core.EngineExecutionOrchestrator.lambda$execute$0(EngineExecutionOrchestrator.java:58)
	at org.junit.platform.launcher.core.EngineExecutionOrchestrator.withInterceptedStreams(EngineExecutionOrchestrator.java:141)
	at org.junit.platform.launcher.core.EngineExecutionOrchestrator.execute(EngineExecutionOrchestrator.java:57)
	at org.junit.platform.launcher.core.DefaultLauncher.execute(DefaultLauncher.java:103)
	at org.junit.platform.launcher.core.DefaultLauncher.execute(DefaultLauncher.java:85)
	at org.junit.platform.launcher.core.DelegatingLauncher.execute(DelegatingLauncher.java:47)
	at org.apache.maven.surefire.junitplatform.LazyLauncher.execute(LazyLauncher.java:56)
	at org.apache.maven.surefire.junitplatform.JUnitPlatformProvider.execute(JUnitPlatformProvider.java:184)
	at org.apache.maven.surefire.junitplatform.JUnitPlatformProvider.invokeAllTests(JUnitPlatformProvider.java:148)
	at org.apache.maven.surefire.junitplatform.JUnitPlatformProvider.invoke(JUnitPlatformProvider.java:120)
	at org.apache.maven.surefire.booter.ForkedBooter.runSuitesInProcess(ForkedBooter.java:385)
	at org.apache.maven.surefire.booter.ForkedBooter.execute(ForkedBooter.java:162)
	at org.apache.maven.surefire.booter.ForkedBooter.run(ForkedBooter.java:507)
	at org.apache.maven.surefire.booter.ForkedBooter.main(ForkedBooter.java:495)
2026-04-06 18:21:22.279 [main] DEBUG com.appointmentscheduler.application.AppConfig - Application configuration loaded
2026-04-06 18:21:25.155 [JavaFX Application Thread] ERROR c.a.presentation.LoginController - Registration save failed for email auto.123581104137600@test.com
java.lang.RuntimeException: boom
	at com.appointmentscheduler.presentation.LoginController.handleOpenRegistration(LoginController.java:215)
	at com.appointmentscheduler.presentation.LoginControllerCoverageTest.lambda$runOnFxVoid$0(LoginControllerCoverageTest.java:275)
	at com.sun.javafx.application.PlatformImpl.lambda$runLater$10(PlatformImpl.java:457)
	at java.base/java.security.AccessController.doPrivileged(AccessController.java:138)
	at com.sun.javafx.application.PlatformImpl.lambda$runLater$11(PlatformImpl.java:456)
	at com.sun.glass.ui.InvokeLaterDispatcher$Future.run(InvokeLaterDispatcher.java:96)
	at com.sun.glass.ui.win.WinApplication._runLoop(Native Method)
	at com.sun.glass.ui.win.WinApplication.lambda$runLoop$3(WinApplication.java:184)
	at java.base/java.lang.Thread.run(Thread.java:1447)
2026-04-06 18:21:28.787 [main] DEBUG com.appointmentscheduler.application.AppConfig - Application configuration loaded
2026-04-06 18:21:28.904 [main] DEBUG c.a.application.AppointmentReminderService - Registered reminder channel: SMSNotification
2026-04-06 18:21:30.266 [main] DEBUG com.appointmentscheduler.application.AppConfig - Application configuration loaded
2026-04-06 18:21:30.987 [main] DEBUG com.appointmentscheduler.application.AppConfig - Application configuration loaded
2026-04-06 18:21:31.131 [main] DEBUG com.appointmentscheduler.application.AppConfig - Application configuration loaded
2026-04-06 18:21:50.947 [JavaFX Application Thread] DEBUG com.appointmentscheduler.application.AppConfig - Application configuration loaded
2026-04-06 18:21:51.003 [JavaFX Application Thread] INFO  com.zaxxer.hikari.HikariDataSource - AppointmentBookingPool - Starting...
2026-04-06 18:21:51.891 [JavaFX Application Thread] INFO  com.zaxxer.hikari.pool.HikariPool - AppointmentBookingPool - Added connection com.mysql.cj.jdbc.ConnectionImpl@2642c34f
2026-04-06 18:21:51.895 [JavaFX Application Thread] INFO  com.zaxxer.hikari.HikariDataSource - AppointmentBookingPool - Start completed.
2026-04-06 18:21:51.897 [JavaFX Application Thread] INFO  c.a.persistence.database.DatabaseConfig - Database connection pool initialized: jdbc:mysql://localhost:3306/appointment?useUnicode=true&characterEncoding=UTF-8&serverTimezone=UTC&useSSL=false&allowPublicKeyRetrieval=true
2026-04-06 18:21:51.929 [JavaFX Application Thread] INFO  c.a.persistence.database.DatabaseConfig - MySQL: table app_user verified/created
2026-04-06 18:21:52.011 [JavaFX Application Thread] DEBUG c.a.persistence.database.DatabaseConfig - MySQL (skipped): ALTER TABLE appointment ADD COLUMN customer_notes VARCHAR(2000) NULL — Duplicate column name 'customer_notes'
2026-04-06 18:21:52.012 [JavaFX Application Thread] DEBUG c.a.persistence.database.DatabaseConfig - MySQL (skipped): ALTER TABLE appointment ADD COLUMN contact_phone VARCHAR(64) NULL — Duplicate column name 'contact_phone'
2026-04-06 18:21:52.014 [JavaFX Application Thread] DEBUG c.a.persistence.database.DatabaseConfig - MySQL (skipped): ALTER TABLE appointment ADD COLUMN reminder_channel VARCHAR(32) NULL — Duplicate column name 'reminder_channel'
2026-04-06 18:21:52.017 [JavaFX Application Thread] DEBUG c.a.persistence.database.DatabaseConfig - MySQL (skipped): ALTER TABLE appointment ADD COLUMN accessibility_needs VARCHAR(512) NULL — Duplicate column name 'accessibility_needs'
2026-04-06 18:21:52.020 [JavaFX Application Thread] DEBUG c.a.persistence.database.DatabaseConfig - MySQL (skipped): ALTER TABLE appointment ADD COLUMN preferred_language VARCHAR(16) NULL — Duplicate column name 'preferred_language'
2026-04-06 18:21:52.038 [JavaFX Application Thread] INFO  com.appointmentscheduler.presentation.MainApp - Using database persistence (MySQL). User and appointment data will be saved.
2026-04-06 18:21:52.047 [JavaFX Application Thread] DEBUG c.a.application.AppointmentReminderService - Registered reminder channel: SMSNotification
2026-04-06 18:21:52.156 [JavaFX Application Thread] INFO  com.appointmentscheduler.presentation.MainApp - Starting Appointment Booking System v3.0.0
2026-04-06 18:21:58.133 [JavaFX Application Thread] DEBUG c.appointmentscheduler.application.AuditLogService - Audit: DAY_CLOSED | Forced Admin | Closed calendar day: 2026-04-06
2026-04-06 18:21:58.145 [JavaFX Application Thread] DEBUG c.appointmentscheduler.application.AuditLogService - Audit: DAY_REOPENED | Forced Admin | Reopened calendar day: 2026-04-06
2026-04-06 18:22:06.920 [Thread-4] INFO  com.zaxxer.hikari.HikariDataSource - AppointmentBookingPool - Shutdown initiated...
2026-04-06 18:22:07.043 [Thread-4] INFO  com.zaxxer.hikari.HikariDataSource - AppointmentBookingPool - Shutdown completed.
2026-04-06 18:22:07.045 [Thread-4] INFO  c.a.persistence.database.DatabaseConfig - Database connection pool closed
2026-04-06 18:22:10.397 [JavaFX Application Thread] DEBUG com.appointmentscheduler.application.AppConfig - Application configuration loaded
2026-04-06 18:22:10.426 [JavaFX Application Thread] INFO  com.zaxxer.hikari.HikariDataSource - AppointmentBookingPool - Starting...
2026-04-06 18:22:11.009 [JavaFX Application Thread] INFO  com.zaxxer.hikari.pool.HikariPool - AppointmentBookingPool - Added connection com.mysql.cj.jdbc.ConnectionImpl@17691c7a
2026-04-06 18:22:11.014 [JavaFX Application Thread] INFO  com.zaxxer.hikari.HikariDataSource - AppointmentBookingPool - Start completed.
2026-04-06 18:22:11.014 [JavaFX Application Thread] INFO  c.a.persistence.database.DatabaseConfig - Database connection pool initialized: jdbc:mysql://localhost:3306/appointment?useUnicode=true&characterEncoding=UTF-8&serverTimezone=UTC&useSSL=false&allowPublicKeyRetrieval=true
2026-04-06 18:22:11.040 [JavaFX Application Thread] INFO  c.a.persistence.database.DatabaseConfig - MySQL: table app_user verified/created
2026-04-06 18:22:11.113 [JavaFX Application Thread] DEBUG c.a.persistence.database.DatabaseConfig - MySQL (skipped): ALTER TABLE appointment ADD COLUMN customer_notes VARCHAR(2000) NULL — Duplicate column name 'customer_notes'
2026-04-06 18:22:11.115 [JavaFX Application Thread] DEBUG c.a.persistence.database.DatabaseConfig - MySQL (skipped): ALTER TABLE appointment ADD COLUMN contact_phone VARCHAR(64) NULL — Duplicate column name 'contact_phone'
2026-04-06 18:22:11.116 [JavaFX Application Thread] DEBUG c.a.persistence.database.DatabaseConfig - MySQL (skipped): ALTER TABLE appointment ADD COLUMN reminder_channel VARCHAR(32) NULL — Duplicate column name 'reminder_channel'
2026-04-06 18:22:11.117 [JavaFX Application Thread] DEBUG c.a.persistence.database.DatabaseConfig - MySQL (skipped): ALTER TABLE appointment ADD COLUMN accessibility_needs VARCHAR(512) NULL — Duplicate column name 'accessibility_needs'
2026-04-06 18:22:11.118 [JavaFX Application Thread] DEBUG c.a.persistence.database.DatabaseConfig - MySQL (skipped): ALTER TABLE appointment ADD COLUMN preferred_language VARCHAR(16) NULL — Duplicate column name 'preferred_language'
2026-04-06 18:22:11.139 [JavaFX Application Thread] INFO  com.appointmentscheduler.presentation.MainApp - Using database persistence (MySQL). User and appointment data will be saved.
2026-04-06 18:22:11.148 [JavaFX Application Thread] DEBUG c.a.application.AppointmentReminderService - Registered reminder channel: SMSNotification
2026-04-06 18:22:11.268 [JavaFX Application Thread] INFO  com.appointmentscheduler.presentation.MainApp - Starting Appointment Booking System v3.0.0
2026-04-06 18:22:17.120 [JavaFX Application Thread] DEBUG c.appointmentscheduler.application.AuditLogService - Audit: DAY_CLOSED | Admin Sweep | Closed calendar day: 2026-04-06
2026-04-06 18:22:17.137 [JavaFX Application Thread] DEBUG c.appointmentscheduler.application.AuditLogService - Audit: DAY_REOPENED | Admin Sweep | Reopened calendar day: 2026-04-06
2026-04-06 18:22:21.231 [Thread-4] INFO  com.zaxxer.hikari.HikariDataSource - AppointmentBookingPool - Shutdown initiated...
2026-04-06 18:22:21.427 [JavaFX Application Thread] ERROR com.appointmentscheduler.presentation.MainApp - Uncaught exception in thread JavaFX Application Thread
java.lang.RuntimeException: Error creating a Renderer
	at com.sun.scenario.effect.impl.Renderer.getRenderer(Renderer.java:385)
	at com.sun.scenario.effect.Effect.releaseCompatibleImage(Effect.java:492)
	at com.sun.scenario.effect.ImageData.unref(ImageData.java:196)
	at com.sun.javafx.sg.prism.CacheFilter.imageDataUnref(CacheFilter.java:341)
	at com.sun.javafx.sg.prism.CacheFilter.invalidate(CacheFilter.java:324)
	at com.sun.javafx.sg.prism.NGNode.invalidateCache(NGNode.java:946)
	at com.sun.javafx.sg.prism.NGNode.markTreeDirty(NGNode.java:872)
	at com.sun.javafx.sg.prism.NGNode.markTreeDirtyNoIncrement(NGNode.java:842)
	at com.sun.javafx.sg.prism.NGGroup.add(NGGroup.java:123)
	at javafx.scene.Parent.doUpdatePeer(Parent.java:177)
	at javafx.scene.Parent$1.doUpdatePeer(Parent.java:109)
	at com.sun.javafx.scene.ParentHelper.updatePeerImpl(ParentHelper.java:78)
	at com.sun.javafx.scene.layout.RegionHelper.updatePeerImpl(RegionHelper.java:72)
	at com.sun.javafx.scene.NodeHelper.updatePeer(NodeHelper.java:103)
	at javafx.scene.Node.syncPeer(Node.java:715)
	at javafx.scene.Scene$ScenePulseListener.synchronizeSceneNodes(Scene.java:2399)
	at javafx.scene.Scene$ScenePulseListener.pulse(Scene.java:2545)
	at com.sun.javafx.tk.Toolkit.lambda$runPulse$2(Toolkit.java:423)
	at java.base/java.security.AccessController.doPrivileged(AccessController.java:138)
	at com.sun.javafx.tk.Toolkit.runPulse(Toolkit.java:422)
	at com.sun.javafx.tk.Toolkit.firePulse(Toolkit.java:452)
	at com.sun.javafx.tk.quantum.QuantumToolkit.pulse(QuantumToolkit.java:575)
	at com.sun.javafx.tk.quantum.QuantumToolkit.pulse(QuantumToolkit.java:555)
	at com.sun.javafx.tk.quantum.QuantumToolkit.pulseFromQueue(QuantumToolkit.java:548)
	at com.sun.javafx.tk.quantum.QuantumToolkit.lambda$runToolkit$11(QuantumToolkit.java:353)
	at com.sun.glass.ui.InvokeLaterDispatcher$Future.run(InvokeLaterDispatcher.java:96)
	at com.sun.glass.ui.win.WinApplication._runLoop(Native Method)
	at com.sun.glass.ui.win.WinApplication.lambda$runLoop$3(WinApplication.java:184)
	at java.base/java.lang.Thread.run(Thread.java:1447)
2026-04-06 18:22:21.442 [Thread-4] INFO  com.zaxxer.hikari.HikariDataSource - AppointmentBookingPool - Shutdown completed.
2026-04-06 18:22:21.442 [Thread-4] INFO  c.a.persistence.database.DatabaseConfig - Database connection pool closed
2026-04-06 18:22:24.309 [JavaFX Application Thread] DEBUG com.appointmentscheduler.application.AppConfig - Application configuration loaded
2026-04-06 18:22:24.351 [JavaFX Application Thread] INFO  com.zaxxer.hikari.HikariDataSource - AppointmentBookingPool - Starting...
2026-04-06 18:22:25.010 [JavaFX Application Thread] INFO  com.zaxxer.hikari.pool.HikariPool - AppointmentBookingPool - Added connection com.mysql.cj.jdbc.ConnectionImpl@15c938a6
2026-04-06 18:22:25.013 [JavaFX Application Thread] INFO  com.zaxxer.hikari.HikariDataSource - AppointmentBookingPool - Start completed.
2026-04-06 18:22:25.014 [JavaFX Application Thread] INFO  c.a.persistence.database.DatabaseConfig - Database connection pool initialized: jdbc:mysql://localhost:3306/appointment?useUnicode=true&characterEncoding=UTF-8&serverTimezone=UTC&useSSL=false&allowPublicKeyRetrieval=true
2026-04-06 18:22:25.034 [JavaFX Application Thread] INFO  c.a.persistence.database.DatabaseConfig - MySQL: table app_user verified/created
2026-04-06 18:22:25.086 [JavaFX Application Thread] DEBUG c.a.persistence.database.DatabaseConfig - MySQL (skipped): ALTER TABLE appointment ADD COLUMN customer_notes VARCHAR(2000) NULL — Duplicate column name 'customer_notes'
2026-04-06 18:22:25.087 [JavaFX Application Thread] DEBUG c.a.persistence.database.DatabaseConfig - MySQL (skipped): ALTER TABLE appointment ADD COLUMN contact_phone VARCHAR(64) NULL — Duplicate column name 'contact_phone'
2026-04-06 18:22:25.090 [JavaFX Application Thread] DEBUG c.a.persistence.database.DatabaseConfig - MySQL (skipped): ALTER TABLE appointment ADD COLUMN reminder_channel VARCHAR(32) NULL — Duplicate column name 'reminder_channel'
2026-04-06 18:22:25.091 [JavaFX Application Thread] DEBUG c.a.persistence.database.DatabaseConfig - MySQL (skipped): ALTER TABLE appointment ADD COLUMN accessibility_needs VARCHAR(512) NULL — Duplicate column name 'accessibility_needs'
2026-04-06 18:22:25.092 [JavaFX Application Thread] DEBUG c.a.persistence.database.DatabaseConfig - MySQL (skipped): ALTER TABLE appointment ADD COLUMN preferred_language VARCHAR(16) NULL — Duplicate column name 'preferred_language'
2026-04-06 18:22:25.112 [JavaFX Application Thread] INFO  com.appointmentscheduler.presentation.MainApp - Using database persistence (MySQL). User and appointment data will be saved.
2026-04-06 18:22:25.119 [JavaFX Application Thread] DEBUG c.a.application.AppointmentReminderService - Registered reminder channel: SMSNotification
2026-04-06 18:22:25.246 [JavaFX Application Thread] INFO  com.appointmentscheduler.presentation.MainApp - Starting Appointment Booking System v3.0.0
2026-04-06 18:22:31.040 [Thread-4] INFO  com.zaxxer.hikari.HikariDataSource - AppointmentBookingPool - Shutdown initiated...
2026-04-06 18:22:31.131 [Thread-4] INFO  com.zaxxer.hikari.HikariDataSource - AppointmentBookingPool - Shutdown completed.
2026-04-06 18:22:31.131 [Thread-4] INFO  c.a.persistence.database.DatabaseConfig - Database connection pool closed
2026-04-06 18:22:34.243 [JavaFX Application Thread] DEBUG com.appointmentscheduler.application.AppConfig - Application configuration loaded
2026-04-06 18:22:34.276 [JavaFX Application Thread] INFO  com.zaxxer.hikari.HikariDataSource - AppointmentBookingPool - Starting...
2026-04-06 18:22:34.667 [JavaFX Application Thread] INFO  com.zaxxer.hikari.pool.HikariPool - AppointmentBookingPool - Added connection com.mysql.cj.jdbc.ConnectionImpl@854f03b
2026-04-06 18:22:34.671 [JavaFX Application Thread] INFO  com.zaxxer.hikari.HikariDataSource - AppointmentBookingPool - Start completed.
2026-04-06 18:22:34.671 [JavaFX Application Thread] INFO  c.a.persistence.database.DatabaseConfig - Database connection pool initialized: jdbc:mysql://localhost:3306/appointment?useUnicode=true&characterEncoding=UTF-8&serverTimezone=UTC&useSSL=false&allowPublicKeyRetrieval=true
2026-04-06 18:22:34.690 [JavaFX Application Thread] INFO  c.a.persistence.database.DatabaseConfig - MySQL: table app_user verified/created
2026-04-06 18:22:34.756 [JavaFX Application Thread] DEBUG c.a.persistence.database.DatabaseConfig - MySQL (skipped): ALTER TABLE appointment ADD COLUMN customer_notes VARCHAR(2000) NULL — Duplicate column name 'customer_notes'
2026-04-06 18:22:34.758 [JavaFX Application Thread] DEBUG c.a.persistence.database.DatabaseConfig - MySQL (skipped): ALTER TABLE appointment ADD COLUMN contact_phone VARCHAR(64) NULL — Duplicate column name 'contact_phone'
2026-04-06 18:22:34.759 [JavaFX Application Thread] DEBUG c.a.persistence.database.DatabaseConfig - MySQL (skipped): ALTER TABLE appointment ADD COLUMN reminder_channel VARCHAR(32) NULL — Duplicate column name 'reminder_channel'
2026-04-06 18:22:34.760 [JavaFX Application Thread] DEBUG c.a.persistence.database.DatabaseConfig - MySQL (skipped): ALTER TABLE appointment ADD COLUMN accessibility_needs VARCHAR(512) NULL — Duplicate column name 'accessibility_needs'
2026-04-06 18:22:34.761 [JavaFX Application Thread] DEBUG c.a.persistence.database.DatabaseConfig - MySQL (skipped): ALTER TABLE appointment ADD COLUMN preferred_language VARCHAR(16) NULL — Duplicate column name 'preferred_language'
2026-04-06 18:22:34.774 [JavaFX Application Thread] INFO  com.appointmentscheduler.presentation.MainApp - Using database persistence (MySQL). User and appointment data will be saved.
2026-04-06 18:22:34.780 [JavaFX Application Thread] DEBUG c.a.application.AppointmentReminderService - Registered reminder channel: SMSNotification
2026-04-06 18:22:34.886 [JavaFX Application Thread] INFO  com.appointmentscheduler.presentation.MainApp - Starting Appointment Booking System v3.0.0
2026-04-06 18:22:38.377 [JavaFX Application Thread] DEBUG c.appointmentscheduler.application.AuditLogService - Audit: LOGIN_FAILED | admin@admin.com | Invalid credentials
2026-04-06 18:22:38.377 [JavaFX Application Thread] WARN  com.appointmentscheduler.application.AuthService - Login failed for email: admin@admin.com
2026-04-06 18:22:43.600 [JavaFX Application Thread] DEBUG c.appointmentscheduler.application.AuditLogService - Audit: LOGIN_FAILED | customer@example.com | Invalid credentials
2026-04-06 18:22:43.600 [JavaFX Application Thread] WARN  com.appointmentscheduler.application.AuthService - Login failed for email: customer@example.com
2026-04-06 18:22:45.970 [Thread-4] INFO  com.zaxxer.hikari.HikariDataSource - AppointmentBookingPool - Shutdown initiated...
2026-04-06 18:22:46.062 [Thread-4] INFO  com.zaxxer.hikari.HikariDataSource - AppointmentBookingPool - Shutdown completed.
2026-04-06 18:22:46.063 [Thread-4] INFO  c.a.persistence.database.DatabaseConfig - Database connection pool closed
2026-04-06 18:22:49.127 [JavaFX Application Thread] DEBUG com.appointmentscheduler.application.AppConfig - Application configuration loaded
2026-04-06 18:22:49.163 [JavaFX Application Thread] INFO  com.zaxxer.hikari.HikariDataSource - AppointmentBookingPool - Starting...
2026-04-06 18:22:49.646 [JavaFX Application Thread] INFO  com.zaxxer.hikari.pool.HikariPool - AppointmentBookingPool - Added connection com.mysql.cj.jdbc.ConnectionImpl@2c3900f7
2026-04-06 18:22:49.650 [JavaFX Application Thread] INFO  com.zaxxer.hikari.HikariDataSource - AppointmentBookingPool - Start completed.
2026-04-06 18:22:49.651 [JavaFX Application Thread] INFO  c.a.persistence.database.DatabaseConfig - Database connection pool initialized: jdbc:mysql://localhost:3306/appointment?useUnicode=true&characterEncoding=UTF-8&serverTimezone=UTC&useSSL=false&allowPublicKeyRetrieval=true
2026-04-06 18:22:49.672 [JavaFX Application Thread] INFO  c.a.persistence.database.DatabaseConfig - MySQL: table app_user verified/created
2026-04-06 18:22:49.726 [JavaFX Application Thread] DEBUG c.a.persistence.database.DatabaseConfig - MySQL (skipped): ALTER TABLE appointment ADD COLUMN customer_notes VARCHAR(2000) NULL — Duplicate column name 'customer_notes'
2026-04-06 18:22:49.729 [JavaFX Application Thread] DEBUG c.a.persistence.database.DatabaseConfig - MySQL (skipped): ALTER TABLE appointment ADD COLUMN contact_phone VARCHAR(64) NULL — Duplicate column name 'contact_phone'
2026-04-06 18:22:49.729 [JavaFX Application Thread] DEBUG c.a.persistence.database.DatabaseConfig - MySQL (skipped): ALTER TABLE appointment ADD COLUMN reminder_channel VARCHAR(32) NULL — Duplicate column name 'reminder_channel'
2026-04-06 18:22:49.733 [JavaFX Application Thread] DEBUG c.a.persistence.database.DatabaseConfig - MySQL (skipped): ALTER TABLE appointment ADD COLUMN accessibility_needs VARCHAR(512) NULL — Duplicate column name 'accessibility_needs'
2026-04-06 18:22:49.734 [JavaFX Application Thread] DEBUG c.a.persistence.database.DatabaseConfig - MySQL (skipped): ALTER TABLE appointment ADD COLUMN preferred_language VARCHAR(16) NULL — Duplicate column name 'preferred_language'
2026-04-06 18:22:49.751 [JavaFX Application Thread] INFO  com.appointmentscheduler.presentation.MainApp - Using database persistence (MySQL). User and appointment data will be saved.
2026-04-06 18:22:49.757 [JavaFX Application Thread] DEBUG c.a.application.AppointmentReminderService - Registered reminder channel: SMSNotification
2026-04-06 18:22:49.848 [JavaFX Application Thread] INFO  com.appointmentscheduler.presentation.MainApp - Starting Appointment Booking System v3.0.0
2026-04-06 18:22:55.481 [JavaFX Application Thread] ERROR com.appointmentscheduler.presentation.MainApp - Failed to load screen: ThisDoesNotExist.fxml
java.lang.IllegalStateException: FXML not found. Tried: /com/appointmentscheduler/presentation/ThisDoesNotExist.fxml, com/appointmentscheduler/presentation/ThisDoesNotExist.fxml, ThisDoesNotExist.fxml. Check that src/main/resources is on classpath.
	at com.appointmentscheduler.presentation.MainApp.loadScreen(MainApp.java:351)
	at com.appointmentscheduler.presentation.PresentationMainAppCoverageTest.lambda$mainApp_loadScreen_and_errorHandling_executeCompletely$5(PresentationMainAppCoverageTest.java:76)
	at com.appointmentscheduler.presentation.PresentationMainAppCoverageTest.lambda$runOnFxVoid$0(PresentationMainAppCoverageTest.java:138)
	at com.appointmentscheduler.presentation.PresentationMainAppCoverageTest.lambda$runOnFx$0(PresentationMainAppCoverageTest.java:120)
	at com.sun.javafx.application.PlatformImpl.lambda$runLater$10(PlatformImpl.java:457)
	at java.base/java.security.AccessController.doPrivileged(AccessController.java:138)
	at com.sun.javafx.application.PlatformImpl.lambda$runLater$11(PlatformImpl.java:456)
	at com.sun.glass.ui.InvokeLaterDispatcher$Future.run(InvokeLaterDispatcher.java:96)
	at com.sun.glass.ui.win.WinApplication._runLoop(Native Method)
	at com.sun.glass.ui.win.WinApplication.lambda$runLoop$3(WinApplication.java:184)
	at java.base/java.lang.Thread.run(Thread.java:1447)
2026-04-06 18:22:55.529 [JavaFX Application Thread] ERROR c.appointmentscheduler.presentation.ErrorHandler - Failed to load screen: FXML not found. Tried: /com/appointmentscheduler/presentation/ThisDoesNotExist.fxml, com/appointmentscheduler/presentation/ThisDoesNotExist.fxml, ThisDoesNotExist.fxml. Check that src/main/resources is on classpath.
java.lang.IllegalStateException: FXML not found. Tried: /com/appointmentscheduler/presentation/ThisDoesNotExist.fxml, com/appointmentscheduler/presentation/ThisDoesNotExist.fxml, ThisDoesNotExist.fxml. Check that src/main/resources is on classpath.
	at com.appointmentscheduler.presentation.MainApp.loadScreen(MainApp.java:351)
	at com.appointmentscheduler.presentation.PresentationMainAppCoverageTest.lambda$mainApp_loadScreen_and_errorHandling_executeCompletely$5(PresentationMainAppCoverageTest.java:76)
	at com.appointmentscheduler.presentation.PresentationMainAppCoverageTest.lambda$runOnFxVoid$0(PresentationMainAppCoverageTest.java:138)
	at com.appointmentscheduler.presentation.PresentationMainAppCoverageTest.lambda$runOnFx$0(PresentationMainAppCoverageTest.java:120)
	at com.sun.javafx.application.PlatformImpl.lambda$runLater$10(PlatformImpl.java:457)
	at java.base/java.security.AccessController.doPrivileged(AccessController.java:138)
	at com.sun.javafx.application.PlatformImpl.lambda$runLater$11(PlatformImpl.java:456)
	at com.sun.glass.ui.InvokeLaterDispatcher$Future.run(InvokeLaterDispatcher.java:96)
	at com.sun.glass.ui.win.WinApplication._runLoop(Native Method)
	at com.sun.glass.ui.win.WinApplication.lambda$runLoop$3(WinApplication.java:184)
	at java.base/java.lang.Thread.run(Thread.java:1447)
2026-04-06 18:22:55.572 [JavaFX Application Thread] DEBUG c.appointmentscheduler.application.AuditLogService - Audit: LOGOUT | Patient | User logged out from application
2026-04-06 18:22:55.733 [Thread-4] INFO  com.zaxxer.hikari.HikariDataSource - AppointmentBookingPool - Shutdown initiated...
2026-04-06 18:22:55.881 [Thread-4] INFO  com.zaxxer.hikari.HikariDataSource - AppointmentBookingPool - Shutdown completed.
2026-04-06 18:22:55.882 [Thread-4] INFO  c.a.persistence.database.DatabaseConfig - Database connection pool closed
2026-04-06 18:22:59.785 [JavaFX Application Thread] DEBUG com.appointmentscheduler.application.AppConfig - Application configuration loaded
2026-04-06 18:22:59.838 [JavaFX Application Thread] INFO  com.zaxxer.hikari.HikariDataSource - AppointmentBookingPool - Starting...
2026-04-06 18:23:00.437 [JavaFX Application Thread] INFO  com.zaxxer.hikari.pool.HikariPool - AppointmentBookingPool - Added connection com.mysql.cj.jdbc.ConnectionImpl@7e3775d5
2026-04-06 18:23:00.442 [JavaFX Application Thread] INFO  com.zaxxer.hikari.HikariDataSource - AppointmentBookingPool - Start completed.
2026-04-06 18:23:00.443 [JavaFX Application Thread] INFO  c.a.persistence.database.DatabaseConfig - Database connection pool initialized: jdbc:mysql://localhost:3306/appointment?useUnicode=true&characterEncoding=UTF-8&serverTimezone=UTC&useSSL=false&allowPublicKeyRetrieval=true
2026-04-06 18:23:00.470 [JavaFX Application Thread] INFO  c.a.persistence.database.DatabaseConfig - MySQL: table app_user verified/created
2026-04-06 18:23:00.541 [JavaFX Application Thread] DEBUG c.a.persistence.database.DatabaseConfig - MySQL (skipped): ALTER TABLE appointment ADD COLUMN customer_notes VARCHAR(2000) NULL — Duplicate column name 'customer_notes'
2026-04-06 18:23:00.543 [JavaFX Application Thread] DEBUG c.a.persistence.database.DatabaseConfig - MySQL (skipped): ALTER TABLE appointment ADD COLUMN contact_phone VARCHAR(64) NULL — Duplicate column name 'contact_phone'
2026-04-06 18:23:00.544 [JavaFX Application Thread] DEBUG c.a.persistence.database.DatabaseConfig - MySQL (skipped): ALTER TABLE appointment ADD COLUMN reminder_channel VARCHAR(32) NULL — Duplicate column name 'reminder_channel'
2026-04-06 18:23:00.545 [JavaFX Application Thread] DEBUG c.a.persistence.database.DatabaseConfig - MySQL (skipped): ALTER TABLE appointment ADD COLUMN accessibility_needs VARCHAR(512) NULL — Duplicate column name 'accessibility_needs'
2026-04-06 18:23:00.546 [JavaFX Application Thread] DEBUG c.a.persistence.database.DatabaseConfig - MySQL (skipped): ALTER TABLE appointment ADD COLUMN preferred_language VARCHAR(16) NULL — Duplicate column name 'preferred_language'
2026-04-06 18:23:00.567 [JavaFX Application Thread] INFO  com.appointmentscheduler.presentation.MainApp - Using database persistence (MySQL). User and appointment data will be saved.
2026-04-06 18:23:00.575 [JavaFX Application Thread] DEBUG c.a.application.AppointmentReminderService - Registered reminder channel: SMSNotification
2026-04-06 18:23:00.685 [JavaFX Application Thread] INFO  com.appointmentscheduler.presentation.MainApp - Starting Appointment Booking System v3.0.0
2026-04-06 18:23:05.956 [JavaFX Application Thread] WARN  com.appointmentscheduler.presentation.MainApp - loadScreen re-entry ignored: PatientDashboard.fxml
2026-04-06 18:23:05.957 [JavaFX Application Thread] WARN  com.appointmentscheduler.presentation.MainApp - loadScreen re-entry ignored: ThisDoesNotExist.fxml
2026-04-06 18:23:06.017 [JavaFX Application Thread] DEBUG c.appointmentscheduler.application.AuditLogService - Audit: LOGOUT | Admin | User logged out from application
2026-04-06 18:23:06.018 [JavaFX Application Thread] WARN  com.appointmentscheduler.presentation.MainApp - loadScreen re-entry ignored: Login.fxml
2026-04-06 18:23:08.224 [Thread-4] INFO  com.zaxxer.hikari.HikariDataSource - AppointmentBookingPool - Shutdown initiated...
2026-04-06 18:23:08.427 [Thread-4] INFO  com.zaxxer.hikari.HikariDataSource - AppointmentBookingPool - Shutdown completed.
2026-04-06 18:23:08.427 [Thread-4] INFO  c.a.persistence.database.DatabaseConfig - Database connection pool closed
2026-04-06 18:23:14.111 [main] DEBUG com.appointmentscheduler.application.AppConfig - Application configuration loaded
2026-04-06 18:23:14.140 [main] DEBUG c.a.application.AppointmentReminderService - Registered reminder channel: SMSNotification
2026-04-06 18:23:16.979 [main] DEBUG com.appointmentscheduler.application.AppConfig - Application configuration loaded
2026-04-06 18:23:18.049 [main] DEBUG com.appointmentscheduler.application.AppConfig - Application configuration loaded
2026-04-06 18:23:18.239 [main] DEBUG com.appointmentscheduler.application.AppConfig - Application configuration loaded
2026-04-06 18:23:21.156 [main] DEBUG com.appointmentscheduler.application.AppConfig - Application configuration loaded
2026-04-06 18:23:25.370 [main] INFO  com.zaxxer.hikari.HikariDataSource - HikariPool-1 - Starting...
2026-04-06 18:23:26.535 [main] INFO  com.zaxxer.hikari.pool.HikariPool - HikariPool-1 - Added connection conn0: url=jdbc:h2:mem:jdbc_repo_test user=SA
2026-04-06 18:23:26.539 [main] INFO  com.zaxxer.hikari.HikariDataSource - HikariPool-1 - Start completed.
2026-04-06 18:23:27.075 [main] INFO  com.zaxxer.hikari.HikariDataSource - HikariPool-1 - Shutdown initiated...
2026-04-06 18:23:27.077 [main] INFO  com.zaxxer.hikari.HikariDataSource - HikariPool-1 - Shutdown completed.
2026-04-06 18:23:27.108 [JavaFX Application Thread] INFO  com.zaxxer.hikari.HikariDataSource - AppointmentBookingPool - Starting...
2026-04-06 18:23:27.640 [JavaFX Application Thread] INFO  com.zaxxer.hikari.pool.HikariPool - AppointmentBookingPool - Added connection com.mysql.cj.jdbc.ConnectionImpl@656f6d7e
2026-04-06 18:23:27.642 [JavaFX Application Thread] INFO  com.zaxxer.hikari.HikariDataSource - AppointmentBookingPool - Start completed.
2026-04-06 18:23:27.642 [JavaFX Application Thread] INFO  c.a.persistence.database.DatabaseConfig - Database connection pool initialized: jdbc:mysql://localhost:3306/appointment?useUnicode=true&characterEncoding=UTF-8&serverTimezone=UTC&useSSL=false&allowPublicKeyRetrieval=true
2026-04-06 18:23:27.669 [JavaFX Application Thread] INFO  c.a.persistence.database.DatabaseConfig - MySQL: table app_user verified/created
2026-04-06 18:23:27.698 [JavaFX Application Thread] DEBUG c.a.persistence.database.DatabaseConfig - MySQL (skipped): ALTER TABLE appointment ADD COLUMN customer_notes VARCHAR(2000) NULL — Duplicate column name 'customer_notes'
2026-04-06 18:23:27.699 [JavaFX Application Thread] DEBUG c.a.persistence.database.DatabaseConfig - MySQL (skipped): ALTER TABLE appointment ADD COLUMN contact_phone VARCHAR(64) NULL — Duplicate column name 'contact_phone'
2026-04-06 18:23:27.701 [JavaFX Application Thread] DEBUG c.a.persistence.database.DatabaseConfig - MySQL (skipped): ALTER TABLE appointment ADD COLUMN reminder_channel VARCHAR(32) NULL — Duplicate column name 'reminder_channel'
2026-04-06 18:23:27.702 [JavaFX Application Thread] DEBUG c.a.persistence.database.DatabaseConfig - MySQL (skipped): ALTER TABLE appointment ADD COLUMN accessibility_needs VARCHAR(512) NULL — Duplicate column name 'accessibility_needs'
2026-04-06 18:23:27.704 [JavaFX Application Thread] DEBUG c.a.persistence.database.DatabaseConfig - MySQL (skipped): ALTER TABLE appointment ADD COLUMN preferred_language VARCHAR(16) NULL — Duplicate column name 'preferred_language'
2026-04-06 18:23:27.705 [JavaFX Application Thread] INFO  com.appointmentscheduler.presentation.MainApp - Using database persistence (MySQL). User and appointment data will be saved.
2026-04-06 18:23:27.705 [JavaFX Application Thread] DEBUG c.a.application.AppointmentReminderService - Registered reminder channel: SMSNotification
2026-04-06 18:23:27.831 [JavaFX Application Thread] INFO  com.appointmentscheduler.presentation.MainApp - Starting Appointment Booking System v3.0.0
2026-04-06 18:23:31.978 [JavaFX Application Thread] DEBUG c.appointmentscheduler.application.AuditLogService - Audit: DAY_REOPENED | Admin Sweep | Reopened calendar day: 2026-04-06
2026-04-06 18:23:32.010 [JavaFX Application Thread] DEBUG c.appointmentscheduler.application.AuditLogService - Audit: DAY_CLOSED | Admin Sweep | Closed calendar day: 2026-04-06
2026-04-06 18:23:39.529 [main] DEBUG c.a.application.AppointmentReminderService - Registered reminder channel: Observer$MockitoMock$qpzWlXNz
2026-04-06 18:23:39.529 [main] DEBUG c.a.application.AppointmentReminderService - Registered reminder channel: Observer$MockitoMock$qpzWlXNz
2026-04-06 18:23:39.533 [main] ERROR c.a.application.AppointmentReminderService - Reminder channel failed: com.appointmentscheduler.domain.notifiers.Observer$MockitoMock$qpzWlXNz
java.lang.RuntimeException: smtp down
	at com.appointmentscheduler@1.0-SNAPSHOT/com.appointmentscheduler.application.AppointmentReminderService.dispatchSafely(AppointmentReminderService.java:51)
	at com.appointmentscheduler@1.0-SNAPSHOT/com.appointmentscheduler.application.AppointmentReminderService.sendReminder(AppointmentReminderService.java:45)
	at com.appointmentscheduler@1.0-SNAPSHOT/com.appointmentscheduler.application.AppointmentReminderServiceTest.sendReminder_oneChannelThrows_otherStillNotified(AppointmentReminderServiceTest.java:60)
	at java.base/jdk.internal.reflect.DirectMethodHandleAccessor.invoke(DirectMethodHandleAccessor.java:104)
	at java.base/java.lang.reflect.Method.invoke(Method.java:565)
	at org.junit.platform.commons.util.ReflectionUtils.invokeMethod(ReflectionUtils.java:728)
	at org.junit.jupiter.engine.execution.MethodInvocation.proceed(MethodInvocation.java:60)
	at org.junit.jupiter.engine.execution.InvocationInterceptorChain$ValidatingInvocation.proceed(InvocationInterceptorChain.java:131)
	at org.junit.jupiter.engine.extension.TimeoutExtension.intercept(TimeoutExtension.java:156)
	at org.junit.jupiter.engine.extension.TimeoutExtension.interceptTestableMethod(TimeoutExtension.java:147)
	at org.junit.jupiter.engine.extension.TimeoutExtension.interceptTestMethod(TimeoutExtension.java:86)
	at org.junit.jupiter.engine.execution.InterceptingExecutableInvoker$ReflectiveInterceptorCall.lambda$ofVoidMethod$0(InterceptingExecutableInvoker.java:103)
	at org.junit.jupiter.engine.execution.InterceptingExecutableInvoker.lambda$invoke$0(InterceptingExecutableInvoker.java:93)
	at org.junit.jupiter.engine.execution.InvocationInterceptorChain$InterceptedInvocation.proceed(InvocationInterceptorChain.java:106)
	at org.junit.jupiter.engine.execution.InvocationInterceptorChain.proceed(InvocationInterceptorChain.java:64)
	at org.junit.jupiter.engine.execution.InvocationInterceptorChain.chainAndInvoke(InvocationInterceptorChain.java:45)
	at org.junit.jupiter.engine.execution.InvocationInterceptorChain.invoke(InvocationInterceptorChain.java:37)
	at org.junit.jupiter.engine.execution.InterceptingExecutableInvoker.invoke(InterceptingExecutableInvoker.java:92)
	at org.junit.jupiter.engine.execution.InterceptingExecutableInvoker.invoke(InterceptingExecutableInvoker.java:86)
	at org.junit.jupiter.engine.descriptor.TestMethodTestDescriptor.lambda$invokeTestMethod$7(TestMethodTestDescriptor.java:218)
	at org.junit.platform.engine.support.hierarchical.ThrowableCollector.execute(ThrowableCollector.java:73)
	at org.junit.jupiter.engine.descriptor.TestMethodTestDescriptor.invokeTestMethod(TestMethodTestDescriptor.java:214)
	at org.junit.jupiter.engine.descriptor.TestMethodTestDescriptor.execute(TestMethodTestDescriptor.java:139)
	at org.junit.jupiter.engine.descriptor.TestMethodTestDescriptor.execute(TestMethodTestDescriptor.java:69)
	at org.junit.platform.engine.support.hierarchical.NodeTestTask.lambda$executeRecursively$6(NodeTestTask.java:151)
	at org.junit.platform.engine.support.hierarchical.ThrowableCollector.execute(ThrowableCollector.java:73)
	at org.junit.platform.engine.support.hierarchical.NodeTestTask.lambda$executeRecursively$8(NodeTestTask.java:141)
	at org.junit.platform.engine.support.hierarchical.Node.around(Node.java:137)
	at org.junit.platform.engine.support.hierarchical.NodeTestTask.lambda$executeRecursively$9(NodeTestTask.java:139)
	at org.junit.platform.engine.support.hierarchical.ThrowableCollector.execute(ThrowableCollector.java:73)
	at org.junit.platform.engine.support.hierarchical.NodeTestTask.executeRecursively(NodeTestTask.java:138)
	at org.junit.platform.engine.support.hierarchical.NodeTestTask.execute(NodeTestTask.java:95)
	at java.base/java.util.ArrayList.forEach(ArrayList.java:1604)
	at org.junit.platform.engine.support.hierarchical.SameThreadHierarchicalTestExecutorService.invokeAll(SameThreadHierarchicalTestExecutorService.java:41)
	at org.junit.platform.engine.support.hierarchical.NodeTestTask.lambda$executeRecursively$6(NodeTestTask.java:155)
	at org.junit.platform.engine.support.hierarchical.ThrowableCollector.execute(ThrowableCollector.java:73)
	at org.junit.platform.engine.support.hierarchical.NodeTestTask.lambda$executeRecursively$8(NodeTestTask.java:141)
	at org.junit.platform.engine.support.hierarchical.Node.around(Node.java:137)
	at org.junit.platform.engine.support.hierarchical.NodeTestTask.lambda$executeRecursively$9(NodeTestTask.java:139)
	at org.junit.platform.engine.support.hierarchical.ThrowableCollector.execute(ThrowableCollector.java:73)
	at org.junit.platform.engine.support.hierarchical.NodeTestTask.executeRecursively(NodeTestTask.java:138)
	at org.junit.platform.engine.support.hierarchical.NodeTestTask.execute(NodeTestTask.java:95)
	at java.base/java.util.ArrayList.forEach(ArrayList.java:1604)
	at org.junit.platform.engine.support.hierarchical.SameThreadHierarchicalTestExecutorService.invokeAll(SameThreadHierarchicalTestExecutorService.java:41)
	at org.junit.platform.engine.support.hierarchical.NodeTestTask.lambda$executeRecursively$6(NodeTestTask.java:155)
	at org.junit.platform.engine.support.hierarchical.ThrowableCollector.execute(ThrowableCollector.java:73)
	at org.junit.platform.engine.support.hierarchical.NodeTestTask.lambda$executeRecursively$8(NodeTestTask.java:141)
	at org.junit.platform.engine.support.hierarchical.Node.around(Node.java:137)
	at org.junit.platform.engine.support.hierarchical.NodeTestTask.lambda$executeRecursively$9(NodeTestTask.java:139)
	at org.junit.platform.engine.support.hierarchical.ThrowableCollector.execute(ThrowableCollector.java:73)
	at org.junit.platform.engine.support.hierarchical.NodeTestTask.executeRecursively(NodeTestTask.java:138)
	at org.junit.platform.engine.support.hierarchical.NodeTestTask.execute(NodeTestTask.java:95)
	at org.junit.platform.engine.support.hierarchical.SameThreadHierarchicalTestExecutorService.submit(SameThreadHierarchicalTestExecutorService.java:35)
	at org.junit.platform.engine.support.hierarchical.HierarchicalTestExecutor.execute(HierarchicalTestExecutor.java:57)
	at org.junit.platform.engine.support.hierarchical.HierarchicalTestEngine.execute(HierarchicalTestEngine.java:54)
	at org.junit.platform.launcher.core.EngineExecutionOrchestrator.execute(EngineExecutionOrchestrator.java:198)
	at org.junit.platform.launcher.core.EngineExecutionOrchestrator.execute(EngineExecutionOrchestrator.java:169)
	at org.junit.platform.launcher.core.EngineExecutionOrchestrator.execute(EngineExecutionOrchestrator.java:93)
	at org.junit.platform.launcher.core.EngineExecutionOrchestrator.lambda$execute$0(EngineExecutionOrchestrator.java:58)
	at org.junit.platform.launcher.core.EngineExecutionOrchestrator.withInterceptedStreams(EngineExecutionOrchestrator.java:141)
	at org.junit.platform.launcher.core.EngineExecutionOrchestrator.execute(EngineExecutionOrchestrator.java:57)
	at org.junit.platform.launcher.core.DefaultLauncher.execute(DefaultLauncher.java:103)
	at org.junit.platform.launcher.core.DefaultLauncher.execute(DefaultLauncher.java:85)
	at org.junit.platform.launcher.core.DelegatingLauncher.execute(DelegatingLauncher.java:47)
	at org.junit.platform.launcher.core.SessionPerRequestLauncher.execute(SessionPerRequestLauncher.java:63)
	at com.intellij.junit5.JUnit5IdeaTestRunner.startRunnerWithArgs(JUnit5IdeaTestRunner.java:66)
	at com.intellij.rt.junit.IdeaTestRunner$Repeater$1.execute(IdeaTestRunner.java:38)
	at com.intellij.rt.execution.junit.TestsRepeater.repeat(TestsRepeater.java:11)
	at com.intellij.rt.junit.IdeaTestRunner$Repeater.startRunnerWithArgs(IdeaTestRunner.java:35)
	at com.intellij.rt.junit.JUnitStarter.prepareStreamsAndStart(JUnitStarter.java:231)
	at com.intellij.rt.junit.JUnitStarter.main(JUnitStarter.java:55)
2026-04-06 18:23:39.584 [main] DEBUG c.a.application.AppointmentReminderService - Registered reminder channel: SMSNotification$MockitoMock$AbxTnxpJ
2026-04-06 18:23:39.584 [main] DEBUG c.a.application.AppointmentReminderService - Registered reminder channel: SMSNotification$MockitoMock$AbxTnxpJ
2026-04-06 18:23:39.585 [main] DEBUG c.a.domain.notifiers.SMSNotification - SMS reminder (stub): userId=u2, messageLength=31
2026-04-06 18:23:39.587 [main] DEBUG c.a.domain.notifiers.SMSNotification - SMS reminder (stub): userId=u2, messageLength=31
2026-04-06 18:23:39.596 [main] DEBUG c.a.application.AppointmentReminderService - Registered reminder channel: Observer$MockitoMock$qpzWlXNz
2026-04-06 18:23:39.674 [main] DEBUG com.appointmentscheduler.application.AppConfig - Application configuration loaded
2026-04-06 18:23:39.677 [main] DEBUG com.appointmentscheduler.application.AppConfig - Application configuration loaded
2026-04-06 18:23:39.682 [JavaFX Application Thread] INFO  com.appointmentscheduler.presentation.MainApp - Using database persistence (MySQL). User and appointment data will be saved.
2026-04-06 18:23:39.682 [JavaFX Application Thread] DEBUG c.a.application.AppointmentReminderService - Registered reminder channel: SMSNotification
2026-04-06 18:23:39.697 [JavaFX Application Thread] INFO  com.appointmentscheduler.presentation.MainApp - Starting Appointment Booking System v3.0.0
2026-04-06 18:23:41.343 [JavaFX Application Thread] DEBUG c.appointmentscheduler.application.AuditLogService - Audit: DAY_REOPENED | Forced Admin | Reopened calendar day: 2026-04-06
2026-04-06 18:23:41.371 [JavaFX Application Thread] DEBUG c.appointmentscheduler.application.AuditLogService - Audit: DAY_CLOSED | Forced Admin | Closed calendar day: 2026-04-06
2026-04-06 18:23:51.517 [JavaFX Application Thread] ERROR c.a.presentation.LoginController - Registration save failed for email auto.123727051474500@test.com
java.lang.RuntimeException: boom
	at com.appointmentscheduler@1.0-SNAPSHOT/com.appointmentscheduler.presentation.LoginController.handleOpenRegistration(LoginController.java:215)
	at com.appointmentscheduler@1.0-SNAPSHOT/com.appointmentscheduler.presentation.LoginControllerCoverageTest.lambda$runOnFxVoid$0(LoginControllerCoverageTest.java:275)
	at javafx.graphics/com.sun.javafx.application.PlatformImpl.lambda$runLater$10(PlatformImpl.java:457)
	at java.base/java.security.AccessController.doPrivileged(AccessController.java:138)
	at javafx.graphics/com.sun.javafx.application.PlatformImpl.lambda$runLater$11(PlatformImpl.java:456)
	at javafx.graphics/com.sun.glass.ui.InvokeLaterDispatcher$Future.run$$$capture(InvokeLaterDispatcher.java:96)
	at javafx.graphics/com.sun.glass.ui.InvokeLaterDispatcher$Future.run(InvokeLaterDispatcher.java)
	at javafx.graphics/com.sun.glass.ui.win.WinApplication._runLoop(Native Method)
	at javafx.graphics/com.sun.glass.ui.win.WinApplication.lambda$runLoop$3(WinApplication.java:184)
	at java.base/java.lang.Thread.run(Thread.java:1474)
2026-04-06 18:23:51.565 [main] DEBUG com.appointmentscheduler.application.AppConfig - Application configuration loaded
2026-04-06 18:23:51.573 [main] DEBUG com.appointmentscheduler.application.AppConfig - Application configuration loaded
2026-04-06 18:23:51.580 [main] DEBUG com.appointmentscheduler.application.AppConfig - Application configuration loaded
2026-04-06 18:23:51.585 [main] DEBUG com.appointmentscheduler.application.AppConfig - Application configuration loaded
2026-04-06 18:23:51.589 [main] DEBUG com.appointmentscheduler.application.AppConfig - Application configuration loaded
2026-04-06 18:23:51.597 [main] DEBUG com.appointmentscheduler.application.AppConfig - Application configuration loaded
2026-04-06 18:23:51.603 [main] DEBUG com.appointmentscheduler.application.AppConfig - Application configuration loaded
2026-04-06 18:23:51.609 [main] DEBUG com.appointmentscheduler.application.AppConfig - Application configuration loaded
2026-04-06 18:23:51.614 [main] DEBUG com.appointmentscheduler.application.AppConfig - Application configuration loaded
2026-04-06 18:23:51.899 [main] DEBUG c.appointmentscheduler.application.AuditLogService - Audit: ACTION | null | details
2026-04-06 18:23:51.900 [main] DEBUG c.appointmentscheduler.application.AuditLogService - Audit: A2 | N | d2
2026-04-06 18:23:51.900 [main] DEBUG c.appointmentscheduler.application.AuditLogService - Audit: A3 | N | d3 | entity=e1
2026-04-06 18:23:51.900 [main] DEBUG c.appointmentscheduler.application.AuditLogService - Audit: A4 | name | d4
2026-04-06 18:23:52.114 [main] DEBUG c.a.application.InAppMessagingService - Customer contact stored in staff inbox id=4199c3c4-9cdb-4b46-a144-b66f61350722 customerId=p1
2026-04-06 18:23:52.203 [main] DEBUG c.a.application.InAppMessagingService - In-app message stored userId=p1 correlationId=fb63e7db-74ca-43cf-95df-cf9fb9f841d3
2026-04-06 18:23:52.220 [main] DEBUG c.a.application.InAppMessagingService - In-app message stored userId=p1 correlationId=4a061bfd-9b7d-4050-af50-49ce256a2087
2026-04-06 18:23:52.227 [main] DEBUG c.a.application.InAppMessagingService - In-app message stored userId=p1 correlationId=b5f82f23-0d16-4d1e-9805-29a963ad3374
2026-04-06 18:23:52.227 [main] DEBUG c.a.application.InAppMessagingService - In-app message stored userId=p2 correlationId=650f2749-4741-45be-967f-0e0bf56ca102
2026-04-06 18:23:52.336 [JavaFX Application Thread] INFO  com.appointmentscheduler.presentation.MainApp - Using database persistence (MySQL). User and appointment data will be saved.
2026-04-06 18:23:52.337 [JavaFX Application Thread] DEBUG c.a.application.AppointmentReminderService - Registered reminder channel: SMSNotification
2026-04-06 18:23:52.344 [JavaFX Application Thread] INFO  com.appointmentscheduler.presentation.MainApp - Starting Appointment Booking System v3.0.0
2026-04-06 18:23:55.945 [JavaFX Application Thread] INFO  com.appointmentscheduler.presentation.MainApp - Using database persistence (MySQL). User and appointment data will be saved.
2026-04-06 18:23:55.945 [JavaFX Application Thread] DEBUG c.a.application.AppointmentReminderService - Registered reminder channel: SMSNotification
2026-04-06 18:23:55.956 [JavaFX Application Thread] INFO  com.appointmentscheduler.presentation.MainApp - Starting Appointment Booking System v3.0.0
2026-04-06 18:23:56.824 [JavaFX Application Thread] WARN  com.appointmentscheduler.presentation.MainApp - loadScreen re-entry ignored: PatientDashboard.fxml
2026-04-06 18:23:56.824 [JavaFX Application Thread] WARN  com.appointmentscheduler.presentation.MainApp - loadScreen re-entry ignored: ThisDoesNotExist.fxml
2026-04-06 18:23:56.831 [JavaFX Application Thread] DEBUG c.appointmentscheduler.application.AuditLogService - Audit: LOGOUT | Admin | User logged out from application
2026-04-06 18:23:56.831 [JavaFX Application Thread] WARN  com.appointmentscheduler.presentation.MainApp - loadScreen re-entry ignored: Login.fxml
2026-04-06 18:23:57.640 [JavaFX Application Thread] INFO  com.appointmentscheduler.presentation.MainApp - Using database persistence (MySQL). User and appointment data will be saved.
2026-04-06 18:23:57.641 [JavaFX Application Thread] DEBUG c.a.application.AppointmentReminderService - Registered reminder channel: SMSNotification
2026-04-06 18:23:57.646 [JavaFX Application Thread] INFO  com.appointmentscheduler.presentation.MainApp - Starting Appointment Booking System v3.0.0
2026-04-06 18:23:58.619 [JavaFX Application Thread] ERROR com.appointmentscheduler.presentation.MainApp - Failed to load screen: ThisDoesNotExist.fxml
java.lang.IllegalStateException: FXML not found. Tried: /com/appointmentscheduler/presentation/ThisDoesNotExist.fxml, com/appointmentscheduler/presentation/ThisDoesNotExist.fxml, ThisDoesNotExist.fxml. Check that src/main/resources is on classpath.
	at com.appointmentscheduler@1.0-SNAPSHOT/com.appointmentscheduler.presentation.MainApp.loadScreen(MainApp.java:351)
	at com.appointmentscheduler@1.0-SNAPSHOT/com.appointmentscheduler.presentation.PresentationMainAppCoverageTest.lambda$mainApp_loadScreen_and_errorHandling_executeCompletely$5(PresentationMainAppCoverageTest.java:76)
	at com.appointmentscheduler@1.0-SNAPSHOT/com.appointmentscheduler.presentation.PresentationMainAppCoverageTest.lambda$runOnFxVoid$0(PresentationMainAppCoverageTest.java:138)
	at com.appointmentscheduler@1.0-SNAPSHOT/com.appointmentscheduler.presentation.PresentationMainAppCoverageTest.lambda$runOnFx$0(PresentationMainAppCoverageTest.java:120)
	at javafx.graphics/com.sun.javafx.application.PlatformImpl.lambda$runLater$10(PlatformImpl.java:457)
	at java.base/java.security.AccessController.doPrivileged(AccessController.java:138)
	at javafx.graphics/com.sun.javafx.application.PlatformImpl.lambda$runLater$11(PlatformImpl.java:456)
	at javafx.graphics/com.sun.glass.ui.InvokeLaterDispatcher$Future.run$$$capture(InvokeLaterDispatcher.java:96)
	at javafx.graphics/com.sun.glass.ui.InvokeLaterDispatcher$Future.run(InvokeLaterDispatcher.java)
	at javafx.graphics/com.sun.glass.ui.win.WinApplication._runLoop(Native Method)
	at javafx.graphics/com.sun.glass.ui.win.WinApplication.lambda$runLoop$3(WinApplication.java:184)
	at java.base/java.lang.Thread.run(Thread.java:1474)
2026-04-06 18:23:58.641 [JavaFX Application Thread] ERROR c.appointmentscheduler.presentation.ErrorHandler - Failed to load screen: FXML not found. Tried: /com/appointmentscheduler/presentation/ThisDoesNotExist.fxml, com/appointmentscheduler/presentation/ThisDoesNotExist.fxml, ThisDoesNotExist.fxml. Check that src/main/resources is on classpath.
java.lang.IllegalStateException: FXML not found. Tried: /com/appointmentscheduler/presentation/ThisDoesNotExist.fxml, com/appointmentscheduler/presentation/ThisDoesNotExist.fxml, ThisDoesNotExist.fxml. Check that src/main/resources is on classpath.
	at com.appointmentscheduler@1.0-SNAPSHOT/com.appointmentscheduler.presentation.MainApp.loadScreen(MainApp.java:351)
	at com.appointmentscheduler@1.0-SNAPSHOT/com.appointmentscheduler.presentation.PresentationMainAppCoverageTest.lambda$mainApp_loadScreen_and_errorHandling_executeCompletely$5(PresentationMainAppCoverageTest.java:76)
	at com.appointmentscheduler@1.0-SNAPSHOT/com.appointmentscheduler.presentation.PresentationMainAppCoverageTest.lambda$runOnFxVoid$0(PresentationMainAppCoverageTest.java:138)
	at com.appointmentscheduler@1.0-SNAPSHOT/com.appointmentscheduler.presentation.PresentationMainAppCoverageTest.lambda$runOnFx$0(PresentationMainAppCoverageTest.java:120)
	at javafx.graphics/com.sun.javafx.application.PlatformImpl.lambda$runLater$10(PlatformImpl.java:457)
	at java.base/java.security.AccessController.doPrivileged(AccessController.java:138)
	at javafx.graphics/com.sun.javafx.application.PlatformImpl.lambda$runLater$11(PlatformImpl.java:456)
	at javafx.graphics/com.sun.glass.ui.InvokeLaterDispatcher$Future.run$$$capture(InvokeLaterDispatcher.java:96)
	at javafx.graphics/com.sun.glass.ui.InvokeLaterDispatcher$Future.run(InvokeLaterDispatcher.java)
	at javafx.graphics/com.sun.glass.ui.win.WinApplication._runLoop(Native Method)
	at javafx.graphics/com.sun.glass.ui.win.WinApplication.lambda$runLoop$3(WinApplication.java:184)
	at java.base/java.lang.Thread.run(Thread.java:1474)
2026-04-06 18:23:58.648 [JavaFX Application Thread] DEBUG c.appointmentscheduler.application.AuditLogService - Audit: LOGOUT | Patient | User logged out from application
2026-04-06 18:23:58.829 [main] INFO  com.zaxxer.hikari.HikariDataSource - AppointmentBookingPool - Shutdown initiated...
2026-04-06 18:23:58.852 [main] INFO  com.zaxxer.hikari.HikariDataSource - AppointmentBookingPool - Shutdown completed.
2026-04-06 18:23:58.852 [main] INFO  c.a.persistence.database.DatabaseConfig - Database connection pool closed
2026-04-06 18:23:58.853 [main] DEBUG com.appointmentscheduler.application.AppConfig - Application configuration loaded
2026-04-06 18:23:58.858 [main] INFO  com.zaxxer.hikari.HikariDataSource - AppointmentBookingPool - Starting...
2026-04-06 18:23:58.885 [main] INFO  com.zaxxer.hikari.pool.HikariPool - AppointmentBookingPool - Added connection conn4: url=jdbc:h2:mem:dbconfig_flyway user=SA
2026-04-06 18:23:58.886 [main] INFO  com.zaxxer.hikari.HikariDataSource - AppointmentBookingPool - Start completed.
2026-04-06 18:23:58.886 [main] INFO  c.a.persistence.database.DatabaseConfig - Database connection pool initialized: jdbc:h2:mem:dbconfig_flyway;DB_CLOSE_DELAY=-1;DATABASE_TO_LOWER=TRUE
2026-04-06 18:23:59.076 [main] INFO  org.flywaydb.core.internal.license.VersionPrinter - Flyway Community Edition 9.22.3 by Redgate
2026-04-06 18:23:59.076 [main] INFO  org.flywaydb.core.internal.license.VersionPrinter - See release notes here: https://rd.gt/416ObMi
2026-04-06 18:23:59.076 [main] INFO  org.flywaydb.core.internal.license.VersionPrinter - 
2026-04-06 18:23:59.147 [main] INFO  org.flywaydb.core.FlywayExecutor - Database: jdbc:h2:mem:dbconfig_flyway (H2 2.2)
2026-04-06 18:23:59.158 [main] WARN  org.flywaydb.core.internal.database.base.Database - Flyway upgrade recommended: H2 2.2.224 is newer than this version of Flyway and support has not been tested. The latest supported version of H2 is 2.2.220.
2026-04-06 18:23:59.213 [main] INFO  o.f.c.i.schemahistory.JdbcTableSchemaHistory - Schema history table "public"."flyway_schema_history" does not exist yet
2026-04-06 18:23:59.221 [main] INFO  org.flywaydb.core.internal.command.DbValidate - Successfully validated 2 migrations (execution time 00:00.043s)
2026-04-06 18:23:59.232 [main] INFO  o.f.c.i.schemahistory.JdbcTableSchemaHistory - Creating Schema History table "public"."flyway_schema_history" ...
2026-04-06 18:23:59.265 [main] INFO  org.flywaydb.core.internal.command.DbMigrate - Current version of schema "public": << Empty Schema >>
2026-04-06 18:23:59.305 [main] INFO  org.flywaydb.core.internal.command.DbMigrate - Migrating schema "public" to version "1 - enterprise schema"
2026-04-06 18:23:59.376 [main] INFO  org.flywaydb.core.internal.command.DbMigrate - Migrating schema "public" to version "2 - booking request fields"
2026-04-06 18:23:59.471 [main] INFO  org.flywaydb.core.internal.command.DbMigrate - Successfully applied 2 migrations to schema "public", now at version v2 (execution time 00:00.139s)
2026-04-06 18:23:59.473 [main] INFO  c.a.persistence.database.DatabaseConfig - Flyway migrations executed: 2
2026-04-06 18:23:59.474 [main] INFO  com.zaxxer.hikari.HikariDataSource - AppointmentBookingPool - Shutdown initiated...
2026-04-06 18:23:59.475 [main] INFO  com.zaxxer.hikari.HikariDataSource - AppointmentBookingPool - Shutdown completed.
2026-04-06 18:23:59.475 [main] INFO  c.a.persistence.database.DatabaseConfig - Database connection pool closed
2026-04-06 18:23:59.475 [main] INFO  com.zaxxer.hikari.HikariDataSource - AppointmentBookingPool - Starting...
2026-04-06 18:23:59.477 [main] INFO  com.zaxxer.hikari.pool.HikariPool - AppointmentBookingPool - Added connection conn6: url=jdbc:h2:mem:dbconfig_flyway user=SA
2026-04-06 18:23:59.477 [main] INFO  com.zaxxer.hikari.HikariDataSource - AppointmentBookingPool - Start completed.
2026-04-06 18:23:59.478 [main] INFO  c.a.persistence.database.DatabaseConfig - Database connection pool initialized: jdbc:h2:mem:dbconfig_flyway;DB_CLOSE_DELAY=-1;DATABASE_TO_LOWER=TRUE
2026-04-06 18:23:59.486 [main] INFO  org.flywaydb.core.FlywayExecutor - Database: jdbc:h2:mem:dbconfig_flyway (H2 2.2)
2026-04-06 18:23:59.488 [main] WARN  org.flywaydb.core.internal.database.base.Database - Flyway upgrade recommended: H2 2.2.224 is newer than this version of Flyway and support has not been tested. The latest supported version of H2 is 2.2.220.
2026-04-06 18:23:59.499 [main] INFO  org.flywaydb.core.internal.command.DbValidate - Successfully validated 2 migrations (execution time 00:00.008s)
2026-04-06 18:23:59.504 [main] INFO  org.flywaydb.core.internal.command.DbMigrate - Current version of schema "public": 2
2026-04-06 18:23:59.504 [main] INFO  org.flywaydb.core.internal.command.DbMigrate - Schema "public" is up to date. No migration necessary.
2026-04-06 18:23:59.505 [main] INFO  c.a.persistence.database.DatabaseConfig - Flyway migrations executed: 0
2026-04-06 18:23:59.506 [main] INFO  com.zaxxer.hikari.HikariDataSource - AppointmentBookingPool - Shutdown initiated...
2026-04-06 18:23:59.532 [main] INFO  com.zaxxer.hikari.HikariDataSource - AppointmentBookingPool - Shutdown completed.
2026-04-06 18:23:59.532 [main] INFO  c.a.persistence.database.DatabaseConfig - Database connection pool closed
2026-04-06 18:23:59.534 [main] DEBUG com.appointmentscheduler.application.AppConfig - Application configuration loaded
2026-04-06 18:23:59.535 [main] DEBUG com.appointmentscheduler.application.AppConfig - Application configuration loaded
2026-04-06 18:23:59.536 [main] DEBUG com.appointmentscheduler.application.AppConfig - Application configuration loaded
2026-04-06 18:24:01.126 [main] INFO  com.appointmentscheduler.application.AuthService - Login successful for user: john@test.com
2026-04-06 18:24:02.155 [main] WARN  com.appointmentscheduler.application.AuthService - Login attempt for locked account: john@test.com
2026-04-06 18:24:05.225 [main] WARN  com.appointmentscheduler.application.AuthService - Login failed for email: nobody@here.com
2026-04-06 18:24:06.705 [main] WARN  com.appointmentscheduler.application.AuthService - Login failed for email: john@test.com
2026-04-06 18:24:09.257 [main] INFO  com.appointmentscheduler.application.AuthService - Login successful for user: john@test.com
2026-04-06 18:24:10.780 [main] INFO  com.appointmentscheduler.application.AuthService - Login successful for user: john@test.com
2026-04-06 18:24:12.139 [main] INFO  com.appointmentscheduler.application.AuthService - Login successful for user: john@test.com
2026-04-06 18:24:13.414 [main] INFO  com.appointmentscheduler.application.AuthService - Login successful for user: admin@test.com
2026-04-06 18:24:13.504 [JavaFX Application Thread] INFO  com.zaxxer.hikari.HikariDataSource - AppointmentBookingPool - Starting...
2026-04-06 18:24:13.510 [JavaFX Application Thread] INFO  com.zaxxer.hikari.pool.HikariPool - AppointmentBookingPool - Added connection com.mysql.cj.jdbc.ConnectionImpl@3d330a0d
2026-04-06 18:24:13.510 [JavaFX Application Thread] INFO  com.zaxxer.hikari.HikariDataSource - AppointmentBookingPool - Start completed.
2026-04-06 18:24:13.510 [JavaFX Application Thread] INFO  c.a.persistence.database.DatabaseConfig - Database connection pool initialized: jdbc:mysql://localhost:3306/appointment?useUnicode=true&characterEncoding=UTF-8&serverTimezone=UTC&useSSL=false&allowPublicKeyRetrieval=true
2026-04-06 18:24:13.511 [JavaFX Application Thread] INFO  c.a.persistence.database.DatabaseConfig - MySQL: table app_user verified/created
2026-04-06 18:24:13.512 [JavaFX Application Thread] DEBUG c.a.persistence.database.DatabaseConfig - MySQL (skipped): ALTER TABLE appointment ADD COLUMN customer_notes VARCHAR(2000) NULL — Duplicate column name 'customer_notes'
2026-04-06 18:24:13.513 [JavaFX Application Thread] DEBUG c.a.persistence.database.DatabaseConfig - MySQL (skipped): ALTER TABLE appointment ADD COLUMN contact_phone VARCHAR(64) NULL — Duplicate column name 'contact_phone'
2026-04-06 18:24:13.514 [JavaFX Application Thread] DEBUG c.a.persistence.database.DatabaseConfig - MySQL (skipped): ALTER TABLE appointment ADD COLUMN reminder_channel VARCHAR(32) NULL — Duplicate column name 'reminder_channel'
2026-04-06 18:24:13.514 [JavaFX Application Thread] DEBUG c.a.persistence.database.DatabaseConfig - MySQL (skipped): ALTER TABLE appointment ADD COLUMN accessibility_needs VARCHAR(512) NULL — Duplicate column name 'accessibility_needs'
2026-04-06 18:24:13.515 [JavaFX Application Thread] DEBUG c.a.persistence.database.DatabaseConfig - MySQL (skipped): ALTER TABLE appointment ADD COLUMN preferred_language VARCHAR(16) NULL — Duplicate column name 'preferred_language'
2026-04-06 18:24:13.515 [JavaFX Application Thread] INFO  com.appointmentscheduler.presentation.MainApp - Using database persistence (MySQL). User and appointment data will be saved.
2026-04-06 18:24:13.515 [JavaFX Application Thread] DEBUG c.a.application.AppointmentReminderService - Registered reminder channel: SMSNotification
2026-04-06 18:24:13.526 [JavaFX Application Thread] INFO  com.appointmentscheduler.presentation.MainApp - Starting Appointment Booking System v3.0.0
2026-04-06 18:24:14.143 [JavaFX Application Thread] DEBUG c.appointmentscheduler.application.AuditLogService - Audit: LOGIN_FAILED | admin@admin.com | Invalid credentials
2026-04-06 18:24:14.143 [JavaFX Application Thread] WARN  com.appointmentscheduler.application.AuthService - Login failed for email: admin@admin.com
2026-04-06 18:24:16.181 [JavaFX Application Thread] DEBUG c.appointmentscheduler.application.AuditLogService - Audit: LOGIN_FAILED | customer@example.com | Invalid credentials
2026-04-06 18:24:16.181 [JavaFX Application Thread] WARN  com.appointmentscheduler.application.AuthService - Login failed for email: customer@example.com
2026-04-06 18:24:17.967 [main] DEBUG c.appointmentscheduler.application.AuditLogService - Audit: CANCEL | A | Appointment cadm | entity=cadm
2026-04-06 18:24:17.976 [main] DEBUG c.appointmentscheduler.application.AuditLogService - Audit: CANCEL | Pat | Appointment cc | entity=cc
2026-04-06 18:24:18.006 [main] DEBUG c.appointmentscheduler.application.AuditLogService - Audit: CANCEL | Pat | Appointment a962014c-2005-46fd-be5e-6078ff156053 | entity=a962014c-2005-46fd-be5e-6078ff156053
2026-04-06 18:24:18.012 [main] DEBUG c.appointmentscheduler.application.AuditLogService - Audit: MODIFY | Pat | Appointment mid to 2026-04-10T10:00 to 2026-04-10T11:00 | entity=mid
2026-04-06 18:24:18.017 [main] DEBUG c.appointmentscheduler.application.AuditLogService - Audit: MODIFY | Pat | Appointment mod to 2026-04-11T10:00 to 2026-04-11T11:00 | entity=mod
2026-04-06 18:24:18.036 [main] DEBUG c.appointmentscheduler.application.AuditLogService - Audit: MODIFY | Pat | Appointment ev to 2026-04-11T10:00 to 2026-04-11T11:00 | entity=ev
2026-04-06 18:24:18.052 [main] DEBUG c.appointmentscheduler.application.AuditLogService - Audit: MODIFY | A | Appointment adm to 2026-04-11T10:00 to 2026-04-11T11:00 | entity=adm
2026-04-06 18:24:18.062 [main] DEBUG c.appointmentscheduler.application.AuditLogService - Audit: COMPLETE | A | Appointment ex marked COMPLETED | entity=ex
2026-04-06 18:24:18.065 [main] DEBUG c.appointmentscheduler.application.AuditLogService - Audit: COMPLETE | R | Appointment r1 marked COMPLETED | entity=r1
2026-04-06 18:24:18.089 [main] DEBUG c.appointmentscheduler.application.AuditLogService - Audit: COMPLETE | A | Appointment fixed-id marked COMPLETED | entity=fixed-id
2026-04-06 18:24:18.105 [main] DEBUG c.appointmentscheduler.application.AuditLogService - Audit: BOOK | Pat | Appointment b7d0b030-8a28-4ad6-8e8a-a53999264c5a at 2026-04-14T10:00 to 2026-04-14T11:00 | entity=b7d0b030-8a28-4ad6-8e8a-a53999264c5a
2026-04-06 18:24:18.174 [main] DEBUG c.appointmentscheduler.application.AuditLogService - Audit: BOOK | Pat | Appointment fb7b6441-179b-431e-9916-1da264e2552c at 2026-04-16T10:00 to 2026-04-16T11:00 | entity=fb7b6441-179b-431e-9916-1da264e2552c
2026-04-06 18:24:18.177 [main] DEBUG c.appointmentscheduler.application.AuditLogService - Audit: BOOK | Pat | Appointment fd6f9857-4c70-4997-b18d-fc624e108ffc at 2026-04-08T10:00 to 2026-04-08T11:00 | entity=fd6f9857-4c70-4997-b18d-fc624e108ffc
2026-04-06 18:24:18.187 [main] DEBUG c.appointmentscheduler.application.AuditLogService - Audit: BOOK | Pat | Appointment 5d0d5c9a-df62-458a-9827-39e6c46f1f4d at 2026-04-08T10:00 to 2026-04-08T11:00 | entity=5d0d5c9a-df62-458a-9827-39e6c46f1f4d
2026-04-06 18:24:18.209 [main] DEBUG c.appointmentscheduler.application.AuditLogService - Audit: BOOK | Pat | Appointment 7894ff60-a86c-485c-970d-4b721cd6c2b4 at 2026-04-10T10:00 to 2026-04-10T11:00 | entity=7894ff60-a86c-485c-970d-4b721cd6c2b4
2026-04-06 18:24:18.416 [main] WARN  c.appointmentscheduler.presentation.ErrorHandler - warn msg
2026-04-06 18:24:18.417 [main] WARN  c.appointmentscheduler.presentation.ErrorHandler - warn msg
java.io.IOException: boom
	at com.appointmentscheduler@1.0-SNAPSHOT/com.appointmentscheduler.presentation.ErrorHandlerTest.lambda$logWarning_withThrowable_doesNotThrow$0(ErrorHandlerTest.java:18)
	at org.assertj.core.api.ThrowableAssert.catchThrowable(ThrowableAssert.java:63)
	at org.assertj.core.api.AssertionsForClassTypes.catchThrowable(AssertionsForClassTypes.java:892)
	at org.assertj.core.api.AssertionsForClassTypes.assertThatCode(AssertionsForClassTypes.java:863)
	at org.assertj.core.api.Assertions.assertThatCode(Assertions.java:1287)
	at com.appointmentscheduler@1.0-SNAPSHOT/com.appointmentscheduler.presentation.ErrorHandlerTest.logWarning_withThrowable_doesNotThrow(ErrorHandlerTest.java:18)
	at java.base/jdk.internal.reflect.DirectMethodHandleAccessor.invoke(DirectMethodHandleAccessor.java:104)
	at java.base/java.lang.reflect.Method.invoke(Method.java:565)
	at org.junit.platform.commons.util.ReflectionUtils.invokeMethod(ReflectionUtils.java:728)
	at org.junit.jupiter.engine.execution.MethodInvocation.proceed(MethodInvocation.java:60)
	at org.junit.jupiter.engine.execution.InvocationInterceptorChain$ValidatingInvocation.proceed(InvocationInterceptorChain.java:131)
	at org.junit.jupiter.engine.extension.TimeoutExtension.intercept(TimeoutExtension.java:156)
	at org.junit.jupiter.engine.extension.TimeoutExtension.interceptTestableMethod(TimeoutExtension.java:147)
	at org.junit.jupiter.engine.extension.TimeoutExtension.interceptTestMethod(TimeoutExtension.java:86)
	at org.junit.jupiter.engine.execution.InterceptingExecutableInvoker$ReflectiveInterceptorCall.lambda$ofVoidMethod$0(InterceptingExecutableInvoker.java:103)
	at org.junit.jupiter.engine.execution.InterceptingExecutableInvoker.lambda$invoke$0(InterceptingExecutableInvoker.java:93)
	at org.junit.jupiter.engine.execution.InvocationInterceptorChain$InterceptedInvocation.proceed(InvocationInterceptorChain.java:106)
	at org.junit.jupiter.engine.execution.InvocationInterceptorChain.proceed(InvocationInterceptorChain.java:64)
	at org.junit.jupiter.engine.execution.InvocationInterceptorChain.chainAndInvoke(InvocationInterceptorChain.java:45)
	at org.junit.jupiter.engine.execution.InvocationInterceptorChain.invoke(InvocationInterceptorChain.java:37)
	at org.junit.jupiter.engine.execution.InterceptingExecutableInvoker.invoke(InterceptingExecutableInvoker.java:92)
	at org.junit.jupiter.engine.execution.InterceptingExecutableInvoker.invoke(InterceptingExecutableInvoker.java:86)
	at org.junit.jupiter.engine.descriptor.TestMethodTestDescriptor.lambda$invokeTestMethod$7(TestMethodTestDescriptor.java:218)
	at org.junit.platform.engine.support.hierarchical.ThrowableCollector.execute(ThrowableCollector.java:73)
	at org.junit.jupiter.engine.descriptor.TestMethodTestDescriptor.invokeTestMethod(TestMethodTestDescriptor.java:214)
	at org.junit.jupiter.engine.descriptor.TestMethodTestDescriptor.execute(TestMethodTestDescriptor.java:139)
	at org.junit.jupiter.engine.descriptor.TestMethodTestDescriptor.execute(TestMethodTestDescriptor.java:69)
	at org.junit.platform.engine.support.hierarchical.NodeTestTask.lambda$executeRecursively$6(NodeTestTask.java:151)
	at org.junit.platform.engine.support.hierarchical.ThrowableCollector.execute(ThrowableCollector.java:73)
	at org.junit.platform.engine.support.hierarchical.NodeTestTask.lambda$executeRecursively$8(NodeTestTask.java:141)
	at org.junit.platform.engine.support.hierarchical.Node.around(Node.java:137)
	at org.junit.platform.engine.support.hierarchical.NodeTestTask.lambda$executeRecursively$9(NodeTestTask.java:139)
	at org.junit.platform.engine.support.hierarchical.ThrowableCollector.execute(ThrowableCollector.java:73)
	at org.junit.platform.engine.support.hierarchical.NodeTestTask.executeRecursively(NodeTestTask.java:138)
	at org.junit.platform.engine.support.hierarchical.NodeTestTask.execute(NodeTestTask.java:95)
	at java.base/java.util.ArrayList.forEach(ArrayList.java:1604)
	at org.junit.platform.engine.support.hierarchical.SameThreadHierarchicalTestExecutorService.invokeAll(SameThreadHierarchicalTestExecutorService.java:41)
	at org.junit.platform.engine.support.hierarchical.NodeTestTask.lambda$executeRecursively$6(NodeTestTask.java:155)
	at org.junit.platform.engine.support.hierarchical.ThrowableCollector.execute(ThrowableCollector.java:73)
	at org.junit.platform.engine.support.hierarchical.NodeTestTask.lambda$executeRecursively$8(NodeTestTask.java:141)
	at org.junit.platform.engine.support.hierarchical.Node.around(Node.java:137)
	at org.junit.platform.engine.support.hierarchical.NodeTestTask.lambda$executeRecursively$9(NodeTestTask.java:139)
	at org.junit.platform.engine.support.hierarchical.ThrowableCollector.execute(ThrowableCollector.java:73)
	at org.junit.platform.engine.support.hierarchical.NodeTestTask.executeRecursively(NodeTestTask.java:138)
	at org.junit.platform.engine.support.hierarchical.NodeTestTask.execute(NodeTestTask.java:95)
	at java.base/java.util.ArrayList.forEach(ArrayList.java:1604)
	at org.junit.platform.engine.support.hierarchical.SameThreadHierarchicalTestExecutorService.invokeAll(SameThreadHierarchicalTestExecutorService.java:41)
	at org.junit.platform.engine.support.hierarchical.NodeTestTask.lambda$executeRecursively$6(NodeTestTask.java:155)
	at org.junit.platform.engine.support.hierarchical.ThrowableCollector.execute(ThrowableCollector.java:73)
	at org.junit.platform.engine.support.hierarchical.NodeTestTask.lambda$executeRecursively$8(NodeTestTask.java:141)
	at org.junit.platform.engine.support.hierarchical.Node.around(Node.java:137)
	at org.junit.platform.engine.support.hierarchical.NodeTestTask.lambda$executeRecursively$9(NodeTestTask.java:139)
	at org.junit.platform.engine.support.hierarchical.ThrowableCollector.execute(ThrowableCollector.java:73)
	at org.junit.platform.engine.support.hierarchical.NodeTestTask.executeRecursively(NodeTestTask.java:138)
	at org.junit.platform.engine.support.hierarchical.NodeTestTask.execute(NodeTestTask.java:95)
	at org.junit.platform.engine.support.hierarchical.SameThreadHierarchicalTestExecutorService.submit(SameThreadHierarchicalTestExecutorService.java:35)
	at org.junit.platform.engine.support.hierarchical.HierarchicalTestExecutor.execute(HierarchicalTestExecutor.java:57)
	at org.junit.platform.engine.support.hierarchical.HierarchicalTestEngine.execute(HierarchicalTestEngine.java:54)
	at org.junit.platform.launcher.core.EngineExecutionOrchestrator.execute(EngineExecutionOrchestrator.java:198)
	at org.junit.platform.launcher.core.EngineExecutionOrchestrator.execute(EngineExecutionOrchestrator.java:169)
	at org.junit.platform.launcher.core.EngineExecutionOrchestrator.execute(EngineExecutionOrchestrator.java:93)
	at org.junit.platform.launcher.core.EngineExecutionOrchestrator.lambda$execute$0(EngineExecutionOrchestrator.java:58)
	at org.junit.platform.launcher.core.EngineExecutionOrchestrator.withInterceptedStreams(EngineExecutionOrchestrator.java:141)
	at org.junit.platform.launcher.core.EngineExecutionOrchestrator.execute(EngineExecutionOrchestrator.java:57)
	at org.junit.platform.launcher.core.DefaultLauncher.execute(DefaultLauncher.java:103)
	at org.junit.platform.launcher.core.DefaultLauncher.execute(DefaultLauncher.java:85)
	at org.junit.platform.launcher.core.DelegatingLauncher.execute(DelegatingLauncher.java:47)
	at org.junit.platform.launcher.core.SessionPerRequestLauncher.execute(SessionPerRequestLauncher.java:63)
	at com.intellij.junit5.JUnit5IdeaTestRunner.startRunnerWithArgs(JUnit5IdeaTestRunner.java:66)
	at com.intellij.rt.junit.IdeaTestRunner$Repeater$1.execute(IdeaTestRunner.java:38)
	at com.intellij.rt.execution.junit.TestsRepeater.repeat(TestsRepeater.java:11)
	at com.intellij.rt.junit.IdeaTestRunner$Repeater.startRunnerWithArgs(IdeaTestRunner.java:35)
	at com.intellij.rt.junit.JUnitStarter.prepareStreamsAndStart(JUnitStarter.java:231)
	at com.intellij.rt.junit.JUnitStarter.main(JUnitStarter.java:55)
2026-04-06 18:24:18.684 [main] DEBUG c.appointmentscheduler.application.AuditLogService - Audit: EXPIRE | System | Appointment pnd auto-expired
2026-04-06 18:24:18.686 [main] DEBUG c.appointmentscheduler.application.AuditLogService - Audit: EXPIRE | System | Appointment a1 auto-expired
2026-04-06 18:24:18.694 [main] DEBUG c.appointmentscheduler.application.AuditLogService - Audit: CANCEL_RECURRENCE_SINGLE | N | Occurrence sid_1775732400 | entity=sid_1775732400
2026-04-06 18:24:18.697 [main] DEBUG c.appointmentscheduler.application.AuditLogService - Audit: CANCEL_RECURRENCE_SERIES | N | Series SER123 occurrence a1 | entity=a1
2026-04-06 18:24:18.698 [main] DEBUG c.appointmentscheduler.application.AuditLogService - Audit: CANCEL_RECURRENCE_SERIES | N | Series SER123 occurrence a2 | entity=a2
2026-04-06 18:24:18.702 [main] DEBUG com.appointmentscheduler.application.AppConfig - Application configuration loaded
2026-04-06 18:24:18.703 [main] DEBUG com.appointmentscheduler.application.AppConfig - Application configuration loaded
2026-04-06 18:24:18.705 [main] DEBUG com.appointmentscheduler.application.AppConfig - Application configuration loaded
2026-04-06 18:24:18.706 [main] DEBUG com.appointmentscheduler.application.AppConfig - Application configuration loaded
2026-04-06 18:24:18.707 [main] DEBUG com.appointmentscheduler.application.AppConfig - Application configuration loaded
2026-04-06 18:24:18.708 [main] DEBUG com.appointmentscheduler.application.AppConfig - Application configuration loaded
2026-04-06 18:24:18.710 [main] DEBUG com.appointmentscheduler.application.AppConfig - Application configuration loaded
2026-04-06 18:24:18.711 [main] DEBUG com.appointmentscheduler.application.AppConfig - Application configuration loaded
2026-04-06 18:24:18.713 [main] DEBUG com.appointmentscheduler.application.AppConfig - Application configuration loaded
2026-04-06 18:24:18.714 [main] DEBUG com.appointmentscheduler.application.AppConfig - Application configuration loaded
2026-04-06 18:24:18.716 [main] DEBUG com.appointmentscheduler.application.AppConfig - Application configuration loaded
2026-04-06 18:24:18.718 [main] DEBUG com.appointmentscheduler.application.AppConfig - Application configuration loaded
2026-04-06 18:24:18.720 [main] DEBUG com.appointmentscheduler.application.AppConfig - Application configuration loaded
2026-04-06 18:24:18.721 [main] DEBUG com.appointmentscheduler.application.AppConfig - Application configuration loaded
2026-04-06 18:24:18.723 [main] DEBUG com.appointmentscheduler.application.AppConfig - Application configuration loaded
2026-04-06 18:24:18.725 [main] DEBUG com.appointmentscheduler.application.AppConfig - Application configuration loaded
2026-04-06 18:24:18.726 [main] DEBUG com.appointmentscheduler.application.AppConfig - Application configuration loaded
2026-04-06 18:24:18.727 [main] DEBUG com.appointmentscheduler.application.AppConfig - Application configuration loaded
2026-04-06 18:24:18.729 [main] DEBUG com.appointmentscheduler.application.AppConfig - Application configuration loaded
2026-04-06 18:24:18.732 [main] DEBUG com.appointmentscheduler.application.AppConfig - Application configuration loaded
2026-04-06 18:24:18.753 [Thread-64] INFO  com.zaxxer.hikari.HikariDataSource - AppointmentBookingPool - Shutdown initiated...
2026-04-06 18:24:18.761 [Thread-64] INFO  com.zaxxer.hikari.HikariDataSource - AppointmentBookingPool - Shutdown completed.
2026-04-06 18:24:18.761 [Thread-64] INFO  c.a.persistence.database.DatabaseConfig - Database connection pool closed
2026-04-06 18:50:14.962 [main] DEBUG com.appointmentscheduler.application.AppConfig - Application configuration loaded
2026-04-06 18:50:14.984 [main] DEBUG c.a.application.AppointmentReminderService - Registered reminder channel: SMSNotification
2026-04-06 18:50:16.475 [main] DEBUG com.appointmentscheduler.application.AppConfig - Application configuration loaded
2026-04-06 18:50:17.102 [main] DEBUG com.appointmentscheduler.application.AppConfig - Application configuration loaded
2026-04-06 18:50:17.201 [main] DEBUG com.appointmentscheduler.application.AppConfig - Application configuration loaded
2026-04-06 18:50:20.098 [main] INFO  com.zaxxer.hikari.HikariDataSource - HikariPool-1 - Starting...
2026-04-06 18:50:20.837 [main] INFO  com.zaxxer.hikari.pool.HikariPool - HikariPool-1 - Added connection conn0: url=jdbc:h2:mem:jdbc_repo_test user=SA
2026-04-06 18:50:20.840 [main] INFO  com.zaxxer.hikari.HikariDataSource - HikariPool-1 - Start completed.
2026-04-06 18:50:21.600 [main] INFO  com.zaxxer.hikari.HikariDataSource - HikariPool-1 - Shutdown initiated...
2026-04-06 18:50:21.601 [main] INFO  com.zaxxer.hikari.HikariDataSource - HikariPool-1 - Shutdown completed.
2026-04-06 18:50:21.661 [JavaFX Application Thread] INFO  com.zaxxer.hikari.HikariDataSource - AppointmentBookingPool - Starting...
2026-04-06 18:50:22.264 [JavaFX Application Thread] INFO  com.zaxxer.hikari.pool.HikariPool - AppointmentBookingPool - Added connection com.mysql.cj.jdbc.ConnectionImpl@2e35dfb8
2026-04-06 18:50:22.264 [JavaFX Application Thread] INFO  com.zaxxer.hikari.HikariDataSource - AppointmentBookingPool - Start completed.
2026-04-06 18:50:22.264 [JavaFX Application Thread] INFO  c.a.persistence.database.DatabaseConfig - Database connection pool initialized: jdbc:mysql://localhost:3306/appointment?useUnicode=true&characterEncoding=UTF-8&serverTimezone=UTC&useSSL=false&allowPublicKeyRetrieval=true
2026-04-06 18:50:22.282 [JavaFX Application Thread] INFO  c.a.persistence.database.DatabaseConfig - MySQL: table app_user verified/created
2026-04-06 18:50:22.299 [JavaFX Application Thread] DEBUG c.a.persistence.database.DatabaseConfig - MySQL (skipped): ALTER TABLE appointment ADD COLUMN customer_notes VARCHAR(2000) NULL — Duplicate column name 'customer_notes'
2026-04-06 18:50:22.300 [JavaFX Application Thread] DEBUG c.a.persistence.database.DatabaseConfig - MySQL (skipped): ALTER TABLE appointment ADD COLUMN contact_phone VARCHAR(64) NULL — Duplicate column name 'contact_phone'
2026-04-06 18:50:22.302 [JavaFX Application Thread] DEBUG c.a.persistence.database.DatabaseConfig - MySQL (skipped): ALTER TABLE appointment ADD COLUMN reminder_channel VARCHAR(32) NULL — Duplicate column name 'reminder_channel'
2026-04-06 18:50:22.302 [JavaFX Application Thread] DEBUG c.a.persistence.database.DatabaseConfig - MySQL (skipped): ALTER TABLE appointment ADD COLUMN accessibility_needs VARCHAR(512) NULL — Duplicate column name 'accessibility_needs'
2026-04-06 18:50:22.302 [JavaFX Application Thread] DEBUG c.a.persistence.database.DatabaseConfig - MySQL (skipped): ALTER TABLE appointment ADD COLUMN preferred_language VARCHAR(16) NULL — Duplicate column name 'preferred_language'
2026-04-06 18:50:22.303 [JavaFX Application Thread] INFO  com.appointmentscheduler.presentation.MainApp - Using database persistence (MySQL). User and appointment data will be saved.
2026-04-06 18:50:22.303 [JavaFX Application Thread] DEBUG c.a.application.AppointmentReminderService - Registered reminder channel: SMSNotification
2026-04-06 18:50:22.734 [JavaFX Application Thread] INFO  com.appointmentscheduler.presentation.MainApp - Starting Appointment Booking System v3.0.0
2026-04-06 18:50:24.978 [JavaFX Application Thread] DEBUG c.appointmentscheduler.application.AuditLogService - Audit: DAY_CLOSED | Admin Sweep | Closed calendar day: 2026-04-06
2026-04-06 18:50:24.992 [JavaFX Application Thread] DEBUG c.appointmentscheduler.application.AuditLogService - Audit: DAY_REOPENED | Admin Sweep | Reopened calendar day: 2026-04-06
2026-04-06 18:50:28.680 [main] DEBUG c.a.application.AppointmentReminderService - Registered reminder channel: Observer$MockitoMock$t1hmFTVm
2026-04-06 18:50:28.681 [main] DEBUG c.a.application.AppointmentReminderService - Registered reminder channel: Observer$MockitoMock$t1hmFTVm
2026-04-06 18:50:28.688 [main] ERROR c.a.application.AppointmentReminderService - Reminder channel failed: com.appointmentscheduler.domain.notifiers.Observer$MockitoMock$t1hmFTVm
java.lang.RuntimeException: smtp down
	at com.appointmentscheduler/com.appointmentscheduler.application.AppointmentReminderService.dispatchSafely(AppointmentReminderService.java:51)
	at com.appointmentscheduler/com.appointmentscheduler.application.AppointmentReminderService.sendReminder(AppointmentReminderService.java:45)
	at com.appointmentscheduler/com.appointmentscheduler.application.AppointmentReminderServiceTest.sendReminder_oneChannelThrows_otherStillNotified(AppointmentReminderServiceTest.java:60)
	at java.base/jdk.internal.reflect.DirectMethodHandleAccessor.invoke(DirectMethodHandleAccessor.java:104)
	at java.base/java.lang.reflect.Method.invoke(Method.java:565)
	at org.junit.platform.commons.util.ReflectionUtils.invokeMethod(ReflectionUtils.java:728)
	at org.junit.jupiter.engine.execution.MethodInvocation.proceed(MethodInvocation.java:60)
	at org.junit.jupiter.engine.execution.InvocationInterceptorChain$ValidatingInvocation.proceed(InvocationInterceptorChain.java:131)
	at org.junit.jupiter.engine.extension.TimeoutExtension.intercept(TimeoutExtension.java:156)
	at org.junit.jupiter.engine.extension.TimeoutExtension.interceptTestableMethod(TimeoutExtension.java:147)
	at org.junit.jupiter.engine.extension.TimeoutExtension.interceptTestMethod(TimeoutExtension.java:86)
	at org.junit.jupiter.engine.execution.InterceptingExecutableInvoker$ReflectiveInterceptorCall.lambda$ofVoidMethod$0(InterceptingExecutableInvoker.java:103)
	at org.junit.jupiter.engine.execution.InterceptingExecutableInvoker.lambda$invoke$0(InterceptingExecutableInvoker.java:93)
	at org.junit.jupiter.engine.execution.InvocationInterceptorChain$InterceptedInvocation.proceed(InvocationInterceptorChain.java:106)
	at org.junit.jupiter.engine.execution.InvocationInterceptorChain.proceed(InvocationInterceptorChain.java:64)
	at org.junit.jupiter.engine.execution.InvocationInterceptorChain.chainAndInvoke(InvocationInterceptorChain.java:45)
	at org.junit.jupiter.engine.execution.InvocationInterceptorChain.invoke(InvocationInterceptorChain.java:37)
	at org.junit.jupiter.engine.execution.InterceptingExecutableInvoker.invoke(InterceptingExecutableInvoker.java:92)
	at org.junit.jupiter.engine.execution.InterceptingExecutableInvoker.invoke(InterceptingExecutableInvoker.java:86)
	at org.junit.jupiter.engine.descriptor.TestMethodTestDescriptor.lambda$invokeTestMethod$7(TestMethodTestDescriptor.java:218)
	at org.junit.platform.engine.support.hierarchical.ThrowableCollector.execute(ThrowableCollector.java:73)
	at org.junit.jupiter.engine.descriptor.TestMethodTestDescriptor.invokeTestMethod(TestMethodTestDescriptor.java:214)
	at org.junit.jupiter.engine.descriptor.TestMethodTestDescriptor.execute(TestMethodTestDescriptor.java:139)
	at org.junit.jupiter.engine.descriptor.TestMethodTestDescriptor.execute(TestMethodTestDescriptor.java:69)
	at org.junit.platform.engine.support.hierarchical.NodeTestTask.lambda$executeRecursively$6(NodeTestTask.java:151)
	at org.junit.platform.engine.support.hierarchical.ThrowableCollector.execute(ThrowableCollector.java:73)
	at org.junit.platform.engine.support.hierarchical.NodeTestTask.lambda$executeRecursively$8(NodeTestTask.java:141)
	at org.junit.platform.engine.support.hierarchical.Node.around(Node.java:137)
	at org.junit.platform.engine.support.hierarchical.NodeTestTask.lambda$executeRecursively$9(NodeTestTask.java:139)
	at org.junit.platform.engine.support.hierarchical.ThrowableCollector.execute(ThrowableCollector.java:73)
	at org.junit.platform.engine.support.hierarchical.NodeTestTask.executeRecursively(NodeTestTask.java:138)
	at org.junit.platform.engine.support.hierarchical.NodeTestTask.execute(NodeTestTask.java:95)
	at java.base/java.util.ArrayList.forEach(ArrayList.java:1604)
	at org.junit.platform.engine.support.hierarchical.SameThreadHierarchicalTestExecutorService.invokeAll(SameThreadHierarchicalTestExecutorService.java:41)
	at org.junit.platform.engine.support.hierarchical.NodeTestTask.lambda$executeRecursively$6(NodeTestTask.java:155)
	at org.junit.platform.engine.support.hierarchical.ThrowableCollector.execute(ThrowableCollector.java:73)
	at org.junit.platform.engine.support.hierarchical.NodeTestTask.lambda$executeRecursively$8(NodeTestTask.java:141)
	at org.junit.platform.engine.support.hierarchical.Node.around(Node.java:137)
	at org.junit.platform.engine.support.hierarchical.NodeTestTask.lambda$executeRecursively$9(NodeTestTask.java:139)
	at org.junit.platform.engine.support.hierarchical.ThrowableCollector.execute(ThrowableCollector.java:73)
	at org.junit.platform.engine.support.hierarchical.NodeTestTask.executeRecursively(NodeTestTask.java:138)
	at org.junit.platform.engine.support.hierarchical.NodeTestTask.execute(NodeTestTask.java:95)
	at java.base/java.util.ArrayList.forEach(ArrayList.java:1604)
	at org.junit.platform.engine.support.hierarchical.SameThreadHierarchicalTestExecutorService.invokeAll(SameThreadHierarchicalTestExecutorService.java:41)
	at org.junit.platform.engine.support.hierarchical.NodeTestTask.lambda$executeRecursively$6(NodeTestTask.java:155)
	at org.junit.platform.engine.support.hierarchical.ThrowableCollector.execute(ThrowableCollector.java:73)
	at org.junit.platform.engine.support.hierarchical.NodeTestTask.lambda$executeRecursively$8(NodeTestTask.java:141)
	at org.junit.platform.engine.support.hierarchical.Node.around(Node.java:137)
	at org.junit.platform.engine.support.hierarchical.NodeTestTask.lambda$executeRecursively$9(NodeTestTask.java:139)
	at org.junit.platform.engine.support.hierarchical.ThrowableCollector.execute(ThrowableCollector.java:73)
	at org.junit.platform.engine.support.hierarchical.NodeTestTask.executeRecursively(NodeTestTask.java:138)
	at org.junit.platform.engine.support.hierarchical.NodeTestTask.execute(NodeTestTask.java:95)
	at org.junit.platform.engine.support.hierarchical.SameThreadHierarchicalTestExecutorService.submit(SameThreadHierarchicalTestExecutorService.java:35)
	at org.junit.platform.engine.support.hierarchical.HierarchicalTestExecutor.execute(HierarchicalTestExecutor.java:57)
	at org.junit.platform.engine.support.hierarchical.HierarchicalTestEngine.execute(HierarchicalTestEngine.java:54)
	at org.junit.platform.launcher.core.EngineExecutionOrchestrator.execute(EngineExecutionOrchestrator.java:198)
	at org.junit.platform.launcher.core.EngineExecutionOrchestrator.execute(EngineExecutionOrchestrator.java:169)
	at org.junit.platform.launcher.core.EngineExecutionOrchestrator.execute(EngineExecutionOrchestrator.java:93)
	at org.junit.platform.launcher.core.EngineExecutionOrchestrator.lambda$execute$0(EngineExecutionOrchestrator.java:58)
	at org.junit.platform.launcher.core.EngineExecutionOrchestrator.withInterceptedStreams(EngineExecutionOrchestrator.java:141)
	at org.junit.platform.launcher.core.EngineExecutionOrchestrator.execute(EngineExecutionOrchestrator.java:57)
	at org.junit.platform.launcher.core.DefaultLauncher.execute(DefaultLauncher.java:103)
	at org.junit.platform.launcher.core.DefaultLauncher.execute(DefaultLauncher.java:85)
	at org.junit.platform.launcher.core.DelegatingLauncher.execute(DelegatingLauncher.java:47)
	at org.junit.platform.launcher.core.SessionPerRequestLauncher.execute(SessionPerRequestLauncher.java:63)
	at com.intellij.junit5.JUnit5IdeaTestRunner.startRunnerWithArgs(JUnit5IdeaTestRunner.java:66)
	at com.intellij.rt.junit.IdeaTestRunner$Repeater$1.execute(IdeaTestRunner.java:38)
	at com.intellij.rt.execution.junit.TestsRepeater.repeat(TestsRepeater.java:11)
	at com.intellij.rt.junit.IdeaTestRunner$Repeater.startRunnerWithArgs(IdeaTestRunner.java:35)
	at com.intellij.rt.junit.JUnitStarter.prepareStreamsAndStart(JUnitStarter.java:231)
	at com.intellij.rt.junit.JUnitStarter.main(JUnitStarter.java:55)
2026-04-06 18:50:28.721 [main] DEBUG c.a.application.AppointmentReminderService - Registered reminder channel: SMSNotification$MockitoMock$ydkA64iR
2026-04-06 18:50:28.721 [main] DEBUG c.a.application.AppointmentReminderService - Registered reminder channel: SMSNotification$MockitoMock$ydkA64iR
2026-04-06 18:50:28.721 [main] DEBUG c.a.domain.notifiers.SMSNotification - SMS reminder (stub): userId=u2, messageLength=31
2026-04-06 18:50:28.721 [main] DEBUG c.a.domain.notifiers.SMSNotification - SMS reminder (stub): userId=u2, messageLength=31
2026-04-06 18:50:28.723 [main] DEBUG c.a.application.AppointmentReminderService - Registered reminder channel: Observer$MockitoMock$t1hmFTVm
2026-04-06 18:50:28.794 [main] DEBUG com.appointmentscheduler.application.AppConfig - Application configuration loaded
2026-04-06 18:50:28.796 [main] DEBUG com.appointmentscheduler.application.AppConfig - Application configuration loaded
2026-04-06 18:50:28.837 [JavaFX Application Thread] INFO  com.appointmentscheduler.presentation.MainApp - Using database persistence (MySQL). User and appointment data will be saved.
2026-04-06 18:50:28.837 [JavaFX Application Thread] DEBUG c.a.application.AppointmentReminderService - Registered reminder channel: SMSNotification
2026-04-06 18:50:29.228 [JavaFX Application Thread] INFO  com.appointmentscheduler.presentation.MainApp - Starting Appointment Booking System v3.0.0
2026-04-06 18:50:30.442 [JavaFX Application Thread] DEBUG c.appointmentscheduler.application.AuditLogService - Audit: DAY_CLOSED | Forced Admin | Closed calendar day: 2026-04-06
2026-04-06 18:50:30.446 [JavaFX Application Thread] DEBUG c.appointmentscheduler.application.AuditLogService - Audit: DAY_REOPENED | Forced Admin | Reopened calendar day: 2026-04-06
2026-04-06 18:50:39.015 [JavaFX Application Thread] ERROR c.a.presentation.LoginController - Registration save failed for email auto.125334828896500@test.com
java.lang.RuntimeException: boom
	at com.appointmentscheduler/com.appointmentscheduler.presentation.LoginController.handleOpenRegistration(LoginController.java:215)
	at com.appointmentscheduler/com.appointmentscheduler.presentation.LoginControllerCoverageTest.lambda$runOnFxVoid$0(LoginControllerCoverageTest.java:275)
	at javafx.graphics/com.sun.javafx.application.PlatformImpl.lambda$runLater$10(PlatformImpl.java:457)
	at java.base/java.security.AccessController.doPrivileged(AccessController.java:138)
	at javafx.graphics/com.sun.javafx.application.PlatformImpl.lambda$runLater$11(PlatformImpl.java:456)
	at javafx.graphics/com.sun.glass.ui.InvokeLaterDispatcher$Future.run$$$capture(InvokeLaterDispatcher.java:96)
	at javafx.graphics/com.sun.glass.ui.InvokeLaterDispatcher$Future.run(InvokeLaterDispatcher.java)
	at javafx.graphics/com.sun.glass.ui.win.WinApplication._runLoop(Native Method)
	at javafx.graphics/com.sun.glass.ui.win.WinApplication.lambda$runLoop$3(WinApplication.java:184)
	at java.base/java.lang.Thread.run(Thread.java:1474)
2026-04-06 18:50:39.037 [main] DEBUG com.appointmentscheduler.application.AppConfig - Application configuration loaded
2026-04-06 18:50:39.041 [main] DEBUG com.appointmentscheduler.application.AppConfig - Application configuration loaded
2026-04-06 18:50:39.045 [main] DEBUG com.appointmentscheduler.application.AppConfig - Application configuration loaded
2026-04-06 18:50:39.048 [main] DEBUG com.appointmentscheduler.application.AppConfig - Application configuration loaded
2026-04-06 18:50:39.050 [main] DEBUG com.appointmentscheduler.application.AppConfig - Application configuration loaded
2026-04-06 18:50:39.066 [main] DEBUG com.appointmentscheduler.application.AppConfig - Application configuration loaded
2026-04-06 18:50:39.069 [main] DEBUG com.appointmentscheduler.application.AppConfig - Application configuration loaded
2026-04-06 18:50:39.074 [main] DEBUG com.appointmentscheduler.application.AppConfig - Application configuration loaded
2026-04-06 18:50:39.077 [main] DEBUG com.appointmentscheduler.application.AppConfig - Application configuration loaded
2026-04-06 18:50:39.221 [main] DEBUG c.appointmentscheduler.application.AuditLogService - Audit: ACTION | null | details
2026-04-06 18:50:39.221 [main] DEBUG c.appointmentscheduler.application.AuditLogService - Audit: A2 | N | d2
2026-04-06 18:50:39.221 [main] DEBUG c.appointmentscheduler.application.AuditLogService - Audit: A3 | N | d3 | entity=e1
2026-04-06 18:50:39.222 [main] DEBUG c.appointmentscheduler.application.AuditLogService - Audit: A4 | name | d4
2026-04-06 18:50:39.313 [main] DEBUG c.a.application.InAppMessagingService - Customer contact stored in staff inbox id=ce4fb982-83e0-4908-ad2e-4e242aaec59a customerId=p1
2026-04-06 18:50:39.345 [main] DEBUG c.a.application.InAppMessagingService - In-app message stored userId=p1 correlationId=5c86a985-cc4c-49cb-beda-d89bd420218b
2026-04-06 18:50:39.347 [main] DEBUG c.a.application.InAppMessagingService - In-app message stored userId=p1 correlationId=68f56284-c07c-46c7-8d1d-7f5c101bc59c
2026-04-06 18:50:39.348 [main] DEBUG c.a.application.InAppMessagingService - In-app message stored userId=p1 correlationId=c6fd9098-9daa-40ab-8c6f-49f1540cfd64
2026-04-06 18:50:39.348 [main] DEBUG c.a.application.InAppMessagingService - In-app message stored userId=p2 correlationId=1ceb77f3-7159-44fb-9435-05317c943501
2026-04-06 18:50:39.404 [main] DEBUG c.a.a.email.JakartaMailEmailNotificationService - Email notifications are disabled (email.enabled=false).
2026-04-06 18:50:39.409 [JavaFX Application Thread] INFO  com.appointmentscheduler.presentation.MainApp - Using database persistence (MySQL). User and appointment data will be saved.
2026-04-06 18:50:39.410 [JavaFX Application Thread] DEBUG c.a.application.AppointmentReminderService - Registered reminder channel: SMSNotification
2026-04-06 18:50:39.848 [JavaFX Application Thread] INFO  com.appointmentscheduler.presentation.MainApp - Starting Appointment Booking System v3.0.0
2026-04-06 18:50:42.659 [JavaFX Application Thread] INFO  com.appointmentscheduler.presentation.MainApp - Using database persistence (MySQL). User and appointment data will be saved.
2026-04-06 18:50:42.660 [JavaFX Application Thread] DEBUG c.a.application.AppointmentReminderService - Registered reminder channel: SMSNotification
2026-04-06 18:50:43.073 [JavaFX Application Thread] INFO  com.appointmentscheduler.presentation.MainApp - Starting Appointment Booking System v3.0.0
2026-04-06 18:50:43.471 [JavaFX Application Thread] WARN  com.appointmentscheduler.presentation.MainApp - loadScreen re-entry ignored: PatientDashboard.fxml
2026-04-06 18:50:43.473 [JavaFX Application Thread] WARN  com.appointmentscheduler.presentation.MainApp - loadScreen re-entry ignored: ThisDoesNotExist.fxml
2026-04-06 18:50:43.477 [JavaFX Application Thread] DEBUG c.appointmentscheduler.application.AuditLogService - Audit: LOGOUT | Admin | User logged out from application
2026-04-06 18:50:43.477 [JavaFX Application Thread] WARN  com.appointmentscheduler.presentation.MainApp - loadScreen re-entry ignored: Login.fxml
2026-04-06 18:50:44.239 [JavaFX Application Thread] INFO  com.appointmentscheduler.presentation.MainApp - Using database persistence (MySQL). User and appointment data will be saved.
2026-04-06 18:50:44.239 [JavaFX Application Thread] DEBUG c.a.application.AppointmentReminderService - Registered reminder channel: SMSNotification
2026-04-06 18:50:44.574 [JavaFX Application Thread] INFO  com.appointmentscheduler.presentation.MainApp - Starting Appointment Booking System v3.0.0
2026-04-06 18:50:45.189 [JavaFX Application Thread] ERROR com.appointmentscheduler.presentation.MainApp - Failed to load screen: ThisDoesNotExist.fxml
java.lang.IllegalStateException: FXML not found. Tried: /com/appointmentscheduler/presentation/ThisDoesNotExist.fxml, com/appointmentscheduler/presentation/ThisDoesNotExist.fxml, ThisDoesNotExist.fxml. Check that src/main/resources is on classpath.
	at com.appointmentscheduler/com.appointmentscheduler.presentation.MainApp.loadScreen(MainApp.java:387)
	at com.appointmentscheduler/com.appointmentscheduler.presentation.PresentationMainAppCoverageTest.lambda$mainApp_loadScreen_and_errorHandling_executeCompletely$5(PresentationMainAppCoverageTest.java:76)
	at com.appointmentscheduler/com.appointmentscheduler.presentation.PresentationMainAppCoverageTest.lambda$runOnFxVoid$0(PresentationMainAppCoverageTest.java:138)
	at com.appointmentscheduler/com.appointmentscheduler.presentation.PresentationMainAppCoverageTest.lambda$runOnFx$0(PresentationMainAppCoverageTest.java:120)
	at javafx.graphics/com.sun.javafx.application.PlatformImpl.lambda$runLater$10(PlatformImpl.java:457)
	at java.base/java.security.AccessController.doPrivileged(AccessController.java:138)
	at javafx.graphics/com.sun.javafx.application.PlatformImpl.lambda$runLater$11(PlatformImpl.java:456)
	at javafx.graphics/com.sun.glass.ui.InvokeLaterDispatcher$Future.run$$$capture(InvokeLaterDispatcher.java:96)
	at javafx.graphics/com.sun.glass.ui.InvokeLaterDispatcher$Future.run(InvokeLaterDispatcher.java)
	at javafx.graphics/com.sun.glass.ui.win.WinApplication._runLoop(Native Method)
	at javafx.graphics/com.sun.glass.ui.win.WinApplication.lambda$runLoop$3(WinApplication.java:184)
	at java.base/java.lang.Thread.run(Thread.java:1474)
2026-04-06 18:50:45.205 [JavaFX Application Thread] ERROR c.appointmentscheduler.presentation.ErrorHandler - Failed to load screen: FXML not found. Tried: /com/appointmentscheduler/presentation/ThisDoesNotExist.fxml, com/appointmentscheduler/presentation/ThisDoesNotExist.fxml, ThisDoesNotExist.fxml. Check that src/main/resources is on classpath.
java.lang.IllegalStateException: FXML not found. Tried: /com/appointmentscheduler/presentation/ThisDoesNotExist.fxml, com/appointmentscheduler/presentation/ThisDoesNotExist.fxml, ThisDoesNotExist.fxml. Check that src/main/resources is on classpath.
	at com.appointmentscheduler/com.appointmentscheduler.presentation.MainApp.loadScreen(MainApp.java:387)
	at com.appointmentscheduler/com.appointmentscheduler.presentation.PresentationMainAppCoverageTest.lambda$mainApp_loadScreen_and_errorHandling_executeCompletely$5(PresentationMainAppCoverageTest.java:76)
	at com.appointmentscheduler/com.appointmentscheduler.presentation.PresentationMainAppCoverageTest.lambda$runOnFxVoid$0(PresentationMainAppCoverageTest.java:138)
	at com.appointmentscheduler/com.appointmentscheduler.presentation.PresentationMainAppCoverageTest.lambda$runOnFx$0(PresentationMainAppCoverageTest.java:120)
	at javafx.graphics/com.sun.javafx.application.PlatformImpl.lambda$runLater$10(PlatformImpl.java:457)
	at java.base/java.security.AccessController.doPrivileged(AccessController.java:138)
	at javafx.graphics/com.sun.javafx.application.PlatformImpl.lambda$runLater$11(PlatformImpl.java:456)
	at javafx.graphics/com.sun.glass.ui.InvokeLaterDispatcher$Future.run$$$capture(InvokeLaterDispatcher.java:96)
	at javafx.graphics/com.sun.glass.ui.InvokeLaterDispatcher$Future.run(InvokeLaterDispatcher.java)
	at javafx.graphics/com.sun.glass.ui.win.WinApplication._runLoop(Native Method)
	at javafx.graphics/com.sun.glass.ui.win.WinApplication.lambda$runLoop$3(WinApplication.java:184)
	at java.base/java.lang.Thread.run(Thread.java:1474)
2026-04-06 18:50:45.209 [JavaFX Application Thread] DEBUG c.appointmentscheduler.application.AuditLogService - Audit: LOGOUT | Patient | User logged out from application
2026-04-06 18:50:45.313 [main] INFO  com.zaxxer.hikari.HikariDataSource - AppointmentBookingPool - Shutdown initiated...
2026-04-06 18:50:45.325 [main] INFO  com.zaxxer.hikari.HikariDataSource - AppointmentBookingPool - Shutdown completed.
2026-04-06 18:50:45.325 [main] INFO  c.a.persistence.database.DatabaseConfig - Database connection pool closed
2026-04-06 18:50:45.327 [main] DEBUG com.appointmentscheduler.application.AppConfig - Application configuration loaded
2026-04-06 18:50:45.327 [main] INFO  com.zaxxer.hikari.HikariDataSource - AppointmentBookingPool - Starting...
2026-04-06 18:50:45.330 [main] INFO  com.zaxxer.hikari.pool.HikariPool - AppointmentBookingPool - Added connection conn4: url=jdbc:h2:mem:dbconfig_flyway user=SA
2026-04-06 18:50:45.330 [main] INFO  com.zaxxer.hikari.HikariDataSource - AppointmentBookingPool - Start completed.
2026-04-06 18:50:45.330 [main] INFO  c.a.persistence.database.DatabaseConfig - Database connection pool initialized: jdbc:h2:mem:dbconfig_flyway;DB_CLOSE_DELAY=-1;DATABASE_TO_LOWER=TRUE
2026-04-06 18:50:45.449 [main] INFO  org.flywaydb.core.internal.license.VersionPrinter - Flyway Community Edition 9.22.3 by Redgate
2026-04-06 18:50:45.450 [main] INFO  org.flywaydb.core.internal.license.VersionPrinter - See release notes here: https://rd.gt/416ObMi
2026-04-06 18:50:45.450 [main] INFO  org.flywaydb.core.internal.license.VersionPrinter - 
2026-04-06 18:50:45.489 [main] INFO  org.flywaydb.core.FlywayExecutor - Database: jdbc:h2:mem:dbconfig_flyway (H2 2.2)
2026-04-06 18:50:45.496 [main] WARN  org.flywaydb.core.internal.database.base.Database - Flyway upgrade recommended: H2 2.2.224 is newer than this version of Flyway and support has not been tested. The latest supported version of H2 is 2.2.220.
2026-04-06 18:50:45.522 [main] INFO  o.f.c.i.schemahistory.JdbcTableSchemaHistory - Schema history table "public"."flyway_schema_history" does not exist yet
2026-04-06 18:50:45.526 [main] INFO  org.flywaydb.core.internal.command.DbValidate - Successfully validated 2 migrations (execution time 00:00.018s)
2026-04-06 18:50:45.532 [main] INFO  o.f.c.i.schemahistory.JdbcTableSchemaHistory - Creating Schema History table "public"."flyway_schema_history" ...
2026-04-06 18:50:45.556 [main] INFO  org.flywaydb.core.internal.command.DbMigrate - Current version of schema "public": << Empty Schema >>
2026-04-06 18:50:45.579 [main] INFO  org.flywaydb.core.internal.command.DbMigrate - Migrating schema "public" to version "1 - enterprise schema"
2026-04-06 18:50:45.617 [main] INFO  org.flywaydb.core.internal.command.DbMigrate - Migrating schema "public" to version "2 - booking request fields"
2026-04-06 18:50:45.675 [main] INFO  org.flywaydb.core.internal.command.DbMigrate - Successfully applied 2 migrations to schema "public", now at version v2 (execution time 00:00.080s)
2026-04-06 18:50:45.676 [main] INFO  c.a.persistence.database.DatabaseConfig - Flyway migrations executed: 2
2026-04-06 18:50:45.676 [main] INFO  com.zaxxer.hikari.HikariDataSource - AppointmentBookingPool - Shutdown initiated...
2026-04-06 18:50:45.677 [main] INFO  com.zaxxer.hikari.HikariDataSource - AppointmentBookingPool - Shutdown completed.
2026-04-06 18:50:45.677 [main] INFO  c.a.persistence.database.DatabaseConfig - Database connection pool closed
2026-04-06 18:50:45.677 [main] INFO  com.zaxxer.hikari.HikariDataSource - AppointmentBookingPool - Starting...
2026-04-06 18:50:45.678 [main] INFO  com.zaxxer.hikari.pool.HikariPool - AppointmentBookingPool - Added connection conn6: url=jdbc:h2:mem:dbconfig_flyway user=SA
2026-04-06 18:50:45.678 [main] INFO  com.zaxxer.hikari.HikariDataSource - AppointmentBookingPool - Start completed.
2026-04-06 18:50:45.678 [main] INFO  c.a.persistence.database.DatabaseConfig - Database connection pool initialized: jdbc:h2:mem:dbconfig_flyway;DB_CLOSE_DELAY=-1;DATABASE_TO_LOWER=TRUE
2026-04-06 18:50:45.683 [main] INFO  org.flywaydb.core.FlywayExecutor - Database: jdbc:h2:mem:dbconfig_flyway (H2 2.2)
2026-04-06 18:50:45.686 [main] WARN  org.flywaydb.core.internal.database.base.Database - Flyway upgrade recommended: H2 2.2.224 is newer than this version of Flyway and support has not been tested. The latest supported version of H2 is 2.2.220.
2026-04-06 18:50:45.694 [main] INFO  org.flywaydb.core.internal.command.DbValidate - Successfully validated 2 migrations (execution time 00:00.006s)
2026-04-06 18:50:45.698 [main] INFO  org.flywaydb.core.internal.command.DbMigrate - Current version of schema "public": 2
2026-04-06 18:50:45.698 [main] INFO  org.flywaydb.core.internal.command.DbMigrate - Schema "public" is up to date. No migration necessary.
2026-04-06 18:50:45.698 [main] INFO  c.a.persistence.database.DatabaseConfig - Flyway migrations executed: 0
2026-04-06 18:50:45.698 [main] INFO  com.zaxxer.hikari.HikariDataSource - AppointmentBookingPool - Shutdown initiated...
2026-04-06 18:50:45.740 [main] INFO  com.zaxxer.hikari.HikariDataSource - AppointmentBookingPool - Shutdown completed.
2026-04-06 18:50:45.741 [main] INFO  c.a.persistence.database.DatabaseConfig - Database connection pool closed
2026-04-06 18:50:45.742 [main] DEBUG com.appointmentscheduler.application.AppConfig - Application configuration loaded
2026-04-06 18:50:45.743 [main] DEBUG com.appointmentscheduler.application.AppConfig - Application configuration loaded
2026-04-06 18:50:45.745 [main] DEBUG com.appointmentscheduler.application.AppConfig - Application configuration loaded
2026-04-06 18:50:46.893 [main] INFO  com.appointmentscheduler.application.AuthService - Login successful for user: john@test.com
2026-04-06 18:50:47.571 [main] WARN  com.appointmentscheduler.application.AuthService - Login attempt for locked account: john@test.com
2026-04-06 18:50:49.550 [main] WARN  com.appointmentscheduler.application.AuthService - Login failed for email: nobody@here.com
2026-04-06 18:50:50.536 [main] WARN  com.appointmentscheduler.application.AuthService - Login failed for email: john@test.com
2026-04-06 18:50:52.278 [main] INFO  com.appointmentscheduler.application.AuthService - Login successful for user: john@test.com
2026-04-06 18:50:53.249 [main] INFO  com.appointmentscheduler.application.AuthService - Login successful for user: john@test.com
2026-04-06 18:50:54.226 [main] INFO  com.appointmentscheduler.application.AuthService - Login successful for user: john@test.com
2026-04-06 18:50:55.191 [main] INFO  com.appointmentscheduler.application.AuthService - Login successful for user: admin@test.com
2026-04-06 18:50:55.270 [JavaFX Application Thread] INFO  com.zaxxer.hikari.HikariDataSource - AppointmentBookingPool - Starting...
2026-04-06 18:50:55.273 [JavaFX Application Thread] INFO  com.zaxxer.hikari.pool.HikariPool - AppointmentBookingPool - Added connection com.mysql.cj.jdbc.ConnectionImpl@2cd9f534
2026-04-06 18:50:55.273 [JavaFX Application Thread] INFO  com.zaxxer.hikari.HikariDataSource - AppointmentBookingPool - Start completed.
2026-04-06 18:50:55.273 [JavaFX Application Thread] INFO  c.a.persistence.database.DatabaseConfig - Database connection pool initialized: jdbc:mysql://localhost:3306/appointment?useUnicode=true&characterEncoding=UTF-8&serverTimezone=UTC&useSSL=false&allowPublicKeyRetrieval=true
2026-04-06 18:50:55.275 [JavaFX Application Thread] INFO  c.a.persistence.database.DatabaseConfig - MySQL: table app_user verified/created
2026-04-06 18:50:55.276 [JavaFX Application Thread] DEBUG c.a.persistence.database.DatabaseConfig - MySQL (skipped): ALTER TABLE appointment ADD COLUMN customer_notes VARCHAR(2000) NULL — Duplicate column name 'customer_notes'
2026-04-06 18:50:55.277 [JavaFX Application Thread] DEBUG c.a.persistence.database.DatabaseConfig - MySQL (skipped): ALTER TABLE appointment ADD COLUMN contact_phone VARCHAR(64) NULL — Duplicate column name 'contact_phone'
2026-04-06 18:50:55.277 [JavaFX Application Thread] DEBUG c.a.persistence.database.DatabaseConfig - MySQL (skipped): ALTER TABLE appointment ADD COLUMN reminder_channel VARCHAR(32) NULL — Duplicate column name 'reminder_channel'
2026-04-06 18:50:55.278 [JavaFX Application Thread] DEBUG c.a.persistence.database.DatabaseConfig - MySQL (skipped): ALTER TABLE appointment ADD COLUMN accessibility_needs VARCHAR(512) NULL — Duplicate column name 'accessibility_needs'
2026-04-06 18:50:55.278 [JavaFX Application Thread] DEBUG c.a.persistence.database.DatabaseConfig - MySQL (skipped): ALTER TABLE appointment ADD COLUMN preferred_language VARCHAR(16) NULL — Duplicate column name 'preferred_language'
2026-04-06 18:50:55.278 [JavaFX Application Thread] INFO  com.appointmentscheduler.presentation.MainApp - Using database persistence (MySQL). User and appointment data will be saved.
2026-04-06 18:50:55.278 [JavaFX Application Thread] DEBUG c.a.application.AppointmentReminderService - Registered reminder channel: SMSNotification
2026-04-06 18:50:55.654 [JavaFX Application Thread] INFO  com.appointmentscheduler.presentation.MainApp - Starting Appointment Booking System v3.0.0
2026-04-06 18:50:56.585 [JavaFX Application Thread] DEBUG c.appointmentscheduler.application.AuditLogService - Audit: LOGIN_SUCCESS | Admin User | Signed in from admin@admin.com
2026-04-06 18:50:56.586 [JavaFX Application Thread] INFO  com.appointmentscheduler.application.AuthService - Login successful for user: admin@admin.com
2026-04-06 18:50:56.586 [JavaFX Application Thread] INFO  c.a.presentation.LoginController - Login successful for user: admin@admin.com
2026-04-06 18:50:58.630 [JavaFX Application Thread] DEBUG c.appointmentscheduler.application.AuditLogService - Audit: LOGIN_FAILED | customer@example.com | Invalid credentials
2026-04-06 18:50:58.630 [JavaFX Application Thread] WARN  com.appointmentscheduler.application.AuthService - Login failed for email: customer@example.com
2026-04-06 18:51:00.483 [main] DEBUG c.appointmentscheduler.application.AuditLogService - Audit: CANCEL | A | Appointment cadm | entity=cadm
2026-04-06 18:51:00.492 [main] DEBUG c.appointmentscheduler.application.AuditLogService - Audit: CANCEL | Pat | Appointment cc | entity=cc
2026-04-06 18:51:00.512 [main] DEBUG c.appointmentscheduler.application.AuditLogService - Audit: CANCEL | Pat | Appointment 578ed710-d1f7-40df-86c0-491d5cfd55f4 | entity=578ed710-d1f7-40df-86c0-491d5cfd55f4
2026-04-06 18:51:00.517 [main] DEBUG c.appointmentscheduler.application.AuditLogService - Audit: MODIFY | Pat | Appointment mid to 2026-04-10T10:00 to 2026-04-10T11:00 | entity=mid
2026-04-06 18:51:00.521 [main] DEBUG c.appointmentscheduler.application.AuditLogService - Audit: MODIFY | Pat | Appointment mod to 2026-04-11T10:00 to 2026-04-11T11:00 | entity=mod
2026-04-06 18:51:00.529 [main] DEBUG c.appointmentscheduler.application.AuditLogService - Audit: MODIFY | Pat | Appointment ev to 2026-04-11T10:00 to 2026-04-11T11:00 | entity=ev
2026-04-06 18:51:00.541 [main] DEBUG c.appointmentscheduler.application.AuditLogService - Audit: MODIFY | A | Appointment adm to 2026-04-11T10:00 to 2026-04-11T11:00 | entity=adm
2026-04-06 18:51:00.547 [main] DEBUG c.appointmentscheduler.application.AuditLogService - Audit: COMPLETE | A | Appointment ex marked COMPLETED | entity=ex
2026-04-06 18:51:00.549 [main] DEBUG c.appointmentscheduler.application.AuditLogService - Audit: COMPLETE | R | Appointment r1 marked COMPLETED | entity=r1
2026-04-06 18:51:00.560 [main] DEBUG c.appointmentscheduler.application.AuditLogService - Audit: COMPLETE | A | Appointment fixed-id marked COMPLETED | entity=fixed-id
2026-04-06 18:51:00.576 [main] DEBUG c.appointmentscheduler.application.AuditLogService - Audit: BOOK | Pat | Appointment ca893a48-3088-4700-892f-9d801d6fbbd7 at 2026-04-14T10:00 to 2026-04-14T11:00 | entity=ca893a48-3088-4700-892f-9d801d6fbbd7
2026-04-06 18:51:00.635 [main] DEBUG c.appointmentscheduler.application.AuditLogService - Audit: BOOK | Pat | Appointment 3b4d72b7-e808-46f1-85e5-08676f2e5ff6 at 2026-04-16T10:00 to 2026-04-16T11:00 | entity=3b4d72b7-e808-46f1-85e5-08676f2e5ff6
2026-04-06 18:51:00.638 [main] DEBUG c.appointmentscheduler.application.AuditLogService - Audit: BOOK | Pat | Appointment 97ed0929-31f7-4dd7-9e77-1783fadabfaf at 2026-04-08T10:00 to 2026-04-08T11:00 | entity=97ed0929-31f7-4dd7-9e77-1783fadabfaf
2026-04-06 18:51:00.645 [main] DEBUG c.appointmentscheduler.application.AuditLogService - Audit: BOOK | Pat | Appointment 360d0161-a58a-41c2-b944-78ec47156f86 at 2026-04-08T10:00 to 2026-04-08T11:00 | entity=360d0161-a58a-41c2-b944-78ec47156f86
2026-04-06 18:51:00.649 [main] WARN  c.appointmentscheduler.application.BookingService - Booking confirmation email failed for appointment f475b2a8-ba59-4665-855b-a8fe7ad2ad0e; booking remains saved.
java.lang.RuntimeException: smtp unavailable
	at com.appointmentscheduler/com.appointmentscheduler.application.BookingService.sendBookingConfirmationEmail(BookingService.java:184)
	at com.appointmentscheduler/com.appointmentscheduler.application.BookingService.tryBookWithReason(BookingService.java:128)
	at com.appointmentscheduler/com.appointmentscheduler.application.BookingService.bookAppointment(BookingService.java:162)
	at com.appointmentscheduler/com.appointmentscheduler.application.BookingService.bookAppointment(BookingService.java:79)
	at com.appointmentscheduler/com.appointmentscheduler.application.BookingServiceTest$Booking.book_success_emailExceptionDoesNotFailBooking(BookingServiceTest.java:137)
	at java.base/jdk.internal.reflect.DirectMethodHandleAccessor.invoke(DirectMethodHandleAccessor.java:104)
	at java.base/java.lang.reflect.Method.invoke(Method.java:565)
	at org.junit.platform.commons.util.ReflectionUtils.invokeMethod(ReflectionUtils.java:728)
	at org.junit.jupiter.engine.execution.MethodInvocation.proceed(MethodInvocation.java:60)
	at org.junit.jupiter.engine.execution.InvocationInterceptorChain$ValidatingInvocation.proceed(InvocationInterceptorChain.java:131)
	at org.junit.jupiter.engine.extension.TimeoutExtension.intercept(TimeoutExtension.java:156)
	at org.junit.jupiter.engine.extension.TimeoutExtension.interceptTestableMethod(TimeoutExtension.java:147)
	at org.junit.jupiter.engine.extension.TimeoutExtension.interceptTestMethod(TimeoutExtension.java:86)
	at org.junit.jupiter.engine.execution.InterceptingExecutableInvoker$ReflectiveInterceptorCall.lambda$ofVoidMethod$0(InterceptingExecutableInvoker.java:103)
	at org.junit.jupiter.engine.execution.InterceptingExecutableInvoker.lambda$invoke$0(InterceptingExecutableInvoker.java:93)
	at org.junit.jupiter.engine.execution.InvocationInterceptorChain$InterceptedInvocation.proceed(InvocationInterceptorChain.java:106)
	at org.junit.jupiter.engine.execution.InvocationInterceptorChain.proceed(InvocationInterceptorChain.java:64)
	at org.junit.jupiter.engine.execution.InvocationInterceptorChain.chainAndInvoke(InvocationInterceptorChain.java:45)
	at org.junit.jupiter.engine.execution.InvocationInterceptorChain.invoke(InvocationInterceptorChain.java:37)
	at org.junit.jupiter.engine.execution.InterceptingExecutableInvoker.invoke(InterceptingExecutableInvoker.java:92)
	at org.junit.jupiter.engine.execution.InterceptingExecutableInvoker.invoke(InterceptingExecutableInvoker.java:86)
	at org.junit.jupiter.engine.descriptor.TestMethodTestDescriptor.lambda$invokeTestMethod$7(TestMethodTestDescriptor.java:218)
	at org.junit.platform.engine.support.hierarchical.ThrowableCollector.execute(ThrowableCollector.java:73)
	at org.junit.jupiter.engine.descriptor.TestMethodTestDescriptor.invokeTestMethod(TestMethodTestDescriptor.java:214)
	at org.junit.jupiter.engine.descriptor.TestMethodTestDescriptor.execute(TestMethodTestDescriptor.java:139)
	at org.junit.jupiter.engine.descriptor.TestMethodTestDescriptor.execute(TestMethodTestDescriptor.java:69)
	at org.junit.platform.engine.support.hierarchical.NodeTestTask.lambda$executeRecursively$6(NodeTestTask.java:151)
	at org.junit.platform.engine.support.hierarchical.ThrowableCollector.execute(ThrowableCollector.java:73)
	at org.junit.platform.engine.support.hierarchical.NodeTestTask.lambda$executeRecursively$8(NodeTestTask.java:141)
	at org.junit.platform.engine.support.hierarchical.Node.around(Node.java:137)
	at org.junit.platform.engine.support.hierarchical.NodeTestTask.lambda$executeRecursively$9(NodeTestTask.java:139)
	at org.junit.platform.engine.support.hierarchical.ThrowableCollector.execute(ThrowableCollector.java:73)
	at org.junit.platform.engine.support.hierarchical.NodeTestTask.executeRecursively(NodeTestTask.java:138)
	at org.junit.platform.engine.support.hierarchical.NodeTestTask.execute(NodeTestTask.java:95)
	at java.base/java.util.ArrayList.forEach(ArrayList.java:1604)
	at org.junit.platform.engine.support.hierarchical.SameThreadHierarchicalTestExecutorService.invokeAll(SameThreadHierarchicalTestExecutorService.java:41)
	at org.junit.platform.engine.support.hierarchical.NodeTestTask.lambda$executeRecursively$6(NodeTestTask.java:155)
	at org.junit.platform.engine.support.hierarchical.ThrowableCollector.execute(ThrowableCollector.java:73)
	at org.junit.platform.engine.support.hierarchical.NodeTestTask.lambda$executeRecursively$8(NodeTestTask.java:141)
	at org.junit.platform.engine.support.hierarchical.Node.around(Node.java:137)
	at org.junit.platform.engine.support.hierarchical.NodeTestTask.lambda$executeRecursively$9(NodeTestTask.java:139)
	at org.junit.platform.engine.support.hierarchical.ThrowableCollector.execute(ThrowableCollector.java:73)
	at org.junit.platform.engine.support.hierarchical.NodeTestTask.executeRecursively(NodeTestTask.java:138)
	at org.junit.platform.engine.support.hierarchical.NodeTestTask.execute(NodeTestTask.java:95)
	at java.base/java.util.ArrayList.forEach(ArrayList.java:1604)
	at org.junit.platform.engine.support.hierarchical.SameThreadHierarchicalTestExecutorService.invokeAll(SameThreadHierarchicalTestExecutorService.java:41)
	at org.junit.platform.engine.support.hierarchical.NodeTestTask.lambda$executeRecursively$6(NodeTestTask.java:155)
	at org.junit.platform.engine.support.hierarchical.ThrowableCollector.execute(ThrowableCollector.java:73)
	at org.junit.platform.engine.support.hierarchical.NodeTestTask.lambda$executeRecursively$8(NodeTestTask.java:141)
	at org.junit.platform.engine.support.hierarchical.Node.around(Node.java:137)
	at org.junit.platform.engine.support.hierarchical.NodeTestTask.lambda$executeRecursively$9(NodeTestTask.java:139)
	at org.junit.platform.engine.support.hierarchical.ThrowableCollector.execute(ThrowableCollector.java:73)
	at org.junit.platform.engine.support.hierarchical.NodeTestTask.executeRecursively(NodeTestTask.java:138)
	at org.junit.platform.engine.support.hierarchical.NodeTestTask.execute(NodeTestTask.java:95)
	at java.base/java.util.ArrayList.forEach(ArrayList.java:1604)
	at org.junit.platform.engine.support.hierarchical.SameThreadHierarchicalTestExecutorService.invokeAll(SameThreadHierarchicalTestExecutorService.java:41)
	at org.junit.platform.engine.support.hierarchical.NodeTestTask.lambda$executeRecursively$6(NodeTestTask.java:155)
	at org.junit.platform.engine.support.hierarchical.ThrowableCollector.execute(ThrowableCollector.java:73)
	at org.junit.platform.engine.support.hierarchical.NodeTestTask.lambda$executeRecursively$8(NodeTestTask.java:141)
	at org.junit.platform.engine.support.hierarchical.Node.around(Node.java:137)
	at org.junit.platform.engine.support.hierarchical.NodeTestTask.lambda$executeRecursively$9(NodeTestTask.java:139)
	at org.junit.platform.engine.support.hierarchical.ThrowableCollector.execute(ThrowableCollector.java:73)
	at org.junit.platform.engine.support.hierarchical.NodeTestTask.executeRecursively(NodeTestTask.java:138)
	at org.junit.platform.engine.support.hierarchical.NodeTestTask.execute(NodeTestTask.java:95)
	at org.junit.platform.engine.support.hierarchical.SameThreadHierarchicalTestExecutorService.submit(SameThreadHierarchicalTestExecutorService.java:35)
	at org.junit.platform.engine.support.hierarchical.HierarchicalTestExecutor.execute(HierarchicalTestExecutor.java:57)
	at org.junit.platform.engine.support.hierarchical.HierarchicalTestEngine.execute(HierarchicalTestEngine.java:54)
	at org.junit.platform.launcher.core.EngineExecutionOrchestrator.execute(EngineExecutionOrchestrator.java:198)
	at org.junit.platform.launcher.core.EngineExecutionOrchestrator.execute(EngineExecutionOrchestrator.java:169)
	at org.junit.platform.launcher.core.EngineExecutionOrchestrator.execute(EngineExecutionOrchestrator.java:93)
	at org.junit.platform.launcher.core.EngineExecutionOrchestrator.lambda$execute$0(EngineExecutionOrchestrator.java:58)
	at org.junit.platform.launcher.core.EngineExecutionOrchestrator.withInterceptedStreams(EngineExecutionOrchestrator.java:141)
	at org.junit.platform.launcher.core.EngineExecutionOrchestrator.execute(EngineExecutionOrchestrator.java:57)
	at org.junit.platform.launcher.core.DefaultLauncher.execute(DefaultLauncher.java:103)
	at org.junit.platform.launcher.core.DefaultLauncher.execute(DefaultLauncher.java:85)
	at org.junit.platform.launcher.core.DelegatingLauncher.execute(DelegatingLauncher.java:47)
	at org.junit.platform.launcher.core.SessionPerRequestLauncher.execute(SessionPerRequestLauncher.java:63)
	at com.intellij.junit5.JUnit5IdeaTestRunner.startRunnerWithArgs(JUnit5IdeaTestRunner.java:66)
	at com.intellij.rt.junit.IdeaTestRunner$Repeater$1.execute(IdeaTestRunner.java:38)
	at com.intellij.rt.execution.junit.TestsRepeater.repeat(TestsRepeater.java:11)
	at com.intellij.rt.junit.IdeaTestRunner$Repeater.startRunnerWithArgs(IdeaTestRunner.java:35)
	at com.intellij.rt.junit.JUnitStarter.prepareStreamsAndStart(JUnitStarter.java:231)
	at com.intellij.rt.junit.JUnitStarter.main(JUnitStarter.java:55)
2026-04-06 18:51:00.649 [main] DEBUG c.appointmentscheduler.application.AuditLogService - Audit: BOOK | Pat | Appointment f475b2a8-ba59-4665-855b-a8fe7ad2ad0e at 2026-04-08T10:00 to 2026-04-08T11:00 | entity=f475b2a8-ba59-4665-855b-a8fe7ad2ad0e
2026-04-06 18:51:00.665 [main] DEBUG c.appointmentscheduler.application.AuditLogService - Audit: BOOK | Pat | Appointment ad51e547-7546-4e8a-80d4-1489a6b48bd8 at 2026-04-10T10:00 to 2026-04-10T11:00 | entity=ad51e547-7546-4e8a-80d4-1489a6b48bd8
2026-04-06 18:51:00.857 [main] WARN  c.appointmentscheduler.presentation.ErrorHandler - warn msg
2026-04-06 18:51:00.857 [main] WARN  c.appointmentscheduler.presentation.ErrorHandler - warn msg
java.io.IOException: boom
	at com.appointmentscheduler/com.appointmentscheduler.presentation.ErrorHandlerTest.lambda$logWarning_withThrowable_doesNotThrow$0(ErrorHandlerTest.java:18)
	at org.assertj.core.api.ThrowableAssert.catchThrowable(ThrowableAssert.java:63)
	at org.assertj.core.api.AssertionsForClassTypes.catchThrowable(AssertionsForClassTypes.java:892)
	at org.assertj.core.api.AssertionsForClassTypes.assertThatCode(AssertionsForClassTypes.java:863)
	at org.assertj.core.api.Assertions.assertThatCode(Assertions.java:1287)
	at com.appointmentscheduler/com.appointmentscheduler.presentation.ErrorHandlerTest.logWarning_withThrowable_doesNotThrow(ErrorHandlerTest.java:18)
	at java.base/jdk.internal.reflect.DirectMethodHandleAccessor.invoke(DirectMethodHandleAccessor.java:104)
	at java.base/java.lang.reflect.Method.invoke(Method.java:565)
	at org.junit.platform.commons.util.ReflectionUtils.invokeMethod(ReflectionUtils.java:728)
	at org.junit.jupiter.engine.execution.MethodInvocation.proceed(MethodInvocation.java:60)
	at org.junit.jupiter.engine.execution.InvocationInterceptorChain$ValidatingInvocation.proceed(InvocationInterceptorChain.java:131)
	at org.junit.jupiter.engine.extension.TimeoutExtension.intercept(TimeoutExtension.java:156)
	at org.junit.jupiter.engine.extension.TimeoutExtension.interceptTestableMethod(TimeoutExtension.java:147)
	at org.junit.jupiter.engine.extension.TimeoutExtension.interceptTestMethod(TimeoutExtension.java:86)
	at org.junit.jupiter.engine.execution.InterceptingExecutableInvoker$ReflectiveInterceptorCall.lambda$ofVoidMethod$0(InterceptingExecutableInvoker.java:103)
	at org.junit.jupiter.engine.execution.InterceptingExecutableInvoker.lambda$invoke$0(InterceptingExecutableInvoker.java:93)
	at org.junit.jupiter.engine.execution.InvocationInterceptorChain$InterceptedInvocation.proceed(InvocationInterceptorChain.java:106)
	at org.junit.jupiter.engine.execution.InvocationInterceptorChain.proceed(InvocationInterceptorChain.java:64)
	at org.junit.jupiter.engine.execution.InvocationInterceptorChain.chainAndInvoke(InvocationInterceptorChain.java:45)
	at org.junit.jupiter.engine.execution.InvocationInterceptorChain.invoke(InvocationInterceptorChain.java:37)
	at org.junit.jupiter.engine.execution.InterceptingExecutableInvoker.invoke(InterceptingExecutableInvoker.java:92)
	at org.junit.jupiter.engine.execution.InterceptingExecutableInvoker.invoke(InterceptingExecutableInvoker.java:86)
	at org.junit.jupiter.engine.descriptor.TestMethodTestDescriptor.lambda$invokeTestMethod$7(TestMethodTestDescriptor.java:218)
	at org.junit.platform.engine.support.hierarchical.ThrowableCollector.execute(ThrowableCollector.java:73)
	at org.junit.jupiter.engine.descriptor.TestMethodTestDescriptor.invokeTestMethod(TestMethodTestDescriptor.java:214)
	at org.junit.jupiter.engine.descriptor.TestMethodTestDescriptor.execute(TestMethodTestDescriptor.java:139)
	at org.junit.jupiter.engine.descriptor.TestMethodTestDescriptor.execute(TestMethodTestDescriptor.java:69)
	at org.junit.platform.engine.support.hierarchical.NodeTestTask.lambda$executeRecursively$6(NodeTestTask.java:151)
	at org.junit.platform.engine.support.hierarchical.ThrowableCollector.execute(ThrowableCollector.java:73)
	at org.junit.platform.engine.support.hierarchical.NodeTestTask.lambda$executeRecursively$8(NodeTestTask.java:141)
	at org.junit.platform.engine.support.hierarchical.Node.around(Node.java:137)
	at org.junit.platform.engine.support.hierarchical.NodeTestTask.lambda$executeRecursively$9(NodeTestTask.java:139)
	at org.junit.platform.engine.support.hierarchical.ThrowableCollector.execute(ThrowableCollector.java:73)
	at org.junit.platform.engine.support.hierarchical.NodeTestTask.executeRecursively(NodeTestTask.java:138)
	at org.junit.platform.engine.support.hierarchical.NodeTestTask.execute(NodeTestTask.java:95)
	at java.base/java.util.ArrayList.forEach(ArrayList.java:1604)
	at org.junit.platform.engine.support.hierarchical.SameThreadHierarchicalTestExecutorService.invokeAll(SameThreadHierarchicalTestExecutorService.java:41)
	at org.junit.platform.engine.support.hierarchical.NodeTestTask.lambda$executeRecursively$6(NodeTestTask.java:155)
	at org.junit.platform.engine.support.hierarchical.ThrowableCollector.execute(ThrowableCollector.java:73)
	at org.junit.platform.engine.support.hierarchical.NodeTestTask.lambda$executeRecursively$8(NodeTestTask.java:141)
	at org.junit.platform.engine.support.hierarchical.Node.around(Node.java:137)
	at org.junit.platform.engine.support.hierarchical.NodeTestTask.lambda$executeRecursively$9(NodeTestTask.java:139)
	at org.junit.platform.engine.support.hierarchical.ThrowableCollector.execute(ThrowableCollector.java:73)
	at org.junit.platform.engine.support.hierarchical.NodeTestTask.executeRecursively(NodeTestTask.java:138)
	at org.junit.platform.engine.support.hierarchical.NodeTestTask.execute(NodeTestTask.java:95)
	at java.base/java.util.ArrayList.forEach(ArrayList.java:1604)
	at org.junit.platform.engine.support.hierarchical.SameThreadHierarchicalTestExecutorService.invokeAll(SameThreadHierarchicalTestExecutorService.java:41)
	at org.junit.platform.engine.support.hierarchical.NodeTestTask.lambda$executeRecursively$6(NodeTestTask.java:155)
	at org.junit.platform.engine.support.hierarchical.ThrowableCollector.execute(ThrowableCollector.java:73)
	at org.junit.platform.engine.support.hierarchical.NodeTestTask.lambda$executeRecursively$8(NodeTestTask.java:141)
	at org.junit.platform.engine.support.hierarchical.Node.around(Node.java:137)
	at org.junit.platform.engine.support.hierarchical.NodeTestTask.lambda$executeRecursively$9(NodeTestTask.java:139)
	at org.junit.platform.engine.support.hierarchical.ThrowableCollector.execute(ThrowableCollector.java:73)
	at org.junit.platform.engine.support.hierarchical.NodeTestTask.executeRecursively(NodeTestTask.java:138)
	at org.junit.platform.engine.support.hierarchical.NodeTestTask.execute(NodeTestTask.java:95)
	at org.junit.platform.engine.support.hierarchical.SameThreadHierarchicalTestExecutorService.submit(SameThreadHierarchicalTestExecutorService.java:35)
	at org.junit.platform.engine.support.hierarchical.HierarchicalTestExecutor.execute(HierarchicalTestExecutor.java:57)
	at org.junit.platform.engine.support.hierarchical.HierarchicalTestEngine.execute(HierarchicalTestEngine.java:54)
	at org.junit.platform.launcher.core.EngineExecutionOrchestrator.execute(EngineExecutionOrchestrator.java:198)
	at org.junit.platform.launcher.core.EngineExecutionOrchestrator.execute(EngineExecutionOrchestrator.java:169)
	at org.junit.platform.launcher.core.EngineExecutionOrchestrator.execute(EngineExecutionOrchestrator.java:93)
	at org.junit.platform.launcher.core.EngineExecutionOrchestrator.lambda$execute$0(EngineExecutionOrchestrator.java:58)
	at org.junit.platform.launcher.core.EngineExecutionOrchestrator.withInterceptedStreams(EngineExecutionOrchestrator.java:141)
	at org.junit.platform.launcher.core.EngineExecutionOrchestrator.execute(EngineExecutionOrchestrator.java:57)
	at org.junit.platform.launcher.core.DefaultLauncher.execute(DefaultLauncher.java:103)
	at org.junit.platform.launcher.core.DefaultLauncher.execute(DefaultLauncher.java:85)
	at org.junit.platform.launcher.core.DelegatingLauncher.execute(DelegatingLauncher.java:47)
	at org.junit.platform.launcher.core.SessionPerRequestLauncher.execute(SessionPerRequestLauncher.java:63)
	at com.intellij.junit5.JUnit5IdeaTestRunner.startRunnerWithArgs(JUnit5IdeaTestRunner.java:66)
	at com.intellij.rt.junit.IdeaTestRunner$Repeater$1.execute(IdeaTestRunner.java:38)
	at com.intellij.rt.execution.junit.TestsRepeater.repeat(TestsRepeater.java:11)
	at com.intellij.rt.junit.IdeaTestRunner$Repeater.startRunnerWithArgs(IdeaTestRunner.java:35)
	at com.intellij.rt.junit.JUnitStarter.prepareStreamsAndStart(JUnitStarter.java:231)
	at com.intellij.rt.junit.JUnitStarter.main(JUnitStarter.java:55)
2026-04-06 18:51:01.139 [main] DEBUG c.appointmentscheduler.application.AuditLogService - Audit: EXPIRE | System | Appointment pnd auto-expired
2026-04-06 18:51:01.141 [main] DEBUG c.appointmentscheduler.application.AuditLogService - Audit: EXPIRE | System | Appointment a1 auto-expired
2026-04-06 18:51:01.154 [main] DEBUG c.appointmentscheduler.application.AuditLogService - Audit: CANCEL_RECURRENCE_SINGLE | N | Occurrence sid_1775732400 | entity=sid_1775732400
2026-04-06 18:51:01.158 [main] DEBUG c.appointmentscheduler.application.AuditLogService - Audit: CANCEL_RECURRENCE_SERIES | N | Series SER123 occurrence a1 | entity=a1
2026-04-06 18:51:01.158 [main] DEBUG c.appointmentscheduler.application.AuditLogService - Audit: CANCEL_RECURRENCE_SERIES | N | Series SER123 occurrence a2 | entity=a2
2026-04-06 18:51:01.162 [main] DEBUG com.appointmentscheduler.application.AppConfig - Application configuration loaded
2026-04-06 18:51:01.164 [main] DEBUG com.appointmentscheduler.application.AppConfig - Application configuration loaded
2026-04-06 18:51:01.165 [main] DEBUG com.appointmentscheduler.application.AppConfig - Application configuration loaded
2026-04-06 18:51:01.167 [main] DEBUG com.appointmentscheduler.application.AppConfig - Application configuration loaded
2026-04-06 18:51:01.169 [main] DEBUG com.appointmentscheduler.application.AppConfig - Application configuration loaded
2026-04-06 18:51:01.174 [main] DEBUG com.appointmentscheduler.application.AppConfig - Application configuration loaded
2026-04-06 18:51:01.176 [main] DEBUG com.appointmentscheduler.application.AppConfig - Application configuration loaded
2026-04-06 18:51:01.177 [main] DEBUG com.appointmentscheduler.application.AppConfig - Application configuration loaded
2026-04-06 18:51:01.179 [main] DEBUG com.appointmentscheduler.application.AppConfig - Application configuration loaded
2026-04-06 18:51:01.180 [main] DEBUG com.appointmentscheduler.application.AppConfig - Application configuration loaded
2026-04-06 18:51:01.181 [main] DEBUG com.appointmentscheduler.application.AppConfig - Application configuration loaded
2026-04-06 18:51:01.183 [main] DEBUG com.appointmentscheduler.application.AppConfig - Application configuration loaded
2026-04-06 18:51:01.185 [main] DEBUG com.appointmentscheduler.application.AppConfig - Application configuration loaded
2026-04-06 18:51:01.186 [main] DEBUG com.appointmentscheduler.application.AppConfig - Application configuration loaded
2026-04-06 18:51:01.188 [main] DEBUG com.appointmentscheduler.application.AppConfig - Application configuration loaded
2026-04-06 18:51:01.189 [main] DEBUG com.appointmentscheduler.application.AppConfig - Application configuration loaded
2026-04-06 18:51:01.190 [main] DEBUG com.appointmentscheduler.application.AppConfig - Application configuration loaded
2026-04-06 18:51:01.192 [main] DEBUG com.appointmentscheduler.application.AppConfig - Application configuration loaded
2026-04-06 18:51:01.194 [main] DEBUG com.appointmentscheduler.application.AppConfig - Application configuration loaded
2026-04-06 18:51:01.198 [main] DEBUG com.appointmentscheduler.application.AppConfig - Application configuration loaded
2026-04-06 18:51:01.216 [Thread-71] INFO  com.zaxxer.hikari.HikariDataSource - AppointmentBookingPool - Shutdown initiated...
2026-04-06 18:51:01.227 [Thread-71] INFO  com.zaxxer.hikari.HikariDataSource - AppointmentBookingPool - Shutdown completed.
2026-04-06 18:51:01.227 [Thread-71] INFO  c.a.persistence.database.DatabaseConfig - Database connection pool closed
