2026-04-19 10:47:08.260 [main] INFO  com.appointmentscheduler.presentation.MainApp - Default admin user created (admin@admin.com) — database had users but no admin account.
2026-04-19 10:47:08.287 [main] INFO  com.appointmentscheduler.presentation.MainApp - User admin@admin.com was User; converted to ADMINISTRATOR with default password (startup repair).
2026-04-19 10:47:08.297 [main] DEBUG com.appointmentscheduler.application.AppConfig - Application configuration loaded
2026-04-19 10:47:08.298 [main] DEBUG com.appointmentscheduler.application.AppConfig - Merged application-local.properties
2026-04-19 10:47:08.377 [main] INFO  com.appointmentscheduler.presentation.MainApp - Default admin password reset (email=admin@admin.com): force=true, nonBcryptStored=false.
2026-04-19 10:47:08.380 [main] INFO  com.appointmentscheduler.presentation.MainApp - Default admin password reset (email=admin@admin.com): force=false, nonBcryptStored=true.
2026-04-19 10:47:08.386 [main] WARN  com.appointmentscheduler.presentation.MainApp - Could not ensure default admin user: repo down
2026-04-19 10:47:08.389 [main] DEBUG com.appointmentscheduler.application.AppConfig - Application configuration loaded
2026-04-19 10:47:08.390 [main] DEBUG com.appointmentscheduler.application.AppConfig - Merged application-local.properties
2026-04-19 10:47:08.394 [main] DEBUG com.appointmentscheduler.application.AppConfig - Application configuration loaded
2026-04-19 10:47:08.395 [main] DEBUG com.appointmentscheduler.application.AppConfig - Merged application-local.properties
2026-04-19 10:47:08.399 [main] WARN  com.appointmentscheduler.presentation.MainApp - Could not ensure default admin user: db read failed
2026-04-19 10:47:08.400 [main] DEBUG com.appointmentscheduler.application.AppConfig - Application configuration loaded
2026-04-19 10:47:08.400 [main] DEBUG com.appointmentscheduler.application.AppConfig - Merged application-local.properties
2026-04-19 10:47:08.619 [main] ERROR com.appointmentscheduler.presentation.MainApp - Uncaught exception in thread coverage-thread
com.appointmentscheduler.presentation.MainAppInternalsCoverageTest$1MsgNull: null
	at com.appointmentscheduler/com.appointmentscheduler.presentation.MainAppInternalsCoverageTest.start_uncaughtExceptionHandler_nullMessage_usesThrowableClassName(MainAppInternalsCoverageTest.java:597)
	at java.base/jdk.internal.reflect.DirectMethodHandleAccessor.invoke(DirectMethodHandleAccessor.java:104)
	at java.base/java.lang.reflect.Method.invoke(Method.java:565)
	at org.junit.platform.commons.util.ReflectionUtils.invokeMethod(ReflectionUtils.java:728)
	at org.junit.jupiter.engine.execution.MethodInvocation.proceed(MethodInvocation.java:60)
	at org.junit.jupiter.engine.execution.InvocationInterceptorChain$ValidatingInvocation.proceed(InvocationInterceptorChain.java:131)
	at org.junit.jupiter.engine.extension.TimeoutExtension.intercept(TimeoutExtension.java:156)
	at org.junit.jupiter.engine.extension.TimeoutExtension.interceptTestableMethod(TimeoutExtension.java:147)
	at org.junit.jupiter.engine.extension.TimeoutExtension.interceptTestMethod(TimeoutExtension.java:86)
	at org.junit.jupiter.engine.execution.InterceptingExecutableInvoker$ReflectiveInterceptorCall.lambda$ofVoidMethod$0(InterceptingExecutableInvoker.java:103)
	at org.junit.jupiter.engine.execution.InterceptingExecutableInvoker.lambda$invoke$0(InterceptingExecutableInvoker.java:93)
	at org.junit.jupiter.engine.execution.InvocationInterceptorChain$InterceptedInvocation.proceed(InvocationInterceptorChain.java:106)
	at org.junit.jupiter.engine.execution.InvocationInterceptorChain.proceed(InvocationInterceptorChain.java:64)
	at org.junit.jupiter.engine.execution.InvocationInterceptorChain.chainAndInvoke(InvocationInterceptorChain.java:45)
	at org.junit.jupiter.engine.execution.InvocationInterceptorChain.invoke(InvocationInterceptorChain.java:37)
	at org.junit.jupiter.engine.execution.InterceptingExecutableInvoker.invoke(InterceptingExecutableInvoker.java:92)
	at org.junit.jupiter.engine.execution.InterceptingExecutableInvoker.invoke(InterceptingExecutableInvoker.java:86)
	at org.junit.jupiter.engine.descriptor.TestMethodTestDescriptor.lambda$invokeTestMethod$7(TestMethodTestDescriptor.java:218)
	at org.junit.platform.engine.support.hierarchical.ThrowableCollector.execute(ThrowableCollector.java:73)
	at org.junit.jupiter.engine.descriptor.TestMethodTestDescriptor.invokeTestMethod(TestMethodTestDescriptor.java:214)
	at org.junit.jupiter.engine.descriptor.TestMethodTestDescriptor.execute(TestMethodTestDescriptor.java:139)
	at org.junit.jupiter.engine.descriptor.TestMethodTestDescriptor.execute(TestMethodTestDescriptor.java:69)
	at org.junit.platform.engine.support.hierarchical.NodeTestTask.lambda$executeRecursively$6(NodeTestTask.java:151)
	at org.junit.platform.engine.support.hierarchical.ThrowableCollector.execute(ThrowableCollector.java:73)
	at org.junit.platform.engine.support.hierarchical.NodeTestTask.lambda$executeRecursively$8(NodeTestTask.java:141)
	at org.junit.platform.engine.support.hierarchical.Node.around(Node.java:137)
	at org.junit.platform.engine.support.hierarchical.NodeTestTask.lambda$executeRecursively$9(NodeTestTask.java:139)
	at org.junit.platform.engine.support.hierarchical.ThrowableCollector.execute(ThrowableCollector.java:73)
	at org.junit.platform.engine.support.hierarchical.NodeTestTask.executeRecursively(NodeTestTask.java:138)
	at org.junit.platform.engine.support.hierarchical.NodeTestTask.execute(NodeTestTask.java:95)
	at java.base/java.util.ArrayList.forEach(ArrayList.java:1604)
	at org.junit.platform.engine.support.hierarchical.SameThreadHierarchicalTestExecutorService.invokeAll(SameThreadHierarchicalTestExecutorService.java:41)
	at org.junit.platform.engine.support.hierarchical.NodeTestTask.lambda$executeRecursively$6(NodeTestTask.java:155)
	at org.junit.platform.engine.support.hierarchical.ThrowableCollector.execute(ThrowableCollector.java:73)
	at org.junit.platform.engine.support.hierarchical.NodeTestTask.lambda$executeRecursively$8(NodeTestTask.java:141)
	at org.junit.platform.engine.support.hierarchical.Node.around(Node.java:137)
	at org.junit.platform.engine.support.hierarchical.NodeTestTask.lambda$executeRecursively$9(NodeTestTask.java:139)
	at org.junit.platform.engine.support.hierarchical.ThrowableCollector.execute(ThrowableCollector.java:73)
	at org.junit.platform.engine.support.hierarchical.NodeTestTask.executeRecursively(NodeTestTask.java:138)
	at org.junit.platform.engine.support.hierarchical.NodeTestTask.execute(NodeTestTask.java:95)
	at java.base/java.util.ArrayList.forEach(ArrayList.java:1604)
	at org.junit.platform.engine.support.hierarchical.SameThreadHierarchicalTestExecutorService.invokeAll(SameThreadHierarchicalTestExecutorService.java:41)
	at org.junit.platform.engine.support.hierarchical.NodeTestTask.lambda$executeRecursively$6(NodeTestTask.java:155)
	at org.junit.platform.engine.support.hierarchical.ThrowableCollector.execute(ThrowableCollector.java:73)
	at org.junit.platform.engine.support.hierarchical.NodeTestTask.lambda$executeRecursively$8(NodeTestTask.java:141)
	at org.junit.platform.engine.support.hierarchical.Node.around(Node.java:137)
	at org.junit.platform.engine.support.hierarchical.NodeTestTask.lambda$executeRecursively$9(NodeTestTask.java:139)
	at org.junit.platform.engine.support.hierarchical.ThrowableCollector.execute(ThrowableCollector.java:73)
	at org.junit.platform.engine.support.hierarchical.NodeTestTask.executeRecursively(NodeTestTask.java:138)
	at org.junit.platform.engine.support.hierarchical.NodeTestTask.execute(NodeTestTask.java:95)
	at org.junit.platform.engine.support.hierarchical.SameThreadHierarchicalTestExecutorService.submit(SameThreadHierarchicalTestExecutorService.java:35)
	at org.junit.platform.engine.support.hierarchical.HierarchicalTestExecutor.execute(HierarchicalTestExecutor.java:57)
	at org.junit.platform.engine.support.hierarchical.HierarchicalTestEngine.execute(HierarchicalTestEngine.java:54)
	at org.junit.platform.launcher.core.EngineExecutionOrchestrator.execute(EngineExecutionOrchestrator.java:198)
	at org.junit.platform.launcher.core.EngineExecutionOrchestrator.execute(EngineExecutionOrchestrator.java:169)
	at org.junit.platform.launcher.core.EngineExecutionOrchestrator.execute(EngineExecutionOrchestrator.java:93)
	at org.junit.platform.launcher.core.EngineExecutionOrchestrator.lambda$execute$0(EngineExecutionOrchestrator.java:58)
	at org.junit.platform.launcher.core.EngineExecutionOrchestrator.withInterceptedStreams(EngineExecutionOrchestrator.java:141)
	at org.junit.platform.launcher.core.EngineExecutionOrchestrator.execute(EngineExecutionOrchestrator.java:57)
	at org.junit.platform.launcher.core.DefaultLauncher.execute(DefaultLauncher.java:103)
	at org.junit.platform.launcher.core.DefaultLauncher.execute(DefaultLauncher.java:85)
	at org.junit.platform.launcher.core.DelegatingLauncher.execute(DelegatingLauncher.java:47)
	at org.junit.platform.launcher.core.SessionPerRequestLauncher.execute(SessionPerRequestLauncher.java:63)
	at com.intellij.junit5.JUnit5IdeaTestRunner.startRunnerWithArgs(JUnit5IdeaTestRunner.java:66)
	at com.intellij.rt.junit.IdeaTestRunner$Repeater$1.execute(IdeaTestRunner.java:38)
	at com.intellij.rt.execution.junit.TestsRepeater.repeat(TestsRepeater.java:11)
	at com.intellij.rt.junit.IdeaTestRunner$Repeater.startRunnerWithArgs(IdeaTestRunner.java:35)
	at com.intellij.rt.junit.JUnitStarter.prepareStreamsAndStart(JUnitStarter.java:231)
	at com.intellij.rt.junit.JUnitStarter.main(JUnitStarter.java:55)
2026-04-19 10:47:08.899 [main] DEBUG com.appointmentscheduler.application.AppConfig - Application configuration loaded
2026-04-19 10:47:08.901 [main] DEBUG com.appointmentscheduler.application.AppConfig - Merged application-local.properties
2026-04-19 10:47:08.907 [main] WARN  com.appointmentscheduler.presentation.MainApp - Stored password for admin@admin.com does not match admin123. Set auth.forceDefaultAdminPassword=true once in application.properties, restart, then set it back to false.
2026-04-19 10:47:08.908 [main] DEBUG com.appointmentscheduler.application.AppConfig - Application configuration loaded
2026-04-19 10:47:08.910 [main] DEBUG com.appointmentscheduler.application.AppConfig - Merged application-local.properties
2026-04-19 10:47:08.919 [main] DEBUG com.appointmentscheduler.application.AppConfig - Application configuration loaded
2026-04-19 10:47:08.920 [main] DEBUG com.appointmentscheduler.application.AppConfig - Merged application-local.properties
2026-04-19 10:47:08.959 [main] WARN  com.appointmentscheduler.presentation.MainApp - Could not show database warning dialog
java.lang.IllegalStateException: Not on FX application thread; currentThread = main
	at javafx.graphics/com.sun.javafx.tk.Toolkit.checkFxUserThread(Toolkit.java:297)
	at javafx.graphics/com.sun.javafx.tk.quantum.QuantumToolkit.checkFxUserThread(QuantumToolkit.java:458)
	at javafx.graphics/javafx.stage.Stage.<init>(Stage.java:258)
	at javafx.graphics/javafx.stage.Stage.<init>(Stage.java:244)
	at javafx.controls/javafx.scene.control.HeavyweightDialog$1.<init>(HeavyweightDialog.java:52)
	at javafx.controls/javafx.scene.control.HeavyweightDialog.<init>(HeavyweightDialog.java:52)
	at javafx.controls/javafx.scene.control.Dialog.<init>(Dialog.java:268)
	at javafx.controls/javafx.scene.control.Alert.<init>(Alert.java:247)
	at javafx.controls/javafx.scene.control.Alert.<init>(Alert.java:222)
	at com.appointmentscheduler/com.appointmentscheduler.presentation.MainApp.showDatabaseNotConnectedWarning(MainApp.java:437)
	at java.base/jdk.internal.reflect.DirectMethodHandleAccessor.invoke(DirectMethodHandleAccessor.java:104)
	at java.base/java.lang.reflect.Method.invoke(Method.java:565)
	at com.appointmentscheduler/com.appointmentscheduler.presentation.MainAppInternalsCoverageTest.lambda$30(MainAppInternalsCoverageTest.java:323)
	at org.assertj.core.api.ThrowableAssert.catchThrowable(ThrowableAssert.java:63)
	at org.assertj.core.api.AssertionsForClassTypes.catchThrowable(AssertionsForClassTypes.java:892)
	at org.assertj.core.api.AssertionsForClassTypes.assertThatCode(AssertionsForClassTypes.java:863)
	at org.assertj.core.api.Assertions.assertThatCode(Assertions.java:1287)
	at com.appointmentscheduler/com.appointmentscheduler.presentation.MainAppInternalsCoverageTest.showDatabaseWarning_offFxThread_hitsCatchBranch(MainAppInternalsCoverageTest.java:323)
	at java.base/jdk.internal.reflect.DirectMethodHandleAccessor.invoke(DirectMethodHandleAccessor.java:104)
	at java.base/java.lang.reflect.Method.invoke(Method.java:565)
	at org.junit.platform.commons.util.ReflectionUtils.invokeMethod(ReflectionUtils.java:728)
	at org.junit.jupiter.engine.execution.MethodInvocation.proceed(MethodInvocation.java:60)
	at org.junit.jupiter.engine.execution.InvocationInterceptorChain$ValidatingInvocation.proceed(InvocationInterceptorChain.java:131)
	at org.junit.jupiter.engine.extension.TimeoutExtension.intercept(TimeoutExtension.java:156)
	at org.junit.jupiter.engine.extension.TimeoutExtension.interceptTestableMethod(TimeoutExtension.java:147)
	at org.junit.jupiter.engine.extension.TimeoutExtension.interceptTestMethod(TimeoutExtension.java:86)
	at org.junit.jupiter.engine.execution.InterceptingExecutableInvoker$ReflectiveInterceptorCall.lambda$ofVoidMethod$0(InterceptingExecutableInvoker.java:103)
	at org.junit.jupiter.engine.execution.InterceptingExecutableInvoker.lambda$invoke$0(InterceptingExecutableInvoker.java:93)
	at org.junit.jupiter.engine.execution.InvocationInterceptorChain$InterceptedInvocation.proceed(InvocationInterceptorChain.java:106)
	at org.junit.jupiter.engine.execution.InvocationInterceptorChain.proceed(InvocationInterceptorChain.java:64)
	at org.junit.jupiter.engine.execution.InvocationInterceptorChain.chainAndInvoke(InvocationInterceptorChain.java:45)
	at org.junit.jupiter.engine.execution.InvocationInterceptorChain.invoke(InvocationInterceptorChain.java:37)
	at org.junit.jupiter.engine.execution.InterceptingExecutableInvoker.invoke(InterceptingExecutableInvoker.java:92)
	at org.junit.jupiter.engine.execution.InterceptingExecutableInvoker.invoke(InterceptingExecutableInvoker.java:86)
	at org.junit.jupiter.engine.descriptor.TestMethodTestDescriptor.lambda$invokeTestMethod$7(TestMethodTestDescriptor.java:218)
	at org.junit.platform.engine.support.hierarchical.ThrowableCollector.execute(ThrowableCollector.java:73)
	at org.junit.jupiter.engine.descriptor.TestMethodTestDescriptor.invokeTestMethod(TestMethodTestDescriptor.java:214)
	at org.junit.jupiter.engine.descriptor.TestMethodTestDescriptor.execute(TestMethodTestDescriptor.java:139)
	at org.junit.jupiter.engine.descriptor.TestMethodTestDescriptor.execute(TestMethodTestDescriptor.java:69)
	at org.junit.platform.engine.support.hierarchical.NodeTestTask.lambda$executeRecursively$6(NodeTestTask.java:151)
	at org.junit.platform.engine.support.hierarchical.ThrowableCollector.execute(ThrowableCollector.java:73)
	at org.junit.platform.engine.support.hierarchical.NodeTestTask.lambda$executeRecursively$8(NodeTestTask.java:141)
	at org.junit.platform.engine.support.hierarchical.Node.around(Node.java:137)
	at org.junit.platform.engine.support.hierarchical.NodeTestTask.lambda$executeRecursively$9(NodeTestTask.java:139)
	at org.junit.platform.engine.support.hierarchical.ThrowableCollector.execute(ThrowableCollector.java:73)
	at org.junit.platform.engine.support.hierarchical.NodeTestTask.executeRecursively(NodeTestTask.java:138)
	at org.junit.platform.engine.support.hierarchical.NodeTestTask.execute(NodeTestTask.java:95)
	at java.base/java.util.ArrayList.forEach(ArrayList.java:1604)
	at org.junit.platform.engine.support.hierarchical.SameThreadHierarchicalTestExecutorService.invokeAll(SameThreadHierarchicalTestExecutorService.java:41)
	at org.junit.platform.engine.support.hierarchical.NodeTestTask.lambda$executeRecursively$6(NodeTestTask.java:155)
	at org.junit.platform.engine.support.hierarchical.ThrowableCollector.execute(ThrowableCollector.java:73)
	at org.junit.platform.engine.support.hierarchical.NodeTestTask.lambda$executeRecursively$8(NodeTestTask.java:141)
	at org.junit.platform.engine.support.hierarchical.Node.around(Node.java:137)
	at org.junit.platform.engine.support.hierarchical.NodeTestTask.lambda$executeRecursively$9(NodeTestTask.java:139)
	at org.junit.platform.engine.support.hierarchical.ThrowableCollector.execute(ThrowableCollector.java:73)
	at org.junit.platform.engine.support.hierarchical.NodeTestTask.executeRecursively(NodeTestTask.java:138)
	at org.junit.platform.engine.support.hierarchical.NodeTestTask.execute(NodeTestTask.java:95)
	at java.base/java.util.ArrayList.forEach(ArrayList.java:1604)
	at org.junit.platform.engine.support.hierarchical.SameThreadHierarchicalTestExecutorService.invokeAll(SameThreadHierarchicalTestExecutorService.java:41)
	at org.junit.platform.engine.support.hierarchical.NodeTestTask.lambda$executeRecursively$6(NodeTestTask.java:155)
	at org.junit.platform.engine.support.hierarchical.ThrowableCollector.execute(ThrowableCollector.java:73)
	at org.junit.platform.engine.support.hierarchical.NodeTestTask.lambda$executeRecursively$8(NodeTestTask.java:141)
	at org.junit.platform.engine.support.hierarchical.Node.around(Node.java:137)
	at org.junit.platform.engine.support.hierarchical.NodeTestTask.lambda$executeRecursively$9(NodeTestTask.java:139)
	at org.junit.platform.engine.support.hierarchical.ThrowableCollector.execute(ThrowableCollector.java:73)
	at org.junit.platform.engine.support.hierarchical.NodeTestTask.executeRecursively(NodeTestTask.java:138)
	at org.junit.platform.engine.support.hierarchical.NodeTestTask.execute(NodeTestTask.java:95)
	at org.junit.platform.engine.support.hierarchical.SameThreadHierarchicalTestExecutorService.submit(SameThreadHierarchicalTestExecutorService.java:35)
	at org.junit.platform.engine.support.hierarchical.HierarchicalTestExecutor.execute(HierarchicalTestExecutor.java:57)
	at org.junit.platform.engine.support.hierarchical.HierarchicalTestEngine.execute(HierarchicalTestEngine.java:54)
	at org.junit.platform.launcher.core.EngineExecutionOrchestrator.execute(EngineExecutionOrchestrator.java:198)
	at org.junit.platform.launcher.core.EngineExecutionOrchestrator.execute(EngineExecutionOrchestrator.java:169)
	at org.junit.platform.launcher.core.EngineExecutionOrchestrator.execute(EngineExecutionOrchestrator.java:93)
	at org.junit.platform.launcher.core.EngineExecutionOrchestrator.lambda$execute$0(EngineExecutionOrchestrator.java:58)
	at org.junit.platform.launcher.core.EngineExecutionOrchestrator.withInterceptedStreams(EngineExecutionOrchestrator.java:141)
	at org.junit.platform.launcher.core.EngineExecutionOrchestrator.execute(EngineExecutionOrchestrator.java:57)
	at org.junit.platform.launcher.core.DefaultLauncher.execute(DefaultLauncher.java:103)
	at org.junit.platform.launcher.core.DefaultLauncher.execute(DefaultLauncher.java:85)
	at org.junit.platform.launcher.core.DelegatingLauncher.execute(DelegatingLauncher.java:47)
	at org.junit.platform.launcher.core.SessionPerRequestLauncher.execute(SessionPerRequestLauncher.java:63)
	at com.intellij.junit5.JUnit5IdeaTestRunner.startRunnerWithArgs(JUnit5IdeaTestRunner.java:66)
	at com.intellij.rt.junit.IdeaTestRunner$Repeater$1.execute(IdeaTestRunner.java:38)
	at com.intellij.rt.execution.junit.TestsRepeater.repeat(TestsRepeater.java:11)
	at com.intellij.rt.junit.IdeaTestRunner$Repeater.startRunnerWithArgs(IdeaTestRunner.java:35)
	at com.intellij.rt.junit.JUnitStarter.prepareStreamsAndStart(JUnitStarter.java:231)
	at com.intellij.rt.junit.JUnitStarter.main(JUnitStarter.java:55)
2026-04-19 10:47:08.968 [main] DEBUG com.appointmentscheduler.application.AppConfig - Application configuration loaded
2026-04-19 10:47:08.969 [main] DEBUG com.appointmentscheduler.application.AppConfig - Merged application-local.properties
2026-04-19 10:47:08.989 [main] DEBUG c.a.application.AppointmentReminderService - Registered reminder channel: SMSNotification
2026-04-19 10:47:10.631 [main] DEBUG com.appointmentscheduler.application.AppConfig - Application configuration loaded
2026-04-19 10:47:10.631 [main] DEBUG com.appointmentscheduler.application.AppConfig - Merged application-local.properties
2026-04-19 10:47:10.696 [main] DEBUG com.appointmentscheduler.application.AppConfig - Application configuration loaded
2026-04-19 10:47:10.696 [main] DEBUG com.appointmentscheduler.application.AppConfig - Merged application-local.properties
2026-04-19 10:47:10.700 [main] ERROR com.appointmentscheduler.presentation.MainApp - Failed to load screen: DefinitelyMissing.fxml
java.lang.IllegalStateException: FXML not found. Tried: /com/appointmentscheduler/presentation/DefinitelyMissing.fxml, com/appointmentscheduler/presentation/DefinitelyMissing.fxml, DefinitelyMissing.fxml. Check that src/main/resources is on classpath.
	at com.appointmentscheduler/com.appointmentscheduler.presentation.MainApp.loadScreen(MainApp.java:394)
	at com.appointmentscheduler/com.appointmentscheduler.presentation.MainAppInternalsCoverageTest.lambda$29(MainAppInternalsCoverageTest.java:279)
	at org.assertj.core.api.ThrowableAssert.catchThrowable(ThrowableAssert.java:63)
	at org.assertj.core.api.AssertionsForClassTypes.catchThrowable(AssertionsForClassTypes.java:892)
	at org.assertj.core.api.AssertionsForClassTypes.assertThatCode(AssertionsForClassTypes.java:863)
	at org.assertj.core.api.Assertions.assertThatCode(Assertions.java:1287)
	at com.appointmentscheduler/com.appointmentscheduler.presentation.MainAppInternalsCoverageTest.loadScreen_missingFxml_hitsCatch_and_resetsInProgressFlag(MainAppInternalsCoverageTest.java:279)
	at java.base/jdk.internal.reflect.DirectMethodHandleAccessor.invoke(DirectMethodHandleAccessor.java:104)
	at java.base/java.lang.reflect.Method.invoke(Method.java:565)
	at org.junit.platform.commons.util.ReflectionUtils.invokeMethod(ReflectionUtils.java:728)
	at org.junit.jupiter.engine.execution.MethodInvocation.proceed(MethodInvocation.java:60)
	at org.junit.jupiter.engine.execution.InvocationInterceptorChain$ValidatingInvocation.proceed(InvocationInterceptorChain.java:131)
	at org.junit.jupiter.engine.extension.TimeoutExtension.intercept(TimeoutExtension.java:156)
	at org.junit.jupiter.engine.extension.TimeoutExtension.interceptTestableMethod(TimeoutExtension.java:147)
	at org.junit.jupiter.engine.extension.TimeoutExtension.interceptTestMethod(TimeoutExtension.java:86)
	at org.junit.jupiter.engine.execution.InterceptingExecutableInvoker$ReflectiveInterceptorCall.lambda$ofVoidMethod$0(InterceptingExecutableInvoker.java:103)
	at org.junit.jupiter.engine.execution.InterceptingExecutableInvoker.lambda$invoke$0(InterceptingExecutableInvoker.java:93)
	at org.junit.jupiter.engine.execution.InvocationInterceptorChain$InterceptedInvocation.proceed(InvocationInterceptorChain.java:106)
	at org.junit.jupiter.engine.execution.InvocationInterceptorChain.proceed(InvocationInterceptorChain.java:64)
	at org.junit.jupiter.engine.execution.InvocationInterceptorChain.chainAndInvoke(InvocationInterceptorChain.java:45)
	at org.junit.jupiter.engine.execution.InvocationInterceptorChain.invoke(InvocationInterceptorChain.java:37)
	at org.junit.jupiter.engine.execution.InterceptingExecutableInvoker.invoke(InterceptingExecutableInvoker.java:92)
	at org.junit.jupiter.engine.execution.InterceptingExecutableInvoker.invoke(InterceptingExecutableInvoker.java:86)
	at org.junit.jupiter.engine.descriptor.TestMethodTestDescriptor.lambda$invokeTestMethod$7(TestMethodTestDescriptor.java:218)
	at org.junit.platform.engine.support.hierarchical.ThrowableCollector.execute(ThrowableCollector.java:73)
	at org.junit.jupiter.engine.descriptor.TestMethodTestDescriptor.invokeTestMethod(TestMethodTestDescriptor.java:214)
	at org.junit.jupiter.engine.descriptor.TestMethodTestDescriptor.execute(TestMethodTestDescriptor.java:139)
	at org.junit.jupiter.engine.descriptor.TestMethodTestDescriptor.execute(TestMethodTestDescriptor.java:69)
	at org.junit.platform.engine.support.hierarchical.NodeTestTask.lambda$executeRecursively$6(NodeTestTask.java:151)
	at org.junit.platform.engine.support.hierarchical.ThrowableCollector.execute(ThrowableCollector.java:73)
	at org.junit.platform.engine.support.hierarchical.NodeTestTask.lambda$executeRecursively$8(NodeTestTask.java:141)
	at org.junit.platform.engine.support.hierarchical.Node.around(Node.java:137)
	at org.junit.platform.engine.support.hierarchical.NodeTestTask.lambda$executeRecursively$9(NodeTestTask.java:139)
	at org.junit.platform.engine.support.hierarchical.ThrowableCollector.execute(ThrowableCollector.java:73)
	at org.junit.platform.engine.support.hierarchical.NodeTestTask.executeRecursively(NodeTestTask.java:138)
	at org.junit.platform.engine.support.hierarchical.NodeTestTask.execute(NodeTestTask.java:95)
	at java.base/java.util.ArrayList.forEach(ArrayList.java:1604)
	at org.junit.platform.engine.support.hierarchical.SameThreadHierarchicalTestExecutorService.invokeAll(SameThreadHierarchicalTestExecutorService.java:41)
	at org.junit.platform.engine.support.hierarchical.NodeTestTask.lambda$executeRecursively$6(NodeTestTask.java:155)
	at org.junit.platform.engine.support.hierarchical.ThrowableCollector.execute(ThrowableCollector.java:73)
	at org.junit.platform.engine.support.hierarchical.NodeTestTask.lambda$executeRecursively$8(NodeTestTask.java:141)
	at org.junit.platform.engine.support.hierarchical.Node.around(Node.java:137)
	at org.junit.platform.engine.support.hierarchical.NodeTestTask.lambda$executeRecursively$9(NodeTestTask.java:139)
	at org.junit.platform.engine.support.hierarchical.ThrowableCollector.execute(ThrowableCollector.java:73)
	at org.junit.platform.engine.support.hierarchical.NodeTestTask.executeRecursively(NodeTestTask.java:138)
	at org.junit.platform.engine.support.hierarchical.NodeTestTask.execute(NodeTestTask.java:95)
	at java.base/java.util.ArrayList.forEach(ArrayList.java:1604)
	at org.junit.platform.engine.support.hierarchical.SameThreadHierarchicalTestExecutorService.invokeAll(SameThreadHierarchicalTestExecutorService.java:41)
	at org.junit.platform.engine.support.hierarchical.NodeTestTask.lambda$executeRecursively$6(NodeTestTask.java:155)
	at org.junit.platform.engine.support.hierarchical.ThrowableCollector.execute(ThrowableCollector.java:73)
	at org.junit.platform.engine.support.hierarchical.NodeTestTask.lambda$executeRecursively$8(NodeTestTask.java:141)
	at org.junit.platform.engine.support.hierarchical.Node.around(Node.java:137)
	at org.junit.platform.engine.support.hierarchical.NodeTestTask.lambda$executeRecursively$9(NodeTestTask.java:139)
	at org.junit.platform.engine.support.hierarchical.ThrowableCollector.execute(ThrowableCollector.java:73)
	at org.junit.platform.engine.support.hierarchical.NodeTestTask.executeRecursively(NodeTestTask.java:138)
	at org.junit.platform.engine.support.hierarchical.NodeTestTask.execute(NodeTestTask.java:95)
	at org.junit.platform.engine.support.hierarchical.SameThreadHierarchicalTestExecutorService.submit(SameThreadHierarchicalTestExecutorService.java:35)
	at org.junit.platform.engine.support.hierarchical.HierarchicalTestExecutor.execute(HierarchicalTestExecutor.java:57)
	at org.junit.platform.engine.support.hierarchical.HierarchicalTestEngine.execute(HierarchicalTestEngine.java:54)
	at org.junit.platform.launcher.core.EngineExecutionOrchestrator.execute(EngineExecutionOrchestrator.java:198)
	at org.junit.platform.launcher.core.EngineExecutionOrchestrator.execute(EngineExecutionOrchestrator.java:169)
	at org.junit.platform.launcher.core.EngineExecutionOrchestrator.execute(EngineExecutionOrchestrator.java:93)
	at org.junit.platform.launcher.core.EngineExecutionOrchestrator.lambda$execute$0(EngineExecutionOrchestrator.java:58)
	at org.junit.platform.launcher.core.EngineExecutionOrchestrator.withInterceptedStreams(EngineExecutionOrchestrator.java:141)
	at org.junit.platform.launcher.core.EngineExecutionOrchestrator.execute(EngineExecutionOrchestrator.java:57)
	at org.junit.platform.launcher.core.DefaultLauncher.execute(DefaultLauncher.java:103)
	at org.junit.platform.launcher.core.DefaultLauncher.execute(DefaultLauncher.java:85)
	at org.junit.platform.launcher.core.DelegatingLauncher.execute(DelegatingLauncher.java:47)
	at org.junit.platform.launcher.core.SessionPerRequestLauncher.execute(SessionPerRequestLauncher.java:63)
	at com.intellij.junit5.JUnit5IdeaTestRunner.startRunnerWithArgs(JUnit5IdeaTestRunner.java:66)
	at com.intellij.rt.junit.IdeaTestRunner$Repeater$1.execute(IdeaTestRunner.java:38)
	at com.intellij.rt.execution.junit.TestsRepeater.repeat(TestsRepeater.java:11)
	at com.intellij.rt.junit.IdeaTestRunner$Repeater.startRunnerWithArgs(IdeaTestRunner.java:35)
	at com.intellij.rt.junit.JUnitStarter.prepareStreamsAndStart(JUnitStarter.java:231)
	at com.intellij.rt.junit.JUnitStarter.main(JUnitStarter.java:55)
2026-04-19 10:47:10.703 [main] ERROR com.appointmentscheduler.presentation.MainApp - Could not show error scene
java.lang.IllegalStateException: Not on FX application thread; currentThread = main
	at javafx.graphics/com.sun.javafx.tk.Toolkit.checkFxUserThread(Toolkit.java:297)
	at javafx.graphics/com.sun.javafx.tk.quantum.QuantumToolkit.checkFxUserThread(QuantumToolkit.java:458)
	at javafx.graphics/javafx.stage.Stage.setScene(Stage.java:269)
	at com.appointmentscheduler/com.appointmentscheduler.presentation.MainApp.showErrorScene(MainApp.java:468)
	at com.appointmentscheduler/com.appointmentscheduler.presentation.MainApp.loadScreen(MainApp.java:416)
	at com.appointmentscheduler/com.appointmentscheduler.presentation.MainAppInternalsCoverageTest.lambda$29(MainAppInternalsCoverageTest.java:279)
	at org.assertj.core.api.ThrowableAssert.catchThrowable(ThrowableAssert.java:63)
	at org.assertj.core.api.AssertionsForClassTypes.catchThrowable(AssertionsForClassTypes.java:892)
	at org.assertj.core.api.AssertionsForClassTypes.assertThatCode(AssertionsForClassTypes.java:863)
	at org.assertj.core.api.Assertions.assertThatCode(Assertions.java:1287)
	at com.appointmentscheduler/com.appointmentscheduler.presentation.MainAppInternalsCoverageTest.loadScreen_missingFxml_hitsCatch_and_resetsInProgressFlag(MainAppInternalsCoverageTest.java:279)
	at java.base/jdk.internal.reflect.DirectMethodHandleAccessor.invoke(DirectMethodHandleAccessor.java:104)
	at java.base/java.lang.reflect.Method.invoke(Method.java:565)
	at org.junit.platform.commons.util.ReflectionUtils.invokeMethod(ReflectionUtils.java:728)
	at org.junit.jupiter.engine.execution.MethodInvocation.proceed(MethodInvocation.java:60)
	at org.junit.jupiter.engine.execution.InvocationInterceptorChain$ValidatingInvocation.proceed(InvocationInterceptorChain.java:131)
	at org.junit.jupiter.engine.extension.TimeoutExtension.intercept(TimeoutExtension.java:156)
	at org.junit.jupiter.engine.extension.TimeoutExtension.interceptTestableMethod(TimeoutExtension.java:147)
	at org.junit.jupiter.engine.extension.TimeoutExtension.interceptTestMethod(TimeoutExtension.java:86)
	at org.junit.jupiter.engine.execution.InterceptingExecutableInvoker$ReflectiveInterceptorCall.lambda$ofVoidMethod$0(InterceptingExecutableInvoker.java:103)
	at org.junit.jupiter.engine.execution.InterceptingExecutableInvoker.lambda$invoke$0(InterceptingExecutableInvoker.java:93)
	at org.junit.jupiter.engine.execution.InvocationInterceptorChain$InterceptedInvocation.proceed(InvocationInterceptorChain.java:106)
	at org.junit.jupiter.engine.execution.InvocationInterceptorChain.proceed(InvocationInterceptorChain.java:64)
	at org.junit.jupiter.engine.execution.InvocationInterceptorChain.chainAndInvoke(InvocationInterceptorChain.java:45)
	at org.junit.jupiter.engine.execution.InvocationInterceptorChain.invoke(InvocationInterceptorChain.java:37)
	at org.junit.jupiter.engine.execution.InterceptingExecutableInvoker.invoke(InterceptingExecutableInvoker.java:92)
	at org.junit.jupiter.engine.execution.InterceptingExecutableInvoker.invoke(InterceptingExecutableInvoker.java:86)
	at org.junit.jupiter.engine.descriptor.TestMethodTestDescriptor.lambda$invokeTestMethod$7(TestMethodTestDescriptor.java:218)
	at org.junit.platform.engine.support.hierarchical.ThrowableCollector.execute(ThrowableCollector.java:73)
	at org.junit.jupiter.engine.descriptor.TestMethodTestDescriptor.invokeTestMethod(TestMethodTestDescriptor.java:214)
	at org.junit.jupiter.engine.descriptor.TestMethodTestDescriptor.execute(TestMethodTestDescriptor.java:139)
	at org.junit.jupiter.engine.descriptor.TestMethodTestDescriptor.execute(TestMethodTestDescriptor.java:69)
	at org.junit.platform.engine.support.hierarchical.NodeTestTask.lambda$executeRecursively$6(NodeTestTask.java:151)
	at org.junit.platform.engine.support.hierarchical.ThrowableCollector.execute(ThrowableCollector.java:73)
	at org.junit.platform.engine.support.hierarchical.NodeTestTask.lambda$executeRecursively$8(NodeTestTask.java:141)
	at org.junit.platform.engine.support.hierarchical.Node.around(Node.java:137)
	at org.junit.platform.engine.support.hierarchical.NodeTestTask.lambda$executeRecursively$9(NodeTestTask.java:139)
	at org.junit.platform.engine.support.hierarchical.ThrowableCollector.execute(ThrowableCollector.java:73)
	at org.junit.platform.engine.support.hierarchical.NodeTestTask.executeRecursively(NodeTestTask.java:138)
	at org.junit.platform.engine.support.hierarchical.NodeTestTask.execute(NodeTestTask.java:95)
	at java.base/java.util.ArrayList.forEach(ArrayList.java:1604)
	at org.junit.platform.engine.support.hierarchical.SameThreadHierarchicalTestExecutorService.invokeAll(SameThreadHierarchicalTestExecutorService.java:41)
	at org.junit.platform.engine.support.hierarchical.NodeTestTask.lambda$executeRecursively$6(NodeTestTask.java:155)
	at org.junit.platform.engine.support.hierarchical.ThrowableCollector.execute(ThrowableCollector.java:73)
	at org.junit.platform.engine.support.hierarchical.NodeTestTask.lambda$executeRecursively$8(NodeTestTask.java:141)
	at org.junit.platform.engine.support.hierarchical.Node.around(Node.java:137)
	at org.junit.platform.engine.support.hierarchical.NodeTestTask.lambda$executeRecursively$9(NodeTestTask.java:139)
	at org.junit.platform.engine.support.hierarchical.ThrowableCollector.execute(ThrowableCollector.java:73)
	at org.junit.platform.engine.support.hierarchical.NodeTestTask.executeRecursively(NodeTestTask.java:138)
	at org.junit.platform.engine.support.hierarchical.NodeTestTask.execute(NodeTestTask.java:95)
	at java.base/java.util.ArrayList.forEach(ArrayList.java:1604)
	at org.junit.platform.engine.support.hierarchical.SameThreadHierarchicalTestExecutorService.invokeAll(SameThreadHierarchicalTestExecutorService.java:41)
	at org.junit.platform.engine.support.hierarchical.NodeTestTask.lambda$executeRecursively$6(NodeTestTask.java:155)
	at org.junit.platform.engine.support.hierarchical.ThrowableCollector.execute(ThrowableCollector.java:73)
	at org.junit.platform.engine.support.hierarchical.NodeTestTask.lambda$executeRecursively$8(NodeTestTask.java:141)
	at org.junit.platform.engine.support.hierarchical.Node.around(Node.java:137)
	at org.junit.platform.engine.support.hierarchical.NodeTestTask.lambda$executeRecursively$9(NodeTestTask.java:139)
	at org.junit.platform.engine.support.hierarchical.ThrowableCollector.execute(ThrowableCollector.java:73)
	at org.junit.platform.engine.support.hierarchical.NodeTestTask.executeRecursively(NodeTestTask.java:138)
	at org.junit.platform.engine.support.hierarchical.NodeTestTask.execute(NodeTestTask.java:95)
	at org.junit.platform.engine.support.hierarchical.SameThreadHierarchicalTestExecutorService.submit(SameThreadHierarchicalTestExecutorService.java:35)
	at org.junit.platform.engine.support.hierarchical.HierarchicalTestExecutor.execute(HierarchicalTestExecutor.java:57)
	at org.junit.platform.engine.support.hierarchical.HierarchicalTestEngine.execute(HierarchicalTestEngine.java:54)
	at org.junit.platform.launcher.core.EngineExecutionOrchestrator.execute(EngineExecutionOrchestrator.java:198)
	at org.junit.platform.launcher.core.EngineExecutionOrchestrator.execute(EngineExecutionOrchestrator.java:169)
	at org.junit.platform.launcher.core.EngineExecutionOrchestrator.execute(EngineExecutionOrchestrator.java:93)
	at org.junit.platform.launcher.core.EngineExecutionOrchestrator.lambda$execute$0(EngineExecutionOrchestrator.java:58)
	at org.junit.platform.launcher.core.EngineExecutionOrchestrator.withInterceptedStreams(EngineExecutionOrchestrator.java:141)
	at org.junit.platform.launcher.core.EngineExecutionOrchestrator.execute(EngineExecutionOrchestrator.java:57)
	at org.junit.platform.launcher.core.DefaultLauncher.execute(DefaultLauncher.java:103)
	at org.junit.platform.launcher.core.DefaultLauncher.execute(DefaultLauncher.java:85)
	at org.junit.platform.launcher.core.DelegatingLauncher.execute(DelegatingLauncher.java:47)
	at org.junit.platform.launcher.core.SessionPerRequestLauncher.execute(SessionPerRequestLauncher.java:63)
	at com.intellij.junit5.JUnit5IdeaTestRunner.startRunnerWithArgs(JUnit5IdeaTestRunner.java:66)
	at com.intellij.rt.junit.IdeaTestRunner$Repeater$1.execute(IdeaTestRunner.java:38)
	at com.intellij.rt.execution.junit.TestsRepeater.repeat(TestsRepeater.java:11)
	at com.intellij.rt.junit.IdeaTestRunner$Repeater.startRunnerWithArgs(IdeaTestRunner.java:35)
	at com.intellij.rt.junit.JUnitStarter.prepareStreamsAndStart(JUnitStarter.java:231)
	at com.intellij.rt.junit.JUnitStarter.main(JUnitStarter.java:55)
2026-04-19 10:47:10.705 [main] DEBUG com.appointmentscheduler.application.AppConfig - Application configuration loaded
2026-04-19 10:47:10.706 [main] DEBUG com.appointmentscheduler.application.AppConfig - Merged application-local.properties
2026-04-19 10:47:10.708 [main] DEBUG c.a.application.AppointmentReminderService - Registered reminder channel: SMSNotification
2026-04-19 10:47:10.709 [JavaFX Application Thread] ERROR c.appointmentscheduler.presentation.ErrorHandler - Failed to load screen: FXML not found. Tried: /com/appointmentscheduler/presentation/DefinitelyMissing.fxml, com/appointmentscheduler/presentation/DefinitelyMissing.fxml, DefinitelyMissing.fxml. Check that src/main/resources is on classpath.
java.lang.IllegalStateException: FXML not found. Tried: /com/appointmentscheduler/presentation/DefinitelyMissing.fxml, com/appointmentscheduler/presentation/DefinitelyMissing.fxml, DefinitelyMissing.fxml. Check that src/main/resources is on classpath.
	at com.appointmentscheduler/com.appointmentscheduler.presentation.MainApp.loadScreen(MainApp.java:394)
	at com.appointmentscheduler/com.appointmentscheduler.presentation.MainAppInternalsCoverageTest.lambda$29(MainAppInternalsCoverageTest.java:279)
	at org.assertj.core.api.ThrowableAssert.catchThrowable(ThrowableAssert.java:63)
	at org.assertj.core.api.AssertionsForClassTypes.catchThrowable(AssertionsForClassTypes.java:892)
	at org.assertj.core.api.AssertionsForClassTypes.assertThatCode(AssertionsForClassTypes.java:863)
	at org.assertj.core.api.Assertions.assertThatCode(Assertions.java:1287)
	at com.appointmentscheduler/com.appointmentscheduler.presentation.MainAppInternalsCoverageTest.loadScreen_missingFxml_hitsCatch_and_resetsInProgressFlag(MainAppInternalsCoverageTest.java:279)
	at java.base/jdk.internal.reflect.DirectMethodHandleAccessor.invoke(DirectMethodHandleAccessor.java:104)
	at java.base/java.lang.reflect.Method.invoke(Method.java:565)
	at org.junit.platform.commons.util.ReflectionUtils.invokeMethod(ReflectionUtils.java:728)
	at org.junit.jupiter.engine.execution.MethodInvocation.proceed(MethodInvocation.java:60)
	at org.junit.jupiter.engine.execution.InvocationInterceptorChain$ValidatingInvocation.proceed(InvocationInterceptorChain.java:131)
	at org.junit.jupiter.engine.extension.TimeoutExtension.intercept(TimeoutExtension.java:156)
	at org.junit.jupiter.engine.extension.TimeoutExtension.interceptTestableMethod(TimeoutExtension.java:147)
	at org.junit.jupiter.engine.extension.TimeoutExtension.interceptTestMethod(TimeoutExtension.java:86)
	at org.junit.jupiter.engine.execution.InterceptingExecutableInvoker$ReflectiveInterceptorCall.lambda$ofVoidMethod$0(InterceptingExecutableInvoker.java:103)
	at org.junit.jupiter.engine.execution.InterceptingExecutableInvoker.lambda$invoke$0(InterceptingExecutableInvoker.java:93)
	at org.junit.jupiter.engine.execution.InvocationInterceptorChain$InterceptedInvocation.proceed(InvocationInterceptorChain.java:106)
	at org.junit.jupiter.engine.execution.InvocationInterceptorChain.proceed(InvocationInterceptorChain.java:64)
	at org.junit.jupiter.engine.execution.InvocationInterceptorChain.chainAndInvoke(InvocationInterceptorChain.java:45)
	at org.junit.jupiter.engine.execution.InvocationInterceptorChain.invoke(InvocationInterceptorChain.java:37)
	at org.junit.jupiter.engine.execution.InterceptingExecutableInvoker.invoke(InterceptingExecutableInvoker.java:92)
	at org.junit.jupiter.engine.execution.InterceptingExecutableInvoker.invoke(InterceptingExecutableInvoker.java:86)
	at org.junit.jupiter.engine.descriptor.TestMethodTestDescriptor.lambda$invokeTestMethod$7(TestMethodTestDescriptor.java:218)
	at org.junit.platform.engine.support.hierarchical.ThrowableCollector.execute(ThrowableCollector.java:73)
	at org.junit.jupiter.engine.descriptor.TestMethodTestDescriptor.invokeTestMethod(TestMethodTestDescriptor.java:214)
	at org.junit.jupiter.engine.descriptor.TestMethodTestDescriptor.execute(TestMethodTestDescriptor.java:139)
	at org.junit.jupiter.engine.descriptor.TestMethodTestDescriptor.execute(TestMethodTestDescriptor.java:69)
	at org.junit.platform.engine.support.hierarchical.NodeTestTask.lambda$executeRecursively$6(NodeTestTask.java:151)
	at org.junit.platform.engine.support.hierarchical.ThrowableCollector.execute(ThrowableCollector.java:73)
	at org.junit.platform.engine.support.hierarchical.NodeTestTask.lambda$executeRecursively$8(NodeTestTask.java:141)
	at org.junit.platform.engine.support.hierarchical.Node.around(Node.java:137)
	at org.junit.platform.engine.support.hierarchical.NodeTestTask.lambda$executeRecursively$9(NodeTestTask.java:139)
	at org.junit.platform.engine.support.hierarchical.ThrowableCollector.execute(ThrowableCollector.java:73)
	at org.junit.platform.engine.support.hierarchical.NodeTestTask.executeRecursively(NodeTestTask.java:138)
	at org.junit.platform.engine.support.hierarchical.NodeTestTask.execute(NodeTestTask.java:95)
	at java.base/java.util.ArrayList.forEach(ArrayList.java:1604)
	at org.junit.platform.engine.support.hierarchical.SameThreadHierarchicalTestExecutorService.invokeAll(SameThreadHierarchicalTestExecutorService.java:41)
	at org.junit.platform.engine.support.hierarchical.NodeTestTask.lambda$executeRecursively$6(NodeTestTask.java:155)
	at org.junit.platform.engine.support.hierarchical.ThrowableCollector.execute(ThrowableCollector.java:73)
	at org.junit.platform.engine.support.hierarchical.NodeTestTask.lambda$executeRecursively$8(NodeTestTask.java:141)
	at org.junit.platform.engine.support.hierarchical.Node.around(Node.java:137)
	at org.junit.platform.engine.support.hierarchical.NodeTestTask.lambda$executeRecursively$9(NodeTestTask.java:139)
	at org.junit.platform.engine.support.hierarchical.ThrowableCollector.execute(ThrowableCollector.java:73)
	at org.junit.platform.engine.support.hierarchical.NodeTestTask.executeRecursively(NodeTestTask.java:138)
	at org.junit.platform.engine.support.hierarchical.NodeTestTask.execute(NodeTestTask.java:95)
	at java.base/java.util.ArrayList.forEach(ArrayList.java:1604)
	at org.junit.platform.engine.support.hierarchical.SameThreadHierarchicalTestExecutorService.invokeAll(SameThreadHierarchicalTestExecutorService.java:41)
	at org.junit.platform.engine.support.hierarchical.NodeTestTask.lambda$executeRecursively$6(NodeTestTask.java:155)
	at org.junit.platform.engine.support.hierarchical.ThrowableCollector.execute(ThrowableCollector.java:73)
	at org.junit.platform.engine.support.hierarchical.NodeTestTask.lambda$executeRecursively$8(NodeTestTask.java:141)
	at org.junit.platform.engine.support.hierarchical.Node.around(Node.java:137)
	at org.junit.platform.engine.support.hierarchical.NodeTestTask.lambda$executeRecursively$9(NodeTestTask.java:139)
	at org.junit.platform.engine.support.hierarchical.ThrowableCollector.execute(ThrowableCollector.java:73)
	at org.junit.platform.engine.support.hierarchical.NodeTestTask.executeRecursively(NodeTestTask.java:138)
	at org.junit.platform.engine.support.hierarchical.NodeTestTask.execute(NodeTestTask.java:95)
	at org.junit.platform.engine.support.hierarchical.SameThreadHierarchicalTestExecutorService.submit(SameThreadHierarchicalTestExecutorService.java:35)
	at org.junit.platform.engine.support.hierarchical.HierarchicalTestExecutor.execute(HierarchicalTestExecutor.java:57)
	at org.junit.platform.engine.support.hierarchical.HierarchicalTestEngine.execute(HierarchicalTestEngine.java:54)
	at org.junit.platform.launcher.core.EngineExecutionOrchestrator.execute(EngineExecutionOrchestrator.java:198)
	at org.junit.platform.launcher.core.EngineExecutionOrchestrator.execute(EngineExecutionOrchestrator.java:169)
	at org.junit.platform.launcher.core.EngineExecutionOrchestrator.execute(EngineExecutionOrchestrator.java:93)
	at org.junit.platform.launcher.core.EngineExecutionOrchestrator.lambda$execute$0(EngineExecutionOrchestrator.java:58)
	at org.junit.platform.launcher.core.EngineExecutionOrchestrator.withInterceptedStreams(EngineExecutionOrchestrator.java:141)
	at org.junit.platform.launcher.core.EngineExecutionOrchestrator.execute(EngineExecutionOrchestrator.java:57)
	at org.junit.platform.launcher.core.DefaultLauncher.execute(DefaultLauncher.java:103)
	at org.junit.platform.launcher.core.DefaultLauncher.execute(DefaultLauncher.java:85)
	at org.junit.platform.launcher.core.DelegatingLauncher.execute(DelegatingLauncher.java:47)
	at org.junit.platform.launcher.core.SessionPerRequestLauncher.execute(SessionPerRequestLauncher.java:63)
	at com.intellij.junit5.JUnit5IdeaTestRunner.startRunnerWithArgs(JUnit5IdeaTestRunner.java:66)
	at com.intellij.rt.junit.IdeaTestRunner$Repeater$1.execute(IdeaTestRunner.java:38)
	at com.intellij.rt.execution.junit.TestsRepeater.repeat(TestsRepeater.java:11)
	at com.intellij.rt.junit.IdeaTestRunner$Repeater.startRunnerWithArgs(IdeaTestRunner.java:35)
	at com.intellij.rt.junit.JUnitStarter.prepareStreamsAndStart(JUnitStarter.java:231)
	at com.intellij.rt.junit.JUnitStarter.main(JUnitStarter.java:55)
2026-04-19 10:47:12.166 [main] DEBUG com.appointmentscheduler.application.AppConfig - Application configuration loaded
2026-04-19 10:47:12.166 [main] DEBUG com.appointmentscheduler.application.AppConfig - Merged application-local.properties
2026-04-19 10:47:12.440 [main] ERROR com.appointmentscheduler.presentation.MainApp - Failed to load screen: 
javafx.fxml.LoadException: 
/C:/Users/PC/Desktop/software%20project/AppointmentSystem/target/test-classes/com/appointmentscheduler/presentation/

	at javafx.fxml/javafx.fxml.FXMLLoader.constructLoadException(FXMLLoader.java:2714)
	at javafx.fxml/javafx.fxml.FXMLLoader.loadImpl(FXMLLoader.java:2657)
	at javafx.fxml/javafx.fxml.FXMLLoader.loadImpl(FXMLLoader.java:2555)
	at javafx.fxml/javafx.fxml.FXMLLoader.load(FXMLLoader.java:2523)
	at com.appointmentscheduler/com.appointmentscheduler.presentation.MainApp.loadScreen(MainApp.java:397)
	at java.base/java.lang.invoke.MethodHandle.invokeWithArguments(MethodHandle.java:735)
	at org.mockito.internal.util.reflection.InstrumentationMemberAccessor$Dispatcher$ByteBuddy$Sum9qNbl.invokeWithArguments(Unknown Source)
	at org.mockito.internal.util.reflection.InstrumentationMemberAccessor.invoke(InstrumentationMemberAccessor.java:265)
	at org.mockito.internal.util.reflection.ModuleMemberAccessor.invoke(ModuleMemberAccessor.java:55)
	at org.mockito.internal.creation.bytebuddy.MockMethodAdvice.tryInvoke(MockMethodAdvice.java:316)
	at org.mockito.internal.creation.bytebuddy.MockMethodAdvice$StaticMethodCall.invoke(MockMethodAdvice.java:308)
	at org.mockito.internal.invocation.InterceptedInvocation.callRealMethod(InterceptedInvocation.java:142)
	at org.mockito.internal.stubbing.answers.CallsRealMethods.answer(CallsRealMethods.java:45)
	at org.mockito.Answers.answer(Answers.java:90)
	at org.mockito.internal.handler.MockHandlerImpl.handle(MockHandlerImpl.java:111)
	at org.mockito.internal.handler.NullResultGuardian.handle(NullResultGuardian.java:29)
	at org.mockito.internal.handler.InvocationNotifierHandler.handle(InvocationNotifierHandler.java:34)
	at org.mockito.internal.creation.bytebuddy.access.MockMethodInterceptor.doIntercept(MockMethodInterceptor.java:84)
	at org.mockito.internal.creation.bytebuddy.MockMethodAdvice.handleStatic(MockMethodAdvice.java:150)
	at com.appointmentscheduler/com.appointmentscheduler.presentation.MainApp.loadScreen(MainApp.java:381)
	at com.appointmentscheduler/com.appointmentscheduler.presentation.MainAppInternalsCoverageTest.lambda$36(MainAppInternalsCoverageTest.java:356)
	at org.mockito.internal.MockedStaticImpl.when(MockedStaticImpl.java:49)
	at com.appointmentscheduler/com.appointmentscheduler.presentation.MainAppInternalsCoverageTest.performLogout_nullOwner_primaryStageWithoutScene_coversOwnerFallbackTernary(MainAppInternalsCoverageTest.java:356)
	at java.base/jdk.internal.reflect.DirectMethodHandleAccessor.invoke(DirectMethodHandleAccessor.java:104)
	at java.base/java.lang.reflect.Method.invoke(Method.java:565)
	at org.junit.platform.commons.util.ReflectionUtils.invokeMethod(ReflectionUtils.java:728)
	at org.junit.jupiter.engine.execution.MethodInvocation.proceed(MethodInvocation.java:60)
	at org.junit.jupiter.engine.execution.InvocationInterceptorChain$ValidatingInvocation.proceed(InvocationInterceptorChain.java:131)
	at org.junit.jupiter.engine.extension.TimeoutExtension.intercept(TimeoutExtension.java:156)
	at org.junit.jupiter.engine.extension.TimeoutExtension.interceptTestableMethod(TimeoutExtension.java:147)
	at org.junit.jupiter.engine.extension.TimeoutExtension.interceptTestMethod(TimeoutExtension.java:86)
	at org.junit.jupiter.engine.execution.InterceptingExecutableInvoker$ReflectiveInterceptorCall.lambda$ofVoidMethod$0(InterceptingExecutableInvoker.java:103)
	at org.junit.jupiter.engine.execution.InterceptingExecutableInvoker.lambda$invoke$0(InterceptingExecutableInvoker.java:93)
	at org.junit.jupiter.engine.execution.InvocationInterceptorChain$InterceptedInvocation.proceed(InvocationInterceptorChain.java:106)
	at org.junit.jupiter.engine.execution.InvocationInterceptorChain.proceed(InvocationInterceptorChain.java:64)
	at org.junit.jupiter.engine.execution.InvocationInterceptorChain.chainAndInvoke(InvocationInterceptorChain.java:45)
	at org.junit.jupiter.engine.execution.InvocationInterceptorChain.invoke(InvocationInterceptorChain.java:37)
	at org.junit.jupiter.engine.execution.InterceptingExecutableInvoker.invoke(InterceptingExecutableInvoker.java:92)
	at org.junit.jupiter.engine.execution.InterceptingExecutableInvoker.invoke(InterceptingExecutableInvoker.java:86)
	at org.junit.jupiter.engine.descriptor.TestMethodTestDescriptor.lambda$invokeTestMethod$7(TestMethodTestDescriptor.java:218)
	at org.junit.platform.engine.support.hierarchical.ThrowableCollector.execute(ThrowableCollector.java:73)
	at org.junit.jupiter.engine.descriptor.TestMethodTestDescriptor.invokeTestMethod(TestMethodTestDescriptor.java:214)
	at org.junit.jupiter.engine.descriptor.TestMethodTestDescriptor.execute(TestMethodTestDescriptor.java:139)
	at org.junit.jupiter.engine.descriptor.TestMethodTestDescriptor.execute(TestMethodTestDescriptor.java:69)
	at org.junit.platform.engine.support.hierarchical.NodeTestTask.lambda$executeRecursively$6(NodeTestTask.java:151)
	at org.junit.platform.engine.support.hierarchical.ThrowableCollector.execute(ThrowableCollector.java:73)
	at org.junit.platform.engine.support.hierarchical.NodeTestTask.lambda$executeRecursively$8(NodeTestTask.java:141)
	at org.junit.platform.engine.support.hierarchical.Node.around(Node.java:137)
	at org.junit.platform.engine.support.hierarchical.NodeTestTask.lambda$executeRecursively$9(NodeTestTask.java:139)
	at org.junit.platform.engine.support.hierarchical.ThrowableCollector.execute(ThrowableCollector.java:73)
	at org.junit.platform.engine.support.hierarchical.NodeTestTask.executeRecursively(NodeTestTask.java:138)
	at org.junit.platform.engine.support.hierarchical.NodeTestTask.execute(NodeTestTask.java:95)
	at java.base/java.util.ArrayList.forEach(ArrayList.java:1604)
	at org.junit.platform.engine.support.hierarchical.SameThreadHierarchicalTestExecutorService.invokeAll(SameThreadHierarchicalTestExecutorService.java:41)
	at org.junit.platform.engine.support.hierarchical.NodeTestTask.lambda$executeRecursively$6(NodeTestTask.java:155)
	at org.junit.platform.engine.support.hierarchical.ThrowableCollector.execute(ThrowableCollector.java:73)
	at org.junit.platform.engine.support.hierarchical.NodeTestTask.lambda$executeRecursively$8(NodeTestTask.java:141)
	at org.junit.platform.engine.support.hierarchical.Node.around(Node.java:137)
	at org.junit.platform.engine.support.hierarchical.NodeTestTask.lambda$executeRecursively$9(NodeTestTask.java:139)
	at org.junit.platform.engine.support.hierarchical.ThrowableCollector.execute(ThrowableCollector.java:73)
	at org.junit.platform.engine.support.hierarchical.NodeTestTask.executeRecursively(NodeTestTask.java:138)
	at org.junit.platform.engine.support.hierarchical.NodeTestTask.execute(NodeTestTask.java:95)
	at java.base/java.util.ArrayList.forEach(ArrayList.java:1604)
	at org.junit.platform.engine.support.hierarchical.SameThreadHierarchicalTestExecutorService.invokeAll(SameThreadHierarchicalTestExecutorService.java:41)
	at org.junit.platform.engine.support.hierarchical.NodeTestTask.lambda$executeRecursively$6(NodeTestTask.java:155)
	at org.junit.platform.engine.support.hierarchical.ThrowableCollector.execute(ThrowableCollector.java:73)
	at org.junit.platform.engine.support.hierarchical.NodeTestTask.lambda$executeRecursively$8(NodeTestTask.java:141)
	at org.junit.platform.engine.support.hierarchical.Node.around(Node.java:137)
	at org.junit.platform.engine.support.hierarchical.NodeTestTask.lambda$executeRecursively$9(NodeTestTask.java:139)
	at org.junit.platform.engine.support.hierarchical.ThrowableCollector.execute(ThrowableCollector.java:73)
	at org.junit.platform.engine.support.hierarchical.NodeTestTask.executeRecursively(NodeTestTask.java:138)
	at org.junit.platform.engine.support.hierarchical.NodeTestTask.execute(NodeTestTask.java:95)
	at org.junit.platform.engine.support.hierarchical.SameThreadHierarchicalTestExecutorService.submit(SameThreadHierarchicalTestExecutorService.java:35)
	at org.junit.platform.engine.support.hierarchical.HierarchicalTestExecutor.execute(HierarchicalTestExecutor.java:57)
	at org.junit.platform.engine.support.hierarchical.HierarchicalTestEngine.execute(HierarchicalTestEngine.java:54)
	at org.junit.platform.launcher.core.EngineExecutionOrchestrator.execute(EngineExecutionOrchestrator.java:198)
	at org.junit.platform.launcher.core.EngineExecutionOrchestrator.execute(EngineExecutionOrchestrator.java:169)
	at org.junit.platform.launcher.core.EngineExecutionOrchestrator.execute(EngineExecutionOrchestrator.java:93)
	at org.junit.platform.launcher.core.EngineExecutionOrchestrator.lambda$execute$0(EngineExecutionOrchestrator.java:58)
	at org.junit.platform.launcher.core.EngineExecutionOrchestrator.withInterceptedStreams(EngineExecutionOrchestrator.java:141)
	at org.junit.platform.launcher.core.EngineExecutionOrchestrator.execute(EngineExecutionOrchestrator.java:57)
	at org.junit.platform.launcher.core.DefaultLauncher.execute(DefaultLauncher.java:103)
	at org.junit.platform.launcher.core.DefaultLauncher.execute(DefaultLauncher.java:85)
	at org.junit.platform.launcher.core.DelegatingLauncher.execute(DelegatingLauncher.java:47)
	at org.junit.platform.launcher.core.SessionPerRequestLauncher.execute(SessionPerRequestLauncher.java:63)
	at com.intellij.junit5.JUnit5IdeaTestRunner.startRunnerWithArgs(JUnit5IdeaTestRunner.java:66)
	at com.intellij.rt.junit.IdeaTestRunner$Repeater$1.execute(IdeaTestRunner.java:38)
	at com.intellij.rt.execution.junit.TestsRepeater.repeat(TestsRepeater.java:11)
	at com.intellij.rt.junit.IdeaTestRunner$Repeater.startRunnerWithArgs(IdeaTestRunner.java:35)
	at com.intellij.rt.junit.JUnitStarter.prepareStreamsAndStart(JUnitStarter.java:231)
	at com.intellij.rt.junit.JUnitStarter.main(JUnitStarter.java:55)
Caused by: javax.xml.stream.XMLStreamException: ParseError at [row,col]:[1,1]
Message: Content is not allowed in prolog.
	at java.xml/com.sun.org.apache.xerces.internal.impl.XMLStreamReaderImpl.next(XMLStreamReaderImpl.java:652)
	at java.xml/javax.xml.stream.util.StreamReaderDelegate.next(StreamReaderDelegate.java:84)
	at javafx.fxml/javafx.fxml.FXMLLoader.loadImpl(FXMLLoader.java:2627)
	... 89 common frames omitted
2026-04-19 10:47:12.446 [main] ERROR com.appointmentscheduler.presentation.MainApp - Could not show error scene
java.lang.IllegalStateException: Not on FX application thread; currentThread = main
	at javafx.graphics/com.sun.javafx.tk.Toolkit.checkFxUserThread(Toolkit.java:297)
	at javafx.graphics/com.sun.javafx.tk.quantum.QuantumToolkit.checkFxUserThread(QuantumToolkit.java:458)
	at javafx.graphics/javafx.stage.Stage.setScene(Stage.java:269)
	at com.appointmentscheduler/com.appointmentscheduler.presentation.MainApp.showErrorScene(MainApp.java:468)
	at java.base/java.lang.invoke.MethodHandle.invokeWithArguments(MethodHandle.java:735)
	at org.mockito.internal.util.reflection.InstrumentationMemberAccessor$Dispatcher$ByteBuddy$Sum9qNbl.invokeWithArguments(Unknown Source)
	at org.mockito.internal.util.reflection.InstrumentationMemberAccessor.invoke(InstrumentationMemberAccessor.java:265)
	at org.mockito.internal.util.reflection.ModuleMemberAccessor.invoke(ModuleMemberAccessor.java:55)
	at org.mockito.internal.creation.bytebuddy.MockMethodAdvice.tryInvoke(MockMethodAdvice.java:316)
	at org.mockito.internal.creation.bytebuddy.MockMethodAdvice$StaticMethodCall.invoke(MockMethodAdvice.java:308)
	at org.mockito.internal.invocation.InterceptedInvocation.callRealMethod(InterceptedInvocation.java:142)
	at org.mockito.internal.stubbing.answers.CallsRealMethods.answer(CallsRealMethods.java:45)
	at org.mockito.Answers.answer(Answers.java:90)
	at org.mockito.internal.handler.MockHandlerImpl.handle(MockHandlerImpl.java:111)
	at org.mockito.internal.handler.NullResultGuardian.handle(NullResultGuardian.java:29)
	at org.mockito.internal.handler.InvocationNotifierHandler.handle(InvocationNotifierHandler.java:34)
	at org.mockito.internal.creation.bytebuddy.access.MockMethodInterceptor.doIntercept(MockMethodInterceptor.java:84)
	at org.mockito.internal.creation.bytebuddy.MockMethodAdvice.handleStatic(MockMethodAdvice.java:150)
	at com.appointmentscheduler/com.appointmentscheduler.presentation.MainApp.showErrorScene(MainApp.java:459)
	at com.appointmentscheduler/com.appointmentscheduler.presentation.MainApp.loadScreen(MainApp.java:416)
	at java.base/java.lang.invoke.MethodHandle.invokeWithArguments(MethodHandle.java:735)
	at org.mockito.internal.util.reflection.InstrumentationMemberAccessor$Dispatcher$ByteBuddy$Sum9qNbl.invokeWithArguments(Unknown Source)
	at org.mockito.internal.util.reflection.InstrumentationMemberAccessor.invoke(InstrumentationMemberAccessor.java:265)
	at org.mockito.internal.util.reflection.ModuleMemberAccessor.invoke(ModuleMemberAccessor.java:55)
	at org.mockito.internal.creation.bytebuddy.MockMethodAdvice.tryInvoke(MockMethodAdvice.java:316)
	at org.mockito.internal.creation.bytebuddy.MockMethodAdvice$StaticMethodCall.invoke(MockMethodAdvice.java:308)
	at org.mockito.internal.invocation.InterceptedInvocation.callRealMethod(InterceptedInvocation.java:142)
	at org.mockito.internal.stubbing.answers.CallsRealMethods.answer(CallsRealMethods.java:45)
	at org.mockito.Answers.answer(Answers.java:90)
	at org.mockito.internal.handler.MockHandlerImpl.handle(MockHandlerImpl.java:111)
	at org.mockito.internal.handler.NullResultGuardian.handle(NullResultGuardian.java:29)
	at org.mockito.internal.handler.InvocationNotifierHandler.handle(InvocationNotifierHandler.java:34)
	at org.mockito.internal.creation.bytebuddy.access.MockMethodInterceptor.doIntercept(MockMethodInterceptor.java:84)
	at org.mockito.internal.creation.bytebuddy.MockMethodAdvice.handleStatic(MockMethodAdvice.java:150)
	at com.appointmentscheduler/com.appointmentscheduler.presentation.MainApp.loadScreen(MainApp.java:381)
	at com.appointmentscheduler/com.appointmentscheduler.presentation.MainAppInternalsCoverageTest.lambda$36(MainAppInternalsCoverageTest.java:356)
	at org.mockito.internal.MockedStaticImpl.when(MockedStaticImpl.java:49)
	at com.appointmentscheduler/com.appointmentscheduler.presentation.MainAppInternalsCoverageTest.performLogout_nullOwner_primaryStageWithoutScene_coversOwnerFallbackTernary(MainAppInternalsCoverageTest.java:356)
	at java.base/jdk.internal.reflect.DirectMethodHandleAccessor.invoke(DirectMethodHandleAccessor.java:104)
	at java.base/java.lang.reflect.Method.invoke(Method.java:565)
	at org.junit.platform.commons.util.ReflectionUtils.invokeMethod(ReflectionUtils.java:728)
	at org.junit.jupiter.engine.execution.MethodInvocation.proceed(MethodInvocation.java:60)
	at org.junit.jupiter.engine.execution.InvocationInterceptorChain$ValidatingInvocation.proceed(InvocationInterceptorChain.java:131)
	at org.junit.jupiter.engine.extension.TimeoutExtension.intercept(TimeoutExtension.java:156)
	at org.junit.jupiter.engine.extension.TimeoutExtension.interceptTestableMethod(TimeoutExtension.java:147)
	at org.junit.jupiter.engine.extension.TimeoutExtension.interceptTestMethod(TimeoutExtension.java:86)
	at org.junit.jupiter.engine.execution.InterceptingExecutableInvoker$ReflectiveInterceptorCall.lambda$ofVoidMethod$0(InterceptingExecutableInvoker.java:103)
	at org.junit.jupiter.engine.execution.InterceptingExecutableInvoker.lambda$invoke$0(InterceptingExecutableInvoker.java:93)
	at org.junit.jupiter.engine.execution.InvocationInterceptorChain$InterceptedInvocation.proceed(InvocationInterceptorChain.java:106)
	at org.junit.jupiter.engine.execution.InvocationInterceptorChain.proceed(InvocationInterceptorChain.java:64)
	at org.junit.jupiter.engine.execution.InvocationInterceptorChain.chainAndInvoke(InvocationInterceptorChain.java:45)
	at org.junit.jupiter.engine.execution.InvocationInterceptorChain.invoke(InvocationInterceptorChain.java:37)
	at org.junit.jupiter.engine.execution.InterceptingExecutableInvoker.invoke(InterceptingExecutableInvoker.java:92)
	at org.junit.jupiter.engine.execution.InterceptingExecutableInvoker.invoke(InterceptingExecutableInvoker.java:86)
	at org.junit.jupiter.engine.descriptor.TestMethodTestDescriptor.lambda$invokeTestMethod$7(TestMethodTestDescriptor.java:218)
	at org.junit.platform.engine.support.hierarchical.ThrowableCollector.execute(ThrowableCollector.java:73)
	at org.junit.jupiter.engine.descriptor.TestMethodTestDescriptor.invokeTestMethod(TestMethodTestDescriptor.java:214)
	at org.junit.jupiter.engine.descriptor.TestMethodTestDescriptor.execute(TestMethodTestDescriptor.java:139)
	at org.junit.jupiter.engine.descriptor.TestMethodTestDescriptor.execute(TestMethodTestDescriptor.java:69)
	at org.junit.platform.engine.support.hierarchical.NodeTestTask.lambda$executeRecursively$6(NodeTestTask.java:151)
	at org.junit.platform.engine.support.hierarchical.ThrowableCollector.execute(ThrowableCollector.java:73)
	at org.junit.platform.engine.support.hierarchical.NodeTestTask.lambda$executeRecursively$8(NodeTestTask.java:141)
	at org.junit.platform.engine.support.hierarchical.Node.around(Node.java:137)
	at org.junit.platform.engine.support.hierarchical.NodeTestTask.lambda$executeRecursively$9(NodeTestTask.java:139)
	at org.junit.platform.engine.support.hierarchical.ThrowableCollector.execute(ThrowableCollector.java:73)
	at org.junit.platform.engine.support.hierarchical.NodeTestTask.executeRecursively(NodeTestTask.java:138)
	at org.junit.platform.engine.support.hierarchical.NodeTestTask.execute(NodeTestTask.java:95)
	at java.base/java.util.ArrayList.forEach(ArrayList.java:1604)
	at org.junit.platform.engine.support.hierarchical.SameThreadHierarchicalTestExecutorService.invokeAll(SameThreadHierarchicalTestExecutorService.java:41)
	at org.junit.platform.engine.support.hierarchical.NodeTestTask.lambda$executeRecursively$6(NodeTestTask.java:155)
	at org.junit.platform.engine.support.hierarchical.ThrowableCollector.execute(ThrowableCollector.java:73)
	at org.junit.platform.engine.support.hierarchical.NodeTestTask.lambda$executeRecursively$8(NodeTestTask.java:141)
	at org.junit.platform.engine.support.hierarchical.Node.around(Node.java:137)
	at org.junit.platform.engine.support.hierarchical.NodeTestTask.lambda$executeRecursively$9(NodeTestTask.java:139)
	at org.junit.platform.engine.support.hierarchical.ThrowableCollector.execute(ThrowableCollector.java:73)
	at org.junit.platform.engine.support.hierarchical.NodeTestTask.executeRecursively(NodeTestTask.java:138)
	at org.junit.platform.engine.support.hierarchical.NodeTestTask.execute(NodeTestTask.java:95)
	at java.base/java.util.ArrayList.forEach(ArrayList.java:1604)
	at org.junit.platform.engine.support.hierarchical.SameThreadHierarchicalTestExecutorService.invokeAll(SameThreadHierarchicalTestExecutorService.java:41)
	at org.junit.platform.engine.support.hierarchical.NodeTestTask.lambda$executeRecursively$6(NodeTestTask.java:155)
	at org.junit.platform.engine.support.hierarchical.ThrowableCollector.execute(ThrowableCollector.java:73)
	at org.junit.platform.engine.support.hierarchical.NodeTestTask.lambda$executeRecursively$8(NodeTestTask.java:141)
	at org.junit.platform.engine.support.hierarchical.Node.around(Node.java:137)
	at org.junit.platform.engine.support.hierarchical.NodeTestTask.lambda$executeRecursively$9(NodeTestTask.java:139)
	at org.junit.platform.engine.support.hierarchical.ThrowableCollector.execute(ThrowableCollector.java:73)
	at org.junit.platform.engine.support.hierarchical.NodeTestTask.executeRecursively(NodeTestTask.java:138)
	at org.junit.platform.engine.support.hierarchical.NodeTestTask.execute(NodeTestTask.java:95)
	at org.junit.platform.engine.support.hierarchical.SameThreadHierarchicalTestExecutorService.submit(SameThreadHierarchicalTestExecutorService.java:35)
	at org.junit.platform.engine.support.hierarchical.HierarchicalTestExecutor.execute(HierarchicalTestExecutor.java:57)
	at org.junit.platform.engine.support.hierarchical.HierarchicalTestEngine.execute(HierarchicalTestEngine.java:54)
	at org.junit.platform.launcher.core.EngineExecutionOrchestrator.execute(EngineExecutionOrchestrator.java:198)
	at org.junit.platform.launcher.core.EngineExecutionOrchestrator.execute(EngineExecutionOrchestrator.java:169)
	at org.junit.platform.launcher.core.EngineExecutionOrchestrator.execute(EngineExecutionOrchestrator.java:93)
	at org.junit.platform.launcher.core.EngineExecutionOrchestrator.lambda$execute$0(EngineExecutionOrchestrator.java:58)
	at org.junit.platform.launcher.core.EngineExecutionOrchestrator.withInterceptedStreams(EngineExecutionOrchestrator.java:141)
	at org.junit.platform.launcher.core.EngineExecutionOrchestrator.execute(EngineExecutionOrchestrator.java:57)
	at org.junit.platform.launcher.core.DefaultLauncher.execute(DefaultLauncher.java:103)
	at org.junit.platform.launcher.core.DefaultLauncher.execute(DefaultLauncher.java:85)
	at org.junit.platform.launcher.core.DelegatingLauncher.execute(DelegatingLauncher.java:47)
	at org.junit.platform.launcher.core.SessionPerRequestLauncher.execute(SessionPerRequestLauncher.java:63)
	at com.intellij.junit5.JUnit5IdeaTestRunner.startRunnerWithArgs(JUnit5IdeaTestRunner.java:66)
	at com.intellij.rt.junit.IdeaTestRunner$Repeater$1.execute(IdeaTestRunner.java:38)
	at com.intellij.rt.execution.junit.TestsRepeater.repeat(TestsRepeater.java:11)
	at com.intellij.rt.junit.IdeaTestRunner$Repeater.startRunnerWithArgs(IdeaTestRunner.java:35)
	at com.intellij.rt.junit.JUnitStarter.prepareStreamsAndStart(JUnitStarter.java:231)
	at com.intellij.rt.junit.JUnitStarter.main(JUnitStarter.java:55)
2026-04-19 10:47:12.449 [JavaFX Application Thread] ERROR c.appointmentscheduler.presentation.ErrorHandler - Failed to load screen: 
/C:/Users/PC/Desktop/software%20project/AppointmentSystem/target/test-classes/com/appointmentscheduler/presentation/

javafx.fxml.LoadException: 
/C:/Users/PC/Desktop/software%20project/AppointmentSystem/target/test-classes/com/appointmentscheduler/presentation/

	at javafx.fxml/javafx.fxml.FXMLLoader.constructLoadException(FXMLLoader.java:2714)
	at javafx.fxml/javafx.fxml.FXMLLoader.loadImpl(FXMLLoader.java:2657)
	at javafx.fxml/javafx.fxml.FXMLLoader.loadImpl(FXMLLoader.java:2555)
	at javafx.fxml/javafx.fxml.FXMLLoader.load(FXMLLoader.java:2523)
	at com.appointmentscheduler/com.appointmentscheduler.presentation.MainApp.loadScreen(MainApp.java:397)
	at java.base/java.lang.invoke.MethodHandle.invokeWithArguments(MethodHandle.java:735)
	at org.mockito.internal.util.reflection.InstrumentationMemberAccessor$Dispatcher$ByteBuddy$Sum9qNbl.invokeWithArguments(Unknown Source)
	at org.mockito.internal.util.reflection.InstrumentationMemberAccessor.invoke(InstrumentationMemberAccessor.java:265)
	at org.mockito.internal.util.reflection.ModuleMemberAccessor.invoke(ModuleMemberAccessor.java:55)
	at org.mockito.internal.creation.bytebuddy.MockMethodAdvice.tryInvoke(MockMethodAdvice.java:316)
	at org.mockito.internal.creation.bytebuddy.MockMethodAdvice$StaticMethodCall.invoke(MockMethodAdvice.java:308)
	at org.mockito.internal.invocation.InterceptedInvocation.callRealMethod(InterceptedInvocation.java:142)
	at org.mockito.internal.stubbing.answers.CallsRealMethods.answer(CallsRealMethods.java:45)
	at org.mockito.Answers.answer(Answers.java:90)
	at org.mockito.internal.handler.MockHandlerImpl.handle(MockHandlerImpl.java:111)
	at org.mockito.internal.handler.NullResultGuardian.handle(NullResultGuardian.java:29)
	at org.mockito.internal.handler.InvocationNotifierHandler.handle(InvocationNotifierHandler.java:34)
	at org.mockito.internal.creation.bytebuddy.access.MockMethodInterceptor.doIntercept(MockMethodInterceptor.java:84)
	at org.mockito.internal.creation.bytebuddy.MockMethodAdvice.handleStatic(MockMethodAdvice.java:150)
	at com.appointmentscheduler/com.appointmentscheduler.presentation.MainApp.loadScreen(MainApp.java:381)
	at com.appointmentscheduler/com.appointmentscheduler.presentation.MainAppInternalsCoverageTest.lambda$36(MainAppInternalsCoverageTest.java:356)
	at org.mockito.internal.MockedStaticImpl.when(MockedStaticImpl.java:49)
	at com.appointmentscheduler/com.appointmentscheduler.presentation.MainAppInternalsCoverageTest.performLogout_nullOwner_primaryStageWithoutScene_coversOwnerFallbackTernary(MainAppInternalsCoverageTest.java:356)
	at java.base/jdk.internal.reflect.DirectMethodHandleAccessor.invoke(DirectMethodHandleAccessor.java:104)
	at java.base/java.lang.reflect.Method.invoke(Method.java:565)
	at org.junit.platform.commons.util.ReflectionUtils.invokeMethod(ReflectionUtils.java:728)
	at org.junit.jupiter.engine.execution.MethodInvocation.proceed(MethodInvocation.java:60)
	at org.junit.jupiter.engine.execution.InvocationInterceptorChain$ValidatingInvocation.proceed(InvocationInterceptorChain.java:131)
	at org.junit.jupiter.engine.extension.TimeoutExtension.intercept(TimeoutExtension.java:156)
	at org.junit.jupiter.engine.extension.TimeoutExtension.interceptTestableMethod(TimeoutExtension.java:147)
	at org.junit.jupiter.engine.extension.TimeoutExtension.interceptTestMethod(TimeoutExtension.java:86)
	at org.junit.jupiter.engine.execution.InterceptingExecutableInvoker$ReflectiveInterceptorCall.lambda$ofVoidMethod$0(InterceptingExecutableInvoker.java:103)
	at org.junit.jupiter.engine.execution.InterceptingExecutableInvoker.lambda$invoke$0(InterceptingExecutableInvoker.java:93)
	at org.junit.jupiter.engine.execution.InvocationInterceptorChain$InterceptedInvocation.proceed(InvocationInterceptorChain.java:106)
	at org.junit.jupiter.engine.execution.InvocationInterceptorChain.proceed(InvocationInterceptorChain.java:64)
	at org.junit.jupiter.engine.execution.InvocationInterceptorChain.chainAndInvoke(InvocationInterceptorChain.java:45)
	at org.junit.jupiter.engine.execution.InvocationInterceptorChain.invoke(InvocationInterceptorChain.java:37)
	at org.junit.jupiter.engine.execution.InterceptingExecutableInvoker.invoke(InterceptingExecutableInvoker.java:92)
	at org.junit.jupiter.engine.execution.InterceptingExecutableInvoker.invoke(InterceptingExecutableInvoker.java:86)
	at org.junit.jupiter.engine.descriptor.TestMethodTestDescriptor.lambda$invokeTestMethod$7(TestMethodTestDescriptor.java:218)
	at org.junit.platform.engine.support.hierarchical.ThrowableCollector.execute(ThrowableCollector.java:73)
	at org.junit.jupiter.engine.descriptor.TestMethodTestDescriptor.invokeTestMethod(TestMethodTestDescriptor.java:214)
	at org.junit.jupiter.engine.descriptor.TestMethodTestDescriptor.execute(TestMethodTestDescriptor.java:139)
	at org.junit.jupiter.engine.descriptor.TestMethodTestDescriptor.execute(TestMethodTestDescriptor.java:69)
	at org.junit.platform.engine.support.hierarchical.NodeTestTask.lambda$executeRecursively$6(NodeTestTask.java:151)
	at org.junit.platform.engine.support.hierarchical.ThrowableCollector.execute(ThrowableCollector.java:73)
	at org.junit.platform.engine.support.hierarchical.NodeTestTask.lambda$executeRecursively$8(NodeTestTask.java:141)
	at org.junit.platform.engine.support.hierarchical.Node.around(Node.java:137)
	at org.junit.platform.engine.support.hierarchical.NodeTestTask.lambda$executeRecursively$9(NodeTestTask.java:139)
	at org.junit.platform.engine.support.hierarchical.ThrowableCollector.execute(ThrowableCollector.java:73)
	at org.junit.platform.engine.support.hierarchical.NodeTestTask.executeRecursively(NodeTestTask.java:138)
	at org.junit.platform.engine.support.hierarchical.NodeTestTask.execute(NodeTestTask.java:95)
	at java.base/java.util.ArrayList.forEach(ArrayList.java:1604)
	at org.junit.platform.engine.support.hierarchical.SameThreadHierarchicalTestExecutorService.invokeAll(SameThreadHierarchicalTestExecutorService.java:41)
	at org.junit.platform.engine.support.hierarchical.NodeTestTask.lambda$executeRecursively$6(NodeTestTask.java:155)
	at org.junit.platform.engine.support.hierarchical.ThrowableCollector.execute(ThrowableCollector.java:73)
	at org.junit.platform.engine.support.hierarchical.NodeTestTask.lambda$executeRecursively$8(NodeTestTask.java:141)
	at org.junit.platform.engine.support.hierarchical.Node.around(Node.java:137)
	at org.junit.platform.engine.support.hierarchical.NodeTestTask.lambda$executeRecursively$9(NodeTestTask.java:139)
	at org.junit.platform.engine.support.hierarchical.ThrowableCollector.execute(ThrowableCollector.java:73)
	at org.junit.platform.engine.support.hierarchical.NodeTestTask.executeRecursively(NodeTestTask.java:138)
	at org.junit.platform.engine.support.hierarchical.NodeTestTask.execute(NodeTestTask.java:95)
	at java.base/java.util.ArrayList.forEach(ArrayList.java:1604)
	at org.junit.platform.engine.support.hierarchical.SameThreadHierarchicalTestExecutorService.invokeAll(SameThreadHierarchicalTestExecutorService.java:41)
	at org.junit.platform.engine.support.hierarchical.NodeTestTask.lambda$executeRecursively$6(NodeTestTask.java:155)
	at org.junit.platform.engine.support.hierarchical.ThrowableCollector.execute(ThrowableCollector.java:73)
	at org.junit.platform.engine.support.hierarchical.NodeTestTask.lambda$executeRecursively$8(NodeTestTask.java:141)
	at org.junit.platform.engine.support.hierarchical.Node.around(Node.java:137)
	at org.junit.platform.engine.support.hierarchical.NodeTestTask.lambda$executeRecursively$9(NodeTestTask.java:139)
	at org.junit.platform.engine.support.hierarchical.ThrowableCollector.execute(ThrowableCollector.java:73)
	at org.junit.platform.engine.support.hierarchical.NodeTestTask.executeRecursively(NodeTestTask.java:138)
	at org.junit.platform.engine.support.hierarchical.NodeTestTask.execute(NodeTestTask.java:95)
	at org.junit.platform.engine.support.hierarchical.SameThreadHierarchicalTestExecutorService.submit(SameThreadHierarchicalTestExecutorService.java:35)
	at org.junit.platform.engine.support.hierarchical.HierarchicalTestExecutor.execute(HierarchicalTestExecutor.java:57)
	at org.junit.platform.engine.support.hierarchical.HierarchicalTestEngine.execute(HierarchicalTestEngine.java:54)
	at org.junit.platform.launcher.core.EngineExecutionOrchestrator.execute(EngineExecutionOrchestrator.java:198)
	at org.junit.platform.launcher.core.EngineExecutionOrchestrator.execute(EngineExecutionOrchestrator.java:169)
	at org.junit.platform.launcher.core.EngineExecutionOrchestrator.execute(EngineExecutionOrchestrator.java:93)
	at org.junit.platform.launcher.core.EngineExecutionOrchestrator.lambda$execute$0(EngineExecutionOrchestrator.java:58)
	at org.junit.platform.launcher.core.EngineExecutionOrchestrator.withInterceptedStreams(EngineExecutionOrchestrator.java:141)
	at org.junit.platform.launcher.core.EngineExecutionOrchestrator.execute(EngineExecutionOrchestrator.java:57)
	at org.junit.platform.launcher.core.DefaultLauncher.execute(DefaultLauncher.java:103)
	at org.junit.platform.launcher.core.DefaultLauncher.execute(DefaultLauncher.java:85)
	at org.junit.platform.launcher.core.DelegatingLauncher.execute(DelegatingLauncher.java:47)
	at org.junit.platform.launcher.core.SessionPerRequestLauncher.execute(SessionPerRequestLauncher.java:63)
	at com.intellij.junit5.JUnit5IdeaTestRunner.startRunnerWithArgs(JUnit5IdeaTestRunner.java:66)
	at com.intellij.rt.junit.IdeaTestRunner$Repeater$1.execute(IdeaTestRunner.java:38)
	at com.intellij.rt.execution.junit.TestsRepeater.repeat(TestsRepeater.java:11)
	at com.intellij.rt.junit.IdeaTestRunner$Repeater.startRunnerWithArgs(IdeaTestRunner.java:35)
	at com.intellij.rt.junit.JUnitStarter.prepareStreamsAndStart(JUnitStarter.java:231)
	at com.intellij.rt.junit.JUnitStarter.main(JUnitStarter.java:55)
Caused by: javax.xml.stream.XMLStreamException: ParseError at [row,col]:[1,1]
Message: Content is not allowed in prolog.
	at java.xml/com.sun.org.apache.xerces.internal.impl.XMLStreamReaderImpl.next(XMLStreamReaderImpl.java:652)
	at java.xml/javax.xml.stream.util.StreamReaderDelegate.next(StreamReaderDelegate.java:84)
	at javafx.fxml/javafx.fxml.FXMLLoader.loadImpl(FXMLLoader.java:2627)
	... 89 common frames omitted
2026-04-19 10:47:12.462 [main] DEBUG com.appointmentscheduler.application.AppConfig - Application configuration loaded
2026-04-19 10:47:12.463 [main] DEBUG com.appointmentscheduler.application.AppConfig - Merged application-local.properties
2026-04-19 10:47:12.471 [main] DEBUG com.appointmentscheduler.application.AppConfig - Application configuration loaded
2026-04-19 10:47:12.472 [main] DEBUG com.appointmentscheduler.application.AppConfig - Merged application-local.properties
2026-04-19 10:47:12.524 [main] ERROR com.appointmentscheduler.presentation.MainApp - Failed to load screen: 
javafx.fxml.LoadException: 
/C:/Users/PC/Desktop/software%20project/AppointmentSystem/target/test-classes/com/appointmentscheduler/presentation/

	at javafx.fxml/javafx.fxml.FXMLLoader.constructLoadException(FXMLLoader.java:2714)
	at javafx.fxml/javafx.fxml.FXMLLoader.loadImpl(FXMLLoader.java:2657)
	at javafx.fxml/javafx.fxml.FXMLLoader.loadImpl(FXMLLoader.java:2555)
	at javafx.fxml/javafx.fxml.FXMLLoader.load(FXMLLoader.java:2523)
	at com.appointmentscheduler/com.appointmentscheduler.presentation.MainApp.loadScreen(MainApp.java:397)
	at java.base/java.lang.invoke.MethodHandle.invokeWithArguments(MethodHandle.java:735)
	at org.mockito.internal.util.reflection.InstrumentationMemberAccessor$Dispatcher$ByteBuddy$Sum9qNbl.invokeWithArguments(Unknown Source)
	at org.mockito.internal.util.reflection.InstrumentationMemberAccessor.invoke(InstrumentationMemberAccessor.java:265)
	at org.mockito.internal.util.reflection.ModuleMemberAccessor.invoke(ModuleMemberAccessor.java:55)
	at org.mockito.internal.creation.bytebuddy.MockMethodAdvice.tryInvoke(MockMethodAdvice.java:316)
	at org.mockito.internal.creation.bytebuddy.MockMethodAdvice$StaticMethodCall.invoke(MockMethodAdvice.java:308)
	at org.mockito.internal.invocation.InterceptedInvocation.callRealMethod(InterceptedInvocation.java:142)
	at org.mockito.internal.stubbing.answers.CallsRealMethods.answer(CallsRealMethods.java:45)
	at org.mockito.Answers.answer(Answers.java:90)
	at org.mockito.internal.handler.MockHandlerImpl.handle(MockHandlerImpl.java:111)
	at org.mockito.internal.handler.NullResultGuardian.handle(NullResultGuardian.java:29)
	at org.mockito.internal.handler.InvocationNotifierHandler.handle(InvocationNotifierHandler.java:34)
	at org.mockito.internal.creation.bytebuddy.access.MockMethodInterceptor.doIntercept(MockMethodInterceptor.java:84)
	at org.mockito.internal.creation.bytebuddy.MockMethodAdvice.handleStatic(MockMethodAdvice.java:150)
	at com.appointmentscheduler/com.appointmentscheduler.presentation.MainApp.loadScreen(MainApp.java:381)
	at com.appointmentscheduler/com.appointmentscheduler.presentation.MainAppInternalsCoverageTest.lambda$41(MainAppInternalsCoverageTest.java:381)
	at org.mockito.internal.MockedStaticImpl.when(MockedStaticImpl.java:49)
	at com.appointmentscheduler/com.appointmentscheduler.presentation.MainAppInternalsCoverageTest.performLogout_nullOwner_primaryStageWithScene_coversOwnerFallbackWindowPath(MainAppInternalsCoverageTest.java:381)
	at java.base/jdk.internal.reflect.DirectMethodHandleAccessor.invoke(DirectMethodHandleAccessor.java:104)
	at java.base/java.lang.reflect.Method.invoke(Method.java:565)
	at org.junit.platform.commons.util.ReflectionUtils.invokeMethod(ReflectionUtils.java:728)
	at org.junit.jupiter.engine.execution.MethodInvocation.proceed(MethodInvocation.java:60)
	at org.junit.jupiter.engine.execution.InvocationInterceptorChain$ValidatingInvocation.proceed(InvocationInterceptorChain.java:131)
	at org.junit.jupiter.engine.extension.TimeoutExtension.intercept(TimeoutExtension.java:156)
	at org.junit.jupiter.engine.extension.TimeoutExtension.interceptTestableMethod(TimeoutExtension.java:147)
	at org.junit.jupiter.engine.extension.TimeoutExtension.interceptTestMethod(TimeoutExtension.java:86)
	at org.junit.jupiter.engine.execution.InterceptingExecutableInvoker$ReflectiveInterceptorCall.lambda$ofVoidMethod$0(InterceptingExecutableInvoker.java:103)
	at org.junit.jupiter.engine.execution.InterceptingExecutableInvoker.lambda$invoke$0(InterceptingExecutableInvoker.java:93)
	at org.junit.jupiter.engine.execution.InvocationInterceptorChain$InterceptedInvocation.proceed(InvocationInterceptorChain.java:106)
	at org.junit.jupiter.engine.execution.InvocationInterceptorChain.proceed(InvocationInterceptorChain.java:64)
	at org.junit.jupiter.engine.execution.InvocationInterceptorChain.chainAndInvoke(InvocationInterceptorChain.java:45)
	at org.junit.jupiter.engine.execution.InvocationInterceptorChain.invoke(InvocationInterceptorChain.java:37)
	at org.junit.jupiter.engine.execution.InterceptingExecutableInvoker.invoke(InterceptingExecutableInvoker.java:92)
	at org.junit.jupiter.engine.execution.InterceptingExecutableInvoker.invoke(InterceptingExecutableInvoker.java:86)
	at org.junit.jupiter.engine.descriptor.TestMethodTestDescriptor.lambda$invokeTestMethod$7(TestMethodTestDescriptor.java:218)
	at org.junit.platform.engine.support.hierarchical.ThrowableCollector.execute(ThrowableCollector.java:73)
	at org.junit.jupiter.engine.descriptor.TestMethodTestDescriptor.invokeTestMethod(TestMethodTestDescriptor.java:214)
	at org.junit.jupiter.engine.descriptor.TestMethodTestDescriptor.execute(TestMethodTestDescriptor.java:139)
	at org.junit.jupiter.engine.descriptor.TestMethodTestDescriptor.execute(TestMethodTestDescriptor.java:69)
	at org.junit.platform.engine.support.hierarchical.NodeTestTask.lambda$executeRecursively$6(NodeTestTask.java:151)
	at org.junit.platform.engine.support.hierarchical.ThrowableCollector.execute(ThrowableCollector.java:73)
	at org.junit.platform.engine.support.hierarchical.NodeTestTask.lambda$executeRecursively$8(NodeTestTask.java:141)
	at org.junit.platform.engine.support.hierarchical.Node.around(Node.java:137)
	at org.junit.platform.engine.support.hierarchical.NodeTestTask.lambda$executeRecursively$9(NodeTestTask.java:139)
	at org.junit.platform.engine.support.hierarchical.ThrowableCollector.execute(ThrowableCollector.java:73)
	at org.junit.platform.engine.support.hierarchical.NodeTestTask.executeRecursively(NodeTestTask.java:138)
	at org.junit.platform.engine.support.hierarchical.NodeTestTask.execute(NodeTestTask.java:95)
	at java.base/java.util.ArrayList.forEach(ArrayList.java:1604)
	at org.junit.platform.engine.support.hierarchical.SameThreadHierarchicalTestExecutorService.invokeAll(SameThreadHierarchicalTestExecutorService.java:41)
	at org.junit.platform.engine.support.hierarchical.NodeTestTask.lambda$executeRecursively$6(NodeTestTask.java:155)
	at org.junit.platform.engine.support.hierarchical.ThrowableCollector.execute(ThrowableCollector.java:73)
	at org.junit.platform.engine.support.hierarchical.NodeTestTask.lambda$executeRecursively$8(NodeTestTask.java:141)
	at org.junit.platform.engine.support.hierarchical.Node.around(Node.java:137)
	at org.junit.platform.engine.support.hierarchical.NodeTestTask.lambda$executeRecursively$9(NodeTestTask.java:139)
	at org.junit.platform.engine.support.hierarchical.ThrowableCollector.execute(ThrowableCollector.java:73)
	at org.junit.platform.engine.support.hierarchical.NodeTestTask.executeRecursively(NodeTestTask.java:138)
	at org.junit.platform.engine.support.hierarchical.NodeTestTask.execute(NodeTestTask.java:95)
	at java.base/java.util.ArrayList.forEach(ArrayList.java:1604)
	at org.junit.platform.engine.support.hierarchical.SameThreadHierarchicalTestExecutorService.invokeAll(SameThreadHierarchicalTestExecutorService.java:41)
	at org.junit.platform.engine.support.hierarchical.NodeTestTask.lambda$executeRecursively$6(NodeTestTask.java:155)
	at org.junit.platform.engine.support.hierarchical.ThrowableCollector.execute(ThrowableCollector.java:73)
	at org.junit.platform.engine.support.hierarchical.NodeTestTask.lambda$executeRecursively$8(NodeTestTask.java:141)
	at org.junit.platform.engine.support.hierarchical.Node.around(Node.java:137)
	at org.junit.platform.engine.support.hierarchical.NodeTestTask.lambda$executeRecursively$9(NodeTestTask.java:139)
	at org.junit.platform.engine.support.hierarchical.ThrowableCollector.execute(ThrowableCollector.java:73)
	at org.junit.platform.engine.support.hierarchical.NodeTestTask.executeRecursively(NodeTestTask.java:138)
	at org.junit.platform.engine.support.hierarchical.NodeTestTask.execute(NodeTestTask.java:95)
	at org.junit.platform.engine.support.hierarchical.SameThreadHierarchicalTestExecutorService.submit(SameThreadHierarchicalTestExecutorService.java:35)
	at org.junit.platform.engine.support.hierarchical.HierarchicalTestExecutor.execute(HierarchicalTestExecutor.java:57)
	at org.junit.platform.engine.support.hierarchical.HierarchicalTestEngine.execute(HierarchicalTestEngine.java:54)
	at org.junit.platform.launcher.core.EngineExecutionOrchestrator.execute(EngineExecutionOrchestrator.java:198)
	at org.junit.platform.launcher.core.EngineExecutionOrchestrator.execute(EngineExecutionOrchestrator.java:169)
	at org.junit.platform.launcher.core.EngineExecutionOrchestrator.execute(EngineExecutionOrchestrator.java:93)
	at org.junit.platform.launcher.core.EngineExecutionOrchestrator.lambda$execute$0(EngineExecutionOrchestrator.java:58)
	at org.junit.platform.launcher.core.EngineExecutionOrchestrator.withInterceptedStreams(EngineExecutionOrchestrator.java:141)
	at org.junit.platform.launcher.core.EngineExecutionOrchestrator.execute(EngineExecutionOrchestrator.java:57)
	at org.junit.platform.launcher.core.DefaultLauncher.execute(DefaultLauncher.java:103)
	at org.junit.platform.launcher.core.DefaultLauncher.execute(DefaultLauncher.java:85)
	at org.junit.platform.launcher.core.DelegatingLauncher.execute(DelegatingLauncher.java:47)
	at org.junit.platform.launcher.core.SessionPerRequestLauncher.execute(SessionPerRequestLauncher.java:63)
	at com.intellij.junit5.JUnit5IdeaTestRunner.startRunnerWithArgs(JUnit5IdeaTestRunner.java:66)
	at com.intellij.rt.junit.IdeaTestRunner$Repeater$1.execute(IdeaTestRunner.java:38)
	at com.intellij.rt.execution.junit.TestsRepeater.repeat(TestsRepeater.java:11)
	at com.intellij.rt.junit.IdeaTestRunner$Repeater.startRunnerWithArgs(IdeaTestRunner.java:35)
	at com.intellij.rt.junit.JUnitStarter.prepareStreamsAndStart(JUnitStarter.java:231)
	at com.intellij.rt.junit.JUnitStarter.main(JUnitStarter.java:55)
Caused by: javax.xml.stream.XMLStreamException: ParseError at [row,col]:[1,1]
Message: Content is not allowed in prolog.
	at java.xml/com.sun.org.apache.xerces.internal.impl.XMLStreamReaderImpl.next(XMLStreamReaderImpl.java:652)
	at java.xml/javax.xml.stream.util.StreamReaderDelegate.next(StreamReaderDelegate.java:84)
	at javafx.fxml/javafx.fxml.FXMLLoader.loadImpl(FXMLLoader.java:2627)
	... 89 common frames omitted
2026-04-19 10:47:12.530 [main] ERROR com.appointmentscheduler.presentation.MainApp - Could not show error scene
java.lang.IllegalStateException: Not on FX application thread; currentThread = main
	at javafx.graphics/com.sun.javafx.tk.Toolkit.checkFxUserThread(Toolkit.java:297)
	at javafx.graphics/com.sun.javafx.tk.quantum.QuantumToolkit.checkFxUserThread(QuantumToolkit.java:458)
	at javafx.graphics/javafx.stage.Stage.setScene(Stage.java:269)
	at com.appointmentscheduler/com.appointmentscheduler.presentation.MainApp.showErrorScene(MainApp.java:468)
	at java.base/java.lang.invoke.MethodHandle.invokeWithArguments(MethodHandle.java:735)
	at org.mockito.internal.util.reflection.InstrumentationMemberAccessor$Dispatcher$ByteBuddy$Sum9qNbl.invokeWithArguments(Unknown Source)
	at org.mockito.internal.util.reflection.InstrumentationMemberAccessor.invoke(InstrumentationMemberAccessor.java:265)
	at org.mockito.internal.util.reflection.ModuleMemberAccessor.invoke(ModuleMemberAccessor.java:55)
	at org.mockito.internal.creation.bytebuddy.MockMethodAdvice.tryInvoke(MockMethodAdvice.java:316)
	at org.mockito.internal.creation.bytebuddy.MockMethodAdvice$StaticMethodCall.invoke(MockMethodAdvice.java:308)
	at org.mockito.internal.invocation.InterceptedInvocation.callRealMethod(InterceptedInvocation.java:142)
	at org.mockito.internal.stubbing.answers.CallsRealMethods.answer(CallsRealMethods.java:45)
	at org.mockito.Answers.answer(Answers.java:90)
	at org.mockito.internal.handler.MockHandlerImpl.handle(MockHandlerImpl.java:111)
	at org.mockito.internal.handler.NullResultGuardian.handle(NullResultGuardian.java:29)
	at org.mockito.internal.handler.InvocationNotifierHandler.handle(InvocationNotifierHandler.java:34)
	at org.mockito.internal.creation.bytebuddy.access.MockMethodInterceptor.doIntercept(MockMethodInterceptor.java:84)
	at org.mockito.internal.creation.bytebuddy.MockMethodAdvice.handleStatic(MockMethodAdvice.java:150)
	at com.appointmentscheduler/com.appointmentscheduler.presentation.MainApp.showErrorScene(MainApp.java:459)
	at com.appointmentscheduler/com.appointmentscheduler.presentation.MainApp.loadScreen(MainApp.java:416)
	at java.base/java.lang.invoke.MethodHandle.invokeWithArguments(MethodHandle.java:735)
	at org.mockito.internal.util.reflection.InstrumentationMemberAccessor$Dispatcher$ByteBuddy$Sum9qNbl.invokeWithArguments(Unknown Source)
	at org.mockito.internal.util.reflection.InstrumentationMemberAccessor.invoke(InstrumentationMemberAccessor.java:265)
	at org.mockito.internal.util.reflection.ModuleMemberAccessor.invoke(ModuleMemberAccessor.java:55)
	at org.mockito.internal.creation.bytebuddy.MockMethodAdvice.tryInvoke(MockMethodAdvice.java:316)
	at org.mockito.internal.creation.bytebuddy.MockMethodAdvice$StaticMethodCall.invoke(MockMethodAdvice.java:308)
	at org.mockito.internal.invocation.InterceptedInvocation.callRealMethod(InterceptedInvocation.java:142)
	at org.mockito.internal.stubbing.answers.CallsRealMethods.answer(CallsRealMethods.java:45)
	at org.mockito.Answers.answer(Answers.java:90)
	at org.mockito.internal.handler.MockHandlerImpl.handle(MockHandlerImpl.java:111)
	at org.mockito.internal.handler.NullResultGuardian.handle(NullResultGuardian.java:29)
	at org.mockito.internal.handler.InvocationNotifierHandler.handle(InvocationNotifierHandler.java:34)
	at org.mockito.internal.creation.bytebuddy.access.MockMethodInterceptor.doIntercept(MockMethodInterceptor.java:84)
	at org.mockito.internal.creation.bytebuddy.MockMethodAdvice.handleStatic(MockMethodAdvice.java:150)
	at com.appointmentscheduler/com.appointmentscheduler.presentation.MainApp.loadScreen(MainApp.java:381)
	at com.appointmentscheduler/com.appointmentscheduler.presentation.MainAppInternalsCoverageTest.lambda$41(MainAppInternalsCoverageTest.java:381)
	at org.mockito.internal.MockedStaticImpl.when(MockedStaticImpl.java:49)
	at com.appointmentscheduler/com.appointmentscheduler.presentation.MainAppInternalsCoverageTest.performLogout_nullOwner_primaryStageWithScene_coversOwnerFallbackWindowPath(MainAppInternalsCoverageTest.java:381)
	at java.base/jdk.internal.reflect.DirectMethodHandleAccessor.invoke(DirectMethodHandleAccessor.java:104)
	at java.base/java.lang.reflect.Method.invoke(Method.java:565)
	at org.junit.platform.commons.util.ReflectionUtils.invokeMethod(ReflectionUtils.java:728)
	at org.junit.jupiter.engine.execution.MethodInvocation.proceed(MethodInvocation.java:60)
	at org.junit.jupiter.engine.execution.InvocationInterceptorChain$ValidatingInvocation.proceed(InvocationInterceptorChain.java:131)
	at org.junit.jupiter.engine.extension.TimeoutExtension.intercept(TimeoutExtension.java:156)
	at org.junit.jupiter.engine.extension.TimeoutExtension.interceptTestableMethod(TimeoutExtension.java:147)
	at org.junit.jupiter.engine.extension.TimeoutExtension.interceptTestMethod(TimeoutExtension.java:86)
	at org.junit.jupiter.engine.execution.InterceptingExecutableInvoker$ReflectiveInterceptorCall.lambda$ofVoidMethod$0(InterceptingExecutableInvoker.java:103)
	at org.junit.jupiter.engine.execution.InterceptingExecutableInvoker.lambda$invoke$0(InterceptingExecutableInvoker.java:93)
	at org.junit.jupiter.engine.execution.InvocationInterceptorChain$InterceptedInvocation.proceed(InvocationInterceptorChain.java:106)
	at org.junit.jupiter.engine.execution.InvocationInterceptorChain.proceed(InvocationInterceptorChain.java:64)
	at org.junit.jupiter.engine.execution.InvocationInterceptorChain.chainAndInvoke(InvocationInterceptorChain.java:45)
	at org.junit.jupiter.engine.execution.InvocationInterceptorChain.invoke(InvocationInterceptorChain.java:37)
	at org.junit.jupiter.engine.execution.InterceptingExecutableInvoker.invoke(InterceptingExecutableInvoker.java:92)
	at org.junit.jupiter.engine.execution.InterceptingExecutableInvoker.invoke(InterceptingExecutableInvoker.java:86)
	at org.junit.jupiter.engine.descriptor.TestMethodTestDescriptor.lambda$invokeTestMethod$7(TestMethodTestDescriptor.java:218)
	at org.junit.platform.engine.support.hierarchical.ThrowableCollector.execute(ThrowableCollector.java:73)
	at org.junit.jupiter.engine.descriptor.TestMethodTestDescriptor.invokeTestMethod(TestMethodTestDescriptor.java:214)
	at org.junit.jupiter.engine.descriptor.TestMethodTestDescriptor.execute(TestMethodTestDescriptor.java:139)
	at org.junit.jupiter.engine.descriptor.TestMethodTestDescriptor.execute(TestMethodTestDescriptor.java:69)
	at org.junit.platform.engine.support.hierarchical.NodeTestTask.lambda$executeRecursively$6(NodeTestTask.java:151)
	at org.junit.platform.engine.support.hierarchical.ThrowableCollector.execute(ThrowableCollector.java:73)
	at org.junit.platform.engine.support.hierarchical.NodeTestTask.lambda$executeRecursively$8(NodeTestTask.java:141)
	at org.junit.platform.engine.support.hierarchical.Node.around(Node.java:137)
	at org.junit.platform.engine.support.hierarchical.NodeTestTask.lambda$executeRecursively$9(NodeTestTask.java:139)
	at org.junit.platform.engine.support.hierarchical.ThrowableCollector.execute(ThrowableCollector.java:73)
	at org.junit.platform.engine.support.hierarchical.NodeTestTask.executeRecursively(NodeTestTask.java:138)
	at org.junit.platform.engine.support.hierarchical.NodeTestTask.execute(NodeTestTask.java:95)
	at java.base/java.util.ArrayList.forEach(ArrayList.java:1604)
	at org.junit.platform.engine.support.hierarchical.SameThreadHierarchicalTestExecutorService.invokeAll(SameThreadHierarchicalTestExecutorService.java:41)
	at org.junit.platform.engine.support.hierarchical.NodeTestTask.lambda$executeRecursively$6(NodeTestTask.java:155)
	at org.junit.platform.engine.support.hierarchical.ThrowableCollector.execute(ThrowableCollector.java:73)
	at org.junit.platform.engine.support.hierarchical.NodeTestTask.lambda$executeRecursively$8(NodeTestTask.java:141)
	at org.junit.platform.engine.support.hierarchical.Node.around(Node.java:137)
	at org.junit.platform.engine.support.hierarchical.NodeTestTask.lambda$executeRecursively$9(NodeTestTask.java:139)
	at org.junit.platform.engine.support.hierarchical.ThrowableCollector.execute(ThrowableCollector.java:73)
	at org.junit.platform.engine.support.hierarchical.NodeTestTask.executeRecursively(NodeTestTask.java:138)
	at org.junit.platform.engine.support.hierarchical.NodeTestTask.execute(NodeTestTask.java:95)
	at java.base/java.util.ArrayList.forEach(ArrayList.java:1604)
	at org.junit.platform.engine.support.hierarchical.SameThreadHierarchicalTestExecutorService.invokeAll(SameThreadHierarchicalTestExecutorService.java:41)
	at org.junit.platform.engine.support.hierarchical.NodeTestTask.lambda$executeRecursively$6(NodeTestTask.java:155)
	at org.junit.platform.engine.support.hierarchical.ThrowableCollector.execute(ThrowableCollector.java:73)
	at org.junit.platform.engine.support.hierarchical.NodeTestTask.lambda$executeRecursively$8(NodeTestTask.java:141)
	at org.junit.platform.engine.support.hierarchical.Node.around(Node.java:137)
	at org.junit.platform.engine.support.hierarchical.NodeTestTask.lambda$executeRecursively$9(NodeTestTask.java:139)
	at org.junit.platform.engine.support.hierarchical.ThrowableCollector.execute(ThrowableCollector.java:73)
	at org.junit.platform.engine.support.hierarchical.NodeTestTask.executeRecursively(NodeTestTask.java:138)
	at org.junit.platform.engine.support.hierarchical.NodeTestTask.execute(NodeTestTask.java:95)
	at org.junit.platform.engine.support.hierarchical.SameThreadHierarchicalTestExecutorService.submit(SameThreadHierarchicalTestExecutorService.java:35)
	at org.junit.platform.engine.support.hierarchical.HierarchicalTestExecutor.execute(HierarchicalTestExecutor.java:57)
	at org.junit.platform.engine.support.hierarchical.HierarchicalTestEngine.execute(HierarchicalTestEngine.java:54)
	at org.junit.platform.launcher.core.EngineExecutionOrchestrator.execute(EngineExecutionOrchestrator.java:198)
	at org.junit.platform.launcher.core.EngineExecutionOrchestrator.execute(EngineExecutionOrchestrator.java:169)
	at org.junit.platform.launcher.core.EngineExecutionOrchestrator.execute(EngineExecutionOrchestrator.java:93)
	at org.junit.platform.launcher.core.EngineExecutionOrchestrator.lambda$execute$0(EngineExecutionOrchestrator.java:58)
	at org.junit.platform.launcher.core.EngineExecutionOrchestrator.withInterceptedStreams(EngineExecutionOrchestrator.java:141)
	at org.junit.platform.launcher.core.EngineExecutionOrchestrator.execute(EngineExecutionOrchestrator.java:57)
	at org.junit.platform.launcher.core.DefaultLauncher.execute(DefaultLauncher.java:103)
	at org.junit.platform.launcher.core.DefaultLauncher.execute(DefaultLauncher.java:85)
	at org.junit.platform.launcher.core.DelegatingLauncher.execute(DelegatingLauncher.java:47)
	at org.junit.platform.launcher.core.SessionPerRequestLauncher.execute(SessionPerRequestLauncher.java:63)
	at com.intellij.junit5.JUnit5IdeaTestRunner.startRunnerWithArgs(JUnit5IdeaTestRunner.java:66)
	at com.intellij.rt.junit.IdeaTestRunner$Repeater$1.execute(IdeaTestRunner.java:38)
	at com.intellij.rt.execution.junit.TestsRepeater.repeat(TestsRepeater.java:11)
	at com.intellij.rt.junit.IdeaTestRunner$Repeater.startRunnerWithArgs(IdeaTestRunner.java:35)
	at com.intellij.rt.junit.JUnitStarter.prepareStreamsAndStart(JUnitStarter.java:231)
	at com.intellij.rt.junit.JUnitStarter.main(JUnitStarter.java:55)
2026-04-19 10:47:12.533 [JavaFX Application Thread] ERROR c.appointmentscheduler.presentation.ErrorHandler - Failed to load screen: 
/C:/Users/PC/Desktop/software%20project/AppointmentSystem/target/test-classes/com/appointmentscheduler/presentation/

javafx.fxml.LoadException: 
/C:/Users/PC/Desktop/software%20project/AppointmentSystem/target/test-classes/com/appointmentscheduler/presentation/

	at javafx.fxml/javafx.fxml.FXMLLoader.constructLoadException(FXMLLoader.java:2714)
	at javafx.fxml/javafx.fxml.FXMLLoader.loadImpl(FXMLLoader.java:2657)
	at javafx.fxml/javafx.fxml.FXMLLoader.loadImpl(FXMLLoader.java:2555)
	at javafx.fxml/javafx.fxml.FXMLLoader.load(FXMLLoader.java:2523)
	at com.appointmentscheduler/com.appointmentscheduler.presentation.MainApp.loadScreen(MainApp.java:397)
	at java.base/java.lang.invoke.MethodHandle.invokeWithArguments(MethodHandle.java:735)
	at org.mockito.internal.util.reflection.InstrumentationMemberAccessor$Dispatcher$ByteBuddy$Sum9qNbl.invokeWithArguments(Unknown Source)
	at org.mockito.internal.util.reflection.InstrumentationMemberAccessor.invoke(InstrumentationMemberAccessor.java:265)
	at org.mockito.internal.util.reflection.ModuleMemberAccessor.invoke(ModuleMemberAccessor.java:55)
	at org.mockito.internal.creation.bytebuddy.MockMethodAdvice.tryInvoke(MockMethodAdvice.java:316)
	at org.mockito.internal.creation.bytebuddy.MockMethodAdvice$StaticMethodCall.invoke(MockMethodAdvice.java:308)
	at org.mockito.internal.invocation.InterceptedInvocation.callRealMethod(InterceptedInvocation.java:142)
	at org.mockito.internal.stubbing.answers.CallsRealMethods.answer(CallsRealMethods.java:45)
	at org.mockito.Answers.answer(Answers.java:90)
	at org.mockito.internal.handler.MockHandlerImpl.handle(MockHandlerImpl.java:111)
	at org.mockito.internal.handler.NullResultGuardian.handle(NullResultGuardian.java:29)
	at org.mockito.internal.handler.InvocationNotifierHandler.handle(InvocationNotifierHandler.java:34)
	at org.mockito.internal.creation.bytebuddy.access.MockMethodInterceptor.doIntercept(MockMethodInterceptor.java:84)
	at org.mockito.internal.creation.bytebuddy.MockMethodAdvice.handleStatic(MockMethodAdvice.java:150)
	at com.appointmentscheduler/com.appointmentscheduler.presentation.MainApp.loadScreen(MainApp.java:381)
	at com.appointmentscheduler/com.appointmentscheduler.presentation.MainAppInternalsCoverageTest.lambda$41(MainAppInternalsCoverageTest.java:381)
	at org.mockito.internal.MockedStaticImpl.when(MockedStaticImpl.java:49)
	at com.appointmentscheduler/com.appointmentscheduler.presentation.MainAppInternalsCoverageTest.performLogout_nullOwner_primaryStageWithScene_coversOwnerFallbackWindowPath(MainAppInternalsCoverageTest.java:381)
	at java.base/jdk.internal.reflect.DirectMethodHandleAccessor.invoke(DirectMethodHandleAccessor.java:104)
	at java.base/java.lang.reflect.Method.invoke(Method.java:565)
	at org.junit.platform.commons.util.ReflectionUtils.invokeMethod(ReflectionUtils.java:728)
	at org.junit.jupiter.engine.execution.MethodInvocation.proceed(MethodInvocation.java:60)
	at org.junit.jupiter.engine.execution.InvocationInterceptorChain$ValidatingInvocation.proceed(InvocationInterceptorChain.java:131)
	at org.junit.jupiter.engine.extension.TimeoutExtension.intercept(TimeoutExtension.java:156)
	at org.junit.jupiter.engine.extension.TimeoutExtension.interceptTestableMethod(TimeoutExtension.java:147)
	at org.junit.jupiter.engine.extension.TimeoutExtension.interceptTestMethod(TimeoutExtension.java:86)
	at org.junit.jupiter.engine.execution.InterceptingExecutableInvoker$ReflectiveInterceptorCall.lambda$ofVoidMethod$0(InterceptingExecutableInvoker.java:103)
	at org.junit.jupiter.engine.execution.InterceptingExecutableInvoker.lambda$invoke$0(InterceptingExecutableInvoker.java:93)
	at org.junit.jupiter.engine.execution.InvocationInterceptorChain$InterceptedInvocation.proceed(InvocationInterceptorChain.java:106)
	at org.junit.jupiter.engine.execution.InvocationInterceptorChain.proceed(InvocationInterceptorChain.java:64)
	at org.junit.jupiter.engine.execution.InvocationInterceptorChain.chainAndInvoke(InvocationInterceptorChain.java:45)
	at org.junit.jupiter.engine.execution.InvocationInterceptorChain.invoke(InvocationInterceptorChain.java:37)
	at org.junit.jupiter.engine.execution.InterceptingExecutableInvoker.invoke(InterceptingExecutableInvoker.java:92)
	at org.junit.jupiter.engine.execution.InterceptingExecutableInvoker.invoke(InterceptingExecutableInvoker.java:86)
	at org.junit.jupiter.engine.descriptor.TestMethodTestDescriptor.lambda$invokeTestMethod$7(TestMethodTestDescriptor.java:218)
	at org.junit.platform.engine.support.hierarchical.ThrowableCollector.execute(ThrowableCollector.java:73)
	at org.junit.jupiter.engine.descriptor.TestMethodTestDescriptor.invokeTestMethod(TestMethodTestDescriptor.java:214)
	at org.junit.jupiter.engine.descriptor.TestMethodTestDescriptor.execute(TestMethodTestDescriptor.java:139)
	at org.junit.jupiter.engine.descriptor.TestMethodTestDescriptor.execute(TestMethodTestDescriptor.java:69)
	at org.junit.platform.engine.support.hierarchical.NodeTestTask.lambda$executeRecursively$6(NodeTestTask.java:151)
	at org.junit.platform.engine.support.hierarchical.ThrowableCollector.execute(ThrowableCollector.java:73)
	at org.junit.platform.engine.support.hierarchical.NodeTestTask.lambda$executeRecursively$8(NodeTestTask.java:141)
	at org.junit.platform.engine.support.hierarchical.Node.around(Node.java:137)
	at org.junit.platform.engine.support.hierarchical.NodeTestTask.lambda$executeRecursively$9(NodeTestTask.java:139)
	at org.junit.platform.engine.support.hierarchical.ThrowableCollector.execute(ThrowableCollector.java:73)
	at org.junit.platform.engine.support.hierarchical.NodeTestTask.executeRecursively(NodeTestTask.java:138)
	at org.junit.platform.engine.support.hierarchical.NodeTestTask.execute(NodeTestTask.java:95)
	at java.base/java.util.ArrayList.forEach(ArrayList.java:1604)
	at org.junit.platform.engine.support.hierarchical.SameThreadHierarchicalTestExecutorService.invokeAll(SameThreadHierarchicalTestExecutorService.java:41)
	at org.junit.platform.engine.support.hierarchical.NodeTestTask.lambda$executeRecursively$6(NodeTestTask.java:155)
	at org.junit.platform.engine.support.hierarchical.ThrowableCollector.execute(ThrowableCollector.java:73)
	at org.junit.platform.engine.support.hierarchical.NodeTestTask.lambda$executeRecursively$8(NodeTestTask.java:141)
	at org.junit.platform.engine.support.hierarchical.Node.around(Node.java:137)
	at org.junit.platform.engine.support.hierarchical.NodeTestTask.lambda$executeRecursively$9(NodeTestTask.java:139)
	at org.junit.platform.engine.support.hierarchical.ThrowableCollector.execute(ThrowableCollector.java:73)
	at org.junit.platform.engine.support.hierarchical.NodeTestTask.executeRecursively(NodeTestTask.java:138)
	at org.junit.platform.engine.support.hierarchical.NodeTestTask.execute(NodeTestTask.java:95)
	at java.base/java.util.ArrayList.forEach(ArrayList.java:1604)
	at org.junit.platform.engine.support.hierarchical.SameThreadHierarchicalTestExecutorService.invokeAll(SameThreadHierarchicalTestExecutorService.java:41)
	at org.junit.platform.engine.support.hierarchical.NodeTestTask.lambda$executeRecursively$6(NodeTestTask.java:155)
	at org.junit.platform.engine.support.hierarchical.ThrowableCollector.execute(ThrowableCollector.java:73)
	at org.junit.platform.engine.support.hierarchical.NodeTestTask.lambda$executeRecursively$8(NodeTestTask.java:141)
	at org.junit.platform.engine.support.hierarchical.Node.around(Node.java:137)
	at org.junit.platform.engine.support.hierarchical.NodeTestTask.lambda$executeRecursively$9(NodeTestTask.java:139)
	at org.junit.platform.engine.support.hierarchical.ThrowableCollector.execute(ThrowableCollector.java:73)
	at org.junit.platform.engine.support.hierarchical.NodeTestTask.executeRecursively(NodeTestTask.java:138)
	at org.junit.platform.engine.support.hierarchical.NodeTestTask.execute(NodeTestTask.java:95)
	at org.junit.platform.engine.support.hierarchical.SameThreadHierarchicalTestExecutorService.submit(SameThreadHierarchicalTestExecutorService.java:35)
	at org.junit.platform.engine.support.hierarchical.HierarchicalTestExecutor.execute(HierarchicalTestExecutor.java:57)
	at org.junit.platform.engine.support.hierarchical.HierarchicalTestEngine.execute(HierarchicalTestEngine.java:54)
	at org.junit.platform.launcher.core.EngineExecutionOrchestrator.execute(EngineExecutionOrchestrator.java:198)
	at org.junit.platform.launcher.core.EngineExecutionOrchestrator.execute(EngineExecutionOrchestrator.java:169)
	at org.junit.platform.launcher.core.EngineExecutionOrchestrator.execute(EngineExecutionOrchestrator.java:93)
	at org.junit.platform.launcher.core.EngineExecutionOrchestrator.lambda$execute$0(EngineExecutionOrchestrator.java:58)
	at org.junit.platform.launcher.core.EngineExecutionOrchestrator.withInterceptedStreams(EngineExecutionOrchestrator.java:141)
	at org.junit.platform.launcher.core.EngineExecutionOrchestrator.execute(EngineExecutionOrchestrator.java:57)
	at org.junit.platform.launcher.core.DefaultLauncher.execute(DefaultLauncher.java:103)
	at org.junit.platform.launcher.core.DefaultLauncher.execute(DefaultLauncher.java:85)
	at org.junit.platform.launcher.core.DelegatingLauncher.execute(DelegatingLauncher.java:47)
	at org.junit.platform.launcher.core.SessionPerRequestLauncher.execute(SessionPerRequestLauncher.java:63)
	at com.intellij.junit5.JUnit5IdeaTestRunner.startRunnerWithArgs(JUnit5IdeaTestRunner.java:66)
	at com.intellij.rt.junit.IdeaTestRunner$Repeater$1.execute(IdeaTestRunner.java:38)
	at com.intellij.rt.execution.junit.TestsRepeater.repeat(TestsRepeater.java:11)
	at com.intellij.rt.junit.IdeaTestRunner$Repeater.startRunnerWithArgs(IdeaTestRunner.java:35)
	at com.intellij.rt.junit.JUnitStarter.prepareStreamsAndStart(JUnitStarter.java:231)
	at com.intellij.rt.junit.JUnitStarter.main(JUnitStarter.java:55)
Caused by: javax.xml.stream.XMLStreamException: ParseError at [row,col]:[1,1]
Message: Content is not allowed in prolog.
	at java.xml/com.sun.org.apache.xerces.internal.impl.XMLStreamReaderImpl.next(XMLStreamReaderImpl.java:652)
	at java.xml/javax.xml.stream.util.StreamReaderDelegate.next(StreamReaderDelegate.java:84)
	at javafx.fxml/javafx.fxml.FXMLLoader.loadImpl(FXMLLoader.java:2627)
	... 89 common frames omitted
2026-04-19 10:47:12.540 [main] DEBUG com.appointmentscheduler.application.AppConfig - Application configuration loaded
2026-04-19 10:47:12.541 [main] DEBUG com.appointmentscheduler.application.AppConfig - Merged application-local.properties
2026-04-19 10:47:12.587 [main] ERROR c.appointmentscheduler.presentation.ErrorHandler - Service initialization failed: init failed
java.lang.RuntimeException: init failed
	at com.appointmentscheduler/com.appointmentscheduler.presentation.MainAppInternalsCoverageTest.lambda$49(MainAppInternalsCoverageTest.java:453)
	at org.assertj.core.api.ThrowableAssert.catchThrowable(ThrowableAssert.java:63)
	at org.assertj.core.api.AssertionsForClassTypes.catchThrowable(AssertionsForClassTypes.java:892)
	at org.assertj.core.api.AssertionsForClassTypes.assertThatCode(AssertionsForClassTypes.java:863)
	at org.assertj.core.api.Assertions.assertThatCode(Assertions.java:1287)
	at com.appointmentscheduler/com.appointmentscheduler.presentation.MainAppInternalsCoverageTest.syntheticRunLaterErrorHandlers_invocable_forCoverage(MainAppInternalsCoverageTest.java:453)
	at java.base/jdk.internal.reflect.DirectMethodHandleAccessor.invoke(DirectMethodHandleAccessor.java:104)
	at java.base/java.lang.reflect.Method.invoke(Method.java:565)
	at org.junit.platform.commons.util.ReflectionUtils.invokeMethod(ReflectionUtils.java:728)
	at org.junit.jupiter.engine.execution.MethodInvocation.proceed(MethodInvocation.java:60)
	at org.junit.jupiter.engine.execution.InvocationInterceptorChain$ValidatingInvocation.proceed(InvocationInterceptorChain.java:131)
	at org.junit.jupiter.engine.extension.TimeoutExtension.intercept(TimeoutExtension.java:156)
	at org.junit.jupiter.engine.extension.TimeoutExtension.interceptTestableMethod(TimeoutExtension.java:147)
	at org.junit.jupiter.engine.extension.TimeoutExtension.interceptTestMethod(TimeoutExtension.java:86)
	at org.junit.jupiter.engine.execution.InterceptingExecutableInvoker$ReflectiveInterceptorCall.lambda$ofVoidMethod$0(InterceptingExecutableInvoker.java:103)
	at org.junit.jupiter.engine.execution.InterceptingExecutableInvoker.lambda$invoke$0(InterceptingExecutableInvoker.java:93)
	at org.junit.jupiter.engine.execution.InvocationInterceptorChain$InterceptedInvocation.proceed(InvocationInterceptorChain.java:106)
	at org.junit.jupiter.engine.execution.InvocationInterceptorChain.proceed(InvocationInterceptorChain.java:64)
	at org.junit.jupiter.engine.execution.InvocationInterceptorChain.chainAndInvoke(InvocationInterceptorChain.java:45)
	at org.junit.jupiter.engine.execution.InvocationInterceptorChain.invoke(InvocationInterceptorChain.java:37)
	at org.junit.jupiter.engine.execution.InterceptingExecutableInvoker.invoke(InterceptingExecutableInvoker.java:92)
	at org.junit.jupiter.engine.execution.InterceptingExecutableInvoker.invoke(InterceptingExecutableInvoker.java:86)
	at org.junit.jupiter.engine.descriptor.TestMethodTestDescriptor.lambda$invokeTestMethod$7(TestMethodTestDescriptor.java:218)
	at org.junit.platform.engine.support.hierarchical.ThrowableCollector.execute(ThrowableCollector.java:73)
	at org.junit.jupiter.engine.descriptor.TestMethodTestDescriptor.invokeTestMethod(TestMethodTestDescriptor.java:214)
	at org.junit.jupiter.engine.descriptor.TestMethodTestDescriptor.execute(TestMethodTestDescriptor.java:139)
	at org.junit.jupiter.engine.descriptor.TestMethodTestDescriptor.execute(TestMethodTestDescriptor.java:69)
	at org.junit.platform.engine.support.hierarchical.NodeTestTask.lambda$executeRecursively$6(NodeTestTask.java:151)
	at org.junit.platform.engine.support.hierarchical.ThrowableCollector.execute(ThrowableCollector.java:73)
	at org.junit.platform.engine.support.hierarchical.NodeTestTask.lambda$executeRecursively$8(NodeTestTask.java:141)
	at org.junit.platform.engine.support.hierarchical.Node.around(Node.java:137)
	at org.junit.platform.engine.support.hierarchical.NodeTestTask.lambda$executeRecursively$9(NodeTestTask.java:139)
	at org.junit.platform.engine.support.hierarchical.ThrowableCollector.execute(ThrowableCollector.java:73)
	at org.junit.platform.engine.support.hierarchical.NodeTestTask.executeRecursively(NodeTestTask.java:138)
	at org.junit.platform.engine.support.hierarchical.NodeTestTask.execute(NodeTestTask.java:95)
	at java.base/java.util.ArrayList.forEach(ArrayList.java:1604)
	at org.junit.platform.engine.support.hierarchical.SameThreadHierarchicalTestExecutorService.invokeAll(SameThreadHierarchicalTestExecutorService.java:41)
	at org.junit.platform.engine.support.hierarchical.NodeTestTask.lambda$executeRecursively$6(NodeTestTask.java:155)
	at org.junit.platform.engine.support.hierarchical.ThrowableCollector.execute(ThrowableCollector.java:73)
	at org.junit.platform.engine.support.hierarchical.NodeTestTask.lambda$executeRecursively$8(NodeTestTask.java:141)
	at org.junit.platform.engine.support.hierarchical.Node.around(Node.java:137)
	at org.junit.platform.engine.support.hierarchical.NodeTestTask.lambda$executeRecursively$9(NodeTestTask.java:139)
	at org.junit.platform.engine.support.hierarchical.ThrowableCollector.execute(ThrowableCollector.java:73)
	at org.junit.platform.engine.support.hierarchical.NodeTestTask.executeRecursively(NodeTestTask.java:138)
	at org.junit.platform.engine.support.hierarchical.NodeTestTask.execute(NodeTestTask.java:95)
	at java.base/java.util.ArrayList.forEach(ArrayList.java:1604)
	at org.junit.platform.engine.support.hierarchical.SameThreadHierarchicalTestExecutorService.invokeAll(SameThreadHierarchicalTestExecutorService.java:41)
	at org.junit.platform.engine.support.hierarchical.NodeTestTask.lambda$executeRecursively$6(NodeTestTask.java:155)
	at org.junit.platform.engine.support.hierarchical.ThrowableCollector.execute(ThrowableCollector.java:73)
	at org.junit.platform.engine.support.hierarchical.NodeTestTask.lambda$executeRecursively$8(NodeTestTask.java:141)
	at org.junit.platform.engine.support.hierarchical.Node.around(Node.java:137)
	at org.junit.platform.engine.support.hierarchical.NodeTestTask.lambda$executeRecursively$9(NodeTestTask.java:139)
	at org.junit.platform.engine.support.hierarchical.ThrowableCollector.execute(ThrowableCollector.java:73)
	at org.junit.platform.engine.support.hierarchical.NodeTestTask.executeRecursively(NodeTestTask.java:138)
	at org.junit.platform.engine.support.hierarchical.NodeTestTask.execute(NodeTestTask.java:95)
	at org.junit.platform.engine.support.hierarchical.SameThreadHierarchicalTestExecutorService.submit(SameThreadHierarchicalTestExecutorService.java:35)
	at org.junit.platform.engine.support.hierarchical.HierarchicalTestExecutor.execute(HierarchicalTestExecutor.java:57)
	at org.junit.platform.engine.support.hierarchical.HierarchicalTestEngine.execute(HierarchicalTestEngine.java:54)
	at org.junit.platform.launcher.core.EngineExecutionOrchestrator.execute(EngineExecutionOrchestrator.java:198)
	at org.junit.platform.launcher.core.EngineExecutionOrchestrator.execute(EngineExecutionOrchestrator.java:169)
	at org.junit.platform.launcher.core.EngineExecutionOrchestrator.execute(EngineExecutionOrchestrator.java:93)
	at org.junit.platform.launcher.core.EngineExecutionOrchestrator.lambda$execute$0(EngineExecutionOrchestrator.java:58)
	at org.junit.platform.launcher.core.EngineExecutionOrchestrator.withInterceptedStreams(EngineExecutionOrchestrator.java:141)
	at org.junit.platform.launcher.core.EngineExecutionOrchestrator.execute(EngineExecutionOrchestrator.java:57)
	at org.junit.platform.launcher.core.DefaultLauncher.execute(DefaultLauncher.java:103)
	at org.junit.platform.launcher.core.DefaultLauncher.execute(DefaultLauncher.java:85)
	at org.junit.platform.launcher.core.DelegatingLauncher.execute(DelegatingLauncher.java:47)
	at org.junit.platform.launcher.core.SessionPerRequestLauncher.execute(SessionPerRequestLauncher.java:63)
	at com.intellij.junit5.JUnit5IdeaTestRunner.startRunnerWithArgs(JUnit5IdeaTestRunner.java:66)
	at com.intellij.rt.junit.IdeaTestRunner$Repeater$1.execute(IdeaTestRunner.java:38)
	at com.intellij.rt.execution.junit.TestsRepeater.repeat(TestsRepeater.java:11)
	at com.intellij.rt.junit.IdeaTestRunner$Repeater.startRunnerWithArgs(IdeaTestRunner.java:35)
	at com.intellij.rt.junit.JUnitStarter.prepareStreamsAndStart(JUnitStarter.java:231)
	at com.intellij.rt.junit.JUnitStarter.main(JUnitStarter.java:55)
2026-04-19 10:47:12.589 [main] ERROR c.appointmentscheduler.presentation.ErrorHandler - Failed to load screen: load failed
java.lang.RuntimeException: x
	at com.appointmentscheduler/com.appointmentscheduler.presentation.MainAppInternalsCoverageTest.lambda$50(MainAppInternalsCoverageTest.java:457)
	at org.assertj.core.api.ThrowableAssert.catchThrowable(ThrowableAssert.java:63)
	at org.assertj.core.api.AssertionsForClassTypes.catchThrowable(AssertionsForClassTypes.java:892)
	at org.assertj.core.api.AssertionsForClassTypes.assertThatCode(AssertionsForClassTypes.java:863)
	at org.assertj.core.api.Assertions.assertThatCode(Assertions.java:1287)
	at com.appointmentscheduler/com.appointmentscheduler.presentation.MainAppInternalsCoverageTest.syntheticRunLaterErrorHandlers_invocable_forCoverage(MainAppInternalsCoverageTest.java:457)
	at java.base/jdk.internal.reflect.DirectMethodHandleAccessor.invoke(DirectMethodHandleAccessor.java:104)
	at java.base/java.lang.reflect.Method.invoke(Method.java:565)
	at org.junit.platform.commons.util.ReflectionUtils.invokeMethod(ReflectionUtils.java:728)
	at org.junit.jupiter.engine.execution.MethodInvocation.proceed(MethodInvocation.java:60)
	at org.junit.jupiter.engine.execution.InvocationInterceptorChain$ValidatingInvocation.proceed(InvocationInterceptorChain.java:131)
	at org.junit.jupiter.engine.extension.TimeoutExtension.intercept(TimeoutExtension.java:156)
	at org.junit.jupiter.engine.extension.TimeoutExtension.interceptTestableMethod(TimeoutExtension.java:147)
	at org.junit.jupiter.engine.extension.TimeoutExtension.interceptTestMethod(TimeoutExtension.java:86)
	at org.junit.jupiter.engine.execution.InterceptingExecutableInvoker$ReflectiveInterceptorCall.lambda$ofVoidMethod$0(InterceptingExecutableInvoker.java:103)
	at org.junit.jupiter.engine.execution.InterceptingExecutableInvoker.lambda$invoke$0(InterceptingExecutableInvoker.java:93)
	at org.junit.jupiter.engine.execution.InvocationInterceptorChain$InterceptedInvocation.proceed(InvocationInterceptorChain.java:106)
	at org.junit.jupiter.engine.execution.InvocationInterceptorChain.proceed(InvocationInterceptorChain.java:64)
	at org.junit.jupiter.engine.execution.InvocationInterceptorChain.chainAndInvoke(InvocationInterceptorChain.java:45)
	at org.junit.jupiter.engine.execution.InvocationInterceptorChain.invoke(InvocationInterceptorChain.java:37)
	at org.junit.jupiter.engine.execution.InterceptingExecutableInvoker.invoke(InterceptingExecutableInvoker.java:92)
	at org.junit.jupiter.engine.execution.InterceptingExecutableInvoker.invoke(InterceptingExecutableInvoker.java:86)
	at org.junit.jupiter.engine.descriptor.TestMethodTestDescriptor.lambda$invokeTestMethod$7(TestMethodTestDescriptor.java:218)
	at org.junit.platform.engine.support.hierarchical.ThrowableCollector.execute(ThrowableCollector.java:73)
	at org.junit.jupiter.engine.descriptor.TestMethodTestDescriptor.invokeTestMethod(TestMethodTestDescriptor.java:214)
	at org.junit.jupiter.engine.descriptor.TestMethodTestDescriptor.execute(TestMethodTestDescriptor.java:139)
	at org.junit.jupiter.engine.descriptor.TestMethodTestDescriptor.execute(TestMethodTestDescriptor.java:69)
	at org.junit.platform.engine.support.hierarchical.NodeTestTask.lambda$executeRecursively$6(NodeTestTask.java:151)
	at org.junit.platform.engine.support.hierarchical.ThrowableCollector.execute(ThrowableCollector.java:73)
	at org.junit.platform.engine.support.hierarchical.NodeTestTask.lambda$executeRecursively$8(NodeTestTask.java:141)
	at org.junit.platform.engine.support.hierarchical.Node.around(Node.java:137)
	at org.junit.platform.engine.support.hierarchical.NodeTestTask.lambda$executeRecursively$9(NodeTestTask.java:139)
	at org.junit.platform.engine.support.hierarchical.ThrowableCollector.execute(ThrowableCollector.java:73)
	at org.junit.platform.engine.support.hierarchical.NodeTestTask.executeRecursively(NodeTestTask.java:138)
	at org.junit.platform.engine.support.hierarchical.NodeTestTask.execute(NodeTestTask.java:95)
	at java.base/java.util.ArrayList.forEach(ArrayList.java:1604)
	at org.junit.platform.engine.support.hierarchical.SameThreadHierarchicalTestExecutorService.invokeAll(SameThreadHierarchicalTestExecutorService.java:41)
	at org.junit.platform.engine.support.hierarchical.NodeTestTask.lambda$executeRecursively$6(NodeTestTask.java:155)
	at org.junit.platform.engine.support.hierarchical.ThrowableCollector.execute(ThrowableCollector.java:73)
	at org.junit.platform.engine.support.hierarchical.NodeTestTask.lambda$executeRecursively$8(NodeTestTask.java:141)
	at org.junit.platform.engine.support.hierarchical.Node.around(Node.java:137)
	at org.junit.platform.engine.support.hierarchical.NodeTestTask.lambda$executeRecursively$9(NodeTestTask.java:139)
	at org.junit.platform.engine.support.hierarchical.ThrowableCollector.execute(ThrowableCollector.java:73)
	at org.junit.platform.engine.support.hierarchical.NodeTestTask.executeRecursively(NodeTestTask.java:138)
	at org.junit.platform.engine.support.hierarchical.NodeTestTask.execute(NodeTestTask.java:95)
	at java.base/java.util.ArrayList.forEach(ArrayList.java:1604)
	at org.junit.platform.engine.support.hierarchical.SameThreadHierarchicalTestExecutorService.invokeAll(SameThreadHierarchicalTestExecutorService.java:41)
	at org.junit.platform.engine.support.hierarchical.NodeTestTask.lambda$executeRecursively$6(NodeTestTask.java:155)
	at org.junit.platform.engine.support.hierarchical.ThrowableCollector.execute(ThrowableCollector.java:73)
	at org.junit.platform.engine.support.hierarchical.NodeTestTask.lambda$executeRecursively$8(NodeTestTask.java:141)
	at org.junit.platform.engine.support.hierarchical.Node.around(Node.java:137)
	at org.junit.platform.engine.support.hierarchical.NodeTestTask.lambda$executeRecursively$9(NodeTestTask.java:139)
	at org.junit.platform.engine.support.hierarchical.ThrowableCollector.execute(ThrowableCollector.java:73)
	at org.junit.platform.engine.support.hierarchical.NodeTestTask.executeRecursively(NodeTestTask.java:138)
	at org.junit.platform.engine.support.hierarchical.NodeTestTask.execute(NodeTestTask.java:95)
	at org.junit.platform.engine.support.hierarchical.SameThreadHierarchicalTestExecutorService.submit(SameThreadHierarchicalTestExecutorService.java:35)
	at org.junit.platform.engine.support.hierarchical.HierarchicalTestExecutor.execute(HierarchicalTestExecutor.java:57)
	at org.junit.platform.engine.support.hierarchical.HierarchicalTestEngine.execute(HierarchicalTestEngine.java:54)
	at org.junit.platform.launcher.core.EngineExecutionOrchestrator.execute(EngineExecutionOrchestrator.java:198)
	at org.junit.platform.launcher.core.EngineExecutionOrchestrator.execute(EngineExecutionOrchestrator.java:169)
	at org.junit.platform.launcher.core.EngineExecutionOrchestrator.execute(EngineExecutionOrchestrator.java:93)
	at org.junit.platform.launcher.core.EngineExecutionOrchestrator.lambda$execute$0(EngineExecutionOrchestrator.java:58)
	at org.junit.platform.launcher.core.EngineExecutionOrchestrator.withInterceptedStreams(EngineExecutionOrchestrator.java:141)
	at org.junit.platform.launcher.core.EngineExecutionOrchestrator.execute(EngineExecutionOrchestrator.java:57)
	at org.junit.platform.launcher.core.DefaultLauncher.execute(DefaultLauncher.java:103)
	at org.junit.platform.launcher.core.DefaultLauncher.execute(DefaultLauncher.java:85)
	at org.junit.platform.launcher.core.DelegatingLauncher.execute(DelegatingLauncher.java:47)
	at org.junit.platform.launcher.core.SessionPerRequestLauncher.execute(SessionPerRequestLauncher.java:63)
	at com.intellij.junit5.JUnit5IdeaTestRunner.startRunnerWithArgs(JUnit5IdeaTestRunner.java:66)
	at com.intellij.rt.junit.IdeaTestRunner$Repeater$1.execute(IdeaTestRunner.java:38)
	at com.intellij.rt.execution.junit.TestsRepeater.repeat(TestsRepeater.java:11)
	at com.intellij.rt.junit.IdeaTestRunner$Repeater.startRunnerWithArgs(IdeaTestRunner.java:35)
	at com.intellij.rt.junit.JUnitStarter.prepareStreamsAndStart(JUnitStarter.java:231)
	at com.intellij.rt.junit.JUnitStarter.main(JUnitStarter.java:55)
2026-04-19 10:47:12.589 [main] ERROR c.appointmentscheduler.presentation.ErrorHandler - Failed to load screen: load failed
java.lang.RuntimeException: x
	at com.appointmentscheduler/com.appointmentscheduler.presentation.MainAppInternalsCoverageTest.lambda$50(MainAppInternalsCoverageTest.java:457)
	at org.assertj.core.api.ThrowableAssert.catchThrowable(ThrowableAssert.java:63)
	at org.assertj.core.api.AssertionsForClassTypes.catchThrowable(AssertionsForClassTypes.java:892)
	at org.assertj.core.api.AssertionsForClassTypes.assertThatCode(AssertionsForClassTypes.java:863)
	at org.assertj.core.api.Assertions.assertThatCode(Assertions.java:1287)
	at com.appointmentscheduler/com.appointmentscheduler.presentation.MainAppInternalsCoverageTest.syntheticRunLaterErrorHandlers_invocable_forCoverage(MainAppInternalsCoverageTest.java:457)
	at java.base/jdk.internal.reflect.DirectMethodHandleAccessor.invoke(DirectMethodHandleAccessor.java:104)
	at java.base/java.lang.reflect.Method.invoke(Method.java:565)
	at org.junit.platform.commons.util.ReflectionUtils.invokeMethod(ReflectionUtils.java:728)
	at org.junit.jupiter.engine.execution.MethodInvocation.proceed(MethodInvocation.java:60)
	at org.junit.jupiter.engine.execution.InvocationInterceptorChain$ValidatingInvocation.proceed(InvocationInterceptorChain.java:131)
	at org.junit.jupiter.engine.extension.TimeoutExtension.intercept(TimeoutExtension.java:156)
	at org.junit.jupiter.engine.extension.TimeoutExtension.interceptTestableMethod(TimeoutExtension.java:147)
	at org.junit.jupiter.engine.extension.TimeoutExtension.interceptTestMethod(TimeoutExtension.java:86)
	at org.junit.jupiter.engine.execution.InterceptingExecutableInvoker$ReflectiveInterceptorCall.lambda$ofVoidMethod$0(InterceptingExecutableInvoker.java:103)
	at org.junit.jupiter.engine.execution.InterceptingExecutableInvoker.lambda$invoke$0(InterceptingExecutableInvoker.java:93)
	at org.junit.jupiter.engine.execution.InvocationInterceptorChain$InterceptedInvocation.proceed(InvocationInterceptorChain.java:106)
	at org.junit.jupiter.engine.execution.InvocationInterceptorChain.proceed(InvocationInterceptorChain.java:64)
	at org.junit.jupiter.engine.execution.InvocationInterceptorChain.chainAndInvoke(InvocationInterceptorChain.java:45)
	at org.junit.jupiter.engine.execution.InvocationInterceptorChain.invoke(InvocationInterceptorChain.java:37)
	at org.junit.jupiter.engine.execution.InterceptingExecutableInvoker.invoke(InterceptingExecutableInvoker.java:92)
	at org.junit.jupiter.engine.execution.InterceptingExecutableInvoker.invoke(InterceptingExecutableInvoker.java:86)
	at org.junit.jupiter.engine.descriptor.TestMethodTestDescriptor.lambda$invokeTestMethod$7(TestMethodTestDescriptor.java:218)
	at org.junit.platform.engine.support.hierarchical.ThrowableCollector.execute(ThrowableCollector.java:73)
	at org.junit.jupiter.engine.descriptor.TestMethodTestDescriptor.invokeTestMethod(TestMethodTestDescriptor.java:214)
	at org.junit.jupiter.engine.descriptor.TestMethodTestDescriptor.execute(TestMethodTestDescriptor.java:139)
	at org.junit.jupiter.engine.descriptor.TestMethodTestDescriptor.execute(TestMethodTestDescriptor.java:69)
	at org.junit.platform.engine.support.hierarchical.NodeTestTask.lambda$executeRecursively$6(NodeTestTask.java:151)
	at org.junit.platform.engine.support.hierarchical.ThrowableCollector.execute(ThrowableCollector.java:73)
	at org.junit.platform.engine.support.hierarchical.NodeTestTask.lambda$executeRecursively$8(NodeTestTask.java:141)
	at org.junit.platform.engine.support.hierarchical.Node.around(Node.java:137)
	at org.junit.platform.engine.support.hierarchical.NodeTestTask.lambda$executeRecursively$9(NodeTestTask.java:139)
	at org.junit.platform.engine.support.hierarchical.ThrowableCollector.execute(ThrowableCollector.java:73)
	at org.junit.platform.engine.support.hierarchical.NodeTestTask.executeRecursively(NodeTestTask.java:138)
	at org.junit.platform.engine.support.hierarchical.NodeTestTask.execute(NodeTestTask.java:95)
	at java.base/java.util.ArrayList.forEach(ArrayList.java:1604)
	at org.junit.platform.engine.support.hierarchical.SameThreadHierarchicalTestExecutorService.invokeAll(SameThreadHierarchicalTestExecutorService.java:41)
	at org.junit.platform.engine.support.hierarchical.NodeTestTask.lambda$executeRecursively$6(NodeTestTask.java:155)
	at org.junit.platform.engine.support.hierarchical.ThrowableCollector.execute(ThrowableCollector.java:73)
	at org.junit.platform.engine.support.hierarchical.NodeTestTask.lambda$executeRecursively$8(NodeTestTask.java:141)
	at org.junit.platform.engine.support.hierarchical.Node.around(Node.java:137)
	at org.junit.platform.engine.support.hierarchical.NodeTestTask.lambda$executeRecursively$9(NodeTestTask.java:139)
	at org.junit.platform.engine.support.hierarchical.ThrowableCollector.execute(ThrowableCollector.java:73)
	at org.junit.platform.engine.support.hierarchical.NodeTestTask.executeRecursively(NodeTestTask.java:138)
	at org.junit.platform.engine.support.hierarchical.NodeTestTask.execute(NodeTestTask.java:95)
	at java.base/java.util.ArrayList.forEach(ArrayList.java:1604)
	at org.junit.platform.engine.support.hierarchical.SameThreadHierarchicalTestExecutorService.invokeAll(SameThreadHierarchicalTestExecutorService.java:41)
	at org.junit.platform.engine.support.hierarchical.NodeTestTask.lambda$executeRecursively$6(NodeTestTask.java:155)
	at org.junit.platform.engine.support.hierarchical.ThrowableCollector.execute(ThrowableCollector.java:73)
	at org.junit.platform.engine.support.hierarchical.NodeTestTask.lambda$executeRecursively$8(NodeTestTask.java:141)
	at org.junit.platform.engine.support.hierarchical.Node.around(Node.java:137)
	at org.junit.platform.engine.support.hierarchical.NodeTestTask.lambda$executeRecursively$9(NodeTestTask.java:139)
	at org.junit.platform.engine.support.hierarchical.ThrowableCollector.execute(ThrowableCollector.java:73)
	at org.junit.platform.engine.support.hierarchical.NodeTestTask.executeRecursively(NodeTestTask.java:138)
	at org.junit.platform.engine.support.hierarchical.NodeTestTask.execute(NodeTestTask.java:95)
	at org.junit.platform.engine.support.hierarchical.SameThreadHierarchicalTestExecutorService.submit(SameThreadHierarchicalTestExecutorService.java:35)
	at org.junit.platform.engine.support.hierarchical.HierarchicalTestExecutor.execute(HierarchicalTestExecutor.java:57)
	at org.junit.platform.engine.support.hierarchical.HierarchicalTestEngine.execute(HierarchicalTestEngine.java:54)
	at org.junit.platform.launcher.core.EngineExecutionOrchestrator.execute(EngineExecutionOrchestrator.java:198)
	at org.junit.platform.launcher.core.EngineExecutionOrchestrator.execute(EngineExecutionOrchestrator.java:169)
	at org.junit.platform.launcher.core.EngineExecutionOrchestrator.execute(EngineExecutionOrchestrator.java:93)
	at org.junit.platform.launcher.core.EngineExecutionOrchestrator.lambda$execute$0(EngineExecutionOrchestrator.java:58)
	at org.junit.platform.launcher.core.EngineExecutionOrchestrator.withInterceptedStreams(EngineExecutionOrchestrator.java:141)
	at org.junit.platform.launcher.core.EngineExecutionOrchestrator.execute(EngineExecutionOrchestrator.java:57)
	at org.junit.platform.launcher.core.DefaultLauncher.execute(DefaultLauncher.java:103)
	at org.junit.platform.launcher.core.DefaultLauncher.execute(DefaultLauncher.java:85)
	at org.junit.platform.launcher.core.DelegatingLauncher.execute(DelegatingLauncher.java:47)
	at org.junit.platform.launcher.core.SessionPerRequestLauncher.execute(SessionPerRequestLauncher.java:63)
	at com.intellij.junit5.JUnit5IdeaTestRunner.startRunnerWithArgs(JUnit5IdeaTestRunner.java:66)
	at com.intellij.rt.junit.IdeaTestRunner$Repeater$1.execute(IdeaTestRunner.java:38)
	at com.intellij.rt.execution.junit.TestsRepeater.repeat(TestsRepeater.java:11)
	at com.intellij.rt.junit.IdeaTestRunner$Repeater.startRunnerWithArgs(IdeaTestRunner.java:35)
	at com.intellij.rt.junit.JUnitStarter.prepareStreamsAndStart(JUnitStarter.java:231)
	at com.intellij.rt.junit.JUnitStarter.main(JUnitStarter.java:55)
2026-04-19 10:47:12.591 [main] DEBUG com.appointmentscheduler.application.AppConfig - Application configuration loaded
2026-04-19 10:47:12.593 [main] DEBUG com.appointmentscheduler.application.AppConfig - Merged application-local.properties
2026-04-19 10:47:12.605 [main] ERROR com.appointmentscheduler.presentation.MainApp - Failed to load screen: 
javafx.fxml.LoadException: 
/C:/Users/PC/Desktop/software%20project/AppointmentSystem/target/test-classes/com/appointmentscheduler/presentation/

	at javafx.fxml/javafx.fxml.FXMLLoader.constructLoadException(FXMLLoader.java:2714)
	at javafx.fxml/javafx.fxml.FXMLLoader.loadImpl(FXMLLoader.java:2657)
	at javafx.fxml/javafx.fxml.FXMLLoader.loadImpl(FXMLLoader.java:2555)
	at javafx.fxml/javafx.fxml.FXMLLoader.load(FXMLLoader.java:2523)
	at com.appointmentscheduler/com.appointmentscheduler.presentation.MainApp.loadScreen(MainApp.java:397)
	at java.base/java.lang.invoke.MethodHandle.invokeWithArguments(MethodHandle.java:735)
	at org.mockito.internal.util.reflection.InstrumentationMemberAccessor$Dispatcher$ByteBuddy$Sum9qNbl.invokeWithArguments(Unknown Source)
	at org.mockito.internal.util.reflection.InstrumentationMemberAccessor.invoke(InstrumentationMemberAccessor.java:265)
	at org.mockito.internal.util.reflection.ModuleMemberAccessor.invoke(ModuleMemberAccessor.java:55)
	at org.mockito.internal.creation.bytebuddy.MockMethodAdvice.tryInvoke(MockMethodAdvice.java:316)
	at org.mockito.internal.creation.bytebuddy.MockMethodAdvice$StaticMethodCall.invoke(MockMethodAdvice.java:308)
	at org.mockito.internal.invocation.InterceptedInvocation.callRealMethod(InterceptedInvocation.java:142)
	at org.mockito.internal.stubbing.answers.CallsRealMethods.answer(CallsRealMethods.java:45)
	at org.mockito.Answers.answer(Answers.java:90)
	at org.mockito.internal.handler.MockHandlerImpl.handle(MockHandlerImpl.java:111)
	at org.mockito.internal.handler.NullResultGuardian.handle(NullResultGuardian.java:29)
	at org.mockito.internal.handler.InvocationNotifierHandler.handle(InvocationNotifierHandler.java:34)
	at org.mockito.internal.creation.bytebuddy.access.MockMethodInterceptor.doIntercept(MockMethodInterceptor.java:84)
	at org.mockito.internal.creation.bytebuddy.MockMethodAdvice.handleStatic(MockMethodAdvice.java:150)
	at com.appointmentscheduler/com.appointmentscheduler.presentation.MainApp.loadScreen(MainApp.java:381)
	at com.appointmentscheduler/com.appointmentscheduler.presentation.MainAppInternalsCoverageTest.lambda$32(MainAppInternalsCoverageTest.java:335)
	at org.mockito.internal.MockedStaticImpl.when(MockedStaticImpl.java:49)
	at com.appointmentscheduler/com.appointmentscheduler.presentation.MainAppInternalsCoverageTest.performLogout_whenAuditServiceNull_confirmTrue_stillLogsOut(MainAppInternalsCoverageTest.java:335)
	at java.base/jdk.internal.reflect.DirectMethodHandleAccessor.invoke(DirectMethodHandleAccessor.java:104)
	at java.base/java.lang.reflect.Method.invoke(Method.java:565)
	at org.junit.platform.commons.util.ReflectionUtils.invokeMethod(ReflectionUtils.java:728)
	at org.junit.jupiter.engine.execution.MethodInvocation.proceed(MethodInvocation.java:60)
	at org.junit.jupiter.engine.execution.InvocationInterceptorChain$ValidatingInvocation.proceed(InvocationInterceptorChain.java:131)
	at org.junit.jupiter.engine.extension.TimeoutExtension.intercept(TimeoutExtension.java:156)
	at org.junit.jupiter.engine.extension.TimeoutExtension.interceptTestableMethod(TimeoutExtension.java:147)
	at org.junit.jupiter.engine.extension.TimeoutExtension.interceptTestMethod(TimeoutExtension.java:86)
	at org.junit.jupiter.engine.execution.InterceptingExecutableInvoker$ReflectiveInterceptorCall.lambda$ofVoidMethod$0(InterceptingExecutableInvoker.java:103)
	at org.junit.jupiter.engine.execution.InterceptingExecutableInvoker.lambda$invoke$0(InterceptingExecutableInvoker.java:93)
	at org.junit.jupiter.engine.execution.InvocationInterceptorChain$InterceptedInvocation.proceed(InvocationInterceptorChain.java:106)
	at org.junit.jupiter.engine.execution.InvocationInterceptorChain.proceed(InvocationInterceptorChain.java:64)
	at org.junit.jupiter.engine.execution.InvocationInterceptorChain.chainAndInvoke(InvocationInterceptorChain.java:45)
	at org.junit.jupiter.engine.execution.InvocationInterceptorChain.invoke(InvocationInterceptorChain.java:37)
	at org.junit.jupiter.engine.execution.InterceptingExecutableInvoker.invoke(InterceptingExecutableInvoker.java:92)
	at org.junit.jupiter.engine.execution.InterceptingExecutableInvoker.invoke(InterceptingExecutableInvoker.java:86)
	at org.junit.jupiter.engine.descriptor.TestMethodTestDescriptor.lambda$invokeTestMethod$7(TestMethodTestDescriptor.java:218)
	at org.junit.platform.engine.support.hierarchical.ThrowableCollector.execute(ThrowableCollector.java:73)
	at org.junit.jupiter.engine.descriptor.TestMethodTestDescriptor.invokeTestMethod(TestMethodTestDescriptor.java:214)
	at org.junit.jupiter.engine.descriptor.TestMethodTestDescriptor.execute(TestMethodTestDescriptor.java:139)
	at org.junit.jupiter.engine.descriptor.TestMethodTestDescriptor.execute(TestMethodTestDescriptor.java:69)
	at org.junit.platform.engine.support.hierarchical.NodeTestTask.lambda$executeRecursively$6(NodeTestTask.java:151)
	at org.junit.platform.engine.support.hierarchical.ThrowableCollector.execute(ThrowableCollector.java:73)
	at org.junit.platform.engine.support.hierarchical.NodeTestTask.lambda$executeRecursively$8(NodeTestTask.java:141)
	at org.junit.platform.engine.support.hierarchical.Node.around(Node.java:137)
	at org.junit.platform.engine.support.hierarchical.NodeTestTask.lambda$executeRecursively$9(NodeTestTask.java:139)
	at org.junit.platform.engine.support.hierarchical.ThrowableCollector.execute(ThrowableCollector.java:73)
	at org.junit.platform.engine.support.hierarchical.NodeTestTask.executeRecursively(NodeTestTask.java:138)
	at org.junit.platform.engine.support.hierarchical.NodeTestTask.execute(NodeTestTask.java:95)
	at java.base/java.util.ArrayList.forEach(ArrayList.java:1604)
	at org.junit.platform.engine.support.hierarchical.SameThreadHierarchicalTestExecutorService.invokeAll(SameThreadHierarchicalTestExecutorService.java:41)
	at org.junit.platform.engine.support.hierarchical.NodeTestTask.lambda$executeRecursively$6(NodeTestTask.java:155)
	at org.junit.platform.engine.support.hierarchical.ThrowableCollector.execute(ThrowableCollector.java:73)
	at org.junit.platform.engine.support.hierarchical.NodeTestTask.lambda$executeRecursively$8(NodeTestTask.java:141)
	at org.junit.platform.engine.support.hierarchical.Node.around(Node.java:137)
	at org.junit.platform.engine.support.hierarchical.NodeTestTask.lambda$executeRecursively$9(NodeTestTask.java:139)
	at org.junit.platform.engine.support.hierarchical.ThrowableCollector.execute(ThrowableCollector.java:73)
	at org.junit.platform.engine.support.hierarchical.NodeTestTask.executeRecursively(NodeTestTask.java:138)
	at org.junit.platform.engine.support.hierarchical.NodeTestTask.execute(NodeTestTask.java:95)
	at java.base/java.util.ArrayList.forEach(ArrayList.java:1604)
	at org.junit.platform.engine.support.hierarchical.SameThreadHierarchicalTestExecutorService.invokeAll(SameThreadHierarchicalTestExecutorService.java:41)
	at org.junit.platform.engine.support.hierarchical.NodeTestTask.lambda$executeRecursively$6(NodeTestTask.java:155)
	at org.junit.platform.engine.support.hierarchical.ThrowableCollector.execute(ThrowableCollector.java:73)
	at org.junit.platform.engine.support.hierarchical.NodeTestTask.lambda$executeRecursively$8(NodeTestTask.java:141)
	at org.junit.platform.engine.support.hierarchical.Node.around(Node.java:137)
	at org.junit.platform.engine.support.hierarchical.NodeTestTask.lambda$executeRecursively$9(NodeTestTask.java:139)
	at org.junit.platform.engine.support.hierarchical.ThrowableCollector.execute(ThrowableCollector.java:73)
	at org.junit.platform.engine.support.hierarchical.NodeTestTask.executeRecursively(NodeTestTask.java:138)
	at org.junit.platform.engine.support.hierarchical.NodeTestTask.execute(NodeTestTask.java:95)
	at org.junit.platform.engine.support.hierarchical.SameThreadHierarchicalTestExecutorService.submit(SameThreadHierarchicalTestExecutorService.java:35)
	at org.junit.platform.engine.support.hierarchical.HierarchicalTestExecutor.execute(HierarchicalTestExecutor.java:57)
	at org.junit.platform.engine.support.hierarchical.HierarchicalTestEngine.execute(HierarchicalTestEngine.java:54)
	at org.junit.platform.launcher.core.EngineExecutionOrchestrator.execute(EngineExecutionOrchestrator.java:198)
	at org.junit.platform.launcher.core.EngineExecutionOrchestrator.execute(EngineExecutionOrchestrator.java:169)
	at org.junit.platform.launcher.core.EngineExecutionOrchestrator.execute(EngineExecutionOrchestrator.java:93)
	at org.junit.platform.launcher.core.EngineExecutionOrchestrator.lambda$execute$0(EngineExecutionOrchestrator.java:58)
	at org.junit.platform.launcher.core.EngineExecutionOrchestrator.withInterceptedStreams(EngineExecutionOrchestrator.java:141)
	at org.junit.platform.launcher.core.EngineExecutionOrchestrator.execute(EngineExecutionOrchestrator.java:57)
	at org.junit.platform.launcher.core.DefaultLauncher.execute(DefaultLauncher.java:103)
	at org.junit.platform.launcher.core.DefaultLauncher.execute(DefaultLauncher.java:85)
	at org.junit.platform.launcher.core.DelegatingLauncher.execute(DelegatingLauncher.java:47)
	at org.junit.platform.launcher.core.SessionPerRequestLauncher.execute(SessionPerRequestLauncher.java:63)
	at com.intellij.junit5.JUnit5IdeaTestRunner.startRunnerWithArgs(JUnit5IdeaTestRunner.java:66)
	at com.intellij.rt.junit.IdeaTestRunner$Repeater$1.execute(IdeaTestRunner.java:38)
	at com.intellij.rt.execution.junit.TestsRepeater.repeat(TestsRepeater.java:11)
	at com.intellij.rt.junit.IdeaTestRunner$Repeater.startRunnerWithArgs(IdeaTestRunner.java:35)
	at com.intellij.rt.junit.JUnitStarter.prepareStreamsAndStart(JUnitStarter.java:231)
	at com.intellij.rt.junit.JUnitStarter.main(JUnitStarter.java:55)
Caused by: javax.xml.stream.XMLStreamException: ParseError at [row,col]:[1,1]
Message: Content is not allowed in prolog.
	at java.xml/com.sun.org.apache.xerces.internal.impl.XMLStreamReaderImpl.next(XMLStreamReaderImpl.java:652)
	at java.xml/javax.xml.stream.util.StreamReaderDelegate.next(StreamReaderDelegate.java:84)
	at javafx.fxml/javafx.fxml.FXMLLoader.loadImpl(FXMLLoader.java:2627)
	... 89 common frames omitted
2026-04-19 10:47:12.608 [main] ERROR com.appointmentscheduler.presentation.MainApp - Could not show error scene
java.lang.IllegalStateException: Not on FX application thread; currentThread = main
	at javafx.graphics/com.sun.javafx.tk.Toolkit.checkFxUserThread(Toolkit.java:297)
	at javafx.graphics/com.sun.javafx.tk.quantum.QuantumToolkit.checkFxUserThread(QuantumToolkit.java:458)
	at javafx.graphics/javafx.stage.Stage.setScene(Stage.java:269)
	at com.appointmentscheduler/com.appointmentscheduler.presentation.MainApp.showErrorScene(MainApp.java:468)
	at java.base/java.lang.invoke.MethodHandle.invokeWithArguments(MethodHandle.java:735)
	at org.mockito.internal.util.reflection.InstrumentationMemberAccessor$Dispatcher$ByteBuddy$Sum9qNbl.invokeWithArguments(Unknown Source)
	at org.mockito.internal.util.reflection.InstrumentationMemberAccessor.invoke(InstrumentationMemberAccessor.java:265)
	at org.mockito.internal.util.reflection.ModuleMemberAccessor.invoke(ModuleMemberAccessor.java:55)
	at org.mockito.internal.creation.bytebuddy.MockMethodAdvice.tryInvoke(MockMethodAdvice.java:316)
	at org.mockito.internal.creation.bytebuddy.MockMethodAdvice$StaticMethodCall.invoke(MockMethodAdvice.java:308)
	at org.mockito.internal.invocation.InterceptedInvocation.callRealMethod(InterceptedInvocation.java:142)
	at org.mockito.internal.stubbing.answers.CallsRealMethods.answer(CallsRealMethods.java:45)
	at org.mockito.Answers.answer(Answers.java:90)
	at org.mockito.internal.handler.MockHandlerImpl.handle(MockHandlerImpl.java:111)
	at org.mockito.internal.handler.NullResultGuardian.handle(NullResultGuardian.java:29)
	at org.mockito.internal.handler.InvocationNotifierHandler.handle(InvocationNotifierHandler.java:34)
	at org.mockito.internal.creation.bytebuddy.access.MockMethodInterceptor.doIntercept(MockMethodInterceptor.java:84)
	at org.mockito.internal.creation.bytebuddy.MockMethodAdvice.handleStatic(MockMethodAdvice.java:150)
	at com.appointmentscheduler/com.appointmentscheduler.presentation.MainApp.showErrorScene(MainApp.java:459)
	at com.appointmentscheduler/com.appointmentscheduler.presentation.MainApp.loadScreen(MainApp.java:416)
	at java.base/java.lang.invoke.MethodHandle.invokeWithArguments(MethodHandle.java:735)
	at org.mockito.internal.util.reflection.InstrumentationMemberAccessor$Dispatcher$ByteBuddy$Sum9qNbl.invokeWithArguments(Unknown Source)
	at org.mockito.internal.util.reflection.InstrumentationMemberAccessor.invoke(InstrumentationMemberAccessor.java:265)
	at org.mockito.internal.util.reflection.ModuleMemberAccessor.invoke(ModuleMemberAccessor.java:55)
	at org.mockito.internal.creation.bytebuddy.MockMethodAdvice.tryInvoke(MockMethodAdvice.java:316)
	at org.mockito.internal.creation.bytebuddy.MockMethodAdvice$StaticMethodCall.invoke(MockMethodAdvice.java:308)
	at org.mockito.internal.invocation.InterceptedInvocation.callRealMethod(InterceptedInvocation.java:142)
	at org.mockito.internal.stubbing.answers.CallsRealMethods.answer(CallsRealMethods.java:45)
	at org.mockito.Answers.answer(Answers.java:90)
	at org.mockito.internal.handler.MockHandlerImpl.handle(MockHandlerImpl.java:111)
	at org.mockito.internal.handler.NullResultGuardian.handle(NullResultGuardian.java:29)
	at org.mockito.internal.handler.InvocationNotifierHandler.handle(InvocationNotifierHandler.java:34)
	at org.mockito.internal.creation.bytebuddy.access.MockMethodInterceptor.doIntercept(MockMethodInterceptor.java:84)
	at org.mockito.internal.creation.bytebuddy.MockMethodAdvice.handleStatic(MockMethodAdvice.java:150)
	at com.appointmentscheduler/com.appointmentscheduler.presentation.MainApp.loadScreen(MainApp.java:381)
	at com.appointmentscheduler/com.appointmentscheduler.presentation.MainAppInternalsCoverageTest.lambda$32(MainAppInternalsCoverageTest.java:335)
	at org.mockito.internal.MockedStaticImpl.when(MockedStaticImpl.java:49)
	at com.appointmentscheduler/com.appointmentscheduler.presentation.MainAppInternalsCoverageTest.performLogout_whenAuditServiceNull_confirmTrue_stillLogsOut(MainAppInternalsCoverageTest.java:335)
	at java.base/jdk.internal.reflect.DirectMethodHandleAccessor.invoke(DirectMethodHandleAccessor.java:104)
	at java.base/java.lang.reflect.Method.invoke(Method.java:565)
	at org.junit.platform.commons.util.ReflectionUtils.invokeMethod(ReflectionUtils.java:728)
	at org.junit.jupiter.engine.execution.MethodInvocation.proceed(MethodInvocation.java:60)
	at org.junit.jupiter.engine.execution.InvocationInterceptorChain$ValidatingInvocation.proceed(InvocationInterceptorChain.java:131)
	at org.junit.jupiter.engine.extension.TimeoutExtension.intercept(TimeoutExtension.java:156)
	at org.junit.jupiter.engine.extension.TimeoutExtension.interceptTestableMethod(TimeoutExtension.java:147)
	at org.junit.jupiter.engine.extension.TimeoutExtension.interceptTestMethod(TimeoutExtension.java:86)
	at org.junit.jupiter.engine.execution.InterceptingExecutableInvoker$ReflectiveInterceptorCall.lambda$ofVoidMethod$0(InterceptingExecutableInvoker.java:103)
	at org.junit.jupiter.engine.execution.InterceptingExecutableInvoker.lambda$invoke$0(InterceptingExecutableInvoker.java:93)
	at org.junit.jupiter.engine.execution.InvocationInterceptorChain$InterceptedInvocation.proceed(InvocationInterceptorChain.java:106)
	at org.junit.jupiter.engine.execution.InvocationInterceptorChain.proceed(InvocationInterceptorChain.java:64)
	at org.junit.jupiter.engine.execution.InvocationInterceptorChain.chainAndInvoke(InvocationInterceptorChain.java:45)
	at org.junit.jupiter.engine.execution.InvocationInterceptorChain.invoke(InvocationInterceptorChain.java:37)
	at org.junit.jupiter.engine.execution.InterceptingExecutableInvoker.invoke(InterceptingExecutableInvoker.java:92)
	at org.junit.jupiter.engine.execution.InterceptingExecutableInvoker.invoke(InterceptingExecutableInvoker.java:86)
	at org.junit.jupiter.engine.descriptor.TestMethodTestDescriptor.lambda$invokeTestMethod$7(TestMethodTestDescriptor.java:218)
	at org.junit.platform.engine.support.hierarchical.ThrowableCollector.execute(ThrowableCollector.java:73)
	at org.junit.jupiter.engine.descriptor.TestMethodTestDescriptor.invokeTestMethod(TestMethodTestDescriptor.java:214)
	at org.junit.jupiter.engine.descriptor.TestMethodTestDescriptor.execute(TestMethodTestDescriptor.java:139)
	at org.junit.jupiter.engine.descriptor.TestMethodTestDescriptor.execute(TestMethodTestDescriptor.java:69)
	at org.junit.platform.engine.support.hierarchical.NodeTestTask.lambda$executeRecursively$6(NodeTestTask.java:151)
	at org.junit.platform.engine.support.hierarchical.ThrowableCollector.execute(ThrowableCollector.java:73)
	at org.junit.platform.engine.support.hierarchical.NodeTestTask.lambda$executeRecursively$8(NodeTestTask.java:141)
	at org.junit.platform.engine.support.hierarchical.Node.around(Node.java:137)
	at org.junit.platform.engine.support.hierarchical.NodeTestTask.lambda$executeRecursively$9(NodeTestTask.java:139)
	at org.junit.platform.engine.support.hierarchical.ThrowableCollector.execute(ThrowableCollector.java:73)
	at org.junit.platform.engine.support.hierarchical.NodeTestTask.executeRecursively(NodeTestTask.java:138)
	at org.junit.platform.engine.support.hierarchical.NodeTestTask.execute(NodeTestTask.java:95)
	at java.base/java.util.ArrayList.forEach(ArrayList.java:1604)
	at org.junit.platform.engine.support.hierarchical.SameThreadHierarchicalTestExecutorService.invokeAll(SameThreadHierarchicalTestExecutorService.java:41)
	at org.junit.platform.engine.support.hierarchical.NodeTestTask.lambda$executeRecursively$6(NodeTestTask.java:155)
	at org.junit.platform.engine.support.hierarchical.ThrowableCollector.execute(ThrowableCollector.java:73)
	at org.junit.platform.engine.support.hierarchical.NodeTestTask.lambda$executeRecursively$8(NodeTestTask.java:141)
	at org.junit.platform.engine.support.hierarchical.Node.around(Node.java:137)
	at org.junit.platform.engine.support.hierarchical.NodeTestTask.lambda$executeRecursively$9(NodeTestTask.java:139)
	at org.junit.platform.engine.support.hierarchical.ThrowableCollector.execute(ThrowableCollector.java:73)
	at org.junit.platform.engine.support.hierarchical.NodeTestTask.executeRecursively(NodeTestTask.java:138)
	at org.junit.platform.engine.support.hierarchical.NodeTestTask.execute(NodeTestTask.java:95)
	at java.base/java.util.ArrayList.forEach(ArrayList.java:1604)
	at org.junit.platform.engine.support.hierarchical.SameThreadHierarchicalTestExecutorService.invokeAll(SameThreadHierarchicalTestExecutorService.java:41)
	at org.junit.platform.engine.support.hierarchical.NodeTestTask.lambda$executeRecursively$6(NodeTestTask.java:155)
	at org.junit.platform.engine.support.hierarchical.ThrowableCollector.execute(ThrowableCollector.java:73)
	at org.junit.platform.engine.support.hierarchical.NodeTestTask.lambda$executeRecursively$8(NodeTestTask.java:141)
	at org.junit.platform.engine.support.hierarchical.Node.around(Node.java:137)
	at org.junit.platform.engine.support.hierarchical.NodeTestTask.lambda$executeRecursively$9(NodeTestTask.java:139)
	at org.junit.platform.engine.support.hierarchical.ThrowableCollector.execute(ThrowableCollector.java:73)
	at org.junit.platform.engine.support.hierarchical.NodeTestTask.executeRecursively(NodeTestTask.java:138)
	at org.junit.platform.engine.support.hierarchical.NodeTestTask.execute(NodeTestTask.java:95)
	at org.junit.platform.engine.support.hierarchical.SameThreadHierarchicalTestExecutorService.submit(SameThreadHierarchicalTestExecutorService.java:35)
	at org.junit.platform.engine.support.hierarchical.HierarchicalTestExecutor.execute(HierarchicalTestExecutor.java:57)
	at org.junit.platform.engine.support.hierarchical.HierarchicalTestEngine.execute(HierarchicalTestEngine.java:54)
	at org.junit.platform.launcher.core.EngineExecutionOrchestrator.execute(EngineExecutionOrchestrator.java:198)
	at org.junit.platform.launcher.core.EngineExecutionOrchestrator.execute(EngineExecutionOrchestrator.java:169)
	at org.junit.platform.launcher.core.EngineExecutionOrchestrator.execute(EngineExecutionOrchestrator.java:93)
	at org.junit.platform.launcher.core.EngineExecutionOrchestrator.lambda$execute$0(EngineExecutionOrchestrator.java:58)
	at org.junit.platform.launcher.core.EngineExecutionOrchestrator.withInterceptedStreams(EngineExecutionOrchestrator.java:141)
	at org.junit.platform.launcher.core.EngineExecutionOrchestrator.execute(EngineExecutionOrchestrator.java:57)
	at org.junit.platform.launcher.core.DefaultLauncher.execute(DefaultLauncher.java:103)
	at org.junit.platform.launcher.core.DefaultLauncher.execute(DefaultLauncher.java:85)
	at org.junit.platform.launcher.core.DelegatingLauncher.execute(DelegatingLauncher.java:47)
	at org.junit.platform.launcher.core.SessionPerRequestLauncher.execute(SessionPerRequestLauncher.java:63)
	at com.intellij.junit5.JUnit5IdeaTestRunner.startRunnerWithArgs(JUnit5IdeaTestRunner.java:66)
	at com.intellij.rt.junit.IdeaTestRunner$Repeater$1.execute(IdeaTestRunner.java:38)
	at com.intellij.rt.execution.junit.TestsRepeater.repeat(TestsRepeater.java:11)
	at com.intellij.rt.junit.IdeaTestRunner$Repeater.startRunnerWithArgs(IdeaTestRunner.java:35)
	at com.intellij.rt.junit.JUnitStarter.prepareStreamsAndStart(JUnitStarter.java:231)
	at com.intellij.rt.junit.JUnitStarter.main(JUnitStarter.java:55)
2026-04-19 10:47:12.613 [main] DEBUG com.appointmentscheduler.application.AppConfig - Application configuration loaded
2026-04-19 10:47:12.613 [main] DEBUG com.appointmentscheduler.application.AppConfig - Merged application-local.properties
2026-04-19 10:47:12.677 [main] ERROR com.appointmentscheduler.presentation.MainApp - Failed to load screen: 
javafx.fxml.LoadException: 
/C:/Users/PC/Desktop/software%20project/AppointmentSystem/target/test-classes/com/appointmentscheduler/presentation/

	at javafx.fxml/javafx.fxml.FXMLLoader.constructLoadException(FXMLLoader.java:2714)
	at javafx.fxml/javafx.fxml.FXMLLoader.loadImpl(FXMLLoader.java:2657)
	at javafx.fxml/javafx.fxml.FXMLLoader.loadImpl(FXMLLoader.java:2555)
	at javafx.fxml/javafx.fxml.FXMLLoader.load(FXMLLoader.java:2523)
	at com.appointmentscheduler/com.appointmentscheduler.presentation.MainApp.loadScreen(MainApp.java:397)
	at java.base/java.lang.invoke.MethodHandle.invokeWithArguments(MethodHandle.java:735)
	at org.mockito.internal.util.reflection.InstrumentationMemberAccessor$Dispatcher$ByteBuddy$Sum9qNbl.invokeWithArguments(Unknown Source)
	at org.mockito.internal.util.reflection.InstrumentationMemberAccessor.invoke(InstrumentationMemberAccessor.java:265)
	at org.mockito.internal.util.reflection.ModuleMemberAccessor.invoke(ModuleMemberAccessor.java:55)
	at org.mockito.internal.creation.bytebuddy.MockMethodAdvice.tryInvoke(MockMethodAdvice.java:316)
	at org.mockito.internal.creation.bytebuddy.MockMethodAdvice$StaticMethodCall.invoke(MockMethodAdvice.java:308)
	at org.mockito.internal.invocation.InterceptedInvocation.callRealMethod(InterceptedInvocation.java:142)
	at org.mockito.internal.stubbing.answers.CallsRealMethods.answer(CallsRealMethods.java:45)
	at org.mockito.Answers.answer(Answers.java:90)
	at org.mockito.internal.handler.MockHandlerImpl.handle(MockHandlerImpl.java:111)
	at org.mockito.internal.handler.NullResultGuardian.handle(NullResultGuardian.java:29)
	at org.mockito.internal.handler.InvocationNotifierHandler.handle(InvocationNotifierHandler.java:34)
	at org.mockito.internal.creation.bytebuddy.access.MockMethodInterceptor.doIntercept(MockMethodInterceptor.java:84)
	at org.mockito.internal.creation.bytebuddy.MockMethodAdvice.handleStatic(MockMethodAdvice.java:150)
	at com.appointmentscheduler/com.appointmentscheduler.presentation.MainApp.loadScreen(MainApp.java:381)
	at com.appointmentscheduler/com.appointmentscheduler.presentation.MainAppInternalsCoverageTest.lambda$22(MainAppInternalsCoverageTest.java:234)
	at org.mockito.internal.MockedStaticImpl.when(MockedStaticImpl.java:49)
	at com.appointmentscheduler/com.appointmentscheduler.presentation.MainAppInternalsCoverageTest.performLogout_confirmFalseAndTrue_branches(MainAppInternalsCoverageTest.java:234)
	at java.base/jdk.internal.reflect.DirectMethodHandleAccessor.invoke(DirectMethodHandleAccessor.java:104)
	at java.base/java.lang.reflect.Method.invoke(Method.java:565)
	at org.junit.platform.commons.util.ReflectionUtils.invokeMethod(ReflectionUtils.java:728)
	at org.junit.jupiter.engine.execution.MethodInvocation.proceed(MethodInvocation.java:60)
	at org.junit.jupiter.engine.execution.InvocationInterceptorChain$ValidatingInvocation.proceed(InvocationInterceptorChain.java:131)
	at org.junit.jupiter.engine.extension.TimeoutExtension.intercept(TimeoutExtension.java:156)
	at org.junit.jupiter.engine.extension.TimeoutExtension.interceptTestableMethod(TimeoutExtension.java:147)
	at org.junit.jupiter.engine.extension.TimeoutExtension.interceptTestMethod(TimeoutExtension.java:86)
	at org.junit.jupiter.engine.execution.InterceptingExecutableInvoker$ReflectiveInterceptorCall.lambda$ofVoidMethod$0(InterceptingExecutableInvoker.java:103)
	at org.junit.jupiter.engine.execution.InterceptingExecutableInvoker.lambda$invoke$0(InterceptingExecutableInvoker.java:93)
	at org.junit.jupiter.engine.execution.InvocationInterceptorChain$InterceptedInvocation.proceed(InvocationInterceptorChain.java:106)
	at org.junit.jupiter.engine.execution.InvocationInterceptorChain.proceed(InvocationInterceptorChain.java:64)
	at org.junit.jupiter.engine.execution.InvocationInterceptorChain.chainAndInvoke(InvocationInterceptorChain.java:45)
	at org.junit.jupiter.engine.execution.InvocationInterceptorChain.invoke(InvocationInterceptorChain.java:37)
	at org.junit.jupiter.engine.execution.InterceptingExecutableInvoker.invoke(InterceptingExecutableInvoker.java:92)
	at org.junit.jupiter.engine.execution.InterceptingExecutableInvoker.invoke(InterceptingExecutableInvoker.java:86)
	at org.junit.jupiter.engine.descriptor.TestMethodTestDescriptor.lambda$invokeTestMethod$7(TestMethodTestDescriptor.java:218)
	at org.junit.platform.engine.support.hierarchical.ThrowableCollector.execute(ThrowableCollector.java:73)
	at org.junit.jupiter.engine.descriptor.TestMethodTestDescriptor.invokeTestMethod(TestMethodTestDescriptor.java:214)
	at org.junit.jupiter.engine.descriptor.TestMethodTestDescriptor.execute(TestMethodTestDescriptor.java:139)
	at org.junit.jupiter.engine.descriptor.TestMethodTestDescriptor.execute(TestMethodTestDescriptor.java:69)
	at org.junit.platform.engine.support.hierarchical.NodeTestTask.lambda$executeRecursively$6(NodeTestTask.java:151)
	at org.junit.platform.engine.support.hierarchical.ThrowableCollector.execute(ThrowableCollector.java:73)
	at org.junit.platform.engine.support.hierarchical.NodeTestTask.lambda$executeRecursively$8(NodeTestTask.java:141)
	at org.junit.platform.engine.support.hierarchical.Node.around(Node.java:137)
	at org.junit.platform.engine.support.hierarchical.NodeTestTask.lambda$executeRecursively$9(NodeTestTask.java:139)
	at org.junit.platform.engine.support.hierarchical.ThrowableCollector.execute(ThrowableCollector.java:73)
	at org.junit.platform.engine.support.hierarchical.NodeTestTask.executeRecursively(NodeTestTask.java:138)
	at org.junit.platform.engine.support.hierarchical.NodeTestTask.execute(NodeTestTask.java:95)
	at java.base/java.util.ArrayList.forEach(ArrayList.java:1604)
	at org.junit.platform.engine.support.hierarchical.SameThreadHierarchicalTestExecutorService.invokeAll(SameThreadHierarchicalTestExecutorService.java:41)
	at org.junit.platform.engine.support.hierarchical.NodeTestTask.lambda$executeRecursively$6(NodeTestTask.java:155)
	at org.junit.platform.engine.support.hierarchical.ThrowableCollector.execute(ThrowableCollector.java:73)
	at org.junit.platform.engine.support.hierarchical.NodeTestTask.lambda$executeRecursively$8(NodeTestTask.java:141)
	at org.junit.platform.engine.support.hierarchical.Node.around(Node.java:137)
	at org.junit.platform.engine.support.hierarchical.NodeTestTask.lambda$executeRecursively$9(NodeTestTask.java:139)
	at org.junit.platform.engine.support.hierarchical.ThrowableCollector.execute(ThrowableCollector.java:73)
	at org.junit.platform.engine.support.hierarchical.NodeTestTask.executeRecursively(NodeTestTask.java:138)
	at org.junit.platform.engine.support.hierarchical.NodeTestTask.execute(NodeTestTask.java:95)
	at java.base/java.util.ArrayList.forEach(ArrayList.java:1604)
	at org.junit.platform.engine.support.hierarchical.SameThreadHierarchicalTestExecutorService.invokeAll(SameThreadHierarchicalTestExecutorService.java:41)
	at org.junit.platform.engine.support.hierarchical.NodeTestTask.lambda$executeRecursively$6(NodeTestTask.java:155)
	at org.junit.platform.engine.support.hierarchical.ThrowableCollector.execute(ThrowableCollector.java:73)
	at org.junit.platform.engine.support.hierarchical.NodeTestTask.lambda$executeRecursively$8(NodeTestTask.java:141)
	at org.junit.platform.engine.support.hierarchical.Node.around(Node.java:137)
	at org.junit.platform.engine.support.hierarchical.NodeTestTask.lambda$executeRecursively$9(NodeTestTask.java:139)
	at org.junit.platform.engine.support.hierarchical.ThrowableCollector.execute(ThrowableCollector.java:73)
	at org.junit.platform.engine.support.hierarchical.NodeTestTask.executeRecursively(NodeTestTask.java:138)
	at org.junit.platform.engine.support.hierarchical.NodeTestTask.execute(NodeTestTask.java:95)
	at org.junit.platform.engine.support.hierarchical.SameThreadHierarchicalTestExecutorService.submit(SameThreadHierarchicalTestExecutorService.java:35)
	at org.junit.platform.engine.support.hierarchical.HierarchicalTestExecutor.execute(HierarchicalTestExecutor.java:57)
	at org.junit.platform.engine.support.hierarchical.HierarchicalTestEngine.execute(HierarchicalTestEngine.java:54)
	at org.junit.platform.launcher.core.EngineExecutionOrchestrator.execute(EngineExecutionOrchestrator.java:198)
	at org.junit.platform.launcher.core.EngineExecutionOrchestrator.execute(EngineExecutionOrchestrator.java:169)
	at org.junit.platform.launcher.core.EngineExecutionOrchestrator.execute(EngineExecutionOrchestrator.java:93)
	at org.junit.platform.launcher.core.EngineExecutionOrchestrator.lambda$execute$0(EngineExecutionOrchestrator.java:58)
	at org.junit.platform.launcher.core.EngineExecutionOrchestrator.withInterceptedStreams(EngineExecutionOrchestrator.java:141)
	at org.junit.platform.launcher.core.EngineExecutionOrchestrator.execute(EngineExecutionOrchestrator.java:57)
	at org.junit.platform.launcher.core.DefaultLauncher.execute(DefaultLauncher.java:103)
	at org.junit.platform.launcher.core.DefaultLauncher.execute(DefaultLauncher.java:85)
	at org.junit.platform.launcher.core.DelegatingLauncher.execute(DelegatingLauncher.java:47)
	at org.junit.platform.launcher.core.SessionPerRequestLauncher.execute(SessionPerRequestLauncher.java:63)
	at com.intellij.junit5.JUnit5IdeaTestRunner.startRunnerWithArgs(JUnit5IdeaTestRunner.java:66)
	at com.intellij.rt.junit.IdeaTestRunner$Repeater$1.execute(IdeaTestRunner.java:38)
	at com.intellij.rt.execution.junit.TestsRepeater.repeat(TestsRepeater.java:11)
	at com.intellij.rt.junit.IdeaTestRunner$Repeater.startRunnerWithArgs(IdeaTestRunner.java:35)
	at com.intellij.rt.junit.JUnitStarter.prepareStreamsAndStart(JUnitStarter.java:231)
	at com.intellij.rt.junit.JUnitStarter.main(JUnitStarter.java:55)
Caused by: javax.xml.stream.XMLStreamException: ParseError at [row,col]:[1,1]
Message: Content is not allowed in prolog.
	at java.xml/com.sun.org.apache.xerces.internal.impl.XMLStreamReaderImpl.next(XMLStreamReaderImpl.java:652)
	at java.xml/javax.xml.stream.util.StreamReaderDelegate.next(StreamReaderDelegate.java:84)
	at javafx.fxml/javafx.fxml.FXMLLoader.loadImpl(FXMLLoader.java:2627)
	... 89 common frames omitted
2026-04-19 10:47:12.682 [main] ERROR com.appointmentscheduler.presentation.MainApp - Could not show error scene
java.lang.IllegalStateException: Not on FX application thread; currentThread = main
	at javafx.graphics/com.sun.javafx.tk.Toolkit.checkFxUserThread(Toolkit.java:297)
	at javafx.graphics/com.sun.javafx.tk.quantum.QuantumToolkit.checkFxUserThread(QuantumToolkit.java:458)
	at javafx.graphics/javafx.stage.Stage.setScene(Stage.java:269)
	at com.appointmentscheduler/com.appointmentscheduler.presentation.MainApp.showErrorScene(MainApp.java:468)
	at java.base/java.lang.invoke.MethodHandle.invokeWithArguments(MethodHandle.java:735)
	at org.mockito.internal.util.reflection.InstrumentationMemberAccessor$Dispatcher$ByteBuddy$Sum9qNbl.invokeWithArguments(Unknown Source)
	at org.mockito.internal.util.reflection.InstrumentationMemberAccessor.invoke(InstrumentationMemberAccessor.java:265)
	at org.mockito.internal.util.reflection.ModuleMemberAccessor.invoke(ModuleMemberAccessor.java:55)
	at org.mockito.internal.creation.bytebuddy.MockMethodAdvice.tryInvoke(MockMethodAdvice.java:316)
	at org.mockito.internal.creation.bytebuddy.MockMethodAdvice$StaticMethodCall.invoke(MockMethodAdvice.java:308)
	at org.mockito.internal.invocation.InterceptedInvocation.callRealMethod(InterceptedInvocation.java:142)
	at org.mockito.internal.stubbing.answers.CallsRealMethods.answer(CallsRealMethods.java:45)
	at org.mockito.Answers.answer(Answers.java:90)
	at org.mockito.internal.handler.MockHandlerImpl.handle(MockHandlerImpl.java:111)
	at org.mockito.internal.handler.NullResultGuardian.handle(NullResultGuardian.java:29)
	at org.mockito.internal.handler.InvocationNotifierHandler.handle(InvocationNotifierHandler.java:34)
	at org.mockito.internal.creation.bytebuddy.access.MockMethodInterceptor.doIntercept(MockMethodInterceptor.java:84)
	at org.mockito.internal.creation.bytebuddy.MockMethodAdvice.handleStatic(MockMethodAdvice.java:150)
	at com.appointmentscheduler/com.appointmentscheduler.presentation.MainApp.showErrorScene(MainApp.java:459)
	at com.appointmentscheduler/com.appointmentscheduler.presentation.MainApp.loadScreen(MainApp.java:416)
	at java.base/java.lang.invoke.MethodHandle.invokeWithArguments(MethodHandle.java:735)
	at org.mockito.internal.util.reflection.InstrumentationMemberAccessor$Dispatcher$ByteBuddy$Sum9qNbl.invokeWithArguments(Unknown Source)
	at org.mockito.internal.util.reflection.InstrumentationMemberAccessor.invoke(InstrumentationMemberAccessor.java:265)
	at org.mockito.internal.util.reflection.ModuleMemberAccessor.invoke(ModuleMemberAccessor.java:55)
	at org.mockito.internal.creation.bytebuddy.MockMethodAdvice.tryInvoke(MockMethodAdvice.java:316)
	at org.mockito.internal.creation.bytebuddy.MockMethodAdvice$StaticMethodCall.invoke(MockMethodAdvice.java:308)
	at org.mockito.internal.invocation.InterceptedInvocation.callRealMethod(InterceptedInvocation.java:142)
	at org.mockito.internal.stubbing.answers.CallsRealMethods.answer(CallsRealMethods.java:45)
	at org.mockito.Answers.answer(Answers.java:90)
	at org.mockito.internal.handler.MockHandlerImpl.handle(MockHandlerImpl.java:111)
	at org.mockito.internal.handler.NullResultGuardian.handle(NullResultGuardian.java:29)
	at org.mockito.internal.handler.InvocationNotifierHandler.handle(InvocationNotifierHandler.java:34)
	at org.mockito.internal.creation.bytebuddy.access.MockMethodInterceptor.doIntercept(MockMethodInterceptor.java:84)
	at org.mockito.internal.creation.bytebuddy.MockMethodAdvice.handleStatic(MockMethodAdvice.java:150)
	at com.appointmentscheduler/com.appointmentscheduler.presentation.MainApp.loadScreen(MainApp.java:381)
	at com.appointmentscheduler/com.appointmentscheduler.presentation.MainAppInternalsCoverageTest.lambda$22(MainAppInternalsCoverageTest.java:234)
	at org.mockito.internal.MockedStaticImpl.when(MockedStaticImpl.java:49)
	at com.appointmentscheduler/com.appointmentscheduler.presentation.MainAppInternalsCoverageTest.performLogout_confirmFalseAndTrue_branches(MainAppInternalsCoverageTest.java:234)
	at java.base/jdk.internal.reflect.DirectMethodHandleAccessor.invoke(DirectMethodHandleAccessor.java:104)
	at java.base/java.lang.reflect.Method.invoke(Method.java:565)
	at org.junit.platform.commons.util.ReflectionUtils.invokeMethod(ReflectionUtils.java:728)
	at org.junit.jupiter.engine.execution.MethodInvocation.proceed(MethodInvocation.java:60)
	at org.junit.jupiter.engine.execution.InvocationInterceptorChain$ValidatingInvocation.proceed(InvocationInterceptorChain.java:131)
	at org.junit.jupiter.engine.extension.TimeoutExtension.intercept(TimeoutExtension.java:156)
	at org.junit.jupiter.engine.extension.TimeoutExtension.interceptTestableMethod(TimeoutExtension.java:147)
	at org.junit.jupiter.engine.extension.TimeoutExtension.interceptTestMethod(TimeoutExtension.java:86)
	at org.junit.jupiter.engine.execution.InterceptingExecutableInvoker$ReflectiveInterceptorCall.lambda$ofVoidMethod$0(InterceptingExecutableInvoker.java:103)
	at org.junit.jupiter.engine.execution.InterceptingExecutableInvoker.lambda$invoke$0(InterceptingExecutableInvoker.java:93)
	at org.junit.jupiter.engine.execution.InvocationInterceptorChain$InterceptedInvocation.proceed(InvocationInterceptorChain.java:106)
	at org.junit.jupiter.engine.execution.InvocationInterceptorChain.proceed(InvocationInterceptorChain.java:64)
	at org.junit.jupiter.engine.execution.InvocationInterceptorChain.chainAndInvoke(InvocationInterceptorChain.java:45)
	at org.junit.jupiter.engine.execution.InvocationInterceptorChain.invoke(InvocationInterceptorChain.java:37)
	at org.junit.jupiter.engine.execution.InterceptingExecutableInvoker.invoke(InterceptingExecutableInvoker.java:92)
	at org.junit.jupiter.engine.execution.InterceptingExecutableInvoker.invoke(InterceptingExecutableInvoker.java:86)
	at org.junit.jupiter.engine.descriptor.TestMethodTestDescriptor.lambda$invokeTestMethod$7(TestMethodTestDescriptor.java:218)
	at org.junit.platform.engine.support.hierarchical.ThrowableCollector.execute(ThrowableCollector.java:73)
	at org.junit.jupiter.engine.descriptor.TestMethodTestDescriptor.invokeTestMethod(TestMethodTestDescriptor.java:214)
	at org.junit.jupiter.engine.descriptor.TestMethodTestDescriptor.execute(TestMethodTestDescriptor.java:139)
	at org.junit.jupiter.engine.descriptor.TestMethodTestDescriptor.execute(TestMethodTestDescriptor.java:69)
	at org.junit.platform.engine.support.hierarchical.NodeTestTask.lambda$executeRecursively$6(NodeTestTask.java:151)
	at org.junit.platform.engine.support.hierarchical.ThrowableCollector.execute(ThrowableCollector.java:73)
	at org.junit.platform.engine.support.hierarchical.NodeTestTask.lambda$executeRecursively$8(NodeTestTask.java:141)
	at org.junit.platform.engine.support.hierarchical.Node.around(Node.java:137)
	at org.junit.platform.engine.support.hierarchical.NodeTestTask.lambda$executeRecursively$9(NodeTestTask.java:139)
	at org.junit.platform.engine.support.hierarchical.ThrowableCollector.execute(ThrowableCollector.java:73)
	at org.junit.platform.engine.support.hierarchical.NodeTestTask.executeRecursively(NodeTestTask.java:138)
	at org.junit.platform.engine.support.hierarchical.NodeTestTask.execute(NodeTestTask.java:95)
	at java.base/java.util.ArrayList.forEach(ArrayList.java:1604)
	at org.junit.platform.engine.support.hierarchical.SameThreadHierarchicalTestExecutorService.invokeAll(SameThreadHierarchicalTestExecutorService.java:41)
	at org.junit.platform.engine.support.hierarchical.NodeTestTask.lambda$executeRecursively$6(NodeTestTask.java:155)
	at org.junit.platform.engine.support.hierarchical.ThrowableCollector.execute(ThrowableCollector.java:73)
	at org.junit.platform.engine.support.hierarchical.NodeTestTask.lambda$executeRecursively$8(NodeTestTask.java:141)
	at org.junit.platform.engine.support.hierarchical.Node.around(Node.java:137)
	at org.junit.platform.engine.support.hierarchical.NodeTestTask.lambda$executeRecursively$9(NodeTestTask.java:139)
	at org.junit.platform.engine.support.hierarchical.ThrowableCollector.execute(ThrowableCollector.java:73)
	at org.junit.platform.engine.support.hierarchical.NodeTestTask.executeRecursively(NodeTestTask.java:138)
	at org.junit.platform.engine.support.hierarchical.NodeTestTask.execute(NodeTestTask.java:95)
	at java.base/java.util.ArrayList.forEach(ArrayList.java:1604)
	at org.junit.platform.engine.support.hierarchical.SameThreadHierarchicalTestExecutorService.invokeAll(SameThreadHierarchicalTestExecutorService.java:41)
	at org.junit.platform.engine.support.hierarchical.NodeTestTask.lambda$executeRecursively$6(NodeTestTask.java:155)
	at org.junit.platform.engine.support.hierarchical.ThrowableCollector.execute(ThrowableCollector.java:73)
	at org.junit.platform.engine.support.hierarchical.NodeTestTask.lambda$executeRecursively$8(NodeTestTask.java:141)
	at org.junit.platform.engine.support.hierarchical.Node.around(Node.java:137)
	at org.junit.platform.engine.support.hierarchical.NodeTestTask.lambda$executeRecursively$9(NodeTestTask.java:139)
	at org.junit.platform.engine.support.hierarchical.ThrowableCollector.execute(ThrowableCollector.java:73)
	at org.junit.platform.engine.support.hierarchical.NodeTestTask.executeRecursively(NodeTestTask.java:138)
	at org.junit.platform.engine.support.hierarchical.NodeTestTask.execute(NodeTestTask.java:95)
	at org.junit.platform.engine.support.hierarchical.SameThreadHierarchicalTestExecutorService.submit(SameThreadHierarchicalTestExecutorService.java:35)
	at org.junit.platform.engine.support.hierarchical.HierarchicalTestExecutor.execute(HierarchicalTestExecutor.java:57)
	at org.junit.platform.engine.support.hierarchical.HierarchicalTestEngine.execute(HierarchicalTestEngine.java:54)
	at org.junit.platform.launcher.core.EngineExecutionOrchestrator.execute(EngineExecutionOrchestrator.java:198)
	at org.junit.platform.launcher.core.EngineExecutionOrchestrator.execute(EngineExecutionOrchestrator.java:169)
	at org.junit.platform.launcher.core.EngineExecutionOrchestrator.execute(EngineExecutionOrchestrator.java:93)
	at org.junit.platform.launcher.core.EngineExecutionOrchestrator.lambda$execute$0(EngineExecutionOrchestrator.java:58)
	at org.junit.platform.launcher.core.EngineExecutionOrchestrator.withInterceptedStreams(EngineExecutionOrchestrator.java:141)
	at org.junit.platform.launcher.core.EngineExecutionOrchestrator.execute(EngineExecutionOrchestrator.java:57)
	at org.junit.platform.launcher.core.DefaultLauncher.execute(DefaultLauncher.java:103)
	at org.junit.platform.launcher.core.DefaultLauncher.execute(DefaultLauncher.java:85)
	at org.junit.platform.launcher.core.DelegatingLauncher.execute(DelegatingLauncher.java:47)
	at org.junit.platform.launcher.core.SessionPerRequestLauncher.execute(SessionPerRequestLauncher.java:63)
	at com.intellij.junit5.JUnit5IdeaTestRunner.startRunnerWithArgs(JUnit5IdeaTestRunner.java:66)
	at com.intellij.rt.junit.IdeaTestRunner$Repeater$1.execute(IdeaTestRunner.java:38)
	at com.intellij.rt.execution.junit.TestsRepeater.repeat(TestsRepeater.java:11)
	at com.intellij.rt.junit.IdeaTestRunner$Repeater.startRunnerWithArgs(IdeaTestRunner.java:35)
	at com.intellij.rt.junit.JUnitStarter.prepareStreamsAndStart(JUnitStarter.java:231)
	at com.intellij.rt.junit.JUnitStarter.main(JUnitStarter.java:55)
2026-04-19 10:47:12.690 [main] DEBUG com.appointmentscheduler.application.AppConfig - Application configuration loaded
2026-04-19 10:47:12.691 [main] DEBUG com.appointmentscheduler.application.AppConfig - Merged application-local.properties
2026-04-19 10:47:12.717 [main] ERROR com.appointmentscheduler.presentation.MainApp - Failed to load screen: 
javafx.fxml.LoadException: 
/C:/Users/PC/Desktop/software%20project/AppointmentSystem/target/test-classes/com/appointmentscheduler/presentation/

	at javafx.fxml/javafx.fxml.FXMLLoader.constructLoadException(FXMLLoader.java:2714)
	at javafx.fxml/javafx.fxml.FXMLLoader.loadImpl(FXMLLoader.java:2657)
	at javafx.fxml/javafx.fxml.FXMLLoader.loadImpl(FXMLLoader.java:2555)
	at javafx.fxml/javafx.fxml.FXMLLoader.load(FXMLLoader.java:2523)
	at com.appointmentscheduler/com.appointmentscheduler.presentation.MainApp.loadScreen(MainApp.java:397)
	at java.base/java.lang.invoke.MethodHandle.invokeWithArguments(MethodHandle.java:735)
	at org.mockito.internal.util.reflection.InstrumentationMemberAccessor$Dispatcher$ByteBuddy$Sum9qNbl.invokeWithArguments(Unknown Source)
	at org.mockito.internal.util.reflection.InstrumentationMemberAccessor.invoke(InstrumentationMemberAccessor.java:265)
	at org.mockito.internal.util.reflection.ModuleMemberAccessor.invoke(ModuleMemberAccessor.java:55)
	at org.mockito.internal.creation.bytebuddy.MockMethodAdvice.tryInvoke(MockMethodAdvice.java:316)
	at org.mockito.internal.creation.bytebuddy.MockMethodAdvice$StaticMethodCall.invoke(MockMethodAdvice.java:308)
	at org.mockito.internal.invocation.InterceptedInvocation.callRealMethod(InterceptedInvocation.java:142)
	at org.mockito.internal.stubbing.answers.CallsRealMethods.answer(CallsRealMethods.java:45)
	at org.mockito.Answers.answer(Answers.java:90)
	at org.mockito.internal.handler.MockHandlerImpl.handle(MockHandlerImpl.java:111)
	at org.mockito.internal.handler.NullResultGuardian.handle(NullResultGuardian.java:29)
	at org.mockito.internal.handler.InvocationNotifierHandler.handle(InvocationNotifierHandler.java:34)
	at org.mockito.internal.creation.bytebuddy.access.MockMethodInterceptor.doIntercept(MockMethodInterceptor.java:84)
	at org.mockito.internal.creation.bytebuddy.MockMethodAdvice.handleStatic(MockMethodAdvice.java:150)
	at com.appointmentscheduler/com.appointmentscheduler.presentation.MainApp.loadScreen(MainApp.java:381)
	at com.appointmentscheduler/com.appointmentscheduler.presentation.MainAppInternalsCoverageTest.lambda$25(MainAppInternalsCoverageTest.java:251)
	at org.mockito.internal.MockedStaticImpl.when(MockedStaticImpl.java:49)
	at com.appointmentscheduler/com.appointmentscheduler.presentation.MainAppInternalsCoverageTest.performLogout_withNullCurrentUser_and_loadScreenReentryGuard(MainAppInternalsCoverageTest.java:251)
	at java.base/jdk.internal.reflect.DirectMethodHandleAccessor.invoke(DirectMethodHandleAccessor.java:104)
	at java.base/java.lang.reflect.Method.invoke(Method.java:565)
	at org.junit.platform.commons.util.ReflectionUtils.invokeMethod(ReflectionUtils.java:728)
	at org.junit.jupiter.engine.execution.MethodInvocation.proceed(MethodInvocation.java:60)
	at org.junit.jupiter.engine.execution.InvocationInterceptorChain$ValidatingInvocation.proceed(InvocationInterceptorChain.java:131)
	at org.junit.jupiter.engine.extension.TimeoutExtension.intercept(TimeoutExtension.java:156)
	at org.junit.jupiter.engine.extension.TimeoutExtension.interceptTestableMethod(TimeoutExtension.java:147)
	at org.junit.jupiter.engine.extension.TimeoutExtension.interceptTestMethod(TimeoutExtension.java:86)
	at org.junit.jupiter.engine.execution.InterceptingExecutableInvoker$ReflectiveInterceptorCall.lambda$ofVoidMethod$0(InterceptingExecutableInvoker.java:103)
	at org.junit.jupiter.engine.execution.InterceptingExecutableInvoker.lambda$invoke$0(InterceptingExecutableInvoker.java:93)
	at org.junit.jupiter.engine.execution.InvocationInterceptorChain$InterceptedInvocation.proceed(InvocationInterceptorChain.java:106)
	at org.junit.jupiter.engine.execution.InvocationInterceptorChain.proceed(InvocationInterceptorChain.java:64)
	at org.junit.jupiter.engine.execution.InvocationInterceptorChain.chainAndInvoke(InvocationInterceptorChain.java:45)
	at org.junit.jupiter.engine.execution.InvocationInterceptorChain.invoke(InvocationInterceptorChain.java:37)
	at org.junit.jupiter.engine.execution.InterceptingExecutableInvoker.invoke(InterceptingExecutableInvoker.java:92)
	at org.junit.jupiter.engine.execution.InterceptingExecutableInvoker.invoke(InterceptingExecutableInvoker.java:86)
	at org.junit.jupiter.engine.descriptor.TestMethodTestDescriptor.lambda$invokeTestMethod$7(TestMethodTestDescriptor.java:218)
	at org.junit.platform.engine.support.hierarchical.ThrowableCollector.execute(ThrowableCollector.java:73)
	at org.junit.jupiter.engine.descriptor.TestMethodTestDescriptor.invokeTestMethod(TestMethodTestDescriptor.java:214)
	at org.junit.jupiter.engine.descriptor.TestMethodTestDescriptor.execute(TestMethodTestDescriptor.java:139)
	at org.junit.jupiter.engine.descriptor.TestMethodTestDescriptor.execute(TestMethodTestDescriptor.java:69)
	at org.junit.platform.engine.support.hierarchical.NodeTestTask.lambda$executeRecursively$6(NodeTestTask.java:151)
	at org.junit.platform.engine.support.hierarchical.ThrowableCollector.execute(ThrowableCollector.java:73)
	at org.junit.platform.engine.support.hierarchical.NodeTestTask.lambda$executeRecursively$8(NodeTestTask.java:141)
	at org.junit.platform.engine.support.hierarchical.Node.around(Node.java:137)
	at org.junit.platform.engine.support.hierarchical.NodeTestTask.lambda$executeRecursively$9(NodeTestTask.java:139)
	at org.junit.platform.engine.support.hierarchical.ThrowableCollector.execute(ThrowableCollector.java:73)
	at org.junit.platform.engine.support.hierarchical.NodeTestTask.executeRecursively(NodeTestTask.java:138)
	at org.junit.platform.engine.support.hierarchical.NodeTestTask.execute(NodeTestTask.java:95)
	at java.base/java.util.ArrayList.forEach(ArrayList.java:1604)
	at org.junit.platform.engine.support.hierarchical.SameThreadHierarchicalTestExecutorService.invokeAll(SameThreadHierarchicalTestExecutorService.java:41)
	at org.junit.platform.engine.support.hierarchical.NodeTestTask.lambda$executeRecursively$6(NodeTestTask.java:155)
	at org.junit.platform.engine.support.hierarchical.ThrowableCollector.execute(ThrowableCollector.java:73)
	at org.junit.platform.engine.support.hierarchical.NodeTestTask.lambda$executeRecursively$8(NodeTestTask.java:141)
	at org.junit.platform.engine.support.hierarchical.Node.around(Node.java:137)
	at org.junit.platform.engine.support.hierarchical.NodeTestTask.lambda$executeRecursively$9(NodeTestTask.java:139)
	at org.junit.platform.engine.support.hierarchical.ThrowableCollector.execute(ThrowableCollector.java:73)
	at org.junit.platform.engine.support.hierarchical.NodeTestTask.executeRecursively(NodeTestTask.java:138)
	at org.junit.platform.engine.support.hierarchical.NodeTestTask.execute(NodeTestTask.java:95)
	at java.base/java.util.ArrayList.forEach(ArrayList.java:1604)
	at org.junit.platform.engine.support.hierarchical.SameThreadHierarchicalTestExecutorService.invokeAll(SameThreadHierarchicalTestExecutorService.java:41)
	at org.junit.platform.engine.support.hierarchical.NodeTestTask.lambda$executeRecursively$6(NodeTestTask.java:155)
	at org.junit.platform.engine.support.hierarchical.ThrowableCollector.execute(ThrowableCollector.java:73)
	at org.junit.platform.engine.support.hierarchical.NodeTestTask.lambda$executeRecursively$8(NodeTestTask.java:141)
	at org.junit.platform.engine.support.hierarchical.Node.around(Node.java:137)
	at org.junit.platform.engine.support.hierarchical.NodeTestTask.lambda$executeRecursively$9(NodeTestTask.java:139)
	at org.junit.platform.engine.support.hierarchical.ThrowableCollector.execute(ThrowableCollector.java:73)
	at org.junit.platform.engine.support.hierarchical.NodeTestTask.executeRecursively(NodeTestTask.java:138)
	at org.junit.platform.engine.support.hierarchical.NodeTestTask.execute(NodeTestTask.java:95)
	at org.junit.platform.engine.support.hierarchical.SameThreadHierarchicalTestExecutorService.submit(SameThreadHierarchicalTestExecutorService.java:35)
	at org.junit.platform.engine.support.hierarchical.HierarchicalTestExecutor.execute(HierarchicalTestExecutor.java:57)
	at org.junit.platform.engine.support.hierarchical.HierarchicalTestEngine.execute(HierarchicalTestEngine.java:54)
	at org.junit.platform.launcher.core.EngineExecutionOrchestrator.execute(EngineExecutionOrchestrator.java:198)
	at org.junit.platform.launcher.core.EngineExecutionOrchestrator.execute(EngineExecutionOrchestrator.java:169)
	at org.junit.platform.launcher.core.EngineExecutionOrchestrator.execute(EngineExecutionOrchestrator.java:93)
	at org.junit.platform.launcher.core.EngineExecutionOrchestrator.lambda$execute$0(EngineExecutionOrchestrator.java:58)
	at org.junit.platform.launcher.core.EngineExecutionOrchestrator.withInterceptedStreams(EngineExecutionOrchestrator.java:141)
	at org.junit.platform.launcher.core.EngineExecutionOrchestrator.execute(EngineExecutionOrchestrator.java:57)
	at org.junit.platform.launcher.core.DefaultLauncher.execute(DefaultLauncher.java:103)
	at org.junit.platform.launcher.core.DefaultLauncher.execute(DefaultLauncher.java:85)
	at org.junit.platform.launcher.core.DelegatingLauncher.execute(DelegatingLauncher.java:47)
	at org.junit.platform.launcher.core.SessionPerRequestLauncher.execute(SessionPerRequestLauncher.java:63)
	at com.intellij.junit5.JUnit5IdeaTestRunner.startRunnerWithArgs(JUnit5IdeaTestRunner.java:66)
	at com.intellij.rt.junit.IdeaTestRunner$Repeater$1.execute(IdeaTestRunner.java:38)
	at com.intellij.rt.execution.junit.TestsRepeater.repeat(TestsRepeater.java:11)
	at com.intellij.rt.junit.IdeaTestRunner$Repeater.startRunnerWithArgs(IdeaTestRunner.java:35)
	at com.intellij.rt.junit.JUnitStarter.prepareStreamsAndStart(JUnitStarter.java:231)
	at com.intellij.rt.junit.JUnitStarter.main(JUnitStarter.java:55)
Caused by: javax.xml.stream.XMLStreamException: ParseError at [row,col]:[1,1]
Message: Content is not allowed in prolog.
	at java.xml/com.sun.org.apache.xerces.internal.impl.XMLStreamReaderImpl.next(XMLStreamReaderImpl.java:652)
	at java.xml/javax.xml.stream.util.StreamReaderDelegate.next(StreamReaderDelegate.java:84)
	at javafx.fxml/javafx.fxml.FXMLLoader.loadImpl(FXMLLoader.java:2627)
	... 89 common frames omitted
2026-04-19 10:47:12.720 [main] ERROR com.appointmentscheduler.presentation.MainApp - Could not show error scene
java.lang.IllegalStateException: Not on FX application thread; currentThread = main
	at javafx.graphics/com.sun.javafx.tk.Toolkit.checkFxUserThread(Toolkit.java:297)
	at javafx.graphics/com.sun.javafx.tk.quantum.QuantumToolkit.checkFxUserThread(QuantumToolkit.java:458)
	at javafx.graphics/javafx.stage.Stage.setScene(Stage.java:269)
	at com.appointmentscheduler/com.appointmentscheduler.presentation.MainApp.showErrorScene(MainApp.java:468)
	at java.base/java.lang.invoke.MethodHandle.invokeWithArguments(MethodHandle.java:735)
	at org.mockito.internal.util.reflection.InstrumentationMemberAccessor$Dispatcher$ByteBuddy$Sum9qNbl.invokeWithArguments(Unknown Source)
	at org.mockito.internal.util.reflection.InstrumentationMemberAccessor.invoke(InstrumentationMemberAccessor.java:265)
	at org.mockito.internal.util.reflection.ModuleMemberAccessor.invoke(ModuleMemberAccessor.java:55)
	at org.mockito.internal.creation.bytebuddy.MockMethodAdvice.tryInvoke(MockMethodAdvice.java:316)
	at org.mockito.internal.creation.bytebuddy.MockMethodAdvice$StaticMethodCall.invoke(MockMethodAdvice.java:308)
	at org.mockito.internal.invocation.InterceptedInvocation.callRealMethod(InterceptedInvocation.java:142)
	at org.mockito.internal.stubbing.answers.CallsRealMethods.answer(CallsRealMethods.java:45)
	at org.mockito.Answers.answer(Answers.java:90)
	at org.mockito.internal.handler.MockHandlerImpl.handle(MockHandlerImpl.java:111)
	at org.mockito.internal.handler.NullResultGuardian.handle(NullResultGuardian.java:29)
	at org.mockito.internal.handler.InvocationNotifierHandler.handle(InvocationNotifierHandler.java:34)
	at org.mockito.internal.creation.bytebuddy.access.MockMethodInterceptor.doIntercept(MockMethodInterceptor.java:84)
	at org.mockito.internal.creation.bytebuddy.MockMethodAdvice.handleStatic(MockMethodAdvice.java:150)
	at com.appointmentscheduler/com.appointmentscheduler.presentation.MainApp.showErrorScene(MainApp.java:459)
	at com.appointmentscheduler/com.appointmentscheduler.presentation.MainApp.loadScreen(MainApp.java:416)
	at java.base/java.lang.invoke.MethodHandle.invokeWithArguments(MethodHandle.java:735)
	at org.mockito.internal.util.reflection.InstrumentationMemberAccessor$Dispatcher$ByteBuddy$Sum9qNbl.invokeWithArguments(Unknown Source)
	at org.mockito.internal.util.reflection.InstrumentationMemberAccessor.invoke(InstrumentationMemberAccessor.java:265)
	at org.mockito.internal.util.reflection.ModuleMemberAccessor.invoke(ModuleMemberAccessor.java:55)
	at org.mockito.internal.creation.bytebuddy.MockMethodAdvice.tryInvoke(MockMethodAdvice.java:316)
	at org.mockito.internal.creation.bytebuddy.MockMethodAdvice$StaticMethodCall.invoke(MockMethodAdvice.java:308)
	at org.mockito.internal.invocation.InterceptedInvocation.callRealMethod(InterceptedInvocation.java:142)
	at org.mockito.internal.stubbing.answers.CallsRealMethods.answer(CallsRealMethods.java:45)
	at org.mockito.Answers.answer(Answers.java:90)
	at org.mockito.internal.handler.MockHandlerImpl.handle(MockHandlerImpl.java:111)
	at org.mockito.internal.handler.NullResultGuardian.handle(NullResultGuardian.java:29)
	at org.mockito.internal.handler.InvocationNotifierHandler.handle(InvocationNotifierHandler.java:34)
	at org.mockito.internal.creation.bytebuddy.access.MockMethodInterceptor.doIntercept(MockMethodInterceptor.java:84)
	at org.mockito.internal.creation.bytebuddy.MockMethodAdvice.handleStatic(MockMethodAdvice.java:150)
	at com.appointmentscheduler/com.appointmentscheduler.presentation.MainApp.loadScreen(MainApp.java:381)
	at com.appointmentscheduler/com.appointmentscheduler.presentation.MainAppInternalsCoverageTest.lambda$25(MainAppInternalsCoverageTest.java:251)
	at org.mockito.internal.MockedStaticImpl.when(MockedStaticImpl.java:49)
	at com.appointmentscheduler/com.appointmentscheduler.presentation.MainAppInternalsCoverageTest.performLogout_withNullCurrentUser_and_loadScreenReentryGuard(MainAppInternalsCoverageTest.java:251)
	at java.base/jdk.internal.reflect.DirectMethodHandleAccessor.invoke(DirectMethodHandleAccessor.java:104)
	at java.base/java.lang.reflect.Method.invoke(Method.java:565)
	at org.junit.platform.commons.util.ReflectionUtils.invokeMethod(ReflectionUtils.java:728)
	at org.junit.jupiter.engine.execution.MethodInvocation.proceed(MethodInvocation.java:60)
	at org.junit.jupiter.engine.execution.InvocationInterceptorChain$ValidatingInvocation.proceed(InvocationInterceptorChain.java:131)
	at org.junit.jupiter.engine.extension.TimeoutExtension.intercept(TimeoutExtension.java:156)
	at org.junit.jupiter.engine.extension.TimeoutExtension.interceptTestableMethod(TimeoutExtension.java:147)
	at org.junit.jupiter.engine.extension.TimeoutExtension.interceptTestMethod(TimeoutExtension.java:86)
	at org.junit.jupiter.engine.execution.InterceptingExecutableInvoker$ReflectiveInterceptorCall.lambda$ofVoidMethod$0(InterceptingExecutableInvoker.java:103)
	at org.junit.jupiter.engine.execution.InterceptingExecutableInvoker.lambda$invoke$0(InterceptingExecutableInvoker.java:93)
	at org.junit.jupiter.engine.execution.InvocationInterceptorChain$InterceptedInvocation.proceed(InvocationInterceptorChain.java:106)
	at org.junit.jupiter.engine.execution.InvocationInterceptorChain.proceed(InvocationInterceptorChain.java:64)
	at org.junit.jupiter.engine.execution.InvocationInterceptorChain.chainAndInvoke(InvocationInterceptorChain.java:45)
	at org.junit.jupiter.engine.execution.InvocationInterceptorChain.invoke(InvocationInterceptorChain.java:37)
	at org.junit.jupiter.engine.execution.InterceptingExecutableInvoker.invoke(InterceptingExecutableInvoker.java:92)
	at org.junit.jupiter.engine.execution.InterceptingExecutableInvoker.invoke(InterceptingExecutableInvoker.java:86)
	at org.junit.jupiter.engine.descriptor.TestMethodTestDescriptor.lambda$invokeTestMethod$7(TestMethodTestDescriptor.java:218)
	at org.junit.platform.engine.support.hierarchical.ThrowableCollector.execute(ThrowableCollector.java:73)
	at org.junit.jupiter.engine.descriptor.TestMethodTestDescriptor.invokeTestMethod(TestMethodTestDescriptor.java:214)
	at org.junit.jupiter.engine.descriptor.TestMethodTestDescriptor.execute(TestMethodTestDescriptor.java:139)
	at org.junit.jupiter.engine.descriptor.TestMethodTestDescriptor.execute(TestMethodTestDescriptor.java:69)
	at org.junit.platform.engine.support.hierarchical.NodeTestTask.lambda$executeRecursively$6(NodeTestTask.java:151)
	at org.junit.platform.engine.support.hierarchical.ThrowableCollector.execute(ThrowableCollector.java:73)
	at org.junit.platform.engine.support.hierarchical.NodeTestTask.lambda$executeRecursively$8(NodeTestTask.java:141)
	at org.junit.platform.engine.support.hierarchical.Node.around(Node.java:137)
	at org.junit.platform.engine.support.hierarchical.NodeTestTask.lambda$executeRecursively$9(NodeTestTask.java:139)
	at org.junit.platform.engine.support.hierarchical.ThrowableCollector.execute(ThrowableCollector.java:73)
	at org.junit.platform.engine.support.hierarchical.NodeTestTask.executeRecursively(NodeTestTask.java:138)
	at org.junit.platform.engine.support.hierarchical.NodeTestTask.execute(NodeTestTask.java:95)
	at java.base/java.util.ArrayList.forEach(ArrayList.java:1604)
	at org.junit.platform.engine.support.hierarchical.SameThreadHierarchicalTestExecutorService.invokeAll(SameThreadHierarchicalTestExecutorService.java:41)
	at org.junit.platform.engine.support.hierarchical.NodeTestTask.lambda$executeRecursively$6(NodeTestTask.java:155)
	at org.junit.platform.engine.support.hierarchical.ThrowableCollector.execute(ThrowableCollector.java:73)
	at org.junit.platform.engine.support.hierarchical.NodeTestTask.lambda$executeRecursively$8(NodeTestTask.java:141)
	at org.junit.platform.engine.support.hierarchical.Node.around(Node.java:137)
	at org.junit.platform.engine.support.hierarchical.NodeTestTask.lambda$executeRecursively$9(NodeTestTask.java:139)
	at org.junit.platform.engine.support.hierarchical.ThrowableCollector.execute(ThrowableCollector.java:73)
	at org.junit.platform.engine.support.hierarchical.NodeTestTask.executeRecursively(NodeTestTask.java:138)
	at org.junit.platform.engine.support.hierarchical.NodeTestTask.execute(NodeTestTask.java:95)
	at java.base/java.util.ArrayList.forEach(ArrayList.java:1604)
	at org.junit.platform.engine.support.hierarchical.SameThreadHierarchicalTestExecutorService.invokeAll(SameThreadHierarchicalTestExecutorService.java:41)
	at org.junit.platform.engine.support.hierarchical.NodeTestTask.lambda$executeRecursively$6(NodeTestTask.java:155)
	at org.junit.platform.engine.support.hierarchical.ThrowableCollector.execute(ThrowableCollector.java:73)
	at org.junit.platform.engine.support.hierarchical.NodeTestTask.lambda$executeRecursively$8(NodeTestTask.java:141)
	at org.junit.platform.engine.support.hierarchical.Node.around(Node.java:137)
	at org.junit.platform.engine.support.hierarchical.NodeTestTask.lambda$executeRecursively$9(NodeTestTask.java:139)
	at org.junit.platform.engine.support.hierarchical.ThrowableCollector.execute(ThrowableCollector.java:73)
	at org.junit.platform.engine.support.hierarchical.NodeTestTask.executeRecursively(NodeTestTask.java:138)
	at org.junit.platform.engine.support.hierarchical.NodeTestTask.execute(NodeTestTask.java:95)
	at org.junit.platform.engine.support.hierarchical.SameThreadHierarchicalTestExecutorService.submit(SameThreadHierarchicalTestExecutorService.java:35)
	at org.junit.platform.engine.support.hierarchical.HierarchicalTestExecutor.execute(HierarchicalTestExecutor.java:57)
	at org.junit.platform.engine.support.hierarchical.HierarchicalTestEngine.execute(HierarchicalTestEngine.java:54)
	at org.junit.platform.launcher.core.EngineExecutionOrchestrator.execute(EngineExecutionOrchestrator.java:198)
	at org.junit.platform.launcher.core.EngineExecutionOrchestrator.execute(EngineExecutionOrchestrator.java:169)
	at org.junit.platform.launcher.core.EngineExecutionOrchestrator.execute(EngineExecutionOrchestrator.java:93)
	at org.junit.platform.launcher.core.EngineExecutionOrchestrator.lambda$execute$0(EngineExecutionOrchestrator.java:58)
	at org.junit.platform.launcher.core.EngineExecutionOrchestrator.withInterceptedStreams(EngineExecutionOrchestrator.java:141)
	at org.junit.platform.launcher.core.EngineExecutionOrchestrator.execute(EngineExecutionOrchestrator.java:57)
	at org.junit.platform.launcher.core.DefaultLauncher.execute(DefaultLauncher.java:103)
	at org.junit.platform.launcher.core.DefaultLauncher.execute(DefaultLauncher.java:85)
	at org.junit.platform.launcher.core.DelegatingLauncher.execute(DelegatingLauncher.java:47)
	at org.junit.platform.launcher.core.SessionPerRequestLauncher.execute(SessionPerRequestLauncher.java:63)
	at com.intellij.junit5.JUnit5IdeaTestRunner.startRunnerWithArgs(JUnit5IdeaTestRunner.java:66)
	at com.intellij.rt.junit.IdeaTestRunner$Repeater$1.execute(IdeaTestRunner.java:38)
	at com.intellij.rt.execution.junit.TestsRepeater.repeat(TestsRepeater.java:11)
	at com.intellij.rt.junit.IdeaTestRunner$Repeater.startRunnerWithArgs(IdeaTestRunner.java:35)
	at com.intellij.rt.junit.JUnitStarter.prepareStreamsAndStart(JUnitStarter.java:231)
	at com.intellij.rt.junit.JUnitStarter.main(JUnitStarter.java:55)
2026-04-19 10:47:12.724 [main] WARN  com.appointmentscheduler.presentation.MainApp - loadScreen re-entry ignored: Missing.fxml
2026-04-19 10:47:12.730 [main] DEBUG com.appointmentscheduler.application.AppConfig - Application configuration loaded
2026-04-19 10:47:12.732 [main] DEBUG com.appointmentscheduler.application.AppConfig - Merged application-local.properties
2026-04-19 10:47:12.813 [JavaFX Application Thread] ERROR c.appointmentscheduler.presentation.ErrorHandler - Failed to load screen: 
/C:/Users/PC/Desktop/software%20project/AppointmentSystem/target/test-classes/com/appointmentscheduler/presentation/

javafx.fxml.LoadException: 
/C:/Users/PC/Desktop/software%20project/AppointmentSystem/target/test-classes/com/appointmentscheduler/presentation/

	at javafx.fxml/javafx.fxml.FXMLLoader.constructLoadException(FXMLLoader.java:2714)
	at javafx.fxml/javafx.fxml.FXMLLoader.loadImpl(FXMLLoader.java:2657)
	at javafx.fxml/javafx.fxml.FXMLLoader.loadImpl(FXMLLoader.java:2555)
	at javafx.fxml/javafx.fxml.FXMLLoader.load(FXMLLoader.java:2523)
	at com.appointmentscheduler/com.appointmentscheduler.presentation.MainApp.loadScreen(MainApp.java:397)
	at java.base/java.lang.invoke.MethodHandle.invokeWithArguments(MethodHandle.java:735)
	at org.mockito.internal.util.reflection.InstrumentationMemberAccessor$Dispatcher$ByteBuddy$Sum9qNbl.invokeWithArguments(Unknown Source)
	at org.mockito.internal.util.reflection.InstrumentationMemberAccessor.invoke(InstrumentationMemberAccessor.java:265)
	at org.mockito.internal.util.reflection.ModuleMemberAccessor.invoke(ModuleMemberAccessor.java:55)
	at org.mockito.internal.creation.bytebuddy.MockMethodAdvice.tryInvoke(MockMethodAdvice.java:316)
	at org.mockito.internal.creation.bytebuddy.MockMethodAdvice$StaticMethodCall.invoke(MockMethodAdvice.java:308)
	at org.mockito.internal.invocation.InterceptedInvocation.callRealMethod(InterceptedInvocation.java:142)
	at org.mockito.internal.stubbing.answers.CallsRealMethods.answer(CallsRealMethods.java:45)
	at org.mockito.Answers.answer(Answers.java:90)
	at org.mockito.internal.handler.MockHandlerImpl.handle(MockHandlerImpl.java:111)
	at org.mockito.internal.handler.NullResultGuardian.handle(NullResultGuardian.java:29)
	at org.mockito.internal.handler.InvocationNotifierHandler.handle(InvocationNotifierHandler.java:34)
	at org.mockito.internal.creation.bytebuddy.access.MockMethodInterceptor.doIntercept(MockMethodInterceptor.java:84)
	at org.mockito.internal.creation.bytebuddy.MockMethodAdvice.handleStatic(MockMethodAdvice.java:150)
	at com.appointmentscheduler/com.appointmentscheduler.presentation.MainApp.loadScreen(MainApp.java:381)
	at com.appointmentscheduler/com.appointmentscheduler.presentation.MainAppInternalsCoverageTest.lambda$32(MainAppInternalsCoverageTest.java:335)
	at org.mockito.internal.MockedStaticImpl.when(MockedStaticImpl.java:49)
	at com.appointmentscheduler/com.appointmentscheduler.presentation.MainAppInternalsCoverageTest.performLogout_whenAuditServiceNull_confirmTrue_stillLogsOut(MainAppInternalsCoverageTest.java:335)
	at java.base/jdk.internal.reflect.DirectMethodHandleAccessor.invoke(DirectMethodHandleAccessor.java:104)
	at java.base/java.lang.reflect.Method.invoke(Method.java:565)
	at org.junit.platform.commons.util.ReflectionUtils.invokeMethod(ReflectionUtils.java:728)
	at org.junit.jupiter.engine.execution.MethodInvocation.proceed(MethodInvocation.java:60)
	at org.junit.jupiter.engine.execution.InvocationInterceptorChain$ValidatingInvocation.proceed(InvocationInterceptorChain.java:131)
	at org.junit.jupiter.engine.extension.TimeoutExtension.intercept(TimeoutExtension.java:156)
	at org.junit.jupiter.engine.extension.TimeoutExtension.interceptTestableMethod(TimeoutExtension.java:147)
	at org.junit.jupiter.engine.extension.TimeoutExtension.interceptTestMethod(TimeoutExtension.java:86)
	at org.junit.jupiter.engine.execution.InterceptingExecutableInvoker$ReflectiveInterceptorCall.lambda$ofVoidMethod$0(InterceptingExecutableInvoker.java:103)
	at org.junit.jupiter.engine.execution.InterceptingExecutableInvoker.lambda$invoke$0(InterceptingExecutableInvoker.java:93)
	at org.junit.jupiter.engine.execution.InvocationInterceptorChain$InterceptedInvocation.proceed(InvocationInterceptorChain.java:106)
	at org.junit.jupiter.engine.execution.InvocationInterceptorChain.proceed(InvocationInterceptorChain.java:64)
	at org.junit.jupiter.engine.execution.InvocationInterceptorChain.chainAndInvoke(InvocationInterceptorChain.java:45)
	at org.junit.jupiter.engine.execution.InvocationInterceptorChain.invoke(InvocationInterceptorChain.java:37)
	at org.junit.jupiter.engine.execution.InterceptingExecutableInvoker.invoke(InterceptingExecutableInvoker.java:92)
	at org.junit.jupiter.engine.execution.InterceptingExecutableInvoker.invoke(InterceptingExecutableInvoker.java:86)
	at org.junit.jupiter.engine.descriptor.TestMethodTestDescriptor.lambda$invokeTestMethod$7(TestMethodTestDescriptor.java:218)
	at org.junit.platform.engine.support.hierarchical.ThrowableCollector.execute(ThrowableCollector.java:73)
	at org.junit.jupiter.engine.descriptor.TestMethodTestDescriptor.invokeTestMethod(TestMethodTestDescriptor.java:214)
	at org.junit.jupiter.engine.descriptor.TestMethodTestDescriptor.execute(TestMethodTestDescriptor.java:139)
	at org.junit.jupiter.engine.descriptor.TestMethodTestDescriptor.execute(TestMethodTestDescriptor.java:69)
	at org.junit.platform.engine.support.hierarchical.NodeTestTask.lambda$executeRecursively$6(NodeTestTask.java:151)
	at org.junit.platform.engine.support.hierarchical.ThrowableCollector.execute(ThrowableCollector.java:73)
	at org.junit.platform.engine.support.hierarchical.NodeTestTask.lambda$executeRecursively$8(NodeTestTask.java:141)
	at org.junit.platform.engine.support.hierarchical.Node.around(Node.java:137)
	at org.junit.platform.engine.support.hierarchical.NodeTestTask.lambda$executeRecursively$9(NodeTestTask.java:139)
	at org.junit.platform.engine.support.hierarchical.ThrowableCollector.execute(ThrowableCollector.java:73)
	at org.junit.platform.engine.support.hierarchical.NodeTestTask.executeRecursively(NodeTestTask.java:138)
	at org.junit.platform.engine.support.hierarchical.NodeTestTask.execute(NodeTestTask.java:95)
	at java.base/java.util.ArrayList.forEach(ArrayList.java:1604)
	at org.junit.platform.engine.support.hierarchical.SameThreadHierarchicalTestExecutorService.invokeAll(SameThreadHierarchicalTestExecutorService.java:41)
	at org.junit.platform.engine.support.hierarchical.NodeTestTask.lambda$executeRecursively$6(NodeTestTask.java:155)
	at org.junit.platform.engine.support.hierarchical.ThrowableCollector.execute(ThrowableCollector.java:73)
	at org.junit.platform.engine.support.hierarchical.NodeTestTask.lambda$executeRecursively$8(NodeTestTask.java:141)
	at org.junit.platform.engine.support.hierarchical.Node.around(Node.java:137)
	at org.junit.platform.engine.support.hierarchical.NodeTestTask.lambda$executeRecursively$9(NodeTestTask.java:139)
	at org.junit.platform.engine.support.hierarchical.ThrowableCollector.execute(ThrowableCollector.java:73)
	at org.junit.platform.engine.support.hierarchical.NodeTestTask.executeRecursively(NodeTestTask.java:138)
	at org.junit.platform.engine.support.hierarchical.NodeTestTask.execute(NodeTestTask.java:95)
	at java.base/java.util.ArrayList.forEach(ArrayList.java:1604)
	at org.junit.platform.engine.support.hierarchical.SameThreadHierarchicalTestExecutorService.invokeAll(SameThreadHierarchicalTestExecutorService.java:41)
	at org.junit.platform.engine.support.hierarchical.NodeTestTask.lambda$executeRecursively$6(NodeTestTask.java:155)
	at org.junit.platform.engine.support.hierarchical.ThrowableCollector.execute(ThrowableCollector.java:73)
	at org.junit.platform.engine.support.hierarchical.NodeTestTask.lambda$executeRecursively$8(NodeTestTask.java:141)
	at org.junit.platform.engine.support.hierarchical.Node.around(Node.java:137)
	at org.junit.platform.engine.support.hierarchical.NodeTestTask.lambda$executeRecursively$9(NodeTestTask.java:139)
	at org.junit.platform.engine.support.hierarchical.ThrowableCollector.execute(ThrowableCollector.java:73)
	at org.junit.platform.engine.support.hierarchical.NodeTestTask.executeRecursively(NodeTestTask.java:138)
	at org.junit.platform.engine.support.hierarchical.NodeTestTask.execute(NodeTestTask.java:95)
	at org.junit.platform.engine.support.hierarchical.SameThreadHierarchicalTestExecutorService.submit(SameThreadHierarchicalTestExecutorService.java:35)
	at org.junit.platform.engine.support.hierarchical.HierarchicalTestExecutor.execute(HierarchicalTestExecutor.java:57)
	at org.junit.platform.engine.support.hierarchical.HierarchicalTestEngine.execute(HierarchicalTestEngine.java:54)
	at org.junit.platform.launcher.core.EngineExecutionOrchestrator.execute(EngineExecutionOrchestrator.java:198)
	at org.junit.platform.launcher.core.EngineExecutionOrchestrator.execute(EngineExecutionOrchestrator.java:169)
	at org.junit.platform.launcher.core.EngineExecutionOrchestrator.execute(EngineExecutionOrchestrator.java:93)
	at org.junit.platform.launcher.core.EngineExecutionOrchestrator.lambda$execute$0(EngineExecutionOrchestrator.java:58)
	at org.junit.platform.launcher.core.EngineExecutionOrchestrator.withInterceptedStreams(EngineExecutionOrchestrator.java:141)
	at org.junit.platform.launcher.core.EngineExecutionOrchestrator.execute(EngineExecutionOrchestrator.java:57)
	at org.junit.platform.launcher.core.DefaultLauncher.execute(DefaultLauncher.java:103)
	at org.junit.platform.launcher.core.DefaultLauncher.execute(DefaultLauncher.java:85)
	at org.junit.platform.launcher.core.DelegatingLauncher.execute(DelegatingLauncher.java:47)
	at org.junit.platform.launcher.core.SessionPerRequestLauncher.execute(SessionPerRequestLauncher.java:63)
	at com.intellij.junit5.JUnit5IdeaTestRunner.startRunnerWithArgs(JUnit5IdeaTestRunner.java:66)
	at com.intellij.rt.junit.IdeaTestRunner$Repeater$1.execute(IdeaTestRunner.java:38)
	at com.intellij.rt.execution.junit.TestsRepeater.repeat(TestsRepeater.java:11)
	at com.intellij.rt.junit.IdeaTestRunner$Repeater.startRunnerWithArgs(IdeaTestRunner.java:35)
	at com.intellij.rt.junit.JUnitStarter.prepareStreamsAndStart(JUnitStarter.java:231)
	at com.intellij.rt.junit.JUnitStarter.main(JUnitStarter.java:55)
Caused by: javax.xml.stream.XMLStreamException: ParseError at [row,col]:[1,1]
Message: Content is not allowed in prolog.
	at java.xml/com.sun.org.apache.xerces.internal.impl.XMLStreamReaderImpl.next(XMLStreamReaderImpl.java:652)
	at java.xml/javax.xml.stream.util.StreamReaderDelegate.next(StreamReaderDelegate.java:84)
	at javafx.fxml/javafx.fxml.FXMLLoader.loadImpl(FXMLLoader.java:2627)
	... 89 common frames omitted
2026-04-19 10:47:12.819 [JavaFX Application Thread] ERROR c.appointmentscheduler.presentation.ErrorHandler - Failed to load screen: 
/C:/Users/PC/Desktop/software%20project/AppointmentSystem/target/test-classes/com/appointmentscheduler/presentation/

javafx.fxml.LoadException: 
/C:/Users/PC/Desktop/software%20project/AppointmentSystem/target/test-classes/com/appointmentscheduler/presentation/

	at javafx.fxml/javafx.fxml.FXMLLoader.constructLoadException(FXMLLoader.java:2714)
	at javafx.fxml/javafx.fxml.FXMLLoader.loadImpl(FXMLLoader.java:2657)
	at javafx.fxml/javafx.fxml.FXMLLoader.loadImpl(FXMLLoader.java:2555)
	at javafx.fxml/javafx.fxml.FXMLLoader.load(FXMLLoader.java:2523)
	at com.appointmentscheduler/com.appointmentscheduler.presentation.MainApp.loadScreen(MainApp.java:397)
	at java.base/java.lang.invoke.MethodHandle.invokeWithArguments(MethodHandle.java:735)
	at org.mockito.internal.util.reflection.InstrumentationMemberAccessor$Dispatcher$ByteBuddy$Sum9qNbl.invokeWithArguments(Unknown Source)
	at org.mockito.internal.util.reflection.InstrumentationMemberAccessor.invoke(InstrumentationMemberAccessor.java:265)
	at org.mockito.internal.util.reflection.ModuleMemberAccessor.invoke(ModuleMemberAccessor.java:55)
	at org.mockito.internal.creation.bytebuddy.MockMethodAdvice.tryInvoke(MockMethodAdvice.java:316)
	at org.mockito.internal.creation.bytebuddy.MockMethodAdvice$StaticMethodCall.invoke(MockMethodAdvice.java:308)
	at org.mockito.internal.invocation.InterceptedInvocation.callRealMethod(InterceptedInvocation.java:142)
	at org.mockito.internal.stubbing.answers.CallsRealMethods.answer(CallsRealMethods.java:45)
	at org.mockito.Answers.answer(Answers.java:90)
	at org.mockito.internal.handler.MockHandlerImpl.handle(MockHandlerImpl.java:111)
	at org.mockito.internal.handler.NullResultGuardian.handle(NullResultGuardian.java:29)
	at org.mockito.internal.handler.InvocationNotifierHandler.handle(InvocationNotifierHandler.java:34)
	at org.mockito.internal.creation.bytebuddy.access.MockMethodInterceptor.doIntercept(MockMethodInterceptor.java:84)
	at org.mockito.internal.creation.bytebuddy.MockMethodAdvice.handleStatic(MockMethodAdvice.java:150)
	at com.appointmentscheduler/com.appointmentscheduler.presentation.MainApp.loadScreen(MainApp.java:381)
	at com.appointmentscheduler/com.appointmentscheduler.presentation.MainAppInternalsCoverageTest.lambda$22(MainAppInternalsCoverageTest.java:234)
	at org.mockito.internal.MockedStaticImpl.when(MockedStaticImpl.java:49)
	at com.appointmentscheduler/com.appointmentscheduler.presentation.MainAppInternalsCoverageTest.performLogout_confirmFalseAndTrue_branches(MainAppInternalsCoverageTest.java:234)
	at java.base/jdk.internal.reflect.DirectMethodHandleAccessor.invoke(DirectMethodHandleAccessor.java:104)
	at java.base/java.lang.reflect.Method.invoke(Method.java:565)
	at org.junit.platform.commons.util.ReflectionUtils.invokeMethod(ReflectionUtils.java:728)
	at org.junit.jupiter.engine.execution.MethodInvocation.proceed(MethodInvocation.java:60)
	at org.junit.jupiter.engine.execution.InvocationInterceptorChain$ValidatingInvocation.proceed(InvocationInterceptorChain.java:131)
	at org.junit.jupiter.engine.extension.TimeoutExtension.intercept(TimeoutExtension.java:156)
	at org.junit.jupiter.engine.extension.TimeoutExtension.interceptTestableMethod(TimeoutExtension.java:147)
	at org.junit.jupiter.engine.extension.TimeoutExtension.interceptTestMethod(TimeoutExtension.java:86)
	at org.junit.jupiter.engine.execution.InterceptingExecutableInvoker$ReflectiveInterceptorCall.lambda$ofVoidMethod$0(InterceptingExecutableInvoker.java:103)
	at org.junit.jupiter.engine.execution.InterceptingExecutableInvoker.lambda$invoke$0(InterceptingExecutableInvoker.java:93)
	at org.junit.jupiter.engine.execution.InvocationInterceptorChain$InterceptedInvocation.proceed(InvocationInterceptorChain.java:106)
	at org.junit.jupiter.engine.execution.InvocationInterceptorChain.proceed(InvocationInterceptorChain.java:64)
	at org.junit.jupiter.engine.execution.InvocationInterceptorChain.chainAndInvoke(InvocationInterceptorChain.java:45)
	at org.junit.jupiter.engine.execution.InvocationInterceptorChain.invoke(InvocationInterceptorChain.java:37)
	at org.junit.jupiter.engine.execution.InterceptingExecutableInvoker.invoke(InterceptingExecutableInvoker.java:92)
	at org.junit.jupiter.engine.execution.InterceptingExecutableInvoker.invoke(InterceptingExecutableInvoker.java:86)
	at org.junit.jupiter.engine.descriptor.TestMethodTestDescriptor.lambda$invokeTestMethod$7(TestMethodTestDescriptor.java:218)
	at org.junit.platform.engine.support.hierarchical.ThrowableCollector.execute(ThrowableCollector.java:73)
	at org.junit.jupiter.engine.descriptor.TestMethodTestDescriptor.invokeTestMethod(TestMethodTestDescriptor.java:214)
	at org.junit.jupiter.engine.descriptor.TestMethodTestDescriptor.execute(TestMethodTestDescriptor.java:139)
	at org.junit.jupiter.engine.descriptor.TestMethodTestDescriptor.execute(TestMethodTestDescriptor.java:69)
	at org.junit.platform.engine.support.hierarchical.NodeTestTask.lambda$executeRecursively$6(NodeTestTask.java:151)
	at org.junit.platform.engine.support.hierarchical.ThrowableCollector.execute(ThrowableCollector.java:73)
	at org.junit.platform.engine.support.hierarchical.NodeTestTask.lambda$executeRecursively$8(NodeTestTask.java:141)
	at org.junit.platform.engine.support.hierarchical.Node.around(Node.java:137)
	at org.junit.platform.engine.support.hierarchical.NodeTestTask.lambda$executeRecursively$9(NodeTestTask.java:139)
	at org.junit.platform.engine.support.hierarchical.ThrowableCollector.execute(ThrowableCollector.java:73)
	at org.junit.platform.engine.support.hierarchical.NodeTestTask.executeRecursively(NodeTestTask.java:138)
	at org.junit.platform.engine.support.hierarchical.NodeTestTask.execute(NodeTestTask.java:95)
	at java.base/java.util.ArrayList.forEach(ArrayList.java:1604)
	at org.junit.platform.engine.support.hierarchical.SameThreadHierarchicalTestExecutorService.invokeAll(SameThreadHierarchicalTestExecutorService.java:41)
	at org.junit.platform.engine.support.hierarchical.NodeTestTask.lambda$executeRecursively$6(NodeTestTask.java:155)
	at org.junit.platform.engine.support.hierarchical.ThrowableCollector.execute(ThrowableCollector.java:73)
	at org.junit.platform.engine.support.hierarchical.NodeTestTask.lambda$executeRecursively$8(NodeTestTask.java:141)
	at org.junit.platform.engine.support.hierarchical.Node.around(Node.java:137)
	at org.junit.platform.engine.support.hierarchical.NodeTestTask.lambda$executeRecursively$9(NodeTestTask.java:139)
	at org.junit.platform.engine.support.hierarchical.ThrowableCollector.execute(ThrowableCollector.java:73)
	at org.junit.platform.engine.support.hierarchical.NodeTestTask.executeRecursively(NodeTestTask.java:138)
	at org.junit.platform.engine.support.hierarchical.NodeTestTask.execute(NodeTestTask.java:95)
	at java.base/java.util.ArrayList.forEach(ArrayList.java:1604)
	at org.junit.platform.engine.support.hierarchical.SameThreadHierarchicalTestExecutorService.invokeAll(SameThreadHierarchicalTestExecutorService.java:41)
	at org.junit.platform.engine.support.hierarchical.NodeTestTask.lambda$executeRecursively$6(NodeTestTask.java:155)
	at org.junit.platform.engine.support.hierarchical.ThrowableCollector.execute(ThrowableCollector.java:73)
	at org.junit.platform.engine.support.hierarchical.NodeTestTask.lambda$executeRecursively$8(NodeTestTask.java:141)
	at org.junit.platform.engine.support.hierarchical.Node.around(Node.java:137)
	at org.junit.platform.engine.support.hierarchical.NodeTestTask.lambda$executeRecursively$9(NodeTestTask.java:139)
	at org.junit.platform.engine.support.hierarchical.ThrowableCollector.execute(ThrowableCollector.java:73)
	at org.junit.platform.engine.support.hierarchical.NodeTestTask.executeRecursively(NodeTestTask.java:138)
	at org.junit.platform.engine.support.hierarchical.NodeTestTask.execute(NodeTestTask.java:95)
	at org.junit.platform.engine.support.hierarchical.SameThreadHierarchicalTestExecutorService.submit(SameThreadHierarchicalTestExecutorService.java:35)
	at org.junit.platform.engine.support.hierarchical.HierarchicalTestExecutor.execute(HierarchicalTestExecutor.java:57)
	at org.junit.platform.engine.support.hierarchical.HierarchicalTestEngine.execute(HierarchicalTestEngine.java:54)
	at org.junit.platform.launcher.core.EngineExecutionOrchestrator.execute(EngineExecutionOrchestrator.java:198)
	at org.junit.platform.launcher.core.EngineExecutionOrchestrator.execute(EngineExecutionOrchestrator.java:169)
	at org.junit.platform.launcher.core.EngineExecutionOrchestrator.execute(EngineExecutionOrchestrator.java:93)
	at org.junit.platform.launcher.core.EngineExecutionOrchestrator.lambda$execute$0(EngineExecutionOrchestrator.java:58)
	at org.junit.platform.launcher.core.EngineExecutionOrchestrator.withInterceptedStreams(EngineExecutionOrchestrator.java:141)
	at org.junit.platform.launcher.core.EngineExecutionOrchestrator.execute(EngineExecutionOrchestrator.java:57)
	at org.junit.platform.launcher.core.DefaultLauncher.execute(DefaultLauncher.java:103)
	at org.junit.platform.launcher.core.DefaultLauncher.execute(DefaultLauncher.java:85)
	at org.junit.platform.launcher.core.DelegatingLauncher.execute(DelegatingLauncher.java:47)
	at org.junit.platform.launcher.core.SessionPerRequestLauncher.execute(SessionPerRequestLauncher.java:63)
	at com.intellij.junit5.JUnit5IdeaTestRunner.startRunnerWithArgs(JUnit5IdeaTestRunner.java:66)
	at com.intellij.rt.junit.IdeaTestRunner$Repeater$1.execute(IdeaTestRunner.java:38)
	at com.intellij.rt.execution.junit.TestsRepeater.repeat(TestsRepeater.java:11)
	at com.intellij.rt.junit.IdeaTestRunner$Repeater.startRunnerWithArgs(IdeaTestRunner.java:35)
	at com.intellij.rt.junit.JUnitStarter.prepareStreamsAndStart(JUnitStarter.java:231)
	at com.intellij.rt.junit.JUnitStarter.main(JUnitStarter.java:55)
Caused by: javax.xml.stream.XMLStreamException: ParseError at [row,col]:[1,1]
Message: Content is not allowed in prolog.
	at java.xml/com.sun.org.apache.xerces.internal.impl.XMLStreamReaderImpl.next(XMLStreamReaderImpl.java:652)
	at java.xml/javax.xml.stream.util.StreamReaderDelegate.next(StreamReaderDelegate.java:84)
	at javafx.fxml/javafx.fxml.FXMLLoader.loadImpl(FXMLLoader.java:2627)
	... 89 common frames omitted
2026-04-19 10:47:12.821 [JavaFX Application Thread] ERROR c.appointmentscheduler.presentation.ErrorHandler - Failed to load screen: 
/C:/Users/PC/Desktop/software%20project/AppointmentSystem/target/test-classes/com/appointmentscheduler/presentation/

javafx.fxml.LoadException: 
/C:/Users/PC/Desktop/software%20project/AppointmentSystem/target/test-classes/com/appointmentscheduler/presentation/

	at javafx.fxml/javafx.fxml.FXMLLoader.constructLoadException(FXMLLoader.java:2714)
	at javafx.fxml/javafx.fxml.FXMLLoader.loadImpl(FXMLLoader.java:2657)
	at javafx.fxml/javafx.fxml.FXMLLoader.loadImpl(FXMLLoader.java:2555)
	at javafx.fxml/javafx.fxml.FXMLLoader.load(FXMLLoader.java:2523)
	at com.appointmentscheduler/com.appointmentscheduler.presentation.MainApp.loadScreen(MainApp.java:397)
	at java.base/java.lang.invoke.MethodHandle.invokeWithArguments(MethodHandle.java:735)
	at org.mockito.internal.util.reflection.InstrumentationMemberAccessor$Dispatcher$ByteBuddy$Sum9qNbl.invokeWithArguments(Unknown Source)
	at org.mockito.internal.util.reflection.InstrumentationMemberAccessor.invoke(InstrumentationMemberAccessor.java:265)
	at org.mockito.internal.util.reflection.ModuleMemberAccessor.invoke(ModuleMemberAccessor.java:55)
	at org.mockito.internal.creation.bytebuddy.MockMethodAdvice.tryInvoke(MockMethodAdvice.java:316)
	at org.mockito.internal.creation.bytebuddy.MockMethodAdvice$StaticMethodCall.invoke(MockMethodAdvice.java:308)
	at org.mockito.internal.invocation.InterceptedInvocation.callRealMethod(InterceptedInvocation.java:142)
	at org.mockito.internal.stubbing.answers.CallsRealMethods.answer(CallsRealMethods.java:45)
	at org.mockito.Answers.answer(Answers.java:90)
	at org.mockito.internal.handler.MockHandlerImpl.handle(MockHandlerImpl.java:111)
	at org.mockito.internal.handler.NullResultGuardian.handle(NullResultGuardian.java:29)
	at org.mockito.internal.handler.InvocationNotifierHandler.handle(InvocationNotifierHandler.java:34)
	at org.mockito.internal.creation.bytebuddy.access.MockMethodInterceptor.doIntercept(MockMethodInterceptor.java:84)
	at org.mockito.internal.creation.bytebuddy.MockMethodAdvice.handleStatic(MockMethodAdvice.java:150)
	at com.appointmentscheduler/com.appointmentscheduler.presentation.MainApp.loadScreen(MainApp.java:381)
	at com.appointmentscheduler/com.appointmentscheduler.presentation.MainAppInternalsCoverageTest.lambda$25(MainAppInternalsCoverageTest.java:251)
	at org.mockito.internal.MockedStaticImpl.when(MockedStaticImpl.java:49)
	at com.appointmentscheduler/com.appointmentscheduler.presentation.MainAppInternalsCoverageTest.performLogout_withNullCurrentUser_and_loadScreenReentryGuard(MainAppInternalsCoverageTest.java:251)
	at java.base/jdk.internal.reflect.DirectMethodHandleAccessor.invoke(DirectMethodHandleAccessor.java:104)
	at java.base/java.lang.reflect.Method.invoke(Method.java:565)
	at org.junit.platform.commons.util.ReflectionUtils.invokeMethod(ReflectionUtils.java:728)
	at org.junit.jupiter.engine.execution.MethodInvocation.proceed(MethodInvocation.java:60)
	at org.junit.jupiter.engine.execution.InvocationInterceptorChain$ValidatingInvocation.proceed(InvocationInterceptorChain.java:131)
	at org.junit.jupiter.engine.extension.TimeoutExtension.intercept(TimeoutExtension.java:156)
	at org.junit.jupiter.engine.extension.TimeoutExtension.interceptTestableMethod(TimeoutExtension.java:147)
	at org.junit.jupiter.engine.extension.TimeoutExtension.interceptTestMethod(TimeoutExtension.java:86)
	at org.junit.jupiter.engine.execution.InterceptingExecutableInvoker$ReflectiveInterceptorCall.lambda$ofVoidMethod$0(InterceptingExecutableInvoker.java:103)
	at org.junit.jupiter.engine.execution.InterceptingExecutableInvoker.lambda$invoke$0(InterceptingExecutableInvoker.java:93)
	at org.junit.jupiter.engine.execution.InvocationInterceptorChain$InterceptedInvocation.proceed(InvocationInterceptorChain.java:106)
	at org.junit.jupiter.engine.execution.InvocationInterceptorChain.proceed(InvocationInterceptorChain.java:64)
	at org.junit.jupiter.engine.execution.InvocationInterceptorChain.chainAndInvoke(InvocationInterceptorChain.java:45)
	at org.junit.jupiter.engine.execution.InvocationInterceptorChain.invoke(InvocationInterceptorChain.java:37)
	at org.junit.jupiter.engine.execution.InterceptingExecutableInvoker.invoke(InterceptingExecutableInvoker.java:92)
	at org.junit.jupiter.engine.execution.InterceptingExecutableInvoker.invoke(InterceptingExecutableInvoker.java:86)
	at org.junit.jupiter.engine.descriptor.TestMethodTestDescriptor.lambda$invokeTestMethod$7(TestMethodTestDescriptor.java:218)
	at org.junit.platform.engine.support.hierarchical.ThrowableCollector.execute(ThrowableCollector.java:73)
	at org.junit.jupiter.engine.descriptor.TestMethodTestDescriptor.invokeTestMethod(TestMethodTestDescriptor.java:214)
	at org.junit.jupiter.engine.descriptor.TestMethodTestDescriptor.execute(TestMethodTestDescriptor.java:139)
	at org.junit.jupiter.engine.descriptor.TestMethodTestDescriptor.execute(TestMethodTestDescriptor.java:69)
	at org.junit.platform.engine.support.hierarchical.NodeTestTask.lambda$executeRecursively$6(NodeTestTask.java:151)
	at org.junit.platform.engine.support.hierarchical.ThrowableCollector.execute(ThrowableCollector.java:73)
	at org.junit.platform.engine.support.hierarchical.NodeTestTask.lambda$executeRecursively$8(NodeTestTask.java:141)
	at org.junit.platform.engine.support.hierarchical.Node.around(Node.java:137)
	at org.junit.platform.engine.support.hierarchical.NodeTestTask.lambda$executeRecursively$9(NodeTestTask.java:139)
	at org.junit.platform.engine.support.hierarchical.ThrowableCollector.execute(ThrowableCollector.java:73)
	at org.junit.platform.engine.support.hierarchical.NodeTestTask.executeRecursively(NodeTestTask.java:138)
	at org.junit.platform.engine.support.hierarchical.NodeTestTask.execute(NodeTestTask.java:95)
	at java.base/java.util.ArrayList.forEach(ArrayList.java:1604)
	at org.junit.platform.engine.support.hierarchical.SameThreadHierarchicalTestExecutorService.invokeAll(SameThreadHierarchicalTestExecutorService.java:41)
	at org.junit.platform.engine.support.hierarchical.NodeTestTask.lambda$executeRecursively$6(NodeTestTask.java:155)
	at org.junit.platform.engine.support.hierarchical.ThrowableCollector.execute(ThrowableCollector.java:73)
	at org.junit.platform.engine.support.hierarchical.NodeTestTask.lambda$executeRecursively$8(NodeTestTask.java:141)
	at org.junit.platform.engine.support.hierarchical.Node.around(Node.java:137)
	at org.junit.platform.engine.support.hierarchical.NodeTestTask.lambda$executeRecursively$9(NodeTestTask.java:139)
	at org.junit.platform.engine.support.hierarchical.ThrowableCollector.execute(ThrowableCollector.java:73)
	at org.junit.platform.engine.support.hierarchical.NodeTestTask.executeRecursively(NodeTestTask.java:138)
	at org.junit.platform.engine.support.hierarchical.NodeTestTask.execute(NodeTestTask.java:95)
	at java.base/java.util.ArrayList.forEach(ArrayList.java:1604)
	at org.junit.platform.engine.support.hierarchical.SameThreadHierarchicalTestExecutorService.invokeAll(SameThreadHierarchicalTestExecutorService.java:41)
	at org.junit.platform.engine.support.hierarchical.NodeTestTask.lambda$executeRecursively$6(NodeTestTask.java:155)
	at org.junit.platform.engine.support.hierarchical.ThrowableCollector.execute(ThrowableCollector.java:73)
	at org.junit.platform.engine.support.hierarchical.NodeTestTask.lambda$executeRecursively$8(NodeTestTask.java:141)
	at org.junit.platform.engine.support.hierarchical.Node.around(Node.java:137)
	at org.junit.platform.engine.support.hierarchical.NodeTestTask.lambda$executeRecursively$9(NodeTestTask.java:139)
	at org.junit.platform.engine.support.hierarchical.ThrowableCollector.execute(ThrowableCollector.java:73)
	at org.junit.platform.engine.support.hierarchical.NodeTestTask.executeRecursively(NodeTestTask.java:138)
	at org.junit.platform.engine.support.hierarchical.NodeTestTask.execute(NodeTestTask.java:95)
	at org.junit.platform.engine.support.hierarchical.SameThreadHierarchicalTestExecutorService.submit(SameThreadHierarchicalTestExecutorService.java:35)
	at org.junit.platform.engine.support.hierarchical.HierarchicalTestExecutor.execute(HierarchicalTestExecutor.java:57)
	at org.junit.platform.engine.support.hierarchical.HierarchicalTestEngine.execute(HierarchicalTestEngine.java:54)
	at org.junit.platform.launcher.core.EngineExecutionOrchestrator.execute(EngineExecutionOrchestrator.java:198)
	at org.junit.platform.launcher.core.EngineExecutionOrchestrator.execute(EngineExecutionOrchestrator.java:169)
	at org.junit.platform.launcher.core.EngineExecutionOrchestrator.execute(EngineExecutionOrchestrator.java:93)
	at org.junit.platform.launcher.core.EngineExecutionOrchestrator.lambda$execute$0(EngineExecutionOrchestrator.java:58)
	at org.junit.platform.launcher.core.EngineExecutionOrchestrator.withInterceptedStreams(EngineExecutionOrchestrator.java:141)
	at org.junit.platform.launcher.core.EngineExecutionOrchestrator.execute(EngineExecutionOrchestrator.java:57)
	at org.junit.platform.launcher.core.DefaultLauncher.execute(DefaultLauncher.java:103)
	at org.junit.platform.launcher.core.DefaultLauncher.execute(DefaultLauncher.java:85)
	at org.junit.platform.launcher.core.DelegatingLauncher.execute(DelegatingLauncher.java:47)
	at org.junit.platform.launcher.core.SessionPerRequestLauncher.execute(SessionPerRequestLauncher.java:63)
	at com.intellij.junit5.JUnit5IdeaTestRunner.startRunnerWithArgs(JUnit5IdeaTestRunner.java:66)
	at com.intellij.rt.junit.IdeaTestRunner$Repeater$1.execute(IdeaTestRunner.java:38)
	at com.intellij.rt.execution.junit.TestsRepeater.repeat(TestsRepeater.java:11)
	at com.intellij.rt.junit.IdeaTestRunner$Repeater.startRunnerWithArgs(IdeaTestRunner.java:35)
	at com.intellij.rt.junit.JUnitStarter.prepareStreamsAndStart(JUnitStarter.java:231)
	at com.intellij.rt.junit.JUnitStarter.main(JUnitStarter.java:55)
Caused by: javax.xml.stream.XMLStreamException: ParseError at [row,col]:[1,1]
Message: Content is not allowed in prolog.
	at java.xml/com.sun.org.apache.xerces.internal.impl.XMLStreamReaderImpl.next(XMLStreamReaderImpl.java:652)
	at java.xml/javax.xml.stream.util.StreamReaderDelegate.next(StreamReaderDelegate.java:84)
	at javafx.fxml/javafx.fxml.FXMLLoader.loadImpl(FXMLLoader.java:2627)
	... 89 common frames omitted
2026-04-19 10:47:12.989 [main] DEBUG com.appointmentscheduler.application.AppConfig - Application configuration loaded
2026-04-19 10:47:12.990 [main] DEBUG com.appointmentscheduler.application.AppConfig - Merged application-local.properties
2026-04-19 10:47:13.003 [main] DEBUG com.appointmentscheduler.application.AppConfig - Application configuration loaded
2026-04-19 10:47:13.003 [main] DEBUG com.appointmentscheduler.application.AppConfig - Merged application-local.properties
2026-04-19 10:47:13.006 [main] DEBUG com.appointmentscheduler.application.AppConfig - Application configuration loaded
2026-04-19 10:47:13.007 [main] DEBUG com.appointmentscheduler.application.AppConfig - Merged application-local.properties
2026-04-19 10:47:14.553 [main] DEBUG com.appointmentscheduler.application.AppConfig - Application configuration loaded
2026-04-19 10:47:14.554 [main] DEBUG com.appointmentscheduler.application.AppConfig - Merged application-local.properties
2026-04-19 10:47:14.555 [main] DEBUG com.appointmentscheduler.application.AppConfig - Application configuration loaded
2026-04-19 10:47:14.556 [main] DEBUG com.appointmentscheduler.application.AppConfig - Merged application-local.properties
2026-04-19 10:47:14.557 [main] DEBUG com.appointmentscheduler.application.AppConfig - Application configuration loaded
2026-04-19 10:47:14.558 [main] DEBUG com.appointmentscheduler.application.AppConfig - Merged application-local.properties
2026-04-19 10:47:14.560 [main] DEBUG com.appointmentscheduler.application.AppConfig - Application configuration loaded
2026-04-19 10:47:14.561 [main] DEBUG com.appointmentscheduler.application.AppConfig - Merged application-local.properties
2026-04-19 10:47:16.476 [main] INFO  c.a.persistence.database.DatabaseConfig - Database connection pool initialized: jdbc:mysql://localhost:3306/appointment
2026-04-19 10:47:16.477 [main] INFO  c.a.persistence.database.DatabaseConfig - MySQL: table app_user verified/created
2026-04-19 10:47:16.478 [main] ERROR c.a.persistence.database.DatabaseConfig - MySQL schema setup failed: fatal
2026-04-19 10:47:16.479 [main] INFO  c.a.persistence.database.DatabaseConfig - Database connection pool closed
2026-04-19 10:47:16.487 [main] INFO  c.a.persistence.database.DatabaseConfig - Database connection pool initialized: jdbc:mysql://localhost:3306/appointment
2026-04-19 10:47:16.487 [main] INFO  c.a.persistence.database.DatabaseConfig - MySQL: table app_user verified/created
2026-04-19 10:47:16.487 [main] DEBUG c.a.persistence.database.DatabaseConfig - MySQL (skipped): ALTER TABLE appointment ADD COLUMN customer_notes VARCHAR(2000) NULL — Table 'appointment' doesn't exist
2026-04-19 10:47:16.488 [main] DEBUG c.a.persistence.database.DatabaseConfig - MySQL (skipped): ALTER TABLE appointment ADD COLUMN contact_phone VARCHAR(64) NULL — Table 'appointment' doesn't exist
2026-04-19 10:47:16.488 [main] DEBUG c.a.persistence.database.DatabaseConfig - MySQL (skipped): ALTER TABLE appointment ADD COLUMN reminder_channel VARCHAR(32) NULL — Table 'appointment' doesn't exist
2026-04-19 10:47:16.489 [main] DEBUG c.a.persistence.database.DatabaseConfig - MySQL (skipped): ALTER TABLE appointment ADD COLUMN accessibility_needs VARCHAR(512) NULL — Table 'appointment' doesn't exist
2026-04-19 10:47:16.490 [main] DEBUG c.a.persistence.database.DatabaseConfig - MySQL (skipped): ALTER TABLE appointment ADD COLUMN preferred_language VARCHAR(16) NULL — Table 'appointment' doesn't exist
2026-04-19 10:47:16.495 [main] INFO  c.a.persistence.database.DatabaseConfig - Database connection pool closed
2026-04-19 10:47:16.500 [main] INFO  c.a.persistence.database.DatabaseConfig - Database connection pool initialized: jdbc:mysql://localhost:3306/appointment
2026-04-19 10:47:16.500 [main] INFO  c.a.persistence.database.DatabaseConfig - MySQL: table app_user verified/created
2026-04-19 10:47:16.500 [main] INFO  c.a.persistence.database.DatabaseConfig - MySQL: ALTER TABLE appointment ADD COLUMN customer_notes VARCHAR(2000) NULL
2026-04-19 10:47:16.501 [main] INFO  c.a.persistence.database.DatabaseConfig - MySQL: ALTER TABLE appointment ADD COLUMN contact_phone VARCHAR(64) NULL
2026-04-19 10:47:16.501 [main] INFO  c.a.persistence.database.DatabaseConfig - MySQL: ALTER TABLE appointment ADD COLUMN reminder_channel VARCHAR(32) NULL
2026-04-19 10:47:16.501 [main] INFO  c.a.persistence.database.DatabaseConfig - MySQL: ALTER TABLE appointment ADD COLUMN accessibility_needs VARCHAR(512) NULL
2026-04-19 10:47:16.501 [main] INFO  c.a.persistence.database.DatabaseConfig - MySQL: ALTER TABLE appointment ADD COLUMN preferred_language VARCHAR(16) NULL
2026-04-19 10:47:16.502 [main] INFO  c.a.persistence.database.DatabaseConfig - Database connection pool closed
2026-04-19 10:47:16.508 [main] INFO  c.a.persistence.database.DatabaseConfig - Database connection pool initialized: jdbc:mysql://localhost:3306/appointment
2026-04-19 10:47:16.509 [main] INFO  c.a.persistence.database.DatabaseConfig - MySQL: table app_user verified/created
2026-04-19 10:47:16.509 [main] INFO  c.a.persistence.database.DatabaseConfig - MySQL: ALTER TABLE appointment ADD COLUMN customer_notes VARCHAR(2000) NULL
2026-04-19 10:47:16.510 [main] INFO  c.a.persistence.database.DatabaseConfig - MySQL: ALTER TABLE appointment ADD COLUMN contact_phone VARCHAR(64) NULL
2026-04-19 10:47:16.510 [main] INFO  c.a.persistence.database.DatabaseConfig - MySQL: ALTER TABLE appointment ADD COLUMN reminder_channel VARCHAR(32) NULL
2026-04-19 10:47:16.510 [main] INFO  c.a.persistence.database.DatabaseConfig - MySQL: ALTER TABLE appointment ADD COLUMN accessibility_needs VARCHAR(512) NULL
2026-04-19 10:47:16.510 [main] INFO  c.a.persistence.database.DatabaseConfig - MySQL: ALTER TABLE appointment ADD COLUMN preferred_language VARCHAR(16) NULL
2026-04-19 10:47:16.511 [main] INFO  c.a.persistence.database.DatabaseConfig - Database connection pool closed
2026-04-19 10:47:16.517 [main] INFO  c.a.persistence.database.DatabaseConfig - Database connection pool initialized: jdbc:mysql://localhost:3306/appointment
2026-04-19 10:47:16.517 [main] INFO  c.a.persistence.database.DatabaseConfig - MySQL: table app_user verified/created
2026-04-19 10:47:16.518 [main] DEBUG c.a.persistence.database.DatabaseConfig - MySQL (skipped): ALTER TABLE appointment ADD COLUMN customer_notes VARCHAR(2000) NULL — Duplicate column
2026-04-19 10:47:16.518 [main] DEBUG c.a.persistence.database.DatabaseConfig - MySQL (skipped): ALTER TABLE appointment ADD COLUMN contact_phone VARCHAR(64) NULL — Duplicate column
2026-04-19 10:47:16.518 [main] DEBUG c.a.persistence.database.DatabaseConfig - MySQL (skipped): ALTER TABLE appointment ADD COLUMN reminder_channel VARCHAR(32) NULL — Duplicate column
2026-04-19 10:47:16.519 [main] DEBUG c.a.persistence.database.DatabaseConfig - MySQL (skipped): ALTER TABLE appointment ADD COLUMN accessibility_needs VARCHAR(512) NULL — Duplicate column
2026-04-19 10:47:16.519 [main] DEBUG c.a.persistence.database.DatabaseConfig - MySQL (skipped): ALTER TABLE appointment ADD COLUMN preferred_language VARCHAR(16) NULL — Duplicate column
2026-04-19 10:47:16.520 [main] INFO  c.a.persistence.database.DatabaseConfig - Database connection pool closed
2026-04-19 10:47:16.732 [main] INFO  c.a.persistence.database.DatabaseConfig - Database connection pool initialized: jdbc:h2:mem:cfg_flyway_46112843093800;DB_CLOSE_DELAY=-1
2026-04-19 10:47:16.735 [main] INFO  c.a.persistence.database.DatabaseConfig - Flyway migrations executed: 0
2026-04-19 10:47:16.736 [main] INFO  c.a.persistence.database.DatabaseConfig - Database connection pool closed
2026-04-19 10:47:16.741 [main] INFO  c.a.persistence.database.DatabaseConfig - Database connection pool initialized: jdbc:mysql://localhost:3306/appointment
2026-04-19 10:47:16.741 [main] INFO  c.a.persistence.database.DatabaseConfig - MySQL: table app_user verified/created
2026-04-19 10:47:16.742 [main] INFO  c.a.persistence.database.DatabaseConfig - MySQL: ALTER TABLE appointment ADD COLUMN customer_notes VARCHAR(2000) NULL
2026-04-19 10:47:16.742 [main] INFO  c.a.persistence.database.DatabaseConfig - MySQL: ALTER TABLE appointment ADD COLUMN contact_phone VARCHAR(64) NULL
2026-04-19 10:47:16.742 [main] INFO  c.a.persistence.database.DatabaseConfig - MySQL: ALTER TABLE appointment ADD COLUMN reminder_channel VARCHAR(32) NULL
2026-04-19 10:47:16.742 [main] INFO  c.a.persistence.database.DatabaseConfig - MySQL: ALTER TABLE appointment ADD COLUMN accessibility_needs VARCHAR(512) NULL
2026-04-19 10:47:16.743 [main] INFO  c.a.persistence.database.DatabaseConfig - MySQL: ALTER TABLE appointment ADD COLUMN preferred_language VARCHAR(16) NULL
2026-04-19 10:47:16.743 [main] INFO  c.a.persistence.database.DatabaseConfig - Database connection pool closed
2026-04-19 10:47:16.749 [main] INFO  c.a.persistence.database.DatabaseConfig - Database connection pool initialized: jdbc:mysql://localhost:3306/appointment
2026-04-19 10:47:16.749 [main] ERROR c.a.persistence.database.DatabaseConfig - MySQL schema setup failed: no route
2026-04-19 10:47:16.750 [main] INFO  c.a.persistence.database.DatabaseConfig - Database connection pool closed
2026-04-19 10:47:16.753 [main] INFO  c.a.persistence.database.DatabaseConfig - Database connection pool closed
2026-04-19 10:47:16.758 [main] INFO  c.a.persistence.database.DatabaseConfig - Database connection pool closed
2026-04-19 10:47:16.763 [main] INFO  c.a.persistence.database.DatabaseConfig - Database connection pool initialized: JDBC:POSTGRESQL://DB:5432/appointment
2026-04-19 10:47:16.763 [main] INFO  c.a.persistence.database.DatabaseConfig - PostgreSQL: schema and table appointment.app_user verified/created
2026-04-19 10:47:16.764 [main] INFO  c.a.persistence.database.DatabaseConfig - Database connection pool closed
2026-04-19 10:47:16.767 [main] INFO  c.a.persistence.database.DatabaseConfig - Database connection pool initialized: jdbc:mysql://localhost:3306/appointment
2026-04-19 10:47:16.768 [main] INFO  c.a.persistence.database.DatabaseConfig - MySQL: table app_user verified/created
2026-04-19 10:47:16.768 [main] DEBUG c.a.persistence.database.DatabaseConfig - MySQL (skipped): ALTER TABLE appointment ADD COLUMN customer_notes VARCHAR(2000) NULL — Duplicate column name 'customer_notes'
2026-04-19 10:47:16.769 [main] DEBUG c.a.persistence.database.DatabaseConfig - MySQL (skipped): ALTER TABLE appointment ADD COLUMN contact_phone VARCHAR(64) NULL — Duplicate column name 'customer_notes'
2026-04-19 10:47:16.769 [main] DEBUG c.a.persistence.database.DatabaseConfig - MySQL (skipped): ALTER TABLE appointment ADD COLUMN reminder_channel VARCHAR(32) NULL — Duplicate column name 'customer_notes'
2026-04-19 10:47:16.769 [main] DEBUG c.a.persistence.database.DatabaseConfig - MySQL (skipped): ALTER TABLE appointment ADD COLUMN accessibility_needs VARCHAR(512) NULL — Duplicate column name 'customer_notes'
2026-04-19 10:47:16.769 [main] DEBUG c.a.persistence.database.DatabaseConfig - MySQL (skipped): ALTER TABLE appointment ADD COLUMN preferred_language VARCHAR(16) NULL — Duplicate column name 'customer_notes'
2026-04-19 10:47:16.770 [main] INFO  c.a.persistence.database.DatabaseConfig - Database connection pool closed
2026-04-19 10:47:16.776 [main] INFO  c.a.persistence.database.DatabaseConfig - Database connection pool initialized: jdbc:mysql://localhost:3306/appointment
2026-04-19 10:47:16.777 [main] ERROR c.a.persistence.database.DatabaseConfig - MySQL schema setup failed: denied
2026-04-19 10:47:16.777 [main] INFO  c.a.persistence.database.DatabaseConfig - Database connection pool closed
2026-04-19 10:47:16.782 [main] INFO  c.a.persistence.database.DatabaseConfig - Database connection pool initialized: jdbc:postgresql://localhost:5432/appointment
2026-04-19 10:47:16.783 [main] ERROR c.a.persistence.database.DatabaseConfig - PostgreSQL schema setup failed: role does not exist
2026-04-19 10:47:16.783 [main] INFO  c.a.persistence.database.DatabaseConfig - Database connection pool closed
2026-04-19 10:47:16.789 [main] INFO  c.a.persistence.database.DatabaseConfig - Database connection pool initialized: jdbc:postgresql://localhost:5432/appointment
2026-04-19 10:47:16.790 [main] INFO  c.a.persistence.database.DatabaseConfig - PostgreSQL: schema and table appointment.app_user verified/created
2026-04-19 10:47:16.790 [main] INFO  c.a.persistence.database.DatabaseConfig - Database connection pool closed
2026-04-19 10:47:16.793 [main] INFO  c.a.persistence.database.DatabaseConfig - Database connection pool closed
2026-04-19 10:47:16.795 [main] INFO  c.a.persistence.database.DatabaseConfig - Database connection pool closed
2026-04-19 10:47:16.801 [main] INFO  c.a.persistence.database.DatabaseConfig - Database connection pool initialized: jdbc:mariadb://localhost:3306/appointment
2026-04-19 10:47:16.802 [main] INFO  c.a.persistence.database.DatabaseConfig - Flyway migrations executed: 0
2026-04-19 10:47:16.802 [main] INFO  c.a.persistence.database.DatabaseConfig - Database connection pool closed
2026-04-19 10:47:16.818 [main] INFO  c.a.persistence.database.DatabaseConfig - Database connection pool initialized: null
2026-04-19 10:47:16.819 [main] INFO  c.a.persistence.database.DatabaseConfig - Flyway migrations executed: 0
2026-04-19 10:47:16.820 [main] INFO  c.a.persistence.database.DatabaseConfig - Database connection pool closed
2026-04-19 10:47:17.363 [main] INFO  com.zaxxer.hikari.HikariDataSource - HikariPool-1 - Starting...
2026-04-19 10:47:18.080 [main] INFO  com.zaxxer.hikari.pool.HikariPool - HikariPool-1 - Added connection conn0: url=jdbc:h2:mem:jdbc_repo_test user=SA
2026-04-19 10:47:18.083 [main] INFO  com.zaxxer.hikari.HikariDataSource - HikariPool-1 - Start completed.
2026-04-19 10:47:18.514 [main] INFO  com.zaxxer.hikari.HikariDataSource - HikariPool-1 - Shutdown initiated...
2026-04-19 10:47:18.517 [main] INFO  com.zaxxer.hikari.HikariDataSource - HikariPool-1 - Shutdown completed.
2026-04-19 10:47:18.613 [JavaFX Application Thread] INFO  com.zaxxer.hikari.HikariDataSource - AppointmentBookingPool - Starting...
2026-04-19 10:47:18.985 [JavaFX Application Thread] INFO  com.zaxxer.hikari.pool.HikariPool - AppointmentBookingPool - Added connection com.mysql.cj.jdbc.ConnectionImpl@18990864
2026-04-19 10:47:18.985 [JavaFX Application Thread] INFO  com.zaxxer.hikari.HikariDataSource - AppointmentBookingPool - Start completed.
2026-04-19 10:47:18.985 [JavaFX Application Thread] INFO  c.a.persistence.database.DatabaseConfig - Database connection pool initialized: jdbc:mysql://localhost:3306/appointment?useUnicode=true&characterEncoding=UTF-8&serverTimezone=UTC&useSSL=false&allowPublicKeyRetrieval=true
2026-04-19 10:47:19.000 [JavaFX Application Thread] INFO  c.a.persistence.database.DatabaseConfig - MySQL: table app_user verified/created
2026-04-19 10:47:19.016 [JavaFX Application Thread] DEBUG c.a.persistence.database.DatabaseConfig - MySQL (skipped): ALTER TABLE appointment ADD COLUMN customer_notes VARCHAR(2000) NULL — Duplicate column name 'customer_notes'
2026-04-19 10:47:19.017 [JavaFX Application Thread] DEBUG c.a.persistence.database.DatabaseConfig - MySQL (skipped): ALTER TABLE appointment ADD COLUMN contact_phone VARCHAR(64) NULL — Duplicate column name 'contact_phone'
2026-04-19 10:47:19.018 [JavaFX Application Thread] DEBUG c.a.persistence.database.DatabaseConfig - MySQL (skipped): ALTER TABLE appointment ADD COLUMN reminder_channel VARCHAR(32) NULL — Duplicate column name 'reminder_channel'
2026-04-19 10:47:19.018 [JavaFX Application Thread] DEBUG c.a.persistence.database.DatabaseConfig - MySQL (skipped): ALTER TABLE appointment ADD COLUMN accessibility_needs VARCHAR(512) NULL — Duplicate column name 'accessibility_needs'
2026-04-19 10:47:19.019 [JavaFX Application Thread] DEBUG c.a.persistence.database.DatabaseConfig - MySQL (skipped): ALTER TABLE appointment ADD COLUMN preferred_language VARCHAR(16) NULL — Duplicate column name 'preferred_language'
2026-04-19 10:47:19.019 [JavaFX Application Thread] INFO  com.appointmentscheduler.presentation.MainApp - Using database persistence (MySQL). User and appointment data will be saved.
2026-04-19 10:47:19.019 [JavaFX Application Thread] DEBUG c.a.application.AppointmentReminderService - Registered reminder channel: SMSNotification
2026-04-19 10:47:19.448 [JavaFX Application Thread] INFO  com.appointmentscheduler.presentation.MainApp - Starting Appointment Booking System v3.0.0
2026-04-19 10:47:21.447 [JavaFX Application Thread] DEBUG c.appointmentscheduler.application.AuditLogService - Audit: DAY_CLOSED | Admin Sweep | Closed calendar day: 2026-04-19
2026-04-19 10:47:21.451 [JavaFX Application Thread] DEBUG c.appointmentscheduler.application.AuditLogService - Audit: DAY_REOPENED | Admin Sweep | Reopened calendar day: 2026-04-19
2026-04-19 10:47:26.358 [JavaFX Application Thread] DEBUG c.appointmentscheduler.application.AuditLogService - Audit: DAY_CLOSED | Admin Mass | Closed calendar day: 2026-04-19
2026-04-19 10:47:26.361 [JavaFX Application Thread] DEBUG c.appointmentscheduler.application.AuditLogService - Audit: DAY_REOPENED | Admin Mass | Reopened calendar day: 2026-04-19
2026-04-19 10:47:29.359 [JavaFX Application Thread] DEBUG c.appointmentscheduler.application.AuditLogService - Audit: DAY_CLOSED | Admin Nav | Closed calendar day: 2026-04-19
2026-04-19 10:47:29.362 [JavaFX Application Thread] DEBUG c.appointmentscheduler.application.AuditLogService - Audit: DAY_REOPENED | Admin Nav | Reopened calendar day: 2026-04-19
2026-04-19 10:47:29.433 [JavaFX Application Thread] DEBUG c.appointmentscheduler.application.AuditLogService - Audit: DAY_CLOSED | Admin Nav | Closed calendar day: 2026-04-19
2026-04-19 10:47:29.437 [JavaFX Application Thread] DEBUG c.appointmentscheduler.application.AuditLogService - Audit: DAY_REOPENED | Admin Nav | Reopened calendar day: 2026-04-19
2026-04-19 10:47:29.491 [JavaFX Application Thread] DEBUG c.appointmentscheduler.application.AuditLogService - Audit: DAY_CLOSED | Admin Nav | Closed calendar day: 2026-04-19
2026-04-19 10:47:29.494 [JavaFX Application Thread] DEBUG c.appointmentscheduler.application.AuditLogService - Audit: DAY_REOPENED | Admin Nav | Reopened calendar day: 2026-04-19
2026-04-19 10:47:33.259 [JavaFX Application Thread] DEBUG c.appointmentscheduler.application.AuditLogService - Audit: DAY_CLOSED | Admin Deep | Closed calendar day: 2026-04-19
2026-04-19 10:47:33.263 [JavaFX Application Thread] DEBUG c.appointmentscheduler.application.AuditLogService - Audit: DAY_REOPENED | Admin Deep | Reopened calendar day: 2026-04-19
2026-04-19 10:47:36.467 [main] DEBUG c.a.application.AppointmentReminderService - Registered reminder channel: Observer$MockitoMock$2NKGYZbf
2026-04-19 10:47:36.467 [main] DEBUG c.a.application.AppointmentReminderService - Registered reminder channel: Observer$MockitoMock$2NKGYZbf
2026-04-19 10:47:36.470 [main] ERROR c.a.application.AppointmentReminderService - Reminder channel failed: com.appointmentscheduler.domain.notifiers.Observer$MockitoMock$2NKGYZbf
java.lang.RuntimeException: smtp down
	at com.appointmentscheduler/com.appointmentscheduler.application.AppointmentReminderService.dispatchSafely(AppointmentReminderService.java:51)
	at com.appointmentscheduler/com.appointmentscheduler.application.AppointmentReminderService.sendReminder(AppointmentReminderService.java:45)
	at com.appointmentscheduler/com.appointmentscheduler.application.AppointmentReminderServiceTest.sendReminder_oneChannelThrows_otherStillNotified(AppointmentReminderServiceTest.java:62)
	at java.base/jdk.internal.reflect.DirectMethodHandleAccessor.invoke(DirectMethodHandleAccessor.java:104)
	at java.base/java.lang.reflect.Method.invoke(Method.java:565)
	at org.junit.platform.commons.util.ReflectionUtils.invokeMethod(ReflectionUtils.java:728)
	at org.junit.jupiter.engine.execution.MethodInvocation.proceed(MethodInvocation.java:60)
	at org.junit.jupiter.engine.execution.InvocationInterceptorChain$ValidatingInvocation.proceed(InvocationInterceptorChain.java:131)
	at org.junit.jupiter.engine.extension.TimeoutExtension.intercept(TimeoutExtension.java:156)
	at org.junit.jupiter.engine.extension.TimeoutExtension.interceptTestableMethod(TimeoutExtension.java:147)
	at org.junit.jupiter.engine.extension.TimeoutExtension.interceptTestMethod(TimeoutExtension.java:86)
	at org.junit.jupiter.engine.execution.InterceptingExecutableInvoker$ReflectiveInterceptorCall.lambda$ofVoidMethod$0(InterceptingExecutableInvoker.java:103)
	at org.junit.jupiter.engine.execution.InterceptingExecutableInvoker.lambda$invoke$0(InterceptingExecutableInvoker.java:93)
	at org.junit.jupiter.engine.execution.InvocationInterceptorChain$InterceptedInvocation.proceed(InvocationInterceptorChain.java:106)
	at org.junit.jupiter.engine.execution.InvocationInterceptorChain.proceed(InvocationInterceptorChain.java:64)
	at org.junit.jupiter.engine.execution.InvocationInterceptorChain.chainAndInvoke(InvocationInterceptorChain.java:45)
	at org.junit.jupiter.engine.execution.InvocationInterceptorChain.invoke(InvocationInterceptorChain.java:37)
	at org.junit.jupiter.engine.execution.InterceptingExecutableInvoker.invoke(InterceptingExecutableInvoker.java:92)
	at org.junit.jupiter.engine.execution.InterceptingExecutableInvoker.invoke(InterceptingExecutableInvoker.java:86)
	at org.junit.jupiter.engine.descriptor.TestMethodTestDescriptor.lambda$invokeTestMethod$7(TestMethodTestDescriptor.java:218)
	at org.junit.platform.engine.support.hierarchical.ThrowableCollector.execute(ThrowableCollector.java:73)
	at org.junit.jupiter.engine.descriptor.TestMethodTestDescriptor.invokeTestMethod(TestMethodTestDescriptor.java:214)
	at org.junit.jupiter.engine.descriptor.TestMethodTestDescriptor.execute(TestMethodTestDescriptor.java:139)
	at org.junit.jupiter.engine.descriptor.TestMethodTestDescriptor.execute(TestMethodTestDescriptor.java:69)
	at org.junit.platform.engine.support.hierarchical.NodeTestTask.lambda$executeRecursively$6(NodeTestTask.java:151)
	at org.junit.platform.engine.support.hierarchical.ThrowableCollector.execute(ThrowableCollector.java:73)
	at org.junit.platform.engine.support.hierarchical.NodeTestTask.lambda$executeRecursively$8(NodeTestTask.java:141)
	at org.junit.platform.engine.support.hierarchical.Node.around(Node.java:137)
	at org.junit.platform.engine.support.hierarchical.NodeTestTask.lambda$executeRecursively$9(NodeTestTask.java:139)
	at org.junit.platform.engine.support.hierarchical.ThrowableCollector.execute(ThrowableCollector.java:73)
	at org.junit.platform.engine.support.hierarchical.NodeTestTask.executeRecursively(NodeTestTask.java:138)
	at org.junit.platform.engine.support.hierarchical.NodeTestTask.execute(NodeTestTask.java:95)
	at java.base/java.util.ArrayList.forEach(ArrayList.java:1604)
	at org.junit.platform.engine.support.hierarchical.SameThreadHierarchicalTestExecutorService.invokeAll(SameThreadHierarchicalTestExecutorService.java:41)
	at org.junit.platform.engine.support.hierarchical.NodeTestTask.lambda$executeRecursively$6(NodeTestTask.java:155)
	at org.junit.platform.engine.support.hierarchical.ThrowableCollector.execute(ThrowableCollector.java:73)
	at org.junit.platform.engine.support.hierarchical.NodeTestTask.lambda$executeRecursively$8(NodeTestTask.java:141)
	at org.junit.platform.engine.support.hierarchical.Node.around(Node.java:137)
	at org.junit.platform.engine.support.hierarchical.NodeTestTask.lambda$executeRecursively$9(NodeTestTask.java:139)
	at org.junit.platform.engine.support.hierarchical.ThrowableCollector.execute(ThrowableCollector.java:73)
	at org.junit.platform.engine.support.hierarchical.NodeTestTask.executeRecursively(NodeTestTask.java:138)
	at org.junit.platform.engine.support.hierarchical.NodeTestTask.execute(NodeTestTask.java:95)
	at java.base/java.util.ArrayList.forEach(ArrayList.java:1604)
	at org.junit.platform.engine.support.hierarchical.SameThreadHierarchicalTestExecutorService.invokeAll(SameThreadHierarchicalTestExecutorService.java:41)
	at org.junit.platform.engine.support.hierarchical.NodeTestTask.lambda$executeRecursively$6(NodeTestTask.java:155)
	at org.junit.platform.engine.support.hierarchical.ThrowableCollector.execute(ThrowableCollector.java:73)
	at org.junit.platform.engine.support.hierarchical.NodeTestTask.lambda$executeRecursively$8(NodeTestTask.java:141)
	at org.junit.platform.engine.support.hierarchical.Node.around(Node.java:137)
	at org.junit.platform.engine.support.hierarchical.NodeTestTask.lambda$executeRecursively$9(NodeTestTask.java:139)
	at org.junit.platform.engine.support.hierarchical.ThrowableCollector.execute(ThrowableCollector.java:73)
	at org.junit.platform.engine.support.hierarchical.NodeTestTask.executeRecursively(NodeTestTask.java:138)
	at org.junit.platform.engine.support.hierarchical.NodeTestTask.execute(NodeTestTask.java:95)
	at org.junit.platform.engine.support.hierarchical.SameThreadHierarchicalTestExecutorService.submit(SameThreadHierarchicalTestExecutorService.java:35)
	at org.junit.platform.engine.support.hierarchical.HierarchicalTestExecutor.execute(HierarchicalTestExecutor.java:57)
	at org.junit.platform.engine.support.hierarchical.HierarchicalTestEngine.execute(HierarchicalTestEngine.java:54)
	at org.junit.platform.launcher.core.EngineExecutionOrchestrator.execute(EngineExecutionOrchestrator.java:198)
	at org.junit.platform.launcher.core.EngineExecutionOrchestrator.execute(EngineExecutionOrchestrator.java:169)
	at org.junit.platform.launcher.core.EngineExecutionOrchestrator.execute(EngineExecutionOrchestrator.java:93)
	at org.junit.platform.launcher.core.EngineExecutionOrchestrator.lambda$execute$0(EngineExecutionOrchestrator.java:58)
	at org.junit.platform.launcher.core.EngineExecutionOrchestrator.withInterceptedStreams(EngineExecutionOrchestrator.java:141)
	at org.junit.platform.launcher.core.EngineExecutionOrchestrator.execute(EngineExecutionOrchestrator.java:57)
	at org.junit.platform.launcher.core.DefaultLauncher.execute(DefaultLauncher.java:103)
	at org.junit.platform.launcher.core.DefaultLauncher.execute(DefaultLauncher.java:85)
	at org.junit.platform.launcher.core.DelegatingLauncher.execute(DelegatingLauncher.java:47)
	at org.junit.platform.launcher.core.SessionPerRequestLauncher.execute(SessionPerRequestLauncher.java:63)
	at com.intellij.junit5.JUnit5IdeaTestRunner.startRunnerWithArgs(JUnit5IdeaTestRunner.java:66)
	at com.intellij.rt.junit.IdeaTestRunner$Repeater$1.execute(IdeaTestRunner.java:38)
	at com.intellij.rt.execution.junit.TestsRepeater.repeat(TestsRepeater.java:11)
	at com.intellij.rt.junit.IdeaTestRunner$Repeater.startRunnerWithArgs(IdeaTestRunner.java:35)
	at com.intellij.rt.junit.JUnitStarter.prepareStreamsAndStart(JUnitStarter.java:231)
	at com.intellij.rt.junit.JUnitStarter.main(JUnitStarter.java:55)
2026-04-19 10:47:36.480 [main] DEBUG c.a.application.AppointmentReminderService - Registered reminder channel: Observer$MockitoMock$2NKGYZbf
2026-04-19 10:47:36.538 [main] DEBUG c.a.application.AppointmentReminderService - Registered reminder channel: SMSNotification
2026-04-19 10:47:36.538 [main] DEBUG c.a.application.AppointmentReminderService - Registered reminder channel: SMSNotification
2026-04-19 10:47:36.542 [main] DEBUG c.a.domain.notifiers.SMSNotification - SMS reminder (stub): userId=u2, messageLength=31
2026-04-19 10:47:36.542 [main] DEBUG c.a.domain.notifiers.SMSNotification - SMS reminder (stub): userId=u2, messageLength=31
2026-04-19 10:47:36.547 [main] DEBUG c.a.application.AppointmentReminderService - Registered reminder channel: Observer$MockitoMock$2NKGYZbf
2026-04-19 10:47:36.551 [main] DEBUG c.a.application.AppointmentReminderService - Registered reminder channel: Observer$MockitoMock$2NKGYZbf
2026-04-19 10:47:36.556 [main] DEBUG c.a.application.AppointmentReminderService - Registered reminder channel: Observer$MockitoMock$2NKGYZbf
2026-04-19 10:47:36.562 [JavaFX Application Thread] INFO  com.appointmentscheduler.presentation.MainApp - Using database persistence (MySQL). User and appointment data will be saved.
2026-04-19 10:47:36.562 [JavaFX Application Thread] DEBUG c.a.application.AppointmentReminderService - Registered reminder channel: SMSNotification
2026-04-19 10:47:37.012 [JavaFX Application Thread] INFO  com.appointmentscheduler.presentation.MainApp - Starting Appointment Booking System v3.0.0
2026-04-19 10:47:40.059 [JavaFX Application Thread] ERROR com.appointmentscheduler.presentation.MainApp - Uncaught exception in thread JavaFX Application Thread
java.lang.NullPointerException: Cannot invoke "com.appointmentscheduler.application.ScheduleService.getMasterSchedule()" because the return value of "com.appointmentscheduler.application.ApplicationContext.getScheduleService()" is null
	at com.appointmentscheduler/com.appointmentscheduler.presentation.AdminDashboardController$6.succeeded(AdminDashboardController.java:965)
	at javafx.graphics/javafx.concurrent.Task.setState(Task.java:726)
	at javafx.graphics/javafx.concurrent.Task$TaskCallable.lambda$call$1(Task.java:1437)
	at javafx.graphics/com.sun.javafx.application.PlatformImpl.lambda$runLater$10(PlatformImpl.java:457)
	at java.base/java.security.AccessController.doPrivileged(AccessController.java:138)
	at javafx.graphics/com.sun.javafx.application.PlatformImpl.lambda$runLater$11(PlatformImpl.java:456)
	at javafx.graphics/com.sun.glass.ui.InvokeLaterDispatcher$Future.run$$$capture(InvokeLaterDispatcher.java:96)
	at javafx.graphics/com.sun.glass.ui.InvokeLaterDispatcher$Future.run(InvokeLaterDispatcher.java)
	at javafx.graphics/com.sun.glass.ui.win.WinApplication._enterNestedEventLoopImpl(Native Method)
	at javafx.graphics/com.sun.glass.ui.win.WinApplication._enterNestedEventLoop(WinApplication.java:211)
	at javafx.graphics/com.sun.glass.ui.Application.enterNestedEventLoop(Application.java:515)
	at javafx.graphics/com.sun.glass.ui.EventLoop.enter(EventLoop.java:107)
	at javafx.graphics/com.sun.javafx.tk.quantum.QuantumToolkit.enterNestedEventLoop(QuantumToolkit.java:647)
	at javafx.graphics/javafx.stage.Stage.showAndWait(Stage.java:469)
	at javafx.controls/javafx.scene.control.HeavyweightDialog.showAndWait(HeavyweightDialog.java:162)
	at javafx.controls/javafx.scene.control.Dialog.showAndWait(Dialog.java:346)
	at com.appointmentscheduler/com.appointmentscheduler.presentation.ErrorHandler.showErrorOnFxThread(ErrorHandler.java:48)
	at com.appointmentscheduler/com.appointmentscheduler.presentation.ErrorHandler.lambda$0(ErrorHandler.java:34)
	at javafx.graphics/com.sun.javafx.application.PlatformImpl.lambda$runLater$10(PlatformImpl.java:457)
	at java.base/java.security.AccessController.doPrivileged(AccessController.java:138)
	at javafx.graphics/com.sun.javafx.application.PlatformImpl.lambda$runLater$11(PlatformImpl.java:456)
	at javafx.graphics/com.sun.glass.ui.InvokeLaterDispatcher$Future.run$$$capture(InvokeLaterDispatcher.java:96)
	at javafx.graphics/com.sun.glass.ui.InvokeLaterDispatcher$Future.run(InvokeLaterDispatcher.java)
	at javafx.graphics/com.sun.glass.ui.win.WinApplication._enterNestedEventLoopImpl(Native Method)
	at javafx.graphics/com.sun.glass.ui.win.WinApplication._enterNestedEventLoop(WinApplication.java:211)
	at javafx.graphics/com.sun.glass.ui.Application.enterNestedEventLoop(Application.java:515)
	at javafx.graphics/com.sun.glass.ui.EventLoop.enter(EventLoop.java:107)
	at javafx.graphics/com.sun.javafx.tk.quantum.QuantumToolkit.enterNestedEventLoop(QuantumToolkit.java:647)
	at javafx.graphics/javafx.stage.Stage.showAndWait(Stage.java:469)
	at javafx.controls/javafx.scene.control.HeavyweightDialog.showAndWait(HeavyweightDialog.java:162)
	at javafx.controls/javafx.scene.control.Dialog.showAndWait(Dialog.java:346)
	at com.appointmentscheduler/com.appointmentscheduler.presentation.ErrorHandler.showErrorOnFxThread(ErrorHandler.java:48)
	at com.appointmentscheduler/com.appointmentscheduler.presentation.ErrorHandler.lambda$0(ErrorHandler.java:34)
	at javafx.graphics/com.sun.javafx.application.PlatformImpl.lambda$runLater$10(PlatformImpl.java:457)
	at java.base/java.security.AccessController.doPrivileged(AccessController.java:138)
	at javafx.graphics/com.sun.javafx.application.PlatformImpl.lambda$runLater$11(PlatformImpl.java:456)
	at javafx.graphics/com.sun.glass.ui.InvokeLaterDispatcher$Future.run$$$capture(InvokeLaterDispatcher.java:96)
	at javafx.graphics/com.sun.glass.ui.InvokeLaterDispatcher$Future.run(InvokeLaterDispatcher.java)
	at javafx.graphics/com.sun.glass.ui.win.WinApplication._enterNestedEventLoopImpl(Native Method)
	at javafx.graphics/com.sun.glass.ui.win.WinApplication._enterNestedEventLoop(WinApplication.java:211)
	at javafx.graphics/com.sun.glass.ui.Application.enterNestedEventLoop(Application.java:515)
	at javafx.graphics/com.sun.glass.ui.EventLoop.enter(EventLoop.java:107)
	at javafx.graphics/com.sun.javafx.tk.quantum.QuantumToolkit.enterNestedEventLoop(QuantumToolkit.java:647)
	at javafx.graphics/javafx.stage.Stage.showAndWait(Stage.java:469)
	at javafx.controls/javafx.scene.control.HeavyweightDialog.showAndWait(HeavyweightDialog.java:162)
	at javafx.controls/javafx.scene.control.Dialog.showAndWait(Dialog.java:346)
	at com.appointmentscheduler/com.appointmentscheduler.presentation.ErrorHandler.showErrorOnFxThread(ErrorHandler.java:48)
	at com.appointmentscheduler/com.appointmentscheduler.presentation.ErrorHandler.lambda$0(ErrorHandler.java:34)
	at javafx.graphics/com.sun.javafx.application.PlatformImpl.lambda$runLater$10(PlatformImpl.java:457)
	at java.base/java.security.AccessController.doPrivileged(AccessController.java:138)
	at javafx.graphics/com.sun.javafx.application.PlatformImpl.lambda$runLater$11(PlatformImpl.java:456)
	at javafx.graphics/com.sun.glass.ui.InvokeLaterDispatcher$Future.run$$$capture(InvokeLaterDispatcher.java:96)
	at javafx.graphics/com.sun.glass.ui.InvokeLaterDispatcher$Future.run(InvokeLaterDispatcher.java)
	at javafx.graphics/com.sun.glass.ui.win.WinApplication._enterNestedEventLoopImpl(Native Method)
	at javafx.graphics/com.sun.glass.ui.win.WinApplication._enterNestedEventLoop(WinApplication.java:211)
	at javafx.graphics/com.sun.glass.ui.Application.enterNestedEventLoop(Application.java:515)
	at javafx.graphics/com.sun.glass.ui.EventLoop.enter(EventLoop.java:107)
	at javafx.graphics/com.sun.javafx.tk.quantum.QuantumToolkit.enterNestedEventLoop(QuantumToolkit.java:647)
	at javafx.graphics/javafx.stage.Stage.showAndWait(Stage.java:469)
	at javafx.controls/javafx.scene.control.HeavyweightDialog.showAndWait(HeavyweightDialog.java:162)
	at javafx.controls/javafx.scene.control.Dialog.showAndWait(Dialog.java:346)
	at com.appointmentscheduler/com.appointmentscheduler.presentation.ErrorHandler.showErrorOnFxThread(ErrorHandler.java:48)
	at com.appointmentscheduler/com.appointmentscheduler.presentation.ErrorHandler.lambda$0(ErrorHandler.java:34)
	at javafx.graphics/com.sun.javafx.application.PlatformImpl.lambda$runLater$10(PlatformImpl.java:457)
	at java.base/java.security.AccessController.doPrivileged(AccessController.java:138)
	at javafx.graphics/com.sun.javafx.application.PlatformImpl.lambda$runLater$11(PlatformImpl.java:456)
	at javafx.graphics/com.sun.glass.ui.InvokeLaterDispatcher$Future.run$$$capture(InvokeLaterDispatcher.java:96)
	at javafx.graphics/com.sun.glass.ui.InvokeLaterDispatcher$Future.run(InvokeLaterDispatcher.java)
	at javafx.graphics/com.sun.glass.ui.win.WinApplication._enterNestedEventLoopImpl(Native Method)
	at javafx.graphics/com.sun.glass.ui.win.WinApplication._enterNestedEventLoop(WinApplication.java:211)
	at javafx.graphics/com.sun.glass.ui.Application.enterNestedEventLoop(Application.java:515)
	at javafx.graphics/com.sun.glass.ui.EventLoop.enter(EventLoop.java:107)
	at javafx.graphics/com.sun.javafx.tk.quantum.QuantumToolkit.enterNestedEventLoop(QuantumToolkit.java:647)
	at javafx.graphics/javafx.stage.Stage.showAndWait(Stage.java:469)
	at javafx.controls/javafx.scene.control.HeavyweightDialog.showAndWait(HeavyweightDialog.java:162)
	at javafx.controls/javafx.scene.control.Dialog.showAndWait(Dialog.java:346)
	at com.appointmentscheduler/com.appointmentscheduler.presentation.ErrorHandler.showErrorOnFxThread(ErrorHandler.java:48)
	at com.appointmentscheduler/com.appointmentscheduler.presentation.ErrorHandler.lambda$0(ErrorHandler.java:34)
	at javafx.graphics/com.sun.javafx.application.PlatformImpl.lambda$runLater$10(PlatformImpl.java:457)
	at java.base/java.security.AccessController.doPrivileged(AccessController.java:138)
	at javafx.graphics/com.sun.javafx.application.PlatformImpl.lambda$runLater$11(PlatformImpl.java:456)
	at javafx.graphics/com.sun.glass.ui.InvokeLaterDispatcher$Future.run$$$capture(InvokeLaterDispatcher.java:96)
	at javafx.graphics/com.sun.glass.ui.InvokeLaterDispatcher$Future.run(InvokeLaterDispatcher.java)
	at javafx.graphics/com.sun.glass.ui.win.WinApplication._enterNestedEventLoopImpl(Native Method)
	at javafx.graphics/com.sun.glass.ui.win.WinApplication._enterNestedEventLoop(WinApplication.java:211)
	at javafx.graphics/com.sun.glass.ui.Application.enterNestedEventLoop(Application.java:515)
	at javafx.graphics/com.sun.glass.ui.EventLoop.enter(EventLoop.java:107)
	at javafx.graphics/com.sun.javafx.tk.quantum.QuantumToolkit.enterNestedEventLoop(QuantumToolkit.java:647)
	at javafx.graphics/javafx.stage.Stage.showAndWait(Stage.java:469)
	at javafx.controls/javafx.scene.control.HeavyweightDialog.showAndWait(HeavyweightDialog.java:162)
	at javafx.controls/javafx.scene.control.Dialog.showAndWait(Dialog.java:346)
	at com.appointmentscheduler/com.appointmentscheduler.presentation.ErrorHandler.showErrorOnFxThread(ErrorHandler.java:48)
	at com.appointmentscheduler/com.appointmentscheduler.presentation.ErrorHandler.lambda$0(ErrorHandler.java:34)
	at javafx.graphics/com.sun.javafx.application.PlatformImpl.lambda$runLater$10(PlatformImpl.java:457)
	at java.base/java.security.AccessController.doPrivileged(AccessController.java:138)
	at javafx.graphics/com.sun.javafx.application.PlatformImpl.lambda$runLater$11(PlatformImpl.java:456)
	at javafx.graphics/com.sun.glass.ui.InvokeLaterDispatcher$Future.run$$$capture(InvokeLaterDispatcher.java:96)
	at javafx.graphics/com.sun.glass.ui.InvokeLaterDispatcher$Future.run(InvokeLaterDispatcher.java)
	at javafx.graphics/com.sun.glass.ui.win.WinApplication._enterNestedEventLoopImpl(Native Method)
	at javafx.graphics/com.sun.glass.ui.win.WinApplication._enterNestedEventLoop(WinApplication.java:211)
	at javafx.graphics/com.sun.glass.ui.Application.enterNestedEventLoop(Application.java:515)
	at javafx.graphics/com.sun.glass.ui.EventLoop.enter(EventLoop.java:107)
	at javafx.graphics/com.sun.javafx.tk.quantum.QuantumToolkit.enterNestedEventLoop(QuantumToolkit.java:647)
	at javafx.graphics/javafx.stage.Stage.showAndWait(Stage.java:469)
	at javafx.controls/javafx.scene.control.HeavyweightDialog.showAndWait(HeavyweightDialog.java:162)
	at javafx.controls/javafx.scene.control.Dialog.showAndWait(Dialog.java:346)
	at com.appointmentscheduler/com.appointmentscheduler.presentation.ErrorHandler.showErrorOnFxThread(ErrorHandler.java:48)
	at com.appointmentscheduler/com.appointmentscheduler.presentation.ErrorHandler.lambda$0(ErrorHandler.java:34)
	at javafx.graphics/com.sun.javafx.application.PlatformImpl.lambda$runLater$10(PlatformImpl.java:457)
	at java.base/java.security.AccessController.doPrivileged(AccessController.java:138)
	at javafx.graphics/com.sun.javafx.application.PlatformImpl.lambda$runLater$11(PlatformImpl.java:456)
	at javafx.graphics/com.sun.glass.ui.InvokeLaterDispatcher$Future.run$$$capture(InvokeLaterDispatcher.java:96)
	at javafx.graphics/com.sun.glass.ui.InvokeLaterDispatcher$Future.run(InvokeLaterDispatcher.java)
	at javafx.graphics/com.sun.glass.ui.win.WinApplication._enterNestedEventLoopImpl(Native Method)
	at javafx.graphics/com.sun.glass.ui.win.WinApplication._enterNestedEventLoop(WinApplication.java:211)
	at javafx.graphics/com.sun.glass.ui.Application.enterNestedEventLoop(Application.java:515)
	at javafx.graphics/com.sun.glass.ui.EventLoop.enter(EventLoop.java:107)
	at javafx.graphics/com.sun.javafx.tk.quantum.QuantumToolkit.enterNestedEventLoop(QuantumToolkit.java:647)
	at javafx.graphics/javafx.stage.Stage.showAndWait(Stage.java:469)
	at javafx.controls/javafx.scene.control.HeavyweightDialog.showAndWait(HeavyweightDialog.java:162)
	at javafx.controls/javafx.scene.control.Dialog.showAndWait(Dialog.java:346)
	at com.appointmentscheduler/com.appointmentscheduler.presentation.ErrorHandler.showErrorOnFxThread(ErrorHandler.java:48)
	at com.appointmentscheduler/com.appointmentscheduler.presentation.ErrorHandler.lambda$0(ErrorHandler.java:34)
	at javafx.graphics/com.sun.javafx.application.PlatformImpl.lambda$runLater$10(PlatformImpl.java:457)
	at java.base/java.security.AccessController.doPrivileged(AccessController.java:138)
	at javafx.graphics/com.sun.javafx.application.PlatformImpl.lambda$runLater$11(PlatformImpl.java:456)
	at javafx.graphics/com.sun.glass.ui.InvokeLaterDispatcher$Future.run$$$capture(InvokeLaterDispatcher.java:96)
	at javafx.graphics/com.sun.glass.ui.InvokeLaterDispatcher$Future.run(InvokeLaterDispatcher.java)
	at javafx.graphics/com.sun.glass.ui.win.WinApplication._enterNestedEventLoopImpl(Native Method)
	at javafx.graphics/com.sun.glass.ui.win.WinApplication._enterNestedEventLoop(WinApplication.java:211)
	at javafx.graphics/com.sun.glass.ui.Application.enterNestedEventLoop(Application.java:515)
	at javafx.graphics/com.sun.glass.ui.EventLoop.enter(EventLoop.java:107)
	at javafx.graphics/com.sun.javafx.tk.quantum.QuantumToolkit.enterNestedEventLoop(QuantumToolkit.java:647)
	at javafx.graphics/javafx.stage.Stage.showAndWait(Stage.java:469)
	at javafx.controls/javafx.scene.control.HeavyweightDialog.showAndWait(HeavyweightDialog.java:162)
	at javafx.controls/javafx.scene.control.Dialog.showAndWait(Dialog.java:346)
	at com.appointmentscheduler/com.appointmentscheduler.presentation.ErrorHandler.showErrorOnFxThread(ErrorHandler.java:48)
	at com.appointmentscheduler/com.appointmentscheduler.presentation.ErrorHandler.lambda$0(ErrorHandler.java:34)
	at javafx.graphics/com.sun.javafx.application.PlatformImpl.lambda$runLater$10(PlatformImpl.java:457)
	at java.base/java.security.AccessController.doPrivileged(AccessController.java:138)
	at javafx.graphics/com.sun.javafx.application.PlatformImpl.lambda$runLater$11(PlatformImpl.java:456)
	at javafx.graphics/com.sun.glass.ui.InvokeLaterDispatcher$Future.run$$$capture(InvokeLaterDispatcher.java:96)
	at javafx.graphics/com.sun.glass.ui.InvokeLaterDispatcher$Future.run(InvokeLaterDispatcher.java)
	at javafx.graphics/com.sun.glass.ui.win.WinApplication._runLoop(Native Method)
	at javafx.graphics/com.sun.glass.ui.win.WinApplication.lambda$runLoop$3(WinApplication.java:184)
	at java.base/java.lang.Thread.run(Thread.java:1474)
2026-04-19 10:47:40.063 [JavaFX Application Thread] ERROR com.appointmentscheduler.presentation.MainApp - Uncaught exception in thread JavaFX Application Thread
java.lang.NullPointerException: Cannot invoke "com.appointmentscheduler.application.ScheduleService.getMasterSchedule()" because the return value of "com.appointmentscheduler.application.ApplicationContext.getScheduleService()" is null
	at com.appointmentscheduler/com.appointmentscheduler.presentation.AdminDashboardController$6.succeeded(AdminDashboardController.java:965)
	at javafx.graphics/javafx.concurrent.Task.setState(Task.java:726)
	at javafx.graphics/javafx.concurrent.Task$TaskCallable.lambda$call$1(Task.java:1437)
	at javafx.graphics/com.sun.javafx.application.PlatformImpl.lambda$runLater$10(PlatformImpl.java:457)
	at java.base/java.security.AccessController.doPrivileged(AccessController.java:138)
	at javafx.graphics/com.sun.javafx.application.PlatformImpl.lambda$runLater$11(PlatformImpl.java:456)
	at javafx.graphics/com.sun.glass.ui.InvokeLaterDispatcher$Future.run$$$capture(InvokeLaterDispatcher.java:96)
	at javafx.graphics/com.sun.glass.ui.InvokeLaterDispatcher$Future.run(InvokeLaterDispatcher.java)
	at javafx.graphics/com.sun.glass.ui.win.WinApplication._enterNestedEventLoopImpl(Native Method)
	at javafx.graphics/com.sun.glass.ui.win.WinApplication._enterNestedEventLoop(WinApplication.java:211)
	at javafx.graphics/com.sun.glass.ui.Application.enterNestedEventLoop(Application.java:515)
	at javafx.graphics/com.sun.glass.ui.EventLoop.enter(EventLoop.java:107)
	at javafx.graphics/com.sun.javafx.tk.quantum.QuantumToolkit.enterNestedEventLoop(QuantumToolkit.java:647)
	at javafx.graphics/javafx.stage.Stage.showAndWait(Stage.java:469)
	at javafx.controls/javafx.scene.control.HeavyweightDialog.showAndWait(HeavyweightDialog.java:162)
	at javafx.controls/javafx.scene.control.Dialog.showAndWait(Dialog.java:346)
	at com.appointmentscheduler/com.appointmentscheduler.presentation.ErrorHandler.showErrorOnFxThread(ErrorHandler.java:48)
	at com.appointmentscheduler/com.appointmentscheduler.presentation.ErrorHandler.lambda$0(ErrorHandler.java:34)
	at javafx.graphics/com.sun.javafx.application.PlatformImpl.lambda$runLater$10(PlatformImpl.java:457)
	at java.base/java.security.AccessController.doPrivileged(AccessController.java:138)
	at javafx.graphics/com.sun.javafx.application.PlatformImpl.lambda$runLater$11(PlatformImpl.java:456)
	at javafx.graphics/com.sun.glass.ui.InvokeLaterDispatcher$Future.run$$$capture(InvokeLaterDispatcher.java:96)
	at javafx.graphics/com.sun.glass.ui.InvokeLaterDispatcher$Future.run(InvokeLaterDispatcher.java)
	at javafx.graphics/com.sun.glass.ui.win.WinApplication._enterNestedEventLoopImpl(Native Method)
	at javafx.graphics/com.sun.glass.ui.win.WinApplication._enterNestedEventLoop(WinApplication.java:211)
	at javafx.graphics/com.sun.glass.ui.Application.enterNestedEventLoop(Application.java:515)
	at javafx.graphics/com.sun.glass.ui.EventLoop.enter(EventLoop.java:107)
	at javafx.graphics/com.sun.javafx.tk.quantum.QuantumToolkit.enterNestedEventLoop(QuantumToolkit.java:647)
	at javafx.graphics/javafx.stage.Stage.showAndWait(Stage.java:469)
	at javafx.controls/javafx.scene.control.HeavyweightDialog.showAndWait(HeavyweightDialog.java:162)
	at javafx.controls/javafx.scene.control.Dialog.showAndWait(Dialog.java:346)
	at com.appointmentscheduler/com.appointmentscheduler.presentation.ErrorHandler.showErrorOnFxThread(ErrorHandler.java:48)
	at com.appointmentscheduler/com.appointmentscheduler.presentation.ErrorHandler.lambda$0(ErrorHandler.java:34)
	at javafx.graphics/com.sun.javafx.application.PlatformImpl.lambda$runLater$10(PlatformImpl.java:457)
	at java.base/java.security.AccessController.doPrivileged(AccessController.java:138)
	at javafx.graphics/com.sun.javafx.application.PlatformImpl.lambda$runLater$11(PlatformImpl.java:456)
	at javafx.graphics/com.sun.glass.ui.InvokeLaterDispatcher$Future.run$$$capture(InvokeLaterDispatcher.java:96)
	at javafx.graphics/com.sun.glass.ui.InvokeLaterDispatcher$Future.run(InvokeLaterDispatcher.java)
	at javafx.graphics/com.sun.glass.ui.win.WinApplication._enterNestedEventLoopImpl(Native Method)
	at javafx.graphics/com.sun.glass.ui.win.WinApplication._enterNestedEventLoop(WinApplication.java:211)
	at javafx.graphics/com.sun.glass.ui.Application.enterNestedEventLoop(Application.java:515)
	at javafx.graphics/com.sun.glass.ui.EventLoop.enter(EventLoop.java:107)
	at javafx.graphics/com.sun.javafx.tk.quantum.QuantumToolkit.enterNestedEventLoop(QuantumToolkit.java:647)
	at javafx.graphics/javafx.stage.Stage.showAndWait(Stage.java:469)
	at javafx.controls/javafx.scene.control.HeavyweightDialog.showAndWait(HeavyweightDialog.java:162)
	at javafx.controls/javafx.scene.control.Dialog.showAndWait(Dialog.java:346)
	at com.appointmentscheduler/com.appointmentscheduler.presentation.ErrorHandler.showErrorOnFxThread(ErrorHandler.java:48)
	at com.appointmentscheduler/com.appointmentscheduler.presentation.ErrorHandler.lambda$0(ErrorHandler.java:34)
	at javafx.graphics/com.sun.javafx.application.PlatformImpl.lambda$runLater$10(PlatformImpl.java:457)
	at java.base/java.security.AccessController.doPrivileged(AccessController.java:138)
	at javafx.graphics/com.sun.javafx.application.PlatformImpl.lambda$runLater$11(PlatformImpl.java:456)
	at javafx.graphics/com.sun.glass.ui.InvokeLaterDispatcher$Future.run$$$capture(InvokeLaterDispatcher.java:96)
	at javafx.graphics/com.sun.glass.ui.InvokeLaterDispatcher$Future.run(InvokeLaterDispatcher.java)
	at javafx.graphics/com.sun.glass.ui.win.WinApplication._enterNestedEventLoopImpl(Native Method)
	at javafx.graphics/com.sun.glass.ui.win.WinApplication._enterNestedEventLoop(WinApplication.java:211)
	at javafx.graphics/com.sun.glass.ui.Application.enterNestedEventLoop(Application.java:515)
	at javafx.graphics/com.sun.glass.ui.EventLoop.enter(EventLoop.java:107)
	at javafx.graphics/com.sun.javafx.tk.quantum.QuantumToolkit.enterNestedEventLoop(QuantumToolkit.java:647)
	at javafx.graphics/javafx.stage.Stage.showAndWait(Stage.java:469)
	at javafx.controls/javafx.scene.control.HeavyweightDialog.showAndWait(HeavyweightDialog.java:162)
	at javafx.controls/javafx.scene.control.Dialog.showAndWait(Dialog.java:346)
	at com.appointmentscheduler/com.appointmentscheduler.presentation.ErrorHandler.showErrorOnFxThread(ErrorHandler.java:48)
	at com.appointmentscheduler/com.appointmentscheduler.presentation.ErrorHandler.lambda$0(ErrorHandler.java:34)
	at javafx.graphics/com.sun.javafx.application.PlatformImpl.lambda$runLater$10(PlatformImpl.java:457)
	at java.base/java.security.AccessController.doPrivileged(AccessController.java:138)
	at javafx.graphics/com.sun.javafx.application.PlatformImpl.lambda$runLater$11(PlatformImpl.java:456)
	at javafx.graphics/com.sun.glass.ui.InvokeLaterDispatcher$Future.run$$$capture(InvokeLaterDispatcher.java:96)
	at javafx.graphics/com.sun.glass.ui.InvokeLaterDispatcher$Future.run(InvokeLaterDispatcher.java)
	at javafx.graphics/com.sun.glass.ui.win.WinApplication._enterNestedEventLoopImpl(Native Method)
	at javafx.graphics/com.sun.glass.ui.win.WinApplication._enterNestedEventLoop(WinApplication.java:211)
	at javafx.graphics/com.sun.glass.ui.Application.enterNestedEventLoop(Application.java:515)
	at javafx.graphics/com.sun.glass.ui.EventLoop.enter(EventLoop.java:107)
	at javafx.graphics/com.sun.javafx.tk.quantum.QuantumToolkit.enterNestedEventLoop(QuantumToolkit.java:647)
	at javafx.graphics/javafx.stage.Stage.showAndWait(Stage.java:469)
	at javafx.controls/javafx.scene.control.HeavyweightDialog.showAndWait(HeavyweightDialog.java:162)
	at javafx.controls/javafx.scene.control.Dialog.showAndWait(Dialog.java:346)
	at com.appointmentscheduler/com.appointmentscheduler.presentation.ErrorHandler.showErrorOnFxThread(ErrorHandler.java:48)
	at com.appointmentscheduler/com.appointmentscheduler.presentation.ErrorHandler.lambda$0(ErrorHandler.java:34)
	at javafx.graphics/com.sun.javafx.application.PlatformImpl.lambda$runLater$10(PlatformImpl.java:457)
	at java.base/java.security.AccessController.doPrivileged(AccessController.java:138)
	at javafx.graphics/com.sun.javafx.application.PlatformImpl.lambda$runLater$11(PlatformImpl.java:456)
	at javafx.graphics/com.sun.glass.ui.InvokeLaterDispatcher$Future.run$$$capture(InvokeLaterDispatcher.java:96)
	at javafx.graphics/com.sun.glass.ui.InvokeLaterDispatcher$Future.run(InvokeLaterDispatcher.java)
	at javafx.graphics/com.sun.glass.ui.win.WinApplication._enterNestedEventLoopImpl(Native Method)
	at javafx.graphics/com.sun.glass.ui.win.WinApplication._enterNestedEventLoop(WinApplication.java:211)
	at javafx.graphics/com.sun.glass.ui.Application.enterNestedEventLoop(Application.java:515)
	at javafx.graphics/com.sun.glass.ui.EventLoop.enter(EventLoop.java:107)
	at javafx.graphics/com.sun.javafx.tk.quantum.QuantumToolkit.enterNestedEventLoop(QuantumToolkit.java:647)
	at javafx.graphics/javafx.stage.Stage.showAndWait(Stage.java:469)
	at javafx.controls/javafx.scene.control.HeavyweightDialog.showAndWait(HeavyweightDialog.java:162)
	at javafx.controls/javafx.scene.control.Dialog.showAndWait(Dialog.java:346)
	at com.appointmentscheduler/com.appointmentscheduler.presentation.ErrorHandler.showErrorOnFxThread(ErrorHandler.java:48)
	at com.appointmentscheduler/com.appointmentscheduler.presentation.ErrorHandler.lambda$0(ErrorHandler.java:34)
	at javafx.graphics/com.sun.javafx.application.PlatformImpl.lambda$runLater$10(PlatformImpl.java:457)
	at java.base/java.security.AccessController.doPrivileged(AccessController.java:138)
	at javafx.graphics/com.sun.javafx.application.PlatformImpl.lambda$runLater$11(PlatformImpl.java:456)
	at javafx.graphics/com.sun.glass.ui.InvokeLaterDispatcher$Future.run$$$capture(InvokeLaterDispatcher.java:96)
	at javafx.graphics/com.sun.glass.ui.InvokeLaterDispatcher$Future.run(InvokeLaterDispatcher.java)
	at javafx.graphics/com.sun.glass.ui.win.WinApplication._enterNestedEventLoopImpl(Native Method)
	at javafx.graphics/com.sun.glass.ui.win.WinApplication._enterNestedEventLoop(WinApplication.java:211)
	at javafx.graphics/com.sun.glass.ui.Application.enterNestedEventLoop(Application.java:515)
	at javafx.graphics/com.sun.glass.ui.EventLoop.enter(EventLoop.java:107)
	at javafx.graphics/com.sun.javafx.tk.quantum.QuantumToolkit.enterNestedEventLoop(QuantumToolkit.java:647)
	at javafx.graphics/javafx.stage.Stage.showAndWait(Stage.java:469)
	at javafx.controls/javafx.scene.control.HeavyweightDialog.showAndWait(HeavyweightDialog.java:162)
	at javafx.controls/javafx.scene.control.Dialog.showAndWait(Dialog.java:346)
	at com.appointmentscheduler/com.appointmentscheduler.presentation.ErrorHandler.showErrorOnFxThread(ErrorHandler.java:48)
	at com.appointmentscheduler/com.appointmentscheduler.presentation.ErrorHandler.lambda$0(ErrorHandler.java:34)
	at javafx.graphics/com.sun.javafx.application.PlatformImpl.lambda$runLater$10(PlatformImpl.java:457)
	at java.base/java.security.AccessController.doPrivileged(AccessController.java:138)
	at javafx.graphics/com.sun.javafx.application.PlatformImpl.lambda$runLater$11(PlatformImpl.java:456)
	at javafx.graphics/com.sun.glass.ui.InvokeLaterDispatcher$Future.run$$$capture(InvokeLaterDispatcher.java:96)
	at javafx.graphics/com.sun.glass.ui.InvokeLaterDispatcher$Future.run(InvokeLaterDispatcher.java)
	at javafx.graphics/com.sun.glass.ui.win.WinApplication._enterNestedEventLoopImpl(Native Method)
	at javafx.graphics/com.sun.glass.ui.win.WinApplication._enterNestedEventLoop(WinApplication.java:211)
	at javafx.graphics/com.sun.glass.ui.Application.enterNestedEventLoop(Application.java:515)
	at javafx.graphics/com.sun.glass.ui.EventLoop.enter(EventLoop.java:107)
	at javafx.graphics/com.sun.javafx.tk.quantum.QuantumToolkit.enterNestedEventLoop(QuantumToolkit.java:647)
	at javafx.graphics/javafx.stage.Stage.showAndWait(Stage.java:469)
	at javafx.controls/javafx.scene.control.HeavyweightDialog.showAndWait(HeavyweightDialog.java:162)
	at javafx.controls/javafx.scene.control.Dialog.showAndWait(Dialog.java:346)
	at com.appointmentscheduler/com.appointmentscheduler.presentation.ErrorHandler.showErrorOnFxThread(ErrorHandler.java:48)
	at com.appointmentscheduler/com.appointmentscheduler.presentation.ErrorHandler.lambda$0(ErrorHandler.java:34)
	at javafx.graphics/com.sun.javafx.application.PlatformImpl.lambda$runLater$10(PlatformImpl.java:457)
	at java.base/java.security.AccessController.doPrivileged(AccessController.java:138)
	at javafx.graphics/com.sun.javafx.application.PlatformImpl.lambda$runLater$11(PlatformImpl.java:456)
	at javafx.graphics/com.sun.glass.ui.InvokeLaterDispatcher$Future.run$$$capture(InvokeLaterDispatcher.java:96)
	at javafx.graphics/com.sun.glass.ui.InvokeLaterDispatcher$Future.run(InvokeLaterDispatcher.java)
	at javafx.graphics/com.sun.glass.ui.win.WinApplication._enterNestedEventLoopImpl(Native Method)
	at javafx.graphics/com.sun.glass.ui.win.WinApplication._enterNestedEventLoop(WinApplication.java:211)
	at javafx.graphics/com.sun.glass.ui.Application.enterNestedEventLoop(Application.java:515)
	at javafx.graphics/com.sun.glass.ui.EventLoop.enter(EventLoop.java:107)
	at javafx.graphics/com.sun.javafx.tk.quantum.QuantumToolkit.enterNestedEventLoop(QuantumToolkit.java:647)
	at javafx.graphics/javafx.stage.Stage.showAndWait(Stage.java:469)
	at javafx.controls/javafx.scene.control.HeavyweightDialog.showAndWait(HeavyweightDialog.java:162)
	at javafx.controls/javafx.scene.control.Dialog.showAndWait(Dialog.java:346)
	at com.appointmentscheduler/com.appointmentscheduler.presentation.ErrorHandler.showErrorOnFxThread(ErrorHandler.java:48)
	at com.appointmentscheduler/com.appointmentscheduler.presentation.ErrorHandler.lambda$0(ErrorHandler.java:34)
	at javafx.graphics/com.sun.javafx.application.PlatformImpl.lambda$runLater$10(PlatformImpl.java:457)
	at java.base/java.security.AccessController.doPrivileged(AccessController.java:138)
	at javafx.graphics/com.sun.javafx.application.PlatformImpl.lambda$runLater$11(PlatformImpl.java:456)
	at javafx.graphics/com.sun.glass.ui.InvokeLaterDispatcher$Future.run$$$capture(InvokeLaterDispatcher.java:96)
	at javafx.graphics/com.sun.glass.ui.InvokeLaterDispatcher$Future.run(InvokeLaterDispatcher.java)
	at javafx.graphics/com.sun.glass.ui.win.WinApplication._runLoop(Native Method)
	at javafx.graphics/com.sun.glass.ui.win.WinApplication.lambda$runLoop$3(WinApplication.java:184)
	at java.base/java.lang.Thread.run(Thread.java:1474)
2026-04-19 10:47:40.511 [JavaFX Application Thread] ERROR c.a.presentation.LoginController - Registration save failed for email auto.46136317170400@test.com
java.lang.RuntimeException: wrap
	at com.appointmentscheduler/com.appointmentscheduler.presentation.LoginController.handleOpenRegistration(LoginController.java:215)
	at com.appointmentscheduler/com.appointmentscheduler.presentation.PresentationBelow80UnifiedBranchBatchTest.lambda$10(PresentationBelow80UnifiedBranchBatchTest.java:258)
	at javafx.graphics/com.sun.javafx.application.PlatformImpl.lambda$runLater$10(PlatformImpl.java:457)
	at java.base/java.security.AccessController.doPrivileged(AccessController.java:138)
	at javafx.graphics/com.sun.javafx.application.PlatformImpl.lambda$runLater$11(PlatformImpl.java:456)
	at javafx.graphics/com.sun.glass.ui.InvokeLaterDispatcher$Future.run$$$capture(InvokeLaterDispatcher.java:96)
	at javafx.graphics/com.sun.glass.ui.InvokeLaterDispatcher$Future.run(InvokeLaterDispatcher.java)
	at javafx.graphics/com.sun.glass.ui.win.WinApplication._enterNestedEventLoopImpl(Native Method)
	at javafx.graphics/com.sun.glass.ui.win.WinApplication._enterNestedEventLoop(WinApplication.java:211)
	at javafx.graphics/com.sun.glass.ui.Application.enterNestedEventLoop(Application.java:515)
	at javafx.graphics/com.sun.glass.ui.EventLoop.enter(EventLoop.java:107)
	at javafx.graphics/com.sun.javafx.tk.quantum.QuantumToolkit.enterNestedEventLoop(QuantumToolkit.java:647)
	at javafx.graphics/javafx.stage.Stage.showAndWait(Stage.java:469)
	at javafx.controls/javafx.scene.control.HeavyweightDialog.showAndWait(HeavyweightDialog.java:162)
	at javafx.controls/javafx.scene.control.Dialog.showAndWait(Dialog.java:346)
	at com.appointmentscheduler/com.appointmentscheduler.presentation.ErrorHandler.showErrorOnFxThread(ErrorHandler.java:48)
	at com.appointmentscheduler/com.appointmentscheduler.presentation.ErrorHandler.lambda$0(ErrorHandler.java:34)
	at javafx.graphics/com.sun.javafx.application.PlatformImpl.lambda$runLater$10(PlatformImpl.java:457)
	at java.base/java.security.AccessController.doPrivileged(AccessController.java:138)
	at javafx.graphics/com.sun.javafx.application.PlatformImpl.lambda$runLater$11(PlatformImpl.java:456)
	at javafx.graphics/com.sun.glass.ui.InvokeLaterDispatcher$Future.run$$$capture(InvokeLaterDispatcher.java:96)
	at javafx.graphics/com.sun.glass.ui.InvokeLaterDispatcher$Future.run(InvokeLaterDispatcher.java)
	at javafx.graphics/com.sun.glass.ui.win.WinApplication._enterNestedEventLoopImpl(Native Method)
	at javafx.graphics/com.sun.glass.ui.win.WinApplication._enterNestedEventLoop(WinApplication.java:211)
	at javafx.graphics/com.sun.glass.ui.Application.enterNestedEventLoop(Application.java:515)
	at javafx.graphics/com.sun.glass.ui.EventLoop.enter(EventLoop.java:107)
	at javafx.graphics/com.sun.javafx.tk.quantum.QuantumToolkit.enterNestedEventLoop(QuantumToolkit.java:647)
	at javafx.graphics/javafx.stage.Stage.showAndWait(Stage.java:469)
	at javafx.controls/javafx.scene.control.HeavyweightDialog.showAndWait(HeavyweightDialog.java:162)
	at javafx.controls/javafx.scene.control.Dialog.showAndWait(Dialog.java:346)
	at com.appointmentscheduler/com.appointmentscheduler.presentation.ErrorHandler.showErrorOnFxThread(ErrorHandler.java:48)
	at com.appointmentscheduler/com.appointmentscheduler.presentation.ErrorHandler.lambda$0(ErrorHandler.java:34)
	at javafx.graphics/com.sun.javafx.application.PlatformImpl.lambda$runLater$10(PlatformImpl.java:457)
	at java.base/java.security.AccessController.doPrivileged(AccessController.java:138)
	at javafx.graphics/com.sun.javafx.application.PlatformImpl.lambda$runLater$11(PlatformImpl.java:456)
	at javafx.graphics/com.sun.glass.ui.InvokeLaterDispatcher$Future.run$$$capture(InvokeLaterDispatcher.java:96)
	at javafx.graphics/com.sun.glass.ui.InvokeLaterDispatcher$Future.run(InvokeLaterDispatcher.java)
	at javafx.graphics/com.sun.glass.ui.win.WinApplication._enterNestedEventLoopImpl(Native Method)
	at javafx.graphics/com.sun.glass.ui.win.WinApplication._enterNestedEventLoop(WinApplication.java:211)
	at javafx.graphics/com.sun.glass.ui.Application.enterNestedEventLoop(Application.java:515)
	at javafx.graphics/com.sun.glass.ui.EventLoop.enter(EventLoop.java:107)
	at javafx.graphics/com.sun.javafx.tk.quantum.QuantumToolkit.enterNestedEventLoop(QuantumToolkit.java:647)
	at javafx.graphics/javafx.stage.Stage.showAndWait(Stage.java:469)
	at javafx.controls/javafx.scene.control.HeavyweightDialog.showAndWait(HeavyweightDialog.java:162)
	at javafx.controls/javafx.scene.control.Dialog.showAndWait(Dialog.java:346)
	at com.appointmentscheduler/com.appointmentscheduler.presentation.ErrorHandler.showErrorOnFxThread(ErrorHandler.java:48)
	at com.appointmentscheduler/com.appointmentscheduler.presentation.ErrorHandler.lambda$0(ErrorHandler.java:34)
	at javafx.graphics/com.sun.javafx.application.PlatformImpl.lambda$runLater$10(PlatformImpl.java:457)
	at java.base/java.security.AccessController.doPrivileged(AccessController.java:138)
	at javafx.graphics/com.sun.javafx.application.PlatformImpl.lambda$runLater$11(PlatformImpl.java:456)
	at javafx.graphics/com.sun.glass.ui.InvokeLaterDispatcher$Future.run$$$capture(InvokeLaterDispatcher.java:96)
	at javafx.graphics/com.sun.glass.ui.InvokeLaterDispatcher$Future.run(InvokeLaterDispatcher.java)
	at javafx.graphics/com.sun.glass.ui.win.WinApplication._enterNestedEventLoopImpl(Native Method)
	at javafx.graphics/com.sun.glass.ui.win.WinApplication._enterNestedEventLoop(WinApplication.java:211)
	at javafx.graphics/com.sun.glass.ui.Application.enterNestedEventLoop(Application.java:515)
	at javafx.graphics/com.sun.glass.ui.EventLoop.enter(EventLoop.java:107)
	at javafx.graphics/com.sun.javafx.tk.quantum.QuantumToolkit.enterNestedEventLoop(QuantumToolkit.java:647)
	at javafx.graphics/javafx.stage.Stage.showAndWait(Stage.java:469)
	at javafx.controls/javafx.scene.control.HeavyweightDialog.showAndWait(HeavyweightDialog.java:162)
	at javafx.controls/javafx.scene.control.Dialog.showAndWait(Dialog.java:346)
	at com.appointmentscheduler/com.appointmentscheduler.presentation.ErrorHandler.showErrorOnFxThread(ErrorHandler.java:48)
	at com.appointmentscheduler/com.appointmentscheduler.presentation.ErrorHandler.lambda$0(ErrorHandler.java:34)
	at javafx.graphics/com.sun.javafx.application.PlatformImpl.lambda$runLater$10(PlatformImpl.java:457)
	at java.base/java.security.AccessController.doPrivileged(AccessController.java:138)
	at javafx.graphics/com.sun.javafx.application.PlatformImpl.lambda$runLater$11(PlatformImpl.java:456)
	at javafx.graphics/com.sun.glass.ui.InvokeLaterDispatcher$Future.run$$$capture(InvokeLaterDispatcher.java:96)
	at javafx.graphics/com.sun.glass.ui.InvokeLaterDispatcher$Future.run(InvokeLaterDispatcher.java)
	at javafx.graphics/com.sun.glass.ui.win.WinApplication._enterNestedEventLoopImpl(Native Method)
	at javafx.graphics/com.sun.glass.ui.win.WinApplication._enterNestedEventLoop(WinApplication.java:211)
	at javafx.graphics/com.sun.glass.ui.Application.enterNestedEventLoop(Application.java:515)
	at javafx.graphics/com.sun.glass.ui.EventLoop.enter(EventLoop.java:107)
	at javafx.graphics/com.sun.javafx.tk.quantum.QuantumToolkit.enterNestedEventLoop(QuantumToolkit.java:647)
	at javafx.graphics/javafx.stage.Stage.showAndWait(Stage.java:469)
	at javafx.controls/javafx.scene.control.HeavyweightDialog.showAndWait(HeavyweightDialog.java:162)
	at javafx.controls/javafx.scene.control.Dialog.showAndWait(Dialog.java:346)
	at com.appointmentscheduler/com.appointmentscheduler.presentation.ErrorHandler.showErrorOnFxThread(ErrorHandler.java:48)
	at com.appointmentscheduler/com.appointmentscheduler.presentation.ErrorHandler.lambda$0(ErrorHandler.java:34)
	at javafx.graphics/com.sun.javafx.application.PlatformImpl.lambda$runLater$10(PlatformImpl.java:457)
	at java.base/java.security.AccessController.doPrivileged(AccessController.java:138)
	at javafx.graphics/com.sun.javafx.application.PlatformImpl.lambda$runLater$11(PlatformImpl.java:456)
	at javafx.graphics/com.sun.glass.ui.InvokeLaterDispatcher$Future.run$$$capture(InvokeLaterDispatcher.java:96)
	at javafx.graphics/com.sun.glass.ui.InvokeLaterDispatcher$Future.run(InvokeLaterDispatcher.java)
	at javafx.graphics/com.sun.glass.ui.win.WinApplication._enterNestedEventLoopImpl(Native Method)
	at javafx.graphics/com.sun.glass.ui.win.WinApplication._enterNestedEventLoop(WinApplication.java:211)
	at javafx.graphics/com.sun.glass.ui.Application.enterNestedEventLoop(Application.java:515)
	at javafx.graphics/com.sun.glass.ui.EventLoop.enter(EventLoop.java:107)
	at javafx.graphics/com.sun.javafx.tk.quantum.QuantumToolkit.enterNestedEventLoop(QuantumToolkit.java:647)
	at javafx.graphics/javafx.stage.Stage.showAndWait(Stage.java:469)
	at javafx.controls/javafx.scene.control.HeavyweightDialog.showAndWait(HeavyweightDialog.java:162)
	at javafx.controls/javafx.scene.control.Dialog.showAndWait(Dialog.java:346)
	at com.appointmentscheduler/com.appointmentscheduler.presentation.ErrorHandler.showErrorOnFxThread(ErrorHandler.java:48)
	at com.appointmentscheduler/com.appointmentscheduler.presentation.ErrorHandler.lambda$0(ErrorHandler.java:34)
	at javafx.graphics/com.sun.javafx.application.PlatformImpl.lambda$runLater$10(PlatformImpl.java:457)
	at java.base/java.security.AccessController.doPrivileged(AccessController.java:138)
	at javafx.graphics/com.sun.javafx.application.PlatformImpl.lambda$runLater$11(PlatformImpl.java:456)
	at javafx.graphics/com.sun.glass.ui.InvokeLaterDispatcher$Future.run$$$capture(InvokeLaterDispatcher.java:96)
	at javafx.graphics/com.sun.glass.ui.InvokeLaterDispatcher$Future.run(InvokeLaterDispatcher.java)
	at javafx.graphics/com.sun.glass.ui.win.WinApplication._enterNestedEventLoopImpl(Native Method)
	at javafx.graphics/com.sun.glass.ui.win.WinApplication._enterNestedEventLoop(WinApplication.java:211)
	at javafx.graphics/com.sun.glass.ui.Application.enterNestedEventLoop(Application.java:515)
	at javafx.graphics/com.sun.glass.ui.EventLoop.enter(EventLoop.java:107)
	at javafx.graphics/com.sun.javafx.tk.quantum.QuantumToolkit.enterNestedEventLoop(QuantumToolkit.java:647)
	at javafx.graphics/javafx.stage.Stage.showAndWait(Stage.java:469)
	at javafx.controls/javafx.scene.control.HeavyweightDialog.showAndWait(HeavyweightDialog.java:162)
	at javafx.controls/javafx.scene.control.Dialog.showAndWait(Dialog.java:346)
	at com.appointmentscheduler/com.appointmentscheduler.presentation.ErrorHandler.showErrorOnFxThread(ErrorHandler.java:48)
	at com.appointmentscheduler/com.appointmentscheduler.presentation.ErrorHandler.lambda$0(ErrorHandler.java:34)
	at javafx.graphics/com.sun.javafx.application.PlatformImpl.lambda$runLater$10(PlatformImpl.java:457)
	at java.base/java.security.AccessController.doPrivileged(AccessController.java:138)
	at javafx.graphics/com.sun.javafx.application.PlatformImpl.lambda$runLater$11(PlatformImpl.java:456)
	at javafx.graphics/com.sun.glass.ui.InvokeLaterDispatcher$Future.run$$$capture(InvokeLaterDispatcher.java:96)
	at javafx.graphics/com.sun.glass.ui.InvokeLaterDispatcher$Future.run(InvokeLaterDispatcher.java)
	at javafx.graphics/com.sun.glass.ui.win.WinApplication._enterNestedEventLoopImpl(Native Method)
	at javafx.graphics/com.sun.glass.ui.win.WinApplication._enterNestedEventLoop(WinApplication.java:211)
	at javafx.graphics/com.sun.glass.ui.Application.enterNestedEventLoop(Application.java:515)
	at javafx.graphics/com.sun.glass.ui.EventLoop.enter(EventLoop.java:107)
	at javafx.graphics/com.sun.javafx.tk.quantum.QuantumToolkit.enterNestedEventLoop(QuantumToolkit.java:647)
	at javafx.graphics/javafx.stage.Stage.showAndWait(Stage.java:469)
	at javafx.controls/javafx.scene.control.HeavyweightDialog.showAndWait(HeavyweightDialog.java:162)
	at javafx.controls/javafx.scene.control.Dialog.showAndWait(Dialog.java:346)
	at com.appointmentscheduler/com.appointmentscheduler.presentation.ErrorHandler.showErrorOnFxThread(ErrorHandler.java:48)
	at com.appointmentscheduler/com.appointmentscheduler.presentation.ErrorHandler.lambda$0(ErrorHandler.java:34)
	at javafx.graphics/com.sun.javafx.application.PlatformImpl.lambda$runLater$10(PlatformImpl.java:457)
	at java.base/java.security.AccessController.doPrivileged(AccessController.java:138)
	at javafx.graphics/com.sun.javafx.application.PlatformImpl.lambda$runLater$11(PlatformImpl.java:456)
	at javafx.graphics/com.sun.glass.ui.InvokeLaterDispatcher$Future.run$$$capture(InvokeLaterDispatcher.java:96)
	at javafx.graphics/com.sun.glass.ui.InvokeLaterDispatcher$Future.run(InvokeLaterDispatcher.java)
	at javafx.graphics/com.sun.glass.ui.win.WinApplication._enterNestedEventLoopImpl(Native Method)
	at javafx.graphics/com.sun.glass.ui.win.WinApplication._enterNestedEventLoop(WinApplication.java:211)
	at javafx.graphics/com.sun.glass.ui.Application.enterNestedEventLoop(Application.java:515)
	at javafx.graphics/com.sun.glass.ui.EventLoop.enter(EventLoop.java:107)
	at javafx.graphics/com.sun.javafx.tk.quantum.QuantumToolkit.enterNestedEventLoop(QuantumToolkit.java:647)
	at javafx.graphics/javafx.stage.Stage.showAndWait(Stage.java:469)
	at javafx.controls/javafx.scene.control.HeavyweightDialog.showAndWait(HeavyweightDialog.java:162)
	at javafx.controls/javafx.scene.control.Dialog.showAndWait(Dialog.java:346)
	at com.appointmentscheduler/com.appointmentscheduler.presentation.ErrorHandler.showErrorOnFxThread(ErrorHandler.java:48)
	at com.appointmentscheduler/com.appointmentscheduler.presentation.ErrorHandler.lambda$0(ErrorHandler.java:34)
	at javafx.graphics/com.sun.javafx.application.PlatformImpl.lambda$runLater$10(PlatformImpl.java:457)
	at java.base/java.security.AccessController.doPrivileged(AccessController.java:138)
	at javafx.graphics/com.sun.javafx.application.PlatformImpl.lambda$runLater$11(PlatformImpl.java:456)
	at javafx.graphics/com.sun.glass.ui.InvokeLaterDispatcher$Future.run$$$capture(InvokeLaterDispatcher.java:96)
	at javafx.graphics/com.sun.glass.ui.InvokeLaterDispatcher$Future.run(InvokeLaterDispatcher.java)
	at javafx.graphics/com.sun.glass.ui.win.WinApplication._runLoop(Native Method)
	at javafx.graphics/com.sun.glass.ui.win.WinApplication.lambda$runLoop$3(WinApplication.java:184)
	at java.base/java.lang.Thread.run(Thread.java:1474)
Caused by: java.lang.IllegalStateException: cause-detail
	at com.appointmentscheduler/com.appointmentscheduler.presentation.PresentationBelow80UnifiedBranchBatchTest.login_handleOpenRegistration_auto_saveFailure_includesCauseMessage(PresentationBelow80UnifiedBranchBatchTest.java:115)
	at java.base/jdk.internal.reflect.DirectMethodHandleAccessor.invoke(DirectMethodHandleAccessor.java:104)
	at java.base/java.lang.reflect.Method.invoke(Method.java:565)
	at org.junit.platform.commons.util.ReflectionUtils.invokeMethod(ReflectionUtils.java:728)
	at org.junit.jupiter.engine.execution.MethodInvocation.proceed(MethodInvocation.java:60)
	at org.junit.jupiter.engine.execution.InvocationInterceptorChain$ValidatingInvocation.proceed(InvocationInterceptorChain.java:131)
	at org.junit.jupiter.engine.extension.TimeoutExtension.intercept(TimeoutExtension.java:156)
	at org.junit.jupiter.engine.extension.TimeoutExtension.interceptTestableMethod(TimeoutExtension.java:147)
	at org.junit.jupiter.engine.extension.TimeoutExtension.interceptTestMethod(TimeoutExtension.java:86)
	at org.junit.jupiter.engine.execution.InterceptingExecutableInvoker$ReflectiveInterceptorCall.lambda$ofVoidMethod$0(InterceptingExecutableInvoker.java:103)
	at org.junit.jupiter.engine.execution.InterceptingExecutableInvoker.lambda$invoke$0(InterceptingExecutableInvoker.java:93)
	at org.junit.jupiter.engine.execution.InvocationInterceptorChain$InterceptedInvocation.proceed(InvocationInterceptorChain.java:106)
	at org.junit.jupiter.engine.execution.InvocationInterceptorChain.proceed(InvocationInterceptorChain.java:64)
	at org.junit.jupiter.engine.execution.InvocationInterceptorChain.chainAndInvoke(InvocationInterceptorChain.java:45)
	at org.junit.jupiter.engine.execution.InvocationInterceptorChain.invoke(InvocationInterceptorChain.java:37)
	at org.junit.jupiter.engine.execution.InterceptingExecutableInvoker.invoke(InterceptingExecutableInvoker.java:92)
	at org.junit.jupiter.engine.execution.InterceptingExecutableInvoker.invoke(InterceptingExecutableInvoker.java:86)
	at org.junit.jupiter.engine.descriptor.TestMethodTestDescriptor.lambda$invokeTestMethod$7(TestMethodTestDescriptor.java:218)
	at org.junit.platform.engine.support.hierarchical.ThrowableCollector.execute(ThrowableCollector.java:73)
	at org.junit.jupiter.engine.descriptor.TestMethodTestDescriptor.invokeTestMethod(TestMethodTestDescriptor.java:214)
	at org.junit.jupiter.engine.descriptor.TestMethodTestDescriptor.execute(TestMethodTestDescriptor.java:139)
	at org.junit.jupiter.engine.descriptor.TestMethodTestDescriptor.execute(TestMethodTestDescriptor.java:69)
	at org.junit.platform.engine.support.hierarchical.NodeTestTask.lambda$executeRecursively$6(NodeTestTask.java:151)
	at org.junit.platform.engine.support.hierarchical.ThrowableCollector.execute(ThrowableCollector.java:73)
	at org.junit.platform.engine.support.hierarchical.NodeTestTask.lambda$executeRecursively$8(NodeTestTask.java:141)
	at org.junit.platform.engine.support.hierarchical.Node.around(Node.java:137)
	at org.junit.platform.engine.support.hierarchical.NodeTestTask.lambda$executeRecursively$9(NodeTestTask.java:139)
	at org.junit.platform.engine.support.hierarchical.ThrowableCollector.execute(ThrowableCollector.java:73)
	at org.junit.platform.engine.support.hierarchical.NodeTestTask.executeRecursively(NodeTestTask.java:138)
	at org.junit.platform.engine.support.hierarchical.NodeTestTask.execute(NodeTestTask.java:95)
	at java.base/java.util.ArrayList.forEach(ArrayList.java:1604)
	at org.junit.platform.engine.support.hierarchical.SameThreadHierarchicalTestExecutorService.invokeAll(SameThreadHierarchicalTestExecutorService.java:41)
	at org.junit.platform.engine.support.hierarchical.NodeTestTask.lambda$executeRecursively$6(NodeTestTask.java:155)
	at org.junit.platform.engine.support.hierarchical.ThrowableCollector.execute(ThrowableCollector.java:73)
	at org.junit.platform.engine.support.hierarchical.NodeTestTask.lambda$executeRecursively$8(NodeTestTask.java:141)
	at org.junit.platform.engine.support.hierarchical.Node.around(Node.java:137)
	at org.junit.platform.engine.support.hierarchical.NodeTestTask.lambda$executeRecursively$9(NodeTestTask.java:139)
	at org.junit.platform.engine.support.hierarchical.ThrowableCollector.execute(ThrowableCollector.java:73)
	at org.junit.platform.engine.support.hierarchical.NodeTestTask.executeRecursively(NodeTestTask.java:138)
	at org.junit.platform.engine.support.hierarchical.NodeTestTask.execute(NodeTestTask.java:95)
	at java.base/java.util.ArrayList.forEach(ArrayList.java:1604)
	at org.junit.platform.engine.support.hierarchical.SameThreadHierarchicalTestExecutorService.invokeAll(SameThreadHierarchicalTestExecutorService.java:41)
	at org.junit.platform.engine.support.hierarchical.NodeTestTask.lambda$executeRecursively$6(NodeTestTask.java:155)
	at org.junit.platform.engine.support.hierarchical.ThrowableCollector.execute(ThrowableCollector.java:73)
	at org.junit.platform.engine.support.hierarchical.NodeTestTask.lambda$executeRecursively$8(NodeTestTask.java:141)
	at org.junit.platform.engine.support.hierarchical.Node.around(Node.java:137)
	at org.junit.platform.engine.support.hierarchical.NodeTestTask.lambda$executeRecursively$9(NodeTestTask.java:139)
	at org.junit.platform.engine.support.hierarchical.ThrowableCollector.execute(ThrowableCollector.java:73)
	at org.junit.platform.engine.support.hierarchical.NodeTestTask.executeRecursively(NodeTestTask.java:138)
	at org.junit.platform.engine.support.hierarchical.NodeTestTask.execute(NodeTestTask.java:95)
	at org.junit.platform.engine.support.hierarchical.SameThreadHierarchicalTestExecutorService.submit(SameThreadHierarchicalTestExecutorService.java:35)
	at org.junit.platform.engine.support.hierarchical.HierarchicalTestExecutor.execute(HierarchicalTestExecutor.java:57)
	at org.junit.platform.engine.support.hierarchical.HierarchicalTestEngine.execute(HierarchicalTestEngine.java:54)
	at org.junit.platform.launcher.core.EngineExecutionOrchestrator.execute(EngineExecutionOrchestrator.java:198)
	at org.junit.platform.launcher.core.EngineExecutionOrchestrator.execute(EngineExecutionOrchestrator.java:169)
	at org.junit.platform.launcher.core.EngineExecutionOrchestrator.execute(EngineExecutionOrchestrator.java:93)
	at org.junit.platform.launcher.core.EngineExecutionOrchestrator.lambda$execute$0(EngineExecutionOrchestrator.java:58)
	at org.junit.platform.launcher.core.EngineExecutionOrchestrator.withInterceptedStreams(EngineExecutionOrchestrator.java:141)
	at org.junit.platform.launcher.core.EngineExecutionOrchestrator.execute(EngineExecutionOrchestrator.java:57)
	at org.junit.platform.launcher.core.DefaultLauncher.execute(DefaultLauncher.java:103)
	at org.junit.platform.launcher.core.DefaultLauncher.execute(DefaultLauncher.java:85)
	at org.junit.platform.launcher.core.DelegatingLauncher.execute(DelegatingLauncher.java:47)
	at org.junit.platform.launcher.core.SessionPerRequestLauncher.execute(SessionPerRequestLauncher.java:63)
	at com.intellij.junit5.JUnit5IdeaTestRunner.startRunnerWithArgs(JUnit5IdeaTestRunner.java:66)
	at com.intellij.rt.junit.IdeaTestRunner$Repeater$1.execute(IdeaTestRunner.java:38)
	at com.intellij.rt.execution.junit.TestsRepeater.repeat(TestsRepeater.java:11)
	at com.intellij.rt.junit.IdeaTestRunner$Repeater.startRunnerWithArgs(IdeaTestRunner.java:35)
	at com.intellij.rt.junit.JUnitStarter.prepareStreamsAndStart(JUnitStarter.java:231)
	at com.intellij.rt.junit.JUnitStarter.main(JUnitStarter.java:55)
2026-04-19 10:47:40.555 [main] DEBUG com.appointmentscheduler.application.AppConfig - Application configuration loaded
2026-04-19 10:47:40.556 [main] DEBUG com.appointmentscheduler.application.AppConfig - Merged application-local.properties
2026-04-19 10:47:40.558 [main] DEBUG com.appointmentscheduler.application.AppConfig - Application configuration loaded
2026-04-19 10:47:40.558 [main] DEBUG com.appointmentscheduler.application.AppConfig - Merged application-local.properties
2026-04-19 10:47:40.561 [main] DEBUG com.appointmentscheduler.application.AppConfig - Application configuration loaded
2026-04-19 10:47:40.561 [main] DEBUG com.appointmentscheduler.application.AppConfig - Merged application-local.properties
2026-04-19 10:47:40.563 [main] DEBUG com.appointmentscheduler.application.AppConfig - Application configuration loaded
2026-04-19 10:47:40.563 [main] DEBUG com.appointmentscheduler.application.AppConfig - Merged application-local.properties
2026-04-19 10:47:40.564 [main] DEBUG com.appointmentscheduler.application.AppConfig - Application configuration loaded
2026-04-19 10:47:40.565 [main] DEBUG com.appointmentscheduler.application.AppConfig - Merged application-local.properties
2026-04-19 10:47:40.567 [main] DEBUG com.appointmentscheduler.application.AppConfig - Application configuration loaded
2026-04-19 10:47:40.567 [main] DEBUG com.appointmentscheduler.application.AppConfig - Merged application-local.properties
2026-04-19 10:47:40.569 [main] DEBUG com.appointmentscheduler.application.AppConfig - Application configuration loaded
2026-04-19 10:47:40.569 [main] DEBUG com.appointmentscheduler.application.AppConfig - Merged application-local.properties
2026-04-19 10:47:40.570 [main] DEBUG com.appointmentscheduler.application.AppConfig - Application configuration loaded
2026-04-19 10:47:40.570 [main] DEBUG com.appointmentscheduler.application.AppConfig - Merged application-local.properties
2026-04-19 10:47:40.572 [main] DEBUG com.appointmentscheduler.application.AppConfig - Application configuration loaded
2026-04-19 10:47:40.573 [main] DEBUG com.appointmentscheduler.application.AppConfig - Merged application-local.properties
2026-04-19 10:47:40.574 [main] DEBUG com.appointmentscheduler.application.AppConfig - Application configuration loaded
2026-04-19 10:47:40.575 [main] DEBUG com.appointmentscheduler.application.AppConfig - Merged application-local.properties
2026-04-19 10:47:40.576 [main] DEBUG com.appointmentscheduler.application.AppConfig - Application configuration loaded
2026-04-19 10:47:40.578 [main] DEBUG com.appointmentscheduler.application.AppConfig - Merged application-local.properties
2026-04-19 10:47:40.579 [main] DEBUG com.appointmentscheduler.application.AppConfig - Application configuration loaded
2026-04-19 10:47:40.580 [main] DEBUG com.appointmentscheduler.application.AppConfig - Merged application-local.properties
2026-04-19 10:47:40.642 [main] DEBUG com.appointmentscheduler.application.AppConfig - Application configuration loaded
2026-04-19 10:47:40.642 [main] DEBUG com.appointmentscheduler.application.AppConfig - Merged application-local.properties
2026-04-19 10:47:40.701 [main] DEBUG com.appointmentscheduler.application.AppConfig - Application configuration loaded
2026-04-19 10:47:40.701 [main] DEBUG com.appointmentscheduler.application.AppConfig - Merged application-local.properties
2026-04-19 10:47:40.707 [main] DEBUG com.appointmentscheduler.application.AppConfig - Application configuration loaded
2026-04-19 10:47:40.708 [main] DEBUG com.appointmentscheduler.application.AppConfig - Merged application-local.properties
2026-04-19 10:47:40.711 [main] DEBUG com.appointmentscheduler.application.AppConfig - Application configuration loaded
2026-04-19 10:47:40.712 [main] DEBUG com.appointmentscheduler.application.AppConfig - Merged application-local.properties
2026-04-19 10:47:40.715 [JavaFX Application Thread] INFO  com.appointmentscheduler.presentation.MainApp - Using database persistence (MySQL). User and appointment data will be saved.
2026-04-19 10:47:40.715 [JavaFX Application Thread] DEBUG c.a.application.AppointmentReminderService - Registered reminder channel: SMSNotification
2026-04-19 10:47:41.188 [JavaFX Application Thread] INFO  com.appointmentscheduler.presentation.MainApp - Starting Appointment Booking System v3.0.0
2026-04-19 10:47:42.385 [JavaFX Application Thread] DEBUG c.appointmentscheduler.application.AuditLogService - Audit: DAY_CLOSED | Forced Admin | Closed calendar day: 2026-04-19
2026-04-19 10:47:42.389 [JavaFX Application Thread] DEBUG c.appointmentscheduler.application.AuditLogService - Audit: DAY_REOPENED | Forced Admin | Reopened calendar day: 2026-04-19
2026-04-19 10:47:49.067 [JavaFX Application Thread] INFO  com.appointmentscheduler.presentation.MainApp - Using database persistence (MySQL). User and appointment data will be saved.
2026-04-19 10:47:49.067 [JavaFX Application Thread] DEBUG c.a.application.AppointmentReminderService - Registered reminder channel: SMSNotification
2026-04-19 10:47:49.529 [JavaFX Application Thread] INFO  com.appointmentscheduler.presentation.MainApp - Starting Appointment Booking System v3.0.0
2026-04-19 10:48:01.152 [JavaFX Application Thread] INFO  com.appointmentscheduler.presentation.MainApp - Using database persistence (MySQL). User and appointment data will be saved.
2026-04-19 10:48:01.153 [JavaFX Application Thread] DEBUG c.a.application.AppointmentReminderService - Registered reminder channel: SMSNotification
2026-04-19 10:48:01.603 [JavaFX Application Thread] INFO  com.appointmentscheduler.presentation.MainApp - Starting Appointment Booking System v3.0.0
2026-04-19 10:48:02.418 [JavaFX Application Thread] DEBUG c.appointmentscheduler.application.AuditLogService - Audit: DAY_CLOSED | Mass Admin | Closed calendar day: 2026-04-19
2026-04-19 10:48:02.422 [JavaFX Application Thread] DEBUG c.appointmentscheduler.application.AuditLogService - Audit: DAY_REOPENED | Mass Admin | Reopened calendar day: 2026-04-19
2026-04-19 10:48:08.944 [main] DEBUG c.a.application.AppointmentReminderService - Registered reminder channel: SMSNotification
2026-04-19 10:48:10.588 [main] DEBUG com.appointmentscheduler.application.AppConfig - Application configuration loaded
2026-04-19 10:48:10.588 [main] DEBUG com.appointmentscheduler.application.AppConfig - Merged application-local.properties
2026-04-19 10:48:11.096 [main] INFO  com.appointmentscheduler.presentation.MainApp - Using database persistence (PostgreSQL). User and appointment data will be saved.
2026-04-19 10:48:11.096 [main] DEBUG c.a.application.AppointmentReminderService - Registered reminder channel: SMSNotification
2026-04-19 10:48:15.133 [main] DEBUG com.appointmentscheduler.application.AppConfig - Application configuration loaded
2026-04-19 10:48:15.134 [main] DEBUG com.appointmentscheduler.application.AppConfig - Merged application-local.properties
2026-04-19 10:48:15.140 [main] ERROR com.appointmentscheduler.presentation.MainApp - Database setup failed — data will NOT persist. Falling back to in-memory. Cause: simulated jdbc wiring failure
java.lang.RuntimeException: simulated jdbc wiring failure
	at com.appointmentscheduler/com.appointmentscheduler.persistence.database.JdbcUserRepository.findAll(JdbcUserRepository.java:149)
	at com.appointmentscheduler/com.appointmentscheduler.presentation.MainApp.initializeServices(MainApp.java:151)
	at java.base/jdk.internal.reflect.DirectMethodHandleAccessor.invoke(DirectMethodHandleAccessor.java:104)
	at java.base/java.lang.reflect.Method.invoke(Method.java:565)
	at com.appointmentscheduler/com.appointmentscheduler.presentation.MainAppInitializeServicesJdbcPathTest.lambda$0(MainAppInitializeServicesJdbcPathTest.java:88)
	at org.assertj.core.api.ThrowableAssert.catchThrowable(ThrowableAssert.java:63)
	at org.assertj.core.api.AssertionsForClassTypes.catchThrowable(AssertionsForClassTypes.java:892)
	at org.assertj.core.api.AssertionsForClassTypes.assertThatCode(AssertionsForClassTypes.java:863)
	at org.assertj.core.api.Assertions.assertThatCode(Assertions.java:1287)
	at com.appointmentscheduler/com.appointmentscheduler.presentation.MainAppInitializeServicesJdbcPathTest.invokeInitializeServices(MainAppInitializeServicesJdbcPathTest.java:88)
	at com.appointmentscheduler/com.appointmentscheduler.presentation.MainAppInitializeServicesJdbcPathTest.initializeServices_jdbcUserRepositoryConstructionFails_fallsBackToInMemory(MainAppInitializeServicesJdbcPathTest.java:195)
	at java.base/jdk.internal.reflect.DirectMethodHandleAccessor.invoke(DirectMethodHandleAccessor.java:104)
	at java.base/java.lang.reflect.Method.invoke(Method.java:565)
	at org.junit.platform.commons.util.ReflectionUtils.invokeMethod(ReflectionUtils.java:728)
	at org.junit.jupiter.engine.execution.MethodInvocation.proceed(MethodInvocation.java:60)
	at org.junit.jupiter.engine.execution.InvocationInterceptorChain$ValidatingInvocation.proceed(InvocationInterceptorChain.java:131)
	at org.junit.jupiter.engine.extension.TimeoutExtension.intercept(TimeoutExtension.java:156)
	at org.junit.jupiter.engine.extension.TimeoutExtension.interceptTestableMethod(TimeoutExtension.java:147)
	at org.junit.jupiter.engine.extension.TimeoutExtension.interceptTestMethod(TimeoutExtension.java:86)
	at org.junit.jupiter.engine.execution.InterceptingExecutableInvoker$ReflectiveInterceptorCall.lambda$ofVoidMethod$0(InterceptingExecutableInvoker.java:103)
	at org.junit.jupiter.engine.execution.InterceptingExecutableInvoker.lambda$invoke$0(InterceptingExecutableInvoker.java:93)
	at org.junit.jupiter.engine.execution.InvocationInterceptorChain$InterceptedInvocation.proceed(InvocationInterceptorChain.java:106)
	at org.junit.jupiter.engine.execution.InvocationInterceptorChain.proceed(InvocationInterceptorChain.java:64)
	at org.junit.jupiter.engine.execution.InvocationInterceptorChain.chainAndInvoke(InvocationInterceptorChain.java:45)
	at org.junit.jupiter.engine.execution.InvocationInterceptorChain.invoke(InvocationInterceptorChain.java:37)
	at org.junit.jupiter.engine.execution.InterceptingExecutableInvoker.invoke(InterceptingExecutableInvoker.java:92)
	at org.junit.jupiter.engine.execution.InterceptingExecutableInvoker.invoke(InterceptingExecutableInvoker.java:86)
	at org.junit.jupiter.engine.descriptor.TestMethodTestDescriptor.lambda$invokeTestMethod$7(TestMethodTestDescriptor.java:218)
	at org.junit.platform.engine.support.hierarchical.ThrowableCollector.execute(ThrowableCollector.java:73)
	at org.junit.jupiter.engine.descriptor.TestMethodTestDescriptor.invokeTestMethod(TestMethodTestDescriptor.java:214)
	at org.junit.jupiter.engine.descriptor.TestMethodTestDescriptor.execute(TestMethodTestDescriptor.java:139)
	at org.junit.jupiter.engine.descriptor.TestMethodTestDescriptor.execute(TestMethodTestDescriptor.java:69)
	at org.junit.platform.engine.support.hierarchical.NodeTestTask.lambda$executeRecursively$6(NodeTestTask.java:151)
	at org.junit.platform.engine.support.hierarchical.ThrowableCollector.execute(ThrowableCollector.java:73)
	at org.junit.platform.engine.support.hierarchical.NodeTestTask.lambda$executeRecursively$8(NodeTestTask.java:141)
	at org.junit.platform.engine.support.hierarchical.Node.around(Node.java:137)
	at org.junit.platform.engine.support.hierarchical.NodeTestTask.lambda$executeRecursively$9(NodeTestTask.java:139)
	at org.junit.platform.engine.support.hierarchical.ThrowableCollector.execute(ThrowableCollector.java:73)
	at org.junit.platform.engine.support.hierarchical.NodeTestTask.executeRecursively(NodeTestTask.java:138)
	at org.junit.platform.engine.support.hierarchical.NodeTestTask.execute(NodeTestTask.java:95)
	at java.base/java.util.ArrayList.forEach(ArrayList.java:1604)
	at org.junit.platform.engine.support.hierarchical.SameThreadHierarchicalTestExecutorService.invokeAll(SameThreadHierarchicalTestExecutorService.java:41)
	at org.junit.platform.engine.support.hierarchical.NodeTestTask.lambda$executeRecursively$6(NodeTestTask.java:155)
	at org.junit.platform.engine.support.hierarchical.ThrowableCollector.execute(ThrowableCollector.java:73)
	at org.junit.platform.engine.support.hierarchical.NodeTestTask.lambda$executeRecursively$8(NodeTestTask.java:141)
	at org.junit.platform.engine.support.hierarchical.Node.around(Node.java:137)
	at org.junit.platform.engine.support.hierarchical.NodeTestTask.lambda$executeRecursively$9(NodeTestTask.java:139)
	at org.junit.platform.engine.support.hierarchical.ThrowableCollector.execute(ThrowableCollector.java:73)
	at org.junit.platform.engine.support.hierarchical.NodeTestTask.executeRecursively(NodeTestTask.java:138)
	at org.junit.platform.engine.support.hierarchical.NodeTestTask.execute(NodeTestTask.java:95)
	at java.base/java.util.ArrayList.forEach(ArrayList.java:1604)
	at org.junit.platform.engine.support.hierarchical.SameThreadHierarchicalTestExecutorService.invokeAll(SameThreadHierarchicalTestExecutorService.java:41)
	at org.junit.platform.engine.support.hierarchical.NodeTestTask.lambda$executeRecursively$6(NodeTestTask.java:155)
	at org.junit.platform.engine.support.hierarchical.ThrowableCollector.execute(ThrowableCollector.java:73)
	at org.junit.platform.engine.support.hierarchical.NodeTestTask.lambda$executeRecursively$8(NodeTestTask.java:141)
	at org.junit.platform.engine.support.hierarchical.Node.around(Node.java:137)
	at org.junit.platform.engine.support.hierarchical.NodeTestTask.lambda$executeRecursively$9(NodeTestTask.java:139)
	at org.junit.platform.engine.support.hierarchical.ThrowableCollector.execute(ThrowableCollector.java:73)
	at org.junit.platform.engine.support.hierarchical.NodeTestTask.executeRecursively(NodeTestTask.java:138)
	at org.junit.platform.engine.support.hierarchical.NodeTestTask.execute(NodeTestTask.java:95)
	at org.junit.platform.engine.support.hierarchical.SameThreadHierarchicalTestExecutorService.submit(SameThreadHierarchicalTestExecutorService.java:35)
	at org.junit.platform.engine.support.hierarchical.HierarchicalTestExecutor.execute(HierarchicalTestExecutor.java:57)
	at org.junit.platform.engine.support.hierarchical.HierarchicalTestEngine.execute(HierarchicalTestEngine.java:54)
	at org.junit.platform.launcher.core.EngineExecutionOrchestrator.execute(EngineExecutionOrchestrator.java:198)
	at org.junit.platform.launcher.core.EngineExecutionOrchestrator.execute(EngineExecutionOrchestrator.java:169)
	at org.junit.platform.launcher.core.EngineExecutionOrchestrator.execute(EngineExecutionOrchestrator.java:93)
	at org.junit.platform.launcher.core.EngineExecutionOrchestrator.lambda$execute$0(EngineExecutionOrchestrator.java:58)
	at org.junit.platform.launcher.core.EngineExecutionOrchestrator.withInterceptedStreams(EngineExecutionOrchestrator.java:141)
	at org.junit.platform.launcher.core.EngineExecutionOrchestrator.execute(EngineExecutionOrchestrator.java:57)
	at org.junit.platform.launcher.core.DefaultLauncher.execute(DefaultLauncher.java:103)
	at org.junit.platform.launcher.core.DefaultLauncher.execute(DefaultLauncher.java:85)
	at org.junit.platform.launcher.core.DelegatingLauncher.execute(DelegatingLauncher.java:47)
	at org.junit.platform.launcher.core.SessionPerRequestLauncher.execute(SessionPerRequestLauncher.java:63)
	at com.intellij.junit5.JUnit5IdeaTestRunner.startRunnerWithArgs(JUnit5IdeaTestRunner.java:66)
	at com.intellij.rt.junit.IdeaTestRunner$Repeater$1.execute(IdeaTestRunner.java:38)
	at com.intellij.rt.execution.junit.TestsRepeater.repeat(TestsRepeater.java:11)
	at com.intellij.rt.junit.IdeaTestRunner$Repeater.startRunnerWithArgs(IdeaTestRunner.java:35)
	at com.intellij.rt.junit.JUnitStarter.prepareStreamsAndStart(JUnitStarter.java:231)
	at com.intellij.rt.junit.JUnitStarter.main(JUnitStarter.java:55)
2026-04-19 10:48:15.145 [main] DEBUG c.a.application.AppointmentReminderService - Registered reminder channel: SMSNotification
2026-04-19 10:48:18.891 [main] DEBUG com.appointmentscheduler.application.AppConfig - Application configuration loaded
2026-04-19 10:48:18.892 [main] DEBUG com.appointmentscheduler.application.AppConfig - Merged application-local.properties
2026-04-19 10:48:18.897 [main] INFO  com.appointmentscheduler.presentation.MainApp - Using database persistence (MySQL). User and appointment data will be saved.
2026-04-19 10:48:18.897 [main] DEBUG c.a.application.AppointmentReminderService - Registered reminder channel: SMSNotification
2026-04-19 10:48:22.585 [main] DEBUG com.appointmentscheduler.application.AppConfig - Application configuration loaded
2026-04-19 10:48:22.585 [main] DEBUG com.appointmentscheduler.application.AppConfig - Merged application-local.properties
2026-04-19 10:48:22.591 [main] INFO  com.appointmentscheduler.presentation.MainApp - Using database persistence (H2). User and appointment data will be saved.
2026-04-19 10:48:22.591 [main] DEBUG c.a.application.AppointmentReminderService - Registered reminder channel: SMSNotification
2026-04-19 10:48:25.377 [main] DEBUG com.appointmentscheduler.application.AppConfig - Application configuration loaded
2026-04-19 10:48:25.377 [main] DEBUG com.appointmentscheduler.application.AppConfig - Merged application-local.properties
2026-04-19 10:48:25.392 [JavaFX Application Thread] INFO  com.appointmentscheduler.presentation.MainApp - Using database persistence (MySQL). User and appointment data will be saved.
2026-04-19 10:48:25.392 [JavaFX Application Thread] DEBUG c.a.application.AppointmentReminderService - Registered reminder channel: SMSNotification
2026-04-19 10:48:25.786 [JavaFX Application Thread] INFO  com.appointmentscheduler.presentation.MainApp - Starting Appointment Booking System v3.0.0
2026-04-19 10:48:30.842 [main] DEBUG com.appointmentscheduler.application.AppConfig - Application configuration loaded
2026-04-19 10:48:30.842 [main] DEBUG com.appointmentscheduler.application.AppConfig - Merged application-local.properties
2026-04-19 10:48:30.843 [main] DEBUG com.appointmentscheduler.application.AppConfig - Application configuration loaded
2026-04-19 10:48:30.844 [main] DEBUG com.appointmentscheduler.application.AppConfig - Merged application-local.properties
2026-04-19 10:48:30.846 [main] DEBUG com.appointmentscheduler.application.AppConfig - Application configuration loaded
2026-04-19 10:48:30.846 [main] DEBUG com.appointmentscheduler.application.AppConfig - Merged application-local.properties
2026-04-19 10:48:30.858 [main] DEBUG com.appointmentscheduler.application.AppConfig - Application configuration loaded
2026-04-19 10:48:30.858 [main] DEBUG com.appointmentscheduler.application.AppConfig - Merged application-local.properties
2026-04-19 10:48:30.860 [main] DEBUG com.appointmentscheduler.application.AppConfig - Application configuration loaded
2026-04-19 10:48:30.860 [main] DEBUG com.appointmentscheduler.application.AppConfig - Merged application-local.properties
2026-04-19 10:48:30.861 [main] DEBUG com.appointmentscheduler.application.AppConfig - Application configuration loaded
2026-04-19 10:48:30.861 [main] DEBUG com.appointmentscheduler.application.AppConfig - Merged application-local.properties
2026-04-19 10:48:30.863 [main] DEBUG com.appointmentscheduler.application.AppConfig - Application configuration loaded
2026-04-19 10:48:30.864 [main] DEBUG com.appointmentscheduler.application.AppConfig - Merged application-local.properties
2026-04-19 10:48:30.866 [main] DEBUG com.appointmentscheduler.application.AppConfig - Application configuration loaded
2026-04-19 10:48:30.866 [main] DEBUG com.appointmentscheduler.application.AppConfig - Merged application-local.properties
2026-04-19 10:48:30.867 [main] DEBUG com.appointmentscheduler.application.AppConfig - Application configuration loaded
2026-04-19 10:48:30.867 [main] DEBUG com.appointmentscheduler.application.AppConfig - Merged application-local.properties
2026-04-19 10:48:30.879 [main] INFO  c.a.presentation.LoginController - Login successful for user: patient-ok@test.com
2026-04-19 10:48:30.893 [main] INFO  c.a.presentation.LoginController - Login successful for user: admin-ok@test.com
2026-04-19 10:48:30.901 [main] WARN  c.a.presentation.LoginController - initialize: could not set dev credentials visibility
java.lang.RuntimeException: boom-config
	at com.appointmentscheduler/com.appointmentscheduler.application.AppConfig.getBrandName(AppConfig.java:104)
	at com.appointmentscheduler/com.appointmentscheduler.presentation.LoginController.initialize(LoginController.java:31)
	at org.assertj.core.api.ThrowableAssert.catchThrowable(ThrowableAssert.java:63)
	at org.assertj.core.api.AssertionsForClassTypes.catchThrowable(AssertionsForClassTypes.java:892)
	at org.assertj.core.api.AssertionsForClassTypes.assertThatCode(AssertionsForClassTypes.java:863)
	at org.assertj.core.api.Assertions.assertThatCode(Assertions.java:1287)
	at com.appointmentscheduler/com.appointmentscheduler.presentation.LoginControllerCoverageTest.initialize_catchesThrowable_fromStaticConfig(LoginControllerCoverageTest.java:380)
	at java.base/jdk.internal.reflect.DirectMethodHandleAccessor.invoke(DirectMethodHandleAccessor.java:104)
	at java.base/java.lang.reflect.Method.invoke(Method.java:565)
	at org.junit.platform.commons.util.ReflectionUtils.invokeMethod(ReflectionUtils.java:728)
	at org.junit.jupiter.engine.execution.MethodInvocation.proceed(MethodInvocation.java:60)
	at org.junit.jupiter.engine.execution.InvocationInterceptorChain$ValidatingInvocation.proceed(InvocationInterceptorChain.java:131)
	at org.junit.jupiter.engine.extension.TimeoutExtension.intercept(TimeoutExtension.java:156)
	at org.junit.jupiter.engine.extension.TimeoutExtension.interceptTestableMethod(TimeoutExtension.java:147)
	at org.junit.jupiter.engine.extension.TimeoutExtension.interceptTestMethod(TimeoutExtension.java:86)
	at org.junit.jupiter.engine.execution.InterceptingExecutableInvoker$ReflectiveInterceptorCall.lambda$ofVoidMethod$0(InterceptingExecutableInvoker.java:103)
	at org.junit.jupiter.engine.execution.InterceptingExecutableInvoker.lambda$invoke$0(InterceptingExecutableInvoker.java:93)
	at org.junit.jupiter.engine.execution.InvocationInterceptorChain$InterceptedInvocation.proceed(InvocationInterceptorChain.java:106)
	at org.junit.jupiter.engine.execution.InvocationInterceptorChain.proceed(InvocationInterceptorChain.java:64)
	at org.junit.jupiter.engine.execution.InvocationInterceptorChain.chainAndInvoke(InvocationInterceptorChain.java:45)
	at org.junit.jupiter.engine.execution.InvocationInterceptorChain.invoke(InvocationInterceptorChain.java:37)
	at org.junit.jupiter.engine.execution.InterceptingExecutableInvoker.invoke(InterceptingExecutableInvoker.java:92)
	at org.junit.jupiter.engine.execution.InterceptingExecutableInvoker.invoke(InterceptingExecutableInvoker.java:86)
	at org.junit.jupiter.engine.descriptor.TestMethodTestDescriptor.lambda$invokeTestMethod$7(TestMethodTestDescriptor.java:218)
	at org.junit.platform.engine.support.hierarchical.ThrowableCollector.execute(ThrowableCollector.java:73)
	at org.junit.jupiter.engine.descriptor.TestMethodTestDescriptor.invokeTestMethod(TestMethodTestDescriptor.java:214)
	at org.junit.jupiter.engine.descriptor.TestMethodTestDescriptor.execute(TestMethodTestDescriptor.java:139)
	at org.junit.jupiter.engine.descriptor.TestMethodTestDescriptor.execute(TestMethodTestDescriptor.java:69)
	at org.junit.platform.engine.support.hierarchical.NodeTestTask.lambda$executeRecursively$6(NodeTestTask.java:151)
	at org.junit.platform.engine.support.hierarchical.ThrowableCollector.execute(ThrowableCollector.java:73)
	at org.junit.platform.engine.support.hierarchical.NodeTestTask.lambda$executeRecursively$8(NodeTestTask.java:141)
	at org.junit.platform.engine.support.hierarchical.Node.around(Node.java:137)
	at org.junit.platform.engine.support.hierarchical.NodeTestTask.lambda$executeRecursively$9(NodeTestTask.java:139)
	at org.junit.platform.engine.support.hierarchical.ThrowableCollector.execute(ThrowableCollector.java:73)
	at org.junit.platform.engine.support.hierarchical.NodeTestTask.executeRecursively(NodeTestTask.java:138)
	at org.junit.platform.engine.support.hierarchical.NodeTestTask.execute(NodeTestTask.java:95)
	at java.base/java.util.ArrayList.forEach(ArrayList.java:1604)
	at org.junit.platform.engine.support.hierarchical.SameThreadHierarchicalTestExecutorService.invokeAll(SameThreadHierarchicalTestExecutorService.java:41)
	at org.junit.platform.engine.support.hierarchical.NodeTestTask.lambda$executeRecursively$6(NodeTestTask.java:155)
	at org.junit.platform.engine.support.hierarchical.ThrowableCollector.execute(ThrowableCollector.java:73)
	at org.junit.platform.engine.support.hierarchical.NodeTestTask.lambda$executeRecursively$8(NodeTestTask.java:141)
	at org.junit.platform.engine.support.hierarchical.Node.around(Node.java:137)
	at org.junit.platform.engine.support.hierarchical.NodeTestTask.lambda$executeRecursively$9(NodeTestTask.java:139)
	at org.junit.platform.engine.support.hierarchical.ThrowableCollector.execute(ThrowableCollector.java:73)
	at org.junit.platform.engine.support.hierarchical.NodeTestTask.executeRecursively(NodeTestTask.java:138)
	at org.junit.platform.engine.support.hierarchical.NodeTestTask.execute(NodeTestTask.java:95)
	at java.base/java.util.ArrayList.forEach(ArrayList.java:1604)
	at org.junit.platform.engine.support.hierarchical.SameThreadHierarchicalTestExecutorService.invokeAll(SameThreadHierarchicalTestExecutorService.java:41)
	at org.junit.platform.engine.support.hierarchical.NodeTestTask.lambda$executeRecursively$6(NodeTestTask.java:155)
	at org.junit.platform.engine.support.hierarchical.ThrowableCollector.execute(ThrowableCollector.java:73)
	at org.junit.platform.engine.support.hierarchical.NodeTestTask.lambda$executeRecursively$8(NodeTestTask.java:141)
	at org.junit.platform.engine.support.hierarchical.Node.around(Node.java:137)
	at org.junit.platform.engine.support.hierarchical.NodeTestTask.lambda$executeRecursively$9(NodeTestTask.java:139)
	at org.junit.platform.engine.support.hierarchical.ThrowableCollector.execute(ThrowableCollector.java:73)
	at org.junit.platform.engine.support.hierarchical.NodeTestTask.executeRecursively(NodeTestTask.java:138)
	at org.junit.platform.engine.support.hierarchical.NodeTestTask.execute(NodeTestTask.java:95)
	at org.junit.platform.engine.support.hierarchical.SameThreadHierarchicalTestExecutorService.submit(SameThreadHierarchicalTestExecutorService.java:35)
	at org.junit.platform.engine.support.hierarchical.HierarchicalTestExecutor.execute(HierarchicalTestExecutor.java:57)
	at org.junit.platform.engine.support.hierarchical.HierarchicalTestEngine.execute(HierarchicalTestEngine.java:54)
	at org.junit.platform.launcher.core.EngineExecutionOrchestrator.execute(EngineExecutionOrchestrator.java:198)
	at org.junit.platform.launcher.core.EngineExecutionOrchestrator.execute(EngineExecutionOrchestrator.java:169)
	at org.junit.platform.launcher.core.EngineExecutionOrchestrator.execute(EngineExecutionOrchestrator.java:93)
	at org.junit.platform.launcher.core.EngineExecutionOrchestrator.lambda$execute$0(EngineExecutionOrchestrator.java:58)
	at org.junit.platform.launcher.core.EngineExecutionOrchestrator.withInterceptedStreams(EngineExecutionOrchestrator.java:141)
	at org.junit.platform.launcher.core.EngineExecutionOrchestrator.execute(EngineExecutionOrchestrator.java:57)
	at org.junit.platform.launcher.core.DefaultLauncher.execute(DefaultLauncher.java:103)
	at org.junit.platform.launcher.core.DefaultLauncher.execute(DefaultLauncher.java:85)
	at org.junit.platform.launcher.core.DelegatingLauncher.execute(DelegatingLauncher.java:47)
	at org.junit.platform.launcher.core.SessionPerRequestLauncher.execute(SessionPerRequestLauncher.java:63)
	at com.intellij.junit5.JUnit5IdeaTestRunner.startRunnerWithArgs(JUnit5IdeaTestRunner.java:66)
	at com.intellij.rt.junit.IdeaTestRunner$Repeater$1.execute(IdeaTestRunner.java:38)
	at com.intellij.rt.execution.junit.TestsRepeater.repeat(TestsRepeater.java:11)
	at com.intellij.rt.junit.IdeaTestRunner$Repeater.startRunnerWithArgs(IdeaTestRunner.java:35)
	at com.intellij.rt.junit.JUnitStarter.prepareStreamsAndStart(JUnitStarter.java:231)
	at com.intellij.rt.junit.JUnitStarter.main(JUnitStarter.java:55)
2026-04-19 10:48:31.691 [JavaFX Application Thread] ERROR c.a.presentation.LoginController - Registration save failed for email auto.46187562615200@test.com
java.lang.RuntimeException: boom
	at com.appointmentscheduler/com.appointmentscheduler.presentation.LoginController.handleOpenRegistration(LoginController.java:215)
	at com.appointmentscheduler/com.appointmentscheduler.presentation.LoginControllerCoverageTest.lambda$12(LoginControllerCoverageTest.java:439)
	at javafx.graphics/com.sun.javafx.application.PlatformImpl.lambda$runLater$10(PlatformImpl.java:457)
	at java.base/java.security.AccessController.doPrivileged(AccessController.java:138)
	at javafx.graphics/com.sun.javafx.application.PlatformImpl.lambda$runLater$11(PlatformImpl.java:456)
	at javafx.graphics/com.sun.glass.ui.InvokeLaterDispatcher$Future.run$$$capture(InvokeLaterDispatcher.java:96)
	at javafx.graphics/com.sun.glass.ui.InvokeLaterDispatcher$Future.run(InvokeLaterDispatcher.java)
	at javafx.graphics/com.sun.glass.ui.win.WinApplication._enterNestedEventLoopImpl(Native Method)
	at javafx.graphics/com.sun.glass.ui.win.WinApplication._enterNestedEventLoop(WinApplication.java:211)
	at javafx.graphics/com.sun.glass.ui.Application.enterNestedEventLoop(Application.java:515)
	at javafx.graphics/com.sun.glass.ui.EventLoop.enter(EventLoop.java:107)
	at javafx.graphics/com.sun.javafx.tk.quantum.QuantumToolkit.enterNestedEventLoop(QuantumToolkit.java:647)
	at javafx.graphics/javafx.stage.Stage.showAndWait(Stage.java:469)
	at javafx.controls/javafx.scene.control.HeavyweightDialog.showAndWait(HeavyweightDialog.java:162)
	at javafx.controls/javafx.scene.control.Dialog.showAndWait(Dialog.java:346)
	at com.appointmentscheduler/com.appointmentscheduler.presentation.ErrorHandler.showErrorOnFxThread(ErrorHandler.java:48)
	at com.appointmentscheduler/com.appointmentscheduler.presentation.ErrorHandler.lambda$0(ErrorHandler.java:34)
	at javafx.graphics/com.sun.javafx.application.PlatformImpl.lambda$runLater$10(PlatformImpl.java:457)
	at java.base/java.security.AccessController.doPrivileged(AccessController.java:138)
	at javafx.graphics/com.sun.javafx.application.PlatformImpl.lambda$runLater$11(PlatformImpl.java:456)
	at javafx.graphics/com.sun.glass.ui.InvokeLaterDispatcher$Future.run$$$capture(InvokeLaterDispatcher.java:96)
	at javafx.graphics/com.sun.glass.ui.InvokeLaterDispatcher$Future.run(InvokeLaterDispatcher.java)
	at javafx.graphics/com.sun.glass.ui.win.WinApplication._enterNestedEventLoopImpl(Native Method)
	at javafx.graphics/com.sun.glass.ui.win.WinApplication._enterNestedEventLoop(WinApplication.java:211)
	at javafx.graphics/com.sun.glass.ui.Application.enterNestedEventLoop(Application.java:515)
	at javafx.graphics/com.sun.glass.ui.EventLoop.enter(EventLoop.java:107)
	at javafx.graphics/com.sun.javafx.tk.quantum.QuantumToolkit.enterNestedEventLoop(QuantumToolkit.java:647)
	at javafx.graphics/javafx.stage.Stage.showAndWait(Stage.java:469)
	at javafx.controls/javafx.scene.control.HeavyweightDialog.showAndWait(HeavyweightDialog.java:162)
	at javafx.controls/javafx.scene.control.Dialog.showAndWait(Dialog.java:346)
	at com.appointmentscheduler/com.appointmentscheduler.presentation.ErrorHandler.showErrorOnFxThread(ErrorHandler.java:48)
	at com.appointmentscheduler/com.appointmentscheduler.presentation.ErrorHandler.lambda$0(ErrorHandler.java:34)
	at javafx.graphics/com.sun.javafx.application.PlatformImpl.lambda$runLater$10(PlatformImpl.java:457)
	at java.base/java.security.AccessController.doPrivileged(AccessController.java:138)
	at javafx.graphics/com.sun.javafx.application.PlatformImpl.lambda$runLater$11(PlatformImpl.java:456)
	at javafx.graphics/com.sun.glass.ui.InvokeLaterDispatcher$Future.run$$$capture(InvokeLaterDispatcher.java:96)
	at javafx.graphics/com.sun.glass.ui.InvokeLaterDispatcher$Future.run(InvokeLaterDispatcher.java)
	at javafx.graphics/com.sun.glass.ui.win.WinApplication._enterNestedEventLoopImpl(Native Method)
	at javafx.graphics/com.sun.glass.ui.win.WinApplication._enterNestedEventLoop(WinApplication.java:211)
	at javafx.graphics/com.sun.glass.ui.Application.enterNestedEventLoop(Application.java:515)
	at javafx.graphics/com.sun.glass.ui.EventLoop.enter(EventLoop.java:107)
	at javafx.graphics/com.sun.javafx.tk.quantum.QuantumToolkit.enterNestedEventLoop(QuantumToolkit.java:647)
	at javafx.graphics/javafx.stage.Stage.showAndWait(Stage.java:469)
	at javafx.controls/javafx.scene.control.HeavyweightDialog.showAndWait(HeavyweightDialog.java:162)
	at javafx.controls/javafx.scene.control.Dialog.showAndWait(Dialog.java:346)
	at com.appointmentscheduler/com.appointmentscheduler.presentation.ErrorHandler.showErrorOnFxThread(ErrorHandler.java:48)
	at com.appointmentscheduler/com.appointmentscheduler.presentation.ErrorHandler.lambda$0(ErrorHandler.java:34)
	at javafx.graphics/com.sun.javafx.application.PlatformImpl.lambda$runLater$10(PlatformImpl.java:457)
	at java.base/java.security.AccessController.doPrivileged(AccessController.java:138)
	at javafx.graphics/com.sun.javafx.application.PlatformImpl.lambda$runLater$11(PlatformImpl.java:456)
	at javafx.graphics/com.sun.glass.ui.InvokeLaterDispatcher$Future.run$$$capture(InvokeLaterDispatcher.java:96)
	at javafx.graphics/com.sun.glass.ui.InvokeLaterDispatcher$Future.run(InvokeLaterDispatcher.java)
	at javafx.graphics/com.sun.glass.ui.win.WinApplication._enterNestedEventLoopImpl(Native Method)
	at javafx.graphics/com.sun.glass.ui.win.WinApplication._enterNestedEventLoop(WinApplication.java:211)
	at javafx.graphics/com.sun.glass.ui.Application.enterNestedEventLoop(Application.java:515)
	at javafx.graphics/com.sun.glass.ui.EventLoop.enter(EventLoop.java:107)
	at javafx.graphics/com.sun.javafx.tk.quantum.QuantumToolkit.enterNestedEventLoop(QuantumToolkit.java:647)
	at javafx.graphics/javafx.stage.Stage.showAndWait(Stage.java:469)
	at javafx.controls/javafx.scene.control.HeavyweightDialog.showAndWait(HeavyweightDialog.java:162)
	at javafx.controls/javafx.scene.control.Dialog.showAndWait(Dialog.java:346)
	at com.appointmentscheduler/com.appointmentscheduler.presentation.ErrorHandler.showErrorOnFxThread(ErrorHandler.java:48)
	at com.appointmentscheduler/com.appointmentscheduler.presentation.ErrorHandler.lambda$0(ErrorHandler.java:34)
	at javafx.graphics/com.sun.javafx.application.PlatformImpl.lambda$runLater$10(PlatformImpl.java:457)
	at java.base/java.security.AccessController.doPrivileged(AccessController.java:138)
	at javafx.graphics/com.sun.javafx.application.PlatformImpl.lambda$runLater$11(PlatformImpl.java:456)
	at javafx.graphics/com.sun.glass.ui.InvokeLaterDispatcher$Future.run$$$capture(InvokeLaterDispatcher.java:96)
	at javafx.graphics/com.sun.glass.ui.InvokeLaterDispatcher$Future.run(InvokeLaterDispatcher.java)
	at javafx.graphics/com.sun.glass.ui.win.WinApplication._enterNestedEventLoopImpl(Native Method)
	at javafx.graphics/com.sun.glass.ui.win.WinApplication._enterNestedEventLoop(WinApplication.java:211)
	at javafx.graphics/com.sun.glass.ui.Application.enterNestedEventLoop(Application.java:515)
	at javafx.graphics/com.sun.glass.ui.EventLoop.enter(EventLoop.java:107)
	at javafx.graphics/com.sun.javafx.tk.quantum.QuantumToolkit.enterNestedEventLoop(QuantumToolkit.java:647)
	at javafx.graphics/javafx.stage.Stage.showAndWait(Stage.java:469)
	at javafx.controls/javafx.scene.control.HeavyweightDialog.showAndWait(HeavyweightDialog.java:162)
	at javafx.controls/javafx.scene.control.Dialog.showAndWait(Dialog.java:346)
	at com.appointmentscheduler/com.appointmentscheduler.presentation.ErrorHandler.showErrorOnFxThread(ErrorHandler.java:48)
	at com.appointmentscheduler/com.appointmentscheduler.presentation.ErrorHandler.lambda$0(ErrorHandler.java:34)
	at javafx.graphics/com.sun.javafx.application.PlatformImpl.lambda$runLater$10(PlatformImpl.java:457)
	at java.base/java.security.AccessController.doPrivileged(AccessController.java:138)
	at javafx.graphics/com.sun.javafx.application.PlatformImpl.lambda$runLater$11(PlatformImpl.java:456)
	at javafx.graphics/com.sun.glass.ui.InvokeLaterDispatcher$Future.run$$$capture(InvokeLaterDispatcher.java:96)
	at javafx.graphics/com.sun.glass.ui.InvokeLaterDispatcher$Future.run(InvokeLaterDispatcher.java)
	at javafx.graphics/com.sun.glass.ui.win.WinApplication._enterNestedEventLoopImpl(Native Method)
	at javafx.graphics/com.sun.glass.ui.win.WinApplication._enterNestedEventLoop(WinApplication.java:211)
	at javafx.graphics/com.sun.glass.ui.Application.enterNestedEventLoop(Application.java:515)
	at javafx.graphics/com.sun.glass.ui.EventLoop.enter(EventLoop.java:107)
	at javafx.graphics/com.sun.javafx.tk.quantum.QuantumToolkit.enterNestedEventLoop(QuantumToolkit.java:647)
	at javafx.graphics/javafx.stage.Stage.showAndWait(Stage.java:469)
	at javafx.controls/javafx.scene.control.HeavyweightDialog.showAndWait(HeavyweightDialog.java:162)
	at javafx.controls/javafx.scene.control.Dialog.showAndWait(Dialog.java:346)
	at com.appointmentscheduler/com.appointmentscheduler.presentation.ErrorHandler.showErrorOnFxThread(ErrorHandler.java:48)
	at com.appointmentscheduler/com.appointmentscheduler.presentation.ErrorHandler.lambda$0(ErrorHandler.java:34)
	at javafx.graphics/com.sun.javafx.application.PlatformImpl.lambda$runLater$10(PlatformImpl.java:457)
	at java.base/java.security.AccessController.doPrivileged(AccessController.java:138)
	at javafx.graphics/com.sun.javafx.application.PlatformImpl.lambda$runLater$11(PlatformImpl.java:456)
	at javafx.graphics/com.sun.glass.ui.InvokeLaterDispatcher$Future.run$$$capture(InvokeLaterDispatcher.java:96)
	at javafx.graphics/com.sun.glass.ui.InvokeLaterDispatcher$Future.run(InvokeLaterDispatcher.java)
	at javafx.graphics/com.sun.glass.ui.win.WinApplication._enterNestedEventLoopImpl(Native Method)
	at javafx.graphics/com.sun.glass.ui.win.WinApplication._enterNestedEventLoop(WinApplication.java:211)
	at javafx.graphics/com.sun.glass.ui.Application.enterNestedEventLoop(Application.java:515)
	at javafx.graphics/com.sun.glass.ui.EventLoop.enter(EventLoop.java:107)
	at javafx.graphics/com.sun.javafx.tk.quantum.QuantumToolkit.enterNestedEventLoop(QuantumToolkit.java:647)
	at javafx.graphics/javafx.stage.Stage.showAndWait(Stage.java:469)
	at javafx.controls/javafx.scene.control.HeavyweightDialog.showAndWait(HeavyweightDialog.java:162)
	at javafx.controls/javafx.scene.control.Dialog.showAndWait(Dialog.java:346)
	at com.appointmentscheduler/com.appointmentscheduler.presentation.ErrorHandler.showErrorOnFxThread(ErrorHandler.java:48)
	at com.appointmentscheduler/com.appointmentscheduler.presentation.ErrorHandler.lambda$0(ErrorHandler.java:34)
	at javafx.graphics/com.sun.javafx.application.PlatformImpl.lambda$runLater$10(PlatformImpl.java:457)
	at java.base/java.security.AccessController.doPrivileged(AccessController.java:138)
	at javafx.graphics/com.sun.javafx.application.PlatformImpl.lambda$runLater$11(PlatformImpl.java:456)
	at javafx.graphics/com.sun.glass.ui.InvokeLaterDispatcher$Future.run$$$capture(InvokeLaterDispatcher.java:96)
	at javafx.graphics/com.sun.glass.ui.InvokeLaterDispatcher$Future.run(InvokeLaterDispatcher.java)
	at javafx.graphics/com.sun.glass.ui.win.WinApplication._enterNestedEventLoopImpl(Native Method)
	at javafx.graphics/com.sun.glass.ui.win.WinApplication._enterNestedEventLoop(WinApplication.java:211)
	at javafx.graphics/com.sun.glass.ui.Application.enterNestedEventLoop(Application.java:515)
	at javafx.graphics/com.sun.glass.ui.EventLoop.enter(EventLoop.java:107)
	at javafx.graphics/com.sun.javafx.tk.quantum.QuantumToolkit.enterNestedEventLoop(QuantumToolkit.java:647)
	at javafx.graphics/javafx.stage.Stage.showAndWait(Stage.java:469)
	at javafx.controls/javafx.scene.control.HeavyweightDialog.showAndWait(HeavyweightDialog.java:162)
	at javafx.controls/javafx.scene.control.Dialog.showAndWait(Dialog.java:346)
	at com.appointmentscheduler/com.appointmentscheduler.presentation.ErrorHandler.showErrorOnFxThread(ErrorHandler.java:48)
	at com.appointmentscheduler/com.appointmentscheduler.presentation.ErrorHandler.lambda$0(ErrorHandler.java:34)
	at javafx.graphics/com.sun.javafx.application.PlatformImpl.lambda$runLater$10(PlatformImpl.java:457)
	at java.base/java.security.AccessController.doPrivileged(AccessController.java:138)
	at javafx.graphics/com.sun.javafx.application.PlatformImpl.lambda$runLater$11(PlatformImpl.java:456)
	at javafx.graphics/com.sun.glass.ui.InvokeLaterDispatcher$Future.run$$$capture(InvokeLaterDispatcher.java:96)
	at javafx.graphics/com.sun.glass.ui.InvokeLaterDispatcher$Future.run(InvokeLaterDispatcher.java)
	at javafx.graphics/com.sun.glass.ui.win.WinApplication._enterNestedEventLoopImpl(Native Method)
	at javafx.graphics/com.sun.glass.ui.win.WinApplication._enterNestedEventLoop(WinApplication.java:211)
	at javafx.graphics/com.sun.glass.ui.Application.enterNestedEventLoop(Application.java:515)
	at javafx.graphics/com.sun.glass.ui.EventLoop.enter(EventLoop.java:107)
	at javafx.graphics/com.sun.javafx.tk.quantum.QuantumToolkit.enterNestedEventLoop(QuantumToolkit.java:647)
	at javafx.graphics/javafx.stage.Stage.showAndWait(Stage.java:469)
	at javafx.controls/javafx.scene.control.HeavyweightDialog.showAndWait(HeavyweightDialog.java:162)
	at javafx.controls/javafx.scene.control.Dialog.showAndWait(Dialog.java:346)
	at com.appointmentscheduler/com.appointmentscheduler.presentation.ErrorHandler.showErrorOnFxThread(ErrorHandler.java:48)
	at com.appointmentscheduler/com.appointmentscheduler.presentation.ErrorHandler.lambda$0(ErrorHandler.java:34)
	at javafx.graphics/com.sun.javafx.application.PlatformImpl.lambda$runLater$10(PlatformImpl.java:457)
	at java.base/java.security.AccessController.doPrivileged(AccessController.java:138)
	at javafx.graphics/com.sun.javafx.application.PlatformImpl.lambda$runLater$11(PlatformImpl.java:456)
	at javafx.graphics/com.sun.glass.ui.InvokeLaterDispatcher$Future.run$$$capture(InvokeLaterDispatcher.java:96)
	at javafx.graphics/com.sun.glass.ui.InvokeLaterDispatcher$Future.run(InvokeLaterDispatcher.java)
	at javafx.graphics/com.sun.glass.ui.win.WinApplication._runLoop(Native Method)
	at javafx.graphics/com.sun.glass.ui.win.WinApplication.lambda$runLoop$3(WinApplication.java:184)
	at java.base/java.lang.Thread.run(Thread.java:1474)
2026-04-19 10:48:31.895 [main] DEBUG com.appointmentscheduler.application.AppConfig - Application configuration loaded
2026-04-19 10:48:31.896 [main] DEBUG com.appointmentscheduler.application.AppConfig - Merged application-local.properties
2026-04-19 10:48:31.898 [main] DEBUG com.appointmentscheduler.application.AppConfig - Application configuration loaded
2026-04-19 10:48:31.898 [main] DEBUG com.appointmentscheduler.application.AppConfig - Merged application-local.properties
2026-04-19 10:48:31.904 [main] DEBUG com.appointmentscheduler.application.AppConfig - Application configuration loaded
2026-04-19 10:48:31.904 [main] DEBUG com.appointmentscheduler.application.AppConfig - Merged application-local.properties
2026-04-19 10:48:31.909 [main] DEBUG com.appointmentscheduler.application.AppConfig - Application configuration loaded
2026-04-19 10:48:31.910 [main] DEBUG com.appointmentscheduler.application.AppConfig - Merged application-local.properties
2026-04-19 10:48:31.913 [main] DEBUG com.appointmentscheduler.application.AppConfig - Application configuration loaded
2026-04-19 10:48:31.915 [main] DEBUG com.appointmentscheduler.application.AppConfig - Merged application-local.properties
2026-04-19 10:48:31.917 [main] DEBUG com.appointmentscheduler.application.AppConfig - Application configuration loaded
2026-04-19 10:48:31.917 [main] DEBUG com.appointmentscheduler.application.AppConfig - Merged application-local.properties
2026-04-19 10:48:31.920 [main] DEBUG com.appointmentscheduler.application.AppConfig - Application configuration loaded
2026-04-19 10:48:31.920 [main] DEBUG com.appointmentscheduler.application.AppConfig - Merged application-local.properties
2026-04-19 10:48:31.925 [main] DEBUG com.appointmentscheduler.application.AppConfig - Application configuration loaded
2026-04-19 10:48:31.926 [main] DEBUG com.appointmentscheduler.application.AppConfig - Merged application-local.properties
2026-04-19 10:48:31.929 [main] DEBUG com.appointmentscheduler.application.AppConfig - Application configuration loaded
2026-04-19 10:48:31.929 [main] DEBUG com.appointmentscheduler.application.AppConfig - Merged application-local.properties
2026-04-19 10:48:31.933 [main] DEBUG com.appointmentscheduler.application.AppConfig - Application configuration loaded
2026-04-19 10:48:31.933 [main] DEBUG com.appointmentscheduler.application.AppConfig - Merged application-local.properties
2026-04-19 10:48:31.938 [main] DEBUG com.appointmentscheduler.application.AppConfig - Application configuration loaded
2026-04-19 10:48:31.938 [main] DEBUG com.appointmentscheduler.application.AppConfig - Merged application-local.properties
2026-04-19 10:48:31.941 [main] DEBUG com.appointmentscheduler.application.AppConfig - Application configuration loaded
2026-04-19 10:48:31.942 [main] DEBUG com.appointmentscheduler.application.AppConfig - Merged application-local.properties
2026-04-19 10:48:31.945 [main] DEBUG com.appointmentscheduler.application.AppConfig - Application configuration loaded
2026-04-19 10:48:31.945 [main] DEBUG com.appointmentscheduler.application.AppConfig - Merged application-local.properties
2026-04-19 10:48:31.948 [main] DEBUG com.appointmentscheduler.application.AppConfig - Application configuration loaded
2026-04-19 10:48:31.948 [main] DEBUG com.appointmentscheduler.application.AppConfig - Merged application-local.properties
2026-04-19 10:48:32.113 [main] DEBUG c.appointmentscheduler.application.AuditLogService - Audit: ACTION | null | details
2026-04-19 10:48:32.113 [main] DEBUG c.appointmentscheduler.application.AuditLogService - Audit: A2 | N | d2
2026-04-19 10:48:32.114 [main] DEBUG c.appointmentscheduler.application.AuditLogService - Audit: A3 | N | d3 | entity=e1
2026-04-19 10:48:32.114 [main] DEBUG c.appointmentscheduler.application.AuditLogService - Audit: A4 | name | d4
2026-04-19 10:48:32.130 [main] INFO  com.appointmentscheduler.presentation.MainApp - Using database persistence (H2). User and appointment data will be saved.
2026-04-19 10:48:32.131 [main] DEBUG c.a.application.AppointmentReminderService - Registered reminder channel: SMSNotification
2026-04-19 10:48:33.675 [main] DEBUG com.appointmentscheduler.application.AppConfig - Application configuration loaded
2026-04-19 10:48:33.675 [main] DEBUG com.appointmentscheduler.application.AppConfig - Merged application-local.properties
2026-04-19 10:48:33.677 [main] INFO  com.appointmentscheduler.presentation.MainApp - Using database persistence (MySQL). User and appointment data will be saved.
2026-04-19 10:48:33.677 [main] DEBUG c.a.application.AppointmentReminderService - Registered reminder channel: SMSNotification
2026-04-19 10:48:35.614 [main] DEBUG com.appointmentscheduler.application.AppConfig - Application configuration loaded
2026-04-19 10:48:35.615 [main] DEBUG com.appointmentscheduler.application.AppConfig - Merged application-local.properties
2026-04-19 10:48:35.618 [main] INFO  com.appointmentscheduler.presentation.MainApp - Using database persistence (PostgreSQL). User and appointment data will be saved.
2026-04-19 10:48:35.619 [main] DEBUG c.a.application.AppointmentReminderService - Registered reminder channel: SMSNotification
2026-04-19 10:48:39.238 [main] DEBUG com.appointmentscheduler.application.AppConfig - Application configuration loaded
2026-04-19 10:48:39.238 [main] DEBUG com.appointmentscheduler.application.AppConfig - Merged application-local.properties
2026-04-19 10:48:39.241 [main] DEBUG c.a.application.AppointmentReminderService - Registered reminder channel: SMSNotification
2026-04-19 10:48:42.935 [main] DEBUG com.appointmentscheduler.application.AppConfig - Application configuration loaded
2026-04-19 10:48:42.936 [main] DEBUG com.appointmentscheduler.application.AppConfig - Merged application-local.properties
2026-04-19 10:48:42.952 [main] DEBUG c.a.application.InAppMessagingService - Customer contact stored in staff inbox id=39ab543d-eb18-4995-9d6c-bbb04c3dcc05 customerId=p1
2026-04-19 10:48:43.107 [main] DEBUG c.a.application.InAppMessagingService - In-app message stored userId=p1 correlationId=730c5ab4-31df-4929-921a-a8854a38c92d
2026-04-19 10:48:43.110 [main] DEBUG c.a.application.InAppMessagingService - In-app message stored userId=p1 correlationId=d8789bab-adf9-4681-bf46-7c809e04b1b0
2026-04-19 10:48:43.111 [main] DEBUG c.a.application.InAppMessagingService - In-app message stored userId=p1 correlationId=44dbf53b-30fd-4b87-a606-8686e777b041
2026-04-19 10:48:43.111 [main] DEBUG c.a.application.InAppMessagingService - In-app message stored userId=p2 correlationId=f252781f-a233-4ab7-87c4-48bcc1fda306
2026-04-19 10:48:43.562 [main] INFO  c.a.a.email.JakartaMailEmailNotificationService - Email sent: subject="Appointment Booking Confirmation" to=recipient@test.com
2026-04-19 10:48:43.572 [main] INFO  c.a.a.email.JakartaMailEmailNotificationService - Email sent: subject="Appointment Rescheduled" to=recipient@test.com
2026-04-19 10:48:43.584 [main] INFO  c.a.a.email.JakartaMailEmailNotificationService - Email sent: subject="Appointment Cancelled" to=recipient@test.com
2026-04-19 10:48:43.592 [main] INFO  c.a.a.email.JakartaMailEmailNotificationService - Email sent: subject="Appointment Reminder" to=recipient@test.com
2026-04-19 10:48:43.601 [main] INFO  c.a.a.email.JakartaMailEmailNotificationService - Email sent: subject="Appointment Reminder" to=recipient@test.com
2026-04-19 10:48:43.602 [main] DEBUG com.appointmentscheduler.application.AppConfig - Application configuration loaded
2026-04-19 10:48:43.603 [main] DEBUG com.appointmentscheduler.application.AppConfig - Merged application-local.properties
2026-04-19 10:48:43.606 [main] WARN  c.a.a.email.JakartaMailEmailNotificationService - Email is enabled but sender credentials are missing; set SENDER_EMAIL and APP_PASSWORD or email.auth.* in application.properties.
2026-04-19 10:48:43.606 [main] WARN  c.a.a.email.JakartaMailEmailNotificationService - Email is enabled but sender credentials are missing; set SENDER_EMAIL and APP_PASSWORD or email.auth.* in application.properties.
2026-04-19 10:48:43.606 [main] WARN  c.a.a.email.JakartaMailEmailNotificationService - Email is enabled but sender credentials are missing; set SENDER_EMAIL and APP_PASSWORD or email.auth.* in application.properties.
2026-04-19 10:48:43.606 [main] WARN  c.a.a.email.JakartaMailEmailNotificationService - Email is enabled but sender credentials are missing; set SENDER_EMAIL and APP_PASSWORD or email.auth.* in application.properties.
2026-04-19 10:48:43.607 [main] DEBUG com.appointmentscheduler.application.AppConfig - Application configuration loaded
2026-04-19 10:48:43.608 [main] DEBUG com.appointmentscheduler.application.AppConfig - Merged application-local.properties
2026-04-19 10:48:43.614 [main] WARN  c.a.a.email.JakartaMailEmailNotificationService - Skipping booking confirmation email: no recipient email on appointment 0bead37b-0141-46ac-88bf-bbe93e69ddfc
2026-04-19 10:48:43.615 [main] WARN  c.a.a.email.JakartaMailEmailNotificationService - Skipping modification email: no recipient email on appointment 0bead37b-0141-46ac-88bf-bbe93e69ddfc
2026-04-19 10:48:43.615 [main] WARN  c.a.a.email.JakartaMailEmailNotificationService - Skipping cancellation email: no recipient email on appointment 0bead37b-0141-46ac-88bf-bbe93e69ddfc
2026-04-19 10:48:43.615 [main] WARN  c.a.a.email.JakartaMailEmailNotificationService - Skipping reminder email: no recipient email on appointment 0bead37b-0141-46ac-88bf-bbe93e69ddfc
2026-04-19 10:48:43.620 [main] WARN  c.a.a.email.JakartaMailEmailNotificationService - Skipping booking confirmation email: no recipient email on appointment 85d55bb0-7cbe-4590-a52f-880d9707e283
2026-04-19 10:48:43.621 [main] WARN  c.a.a.email.JakartaMailEmailNotificationService - Skipping modification email: no recipient email on appointment 85d55bb0-7cbe-4590-a52f-880d9707e283
2026-04-19 10:48:43.621 [main] WARN  c.a.a.email.JakartaMailEmailNotificationService - Skipping cancellation email: no recipient email on appointment 85d55bb0-7cbe-4590-a52f-880d9707e283
2026-04-19 10:48:43.621 [main] WARN  c.a.a.email.JakartaMailEmailNotificationService - Skipping reminder email: no recipient email on appointment 85d55bb0-7cbe-4590-a52f-880d9707e283
2026-04-19 10:48:43.622 [main] DEBUG com.appointmentscheduler.application.AppConfig - Application configuration loaded
2026-04-19 10:48:43.623 [main] DEBUG com.appointmentscheduler.application.AppConfig - Merged application-local.properties
2026-04-19 10:48:43.626 [main] DEBUG c.a.a.email.JakartaMailEmailNotificationService - Email notifications are disabled (email.enabled=false).
2026-04-19 10:48:43.627 [main] DEBUG com.appointmentscheduler.application.AppConfig - Application configuration loaded
2026-04-19 10:48:43.628 [main] DEBUG com.appointmentscheduler.application.AppConfig - Merged application-local.properties
2026-04-19 10:48:43.641 [main] ERROR c.a.a.email.JakartaMailEmailNotificationService - Failed to send email (subject="Appointment Booking Confirmation")
jakarta.mail.MessagingException: boom
	at jakarta.mail@2.1.3/jakarta.mail.Transport.send(Transport.java:101)
	at com.appointmentscheduler/com.appointmentscheduler.application.email.JakartaMailEmailNotificationService.sendMime(JakartaMailEmailNotificationService.java:149)
	at com.appointmentscheduler/com.appointmentscheduler.application.email.JakartaMailEmailNotificationService.sendBookingConfirmation(JakartaMailEmailNotificationService.java:51)
	at com.appointmentscheduler/com.appointmentscheduler.application.JakartaMailEmailNotificationServiceTest.lambda$8(JakartaMailEmailNotificationServiceTest.java:137)
	at org.assertj.core.api.ThrowableAssert.catchThrowable(ThrowableAssert.java:63)
	at org.assertj.core.api.AssertionsForClassTypes.catchThrowable(AssertionsForClassTypes.java:892)
	at org.assertj.core.api.Assertions.catchThrowable(Assertions.java:1366)
	at org.assertj.core.api.Assertions.assertThatThrownBy(Assertions.java:1210)
	at com.appointmentscheduler/com.appointmentscheduler.application.JakartaMailEmailNotificationServiceTest.sendMime_wrapsException(JakartaMailEmailNotificationServiceTest.java:137)
	at java.base/jdk.internal.reflect.DirectMethodHandleAccessor.invoke(DirectMethodHandleAccessor.java:104)
	at java.base/java.lang.reflect.Method.invoke(Method.java:565)
	at org.junit.platform.commons.util.ReflectionUtils.invokeMethod(ReflectionUtils.java:728)
	at org.junit.jupiter.engine.execution.MethodInvocation.proceed(MethodInvocation.java:60)
	at org.junit.jupiter.engine.execution.InvocationInterceptorChain$ValidatingInvocation.proceed(InvocationInterceptorChain.java:131)
	at org.junit.jupiter.engine.extension.TimeoutExtension.intercept(TimeoutExtension.java:156)
	at org.junit.jupiter.engine.extension.TimeoutExtension.interceptTestableMethod(TimeoutExtension.java:147)
	at org.junit.jupiter.engine.extension.TimeoutExtension.interceptTestMethod(TimeoutExtension.java:86)
	at org.junit.jupiter.engine.execution.InterceptingExecutableInvoker$ReflectiveInterceptorCall.lambda$ofVoidMethod$0(InterceptingExecutableInvoker.java:103)
	at org.junit.jupiter.engine.execution.InterceptingExecutableInvoker.lambda$invoke$0(InterceptingExecutableInvoker.java:93)
	at org.junit.jupiter.engine.execution.InvocationInterceptorChain$InterceptedInvocation.proceed(InvocationInterceptorChain.java:106)
	at org.junit.jupiter.engine.execution.InvocationInterceptorChain.proceed(InvocationInterceptorChain.java:64)
	at org.junit.jupiter.engine.execution.InvocationInterceptorChain.chainAndInvoke(InvocationInterceptorChain.java:45)
	at org.junit.jupiter.engine.execution.InvocationInterceptorChain.invoke(InvocationInterceptorChain.java:37)
	at org.junit.jupiter.engine.execution.InterceptingExecutableInvoker.invoke(InterceptingExecutableInvoker.java:92)
	at org.junit.jupiter.engine.execution.InterceptingExecutableInvoker.invoke(InterceptingExecutableInvoker.java:86)
	at org.junit.jupiter.engine.descriptor.TestMethodTestDescriptor.lambda$invokeTestMethod$7(TestMethodTestDescriptor.java:218)
	at org.junit.platform.engine.support.hierarchical.ThrowableCollector.execute(ThrowableCollector.java:73)
	at org.junit.jupiter.engine.descriptor.TestMethodTestDescriptor.invokeTestMethod(TestMethodTestDescriptor.java:214)
	at org.junit.jupiter.engine.descriptor.TestMethodTestDescriptor.execute(TestMethodTestDescriptor.java:139)
	at org.junit.jupiter.engine.descriptor.TestMethodTestDescriptor.execute(TestMethodTestDescriptor.java:69)
	at org.junit.platform.engine.support.hierarchical.NodeTestTask.lambda$executeRecursively$6(NodeTestTask.java:151)
	at org.junit.platform.engine.support.hierarchical.ThrowableCollector.execute(ThrowableCollector.java:73)
	at org.junit.platform.engine.support.hierarchical.NodeTestTask.lambda$executeRecursively$8(NodeTestTask.java:141)
	at org.junit.platform.engine.support.hierarchical.Node.around(Node.java:137)
	at org.junit.platform.engine.support.hierarchical.NodeTestTask.lambda$executeRecursively$9(NodeTestTask.java:139)
	at org.junit.platform.engine.support.hierarchical.ThrowableCollector.execute(ThrowableCollector.java:73)
	at org.junit.platform.engine.support.hierarchical.NodeTestTask.executeRecursively(NodeTestTask.java:138)
	at org.junit.platform.engine.support.hierarchical.NodeTestTask.execute(NodeTestTask.java:95)
	at java.base/java.util.ArrayList.forEach(ArrayList.java:1604)
	at org.junit.platform.engine.support.hierarchical.SameThreadHierarchicalTestExecutorService.invokeAll(SameThreadHierarchicalTestExecutorService.java:41)
	at org.junit.platform.engine.support.hierarchical.NodeTestTask.lambda$executeRecursively$6(NodeTestTask.java:155)
	at org.junit.platform.engine.support.hierarchical.ThrowableCollector.execute(ThrowableCollector.java:73)
	at org.junit.platform.engine.support.hierarchical.NodeTestTask.lambda$executeRecursively$8(NodeTestTask.java:141)
	at org.junit.platform.engine.support.hierarchical.Node.around(Node.java:137)
	at org.junit.platform.engine.support.hierarchical.NodeTestTask.lambda$executeRecursively$9(NodeTestTask.java:139)
	at org.junit.platform.engine.support.hierarchical.ThrowableCollector.execute(ThrowableCollector.java:73)
	at org.junit.platform.engine.support.hierarchical.NodeTestTask.executeRecursively(NodeTestTask.java:138)
	at org.junit.platform.engine.support.hierarchical.NodeTestTask.execute(NodeTestTask.java:95)
	at java.base/java.util.ArrayList.forEach(ArrayList.java:1604)
	at org.junit.platform.engine.support.hierarchical.SameThreadHierarchicalTestExecutorService.invokeAll(SameThreadHierarchicalTestExecutorService.java:41)
	at org.junit.platform.engine.support.hierarchical.NodeTestTask.lambda$executeRecursively$6(NodeTestTask.java:155)
	at org.junit.platform.engine.support.hierarchical.ThrowableCollector.execute(ThrowableCollector.java:73)
	at org.junit.platform.engine.support.hierarchical.NodeTestTask.lambda$executeRecursively$8(NodeTestTask.java:141)
	at org.junit.platform.engine.support.hierarchical.Node.around(Node.java:137)
	at org.junit.platform.engine.support.hierarchical.NodeTestTask.lambda$executeRecursively$9(NodeTestTask.java:139)
	at org.junit.platform.engine.support.hierarchical.ThrowableCollector.execute(ThrowableCollector.java:73)
	at org.junit.platform.engine.support.hierarchical.NodeTestTask.executeRecursively(NodeTestTask.java:138)
	at org.junit.platform.engine.support.hierarchical.NodeTestTask.execute(NodeTestTask.java:95)
	at org.junit.platform.engine.support.hierarchical.SameThreadHierarchicalTestExecutorService.submit(SameThreadHierarchicalTestExecutorService.java:35)
	at org.junit.platform.engine.support.hierarchical.HierarchicalTestExecutor.execute(HierarchicalTestExecutor.java:57)
	at org.junit.platform.engine.support.hierarchical.HierarchicalTestEngine.execute(HierarchicalTestEngine.java:54)
	at org.junit.platform.launcher.core.EngineExecutionOrchestrator.execute(EngineExecutionOrchestrator.java:198)
	at org.junit.platform.launcher.core.EngineExecutionOrchestrator.execute(EngineExecutionOrchestrator.java:169)
	at org.junit.platform.launcher.core.EngineExecutionOrchestrator.execute(EngineExecutionOrchestrator.java:93)
	at org.junit.platform.launcher.core.EngineExecutionOrchestrator.lambda$execute$0(EngineExecutionOrchestrator.java:58)
	at org.junit.platform.launcher.core.EngineExecutionOrchestrator.withInterceptedStreams(EngineExecutionOrchestrator.java:141)
	at org.junit.platform.launcher.core.EngineExecutionOrchestrator.execute(EngineExecutionOrchestrator.java:57)
	at org.junit.platform.launcher.core.DefaultLauncher.execute(DefaultLauncher.java:103)
	at org.junit.platform.launcher.core.DefaultLauncher.execute(DefaultLauncher.java:85)
	at org.junit.platform.launcher.core.DelegatingLauncher.execute(DelegatingLauncher.java:47)
	at org.junit.platform.launcher.core.SessionPerRequestLauncher.execute(SessionPerRequestLauncher.java:63)
	at com.intellij.junit5.JUnit5IdeaTestRunner.startRunnerWithArgs(JUnit5IdeaTestRunner.java:66)
	at com.intellij.rt.junit.IdeaTestRunner$Repeater$1.execute(IdeaTestRunner.java:38)
	at com.intellij.rt.execution.junit.TestsRepeater.repeat(TestsRepeater.java:11)
	at com.intellij.rt.junit.IdeaTestRunner$Repeater.startRunnerWithArgs(IdeaTestRunner.java:35)
	at com.intellij.rt.junit.JUnitStarter.prepareStreamsAndStart(JUnitStarter.java:231)
	at com.intellij.rt.junit.JUnitStarter.main(JUnitStarter.java:55)
2026-04-19 10:48:43.644 [main] DEBUG com.appointmentscheduler.application.AppConfig - Application configuration loaded
2026-04-19 10:48:43.645 [main] DEBUG com.appointmentscheduler.application.AppConfig - Merged application-local.properties
2026-04-19 10:48:43.650 [JavaFX Application Thread] INFO  com.appointmentscheduler.presentation.MainApp - Using database persistence (MySQL). User and appointment data will be saved.
2026-04-19 10:48:43.650 [JavaFX Application Thread] DEBUG c.a.application.AppointmentReminderService - Registered reminder channel: SMSNotification
2026-04-19 10:48:44.623 [JavaFX Application Thread] INFO  com.appointmentscheduler.presentation.MainApp - Starting Appointment Booking System v3.0.0
2026-04-19 10:48:51.841 [main] DEBUG c.appointmentscheduler.application.AuditLogService - Audit: EXPORT | Admin One | export test
2026-04-19 10:48:59.822 [JavaFX Application Thread] INFO  com.appointmentscheduler.presentation.MainApp - Using database persistence (MySQL). User and appointment data will be saved.
2026-04-19 10:48:59.823 [JavaFX Application Thread] DEBUG c.a.application.AppointmentReminderService - Registered reminder channel: SMSNotification
2026-04-19 10:49:00.265 [JavaFX Application Thread] INFO  com.appointmentscheduler.presentation.MainApp - Starting Appointment Booking System v3.0.0
2026-04-19 10:49:00.680 [JavaFX Application Thread] WARN  com.appointmentscheduler.presentation.MainApp - loadScreen re-entry ignored: PatientDashboard.fxml
2026-04-19 10:49:00.680 [JavaFX Application Thread] WARN  com.appointmentscheduler.presentation.MainApp - loadScreen re-entry ignored: ThisDoesNotExist.fxml
2026-04-19 10:49:00.689 [JavaFX Application Thread] DEBUG c.appointmentscheduler.application.AuditLogService - Audit: LOGOUT | Admin | User logged out from application
2026-04-19 10:49:00.689 [JavaFX Application Thread] WARN  com.appointmentscheduler.presentation.MainApp - loadScreen re-entry ignored: Login.fxml
2026-04-19 10:49:01.803 [main] DEBUG c.a.persistence.database.DatabaseConfig - MySQL (skipped): ALTER TABLE appointment ADD COLUMN customer_notes VARCHAR(2000) NULL — Duplicate column name 'x'
2026-04-19 10:49:01.805 [main] DEBUG c.a.persistence.database.DatabaseConfig - MySQL (skipped): ALTER TABLE appointment ADD COLUMN contact_phone VARCHAR(64) NULL — Duplicate column name 'x'
2026-04-19 10:49:01.805 [main] DEBUG c.a.persistence.database.DatabaseConfig - MySQL (skipped): ALTER TABLE appointment ADD COLUMN reminder_channel VARCHAR(32) NULL — Duplicate column name 'x'
2026-04-19 10:49:01.805 [main] DEBUG c.a.persistence.database.DatabaseConfig - MySQL (skipped): ALTER TABLE appointment ADD COLUMN accessibility_needs VARCHAR(512) NULL — Duplicate column name 'x'
2026-04-19 10:49:01.806 [main] DEBUG c.a.persistence.database.DatabaseConfig - MySQL (skipped): ALTER TABLE appointment ADD COLUMN preferred_language VARCHAR(16) NULL — Duplicate column name 'x'
2026-04-19 10:49:01.826 [main] DEBUG c.a.persistence.database.DatabaseConfig - MySQL (skipped): ALTER TABLE appointment ADD COLUMN customer_notes VARCHAR(2000) NULL — duplicate column name 'customer_notes'
2026-04-19 10:49:01.827 [main] DEBUG c.a.persistence.database.DatabaseConfig - MySQL (skipped): ALTER TABLE appointment ADD COLUMN contact_phone VARCHAR(64) NULL — duplicate column name 'customer_notes'
2026-04-19 10:49:01.827 [main] DEBUG c.a.persistence.database.DatabaseConfig - MySQL (skipped): ALTER TABLE appointment ADD COLUMN reminder_channel VARCHAR(32) NULL — duplicate column name 'customer_notes'
2026-04-19 10:49:01.827 [main] DEBUG c.a.persistence.database.DatabaseConfig - MySQL (skipped): ALTER TABLE appointment ADD COLUMN accessibility_needs VARCHAR(512) NULL — duplicate column name 'customer_notes'
2026-04-19 10:49:01.828 [main] DEBUG c.a.persistence.database.DatabaseConfig - MySQL (skipped): ALTER TABLE appointment ADD COLUMN preferred_language VARCHAR(16) NULL — duplicate column name 'customer_notes'
2026-04-19 10:49:01.829 [main] INFO  c.a.persistence.database.DatabaseConfig - PostgreSQL: schema and table appointment.app_user verified/created
2026-04-19 10:49:01.838 [main] INFO  c.a.persistence.database.DatabaseConfig - MySQL: table app_user verified/created
2026-04-19 10:49:01.838 [main] INFO  c.a.persistence.database.DatabaseConfig - MySQL: ALTER TABLE appointment ADD COLUMN customer_notes VARCHAR(2000) NULL
2026-04-19 10:49:01.838 [main] INFO  c.a.persistence.database.DatabaseConfig - MySQL: ALTER TABLE appointment ADD COLUMN contact_phone VARCHAR(64) NULL
2026-04-19 10:49:01.838 [main] INFO  c.a.persistence.database.DatabaseConfig - MySQL: ALTER TABLE appointment ADD COLUMN reminder_channel VARCHAR(32) NULL
2026-04-19 10:49:01.838 [main] INFO  c.a.persistence.database.DatabaseConfig - MySQL: ALTER TABLE appointment ADD COLUMN accessibility_needs VARCHAR(512) NULL
2026-04-19 10:49:01.838 [main] INFO  c.a.persistence.database.DatabaseConfig - MySQL: ALTER TABLE appointment ADD COLUMN preferred_language VARCHAR(16) NULL
2026-04-19 10:49:01.846 [main] INFO  c.a.persistence.database.DatabaseConfig - Flyway migrations executed: 0
2026-04-19 10:49:01.847 [main] DEBUG com.appointmentscheduler.application.AppConfig - Application configuration loaded
2026-04-19 10:49:01.848 [main] DEBUG com.appointmentscheduler.application.AppConfig - Merged application-local.properties
2026-04-19 10:49:01.856 [main] DEBUG c.a.persistence.database.DatabaseConfig - MySQL (skipped): ALTER TABLE appointment ADD COLUMN customer_notes VARCHAR(2000) NULL — Table doesn't exist
2026-04-19 10:49:01.857 [main] DEBUG c.a.persistence.database.DatabaseConfig - MySQL (skipped): ALTER TABLE appointment ADD COLUMN contact_phone VARCHAR(64) NULL — Table doesn't exist
2026-04-19 10:49:01.857 [main] DEBUG c.a.persistence.database.DatabaseConfig - MySQL (skipped): ALTER TABLE appointment ADD COLUMN reminder_channel VARCHAR(32) NULL — Table doesn't exist
2026-04-19 10:49:01.858 [main] DEBUG c.a.persistence.database.DatabaseConfig - MySQL (skipped): ALTER TABLE appointment ADD COLUMN accessibility_needs VARCHAR(512) NULL — Table doesn't exist
2026-04-19 10:49:01.858 [main] DEBUG c.a.persistence.database.DatabaseConfig - MySQL (skipped): ALTER TABLE appointment ADD COLUMN preferred_language VARCHAR(16) NULL — Table doesn't exist
2026-04-19 10:49:01.875 [main] INFO  c.a.persistence.database.DatabaseConfig - Flyway migrations executed: 0
2026-04-19 10:49:01.879 [main] INFO  c.a.persistence.database.DatabaseConfig - PostgreSQL detected: baselining Flyway (schema created externally)
2026-04-19 10:49:01.879 [main] INFO  c.a.persistence.database.DatabaseConfig - Flyway migrations executed: 0
2026-04-19 10:49:01.880 [main] DEBUG com.appointmentscheduler.application.AppConfig - Application configuration loaded
2026-04-19 10:49:01.880 [main] DEBUG com.appointmentscheduler.application.AppConfig - Merged application-local.properties
2026-04-19 10:49:01.882 [main] ERROR c.a.persistence.database.DatabaseConfig - MySQL schema setup failed: db down
2026-04-19 10:49:01.887 [main] ERROR c.a.persistence.database.DatabaseConfig - PostgreSQL schema setup failed: cannot create schema
2026-04-19 10:49:01.888 [main] INFO  c.a.persistence.database.DatabaseConfig - Database connection pool closed
2026-04-19 10:49:01.997 [JavaFX Application Thread] INFO  com.zaxxer.hikari.HikariDataSource - AppointmentBookingPool - Starting...
2026-04-19 10:49:02.002 [JavaFX Application Thread] INFO  com.zaxxer.hikari.pool.HikariPool - AppointmentBookingPool - Added connection com.mysql.cj.jdbc.ConnectionImpl@6eee26c3
2026-04-19 10:49:02.002 [JavaFX Application Thread] INFO  com.zaxxer.hikari.HikariDataSource - AppointmentBookingPool - Start completed.
2026-04-19 10:49:02.002 [JavaFX Application Thread] INFO  c.a.persistence.database.DatabaseConfig - Database connection pool initialized: jdbc:mysql://localhost:3306/appointment?useUnicode=true&characterEncoding=UTF-8&serverTimezone=UTC&useSSL=false&allowPublicKeyRetrieval=true
2026-04-19 10:49:02.003 [JavaFX Application Thread] INFO  c.a.persistence.database.DatabaseConfig - MySQL: table app_user verified/created
2026-04-19 10:49:02.004 [JavaFX Application Thread] DEBUG c.a.persistence.database.DatabaseConfig - MySQL (skipped): ALTER TABLE appointment ADD COLUMN customer_notes VARCHAR(2000) NULL — Duplicate column name 'customer_notes'
2026-04-19 10:49:02.005 [JavaFX Application Thread] DEBUG c.a.persistence.database.DatabaseConfig - MySQL (skipped): ALTER TABLE appointment ADD COLUMN contact_phone VARCHAR(64) NULL — Duplicate column name 'contact_phone'
2026-04-19 10:49:02.006 [JavaFX Application Thread] DEBUG c.a.persistence.database.DatabaseConfig - MySQL (skipped): ALTER TABLE appointment ADD COLUMN reminder_channel VARCHAR(32) NULL — Duplicate column name 'reminder_channel'
2026-04-19 10:49:02.006 [JavaFX Application Thread] DEBUG c.a.persistence.database.DatabaseConfig - MySQL (skipped): ALTER TABLE appointment ADD COLUMN accessibility_needs VARCHAR(512) NULL — Duplicate column name 'accessibility_needs'
2026-04-19 10:49:02.008 [JavaFX Application Thread] DEBUG c.a.persistence.database.DatabaseConfig - MySQL (skipped): ALTER TABLE appointment ADD COLUMN preferred_language VARCHAR(16) NULL — Duplicate column name 'preferred_language'
2026-04-19 10:49:02.008 [JavaFX Application Thread] INFO  com.appointmentscheduler.presentation.MainApp - Using database persistence (MySQL). User and appointment data will be saved.
2026-04-19 10:49:02.008 [JavaFX Application Thread] DEBUG c.a.application.AppointmentReminderService - Registered reminder channel: SMSNotification
2026-04-19 10:49:02.443 [JavaFX Application Thread] INFO  com.appointmentscheduler.presentation.MainApp - Starting Appointment Booking System v3.0.0
2026-04-19 10:49:06.049 [JavaFX Application Thread] INFO  com.appointmentscheduler.presentation.MainApp - Using database persistence (MySQL). User and appointment data will be saved.
2026-04-19 10:49:06.049 [JavaFX Application Thread] DEBUG c.a.application.AppointmentReminderService - Registered reminder channel: SMSNotification
2026-04-19 10:49:06.458 [JavaFX Application Thread] INFO  com.appointmentscheduler.presentation.MainApp - Starting Appointment Booking System v3.0.0
2026-04-19 10:49:07.391 [JavaFX Application Thread] ERROR com.appointmentscheduler.presentation.MainApp - Failed to load screen: ThisDoesNotExist.fxml
java.lang.IllegalStateException: FXML not found. Tried: /com/appointmentscheduler/presentation/ThisDoesNotExist.fxml, com/appointmentscheduler/presentation/ThisDoesNotExist.fxml, ThisDoesNotExist.fxml. Check that src/main/resources is on classpath.
	at com.appointmentscheduler/com.appointmentscheduler.presentation.MainApp.loadScreen(MainApp.java:394)
	at com.appointmentscheduler/com.appointmentscheduler.presentation.PresentationMainAppCoverageTest.lambda$7(PresentationMainAppCoverageTest.java:76)
	at com.appointmentscheduler/com.appointmentscheduler.presentation.PresentationMainAppCoverageTest.lambda$11(PresentationMainAppCoverageTest.java:138)
	at com.appointmentscheduler/com.appointmentscheduler.presentation.PresentationMainAppCoverageTest.lambda$10(PresentationMainAppCoverageTest.java:120)
	at javafx.graphics/com.sun.javafx.application.PlatformImpl.lambda$runLater$10(PlatformImpl.java:457)
	at java.base/java.security.AccessController.doPrivileged(AccessController.java:138)
	at javafx.graphics/com.sun.javafx.application.PlatformImpl.lambda$runLater$11(PlatformImpl.java:456)
	at javafx.graphics/com.sun.glass.ui.InvokeLaterDispatcher$Future.run$$$capture(InvokeLaterDispatcher.java:96)
	at javafx.graphics/com.sun.glass.ui.InvokeLaterDispatcher$Future.run(InvokeLaterDispatcher.java)
	at javafx.graphics/com.sun.glass.ui.win.WinApplication._enterNestedEventLoopImpl(Native Method)
	at javafx.graphics/com.sun.glass.ui.win.WinApplication._enterNestedEventLoop(WinApplication.java:211)
	at javafx.graphics/com.sun.glass.ui.Application.enterNestedEventLoop(Application.java:515)
	at javafx.graphics/com.sun.glass.ui.EventLoop.enter(EventLoop.java:107)
	at javafx.graphics/com.sun.javafx.tk.quantum.QuantumToolkit.enterNestedEventLoop(QuantumToolkit.java:647)
	at javafx.graphics/javafx.stage.Stage.showAndWait(Stage.java:469)
	at javafx.controls/javafx.scene.control.HeavyweightDialog.showAndWait(HeavyweightDialog.java:162)
	at javafx.controls/javafx.scene.control.Dialog.showAndWait(Unknown Source)
	at com.appointmentscheduler/com.appointmentscheduler.presentation.MainApp.showDatabaseNotConnectedWarning(MainApp.java:450)
	at com.appointmentscheduler/com.appointmentscheduler.presentation.MainApp.lambda$6(MainApp.java:256)
	at javafx.graphics/com.sun.javafx.application.PlatformImpl.lambda$runLater$10(PlatformImpl.java:457)
	at java.base/java.security.AccessController.doPrivileged(AccessController.java:138)
	at javafx.graphics/com.sun.javafx.application.PlatformImpl.lambda$runLater$11(PlatformImpl.java:456)
	at javafx.graphics/com.sun.glass.ui.InvokeLaterDispatcher$Future.run$$$capture(InvokeLaterDispatcher.java:96)
	at javafx.graphics/com.sun.glass.ui.InvokeLaterDispatcher$Future.run(InvokeLaterDispatcher.java)
	at javafx.graphics/com.sun.glass.ui.win.WinApplication._enterNestedEventLoopImpl(Native Method)
	at javafx.graphics/com.sun.glass.ui.win.WinApplication._enterNestedEventLoop(WinApplication.java:211)
	at javafx.graphics/com.sun.glass.ui.Application.enterNestedEventLoop(Application.java:515)
	at javafx.graphics/com.sun.glass.ui.EventLoop.enter(EventLoop.java:107)
	at javafx.graphics/com.sun.javafx.tk.quantum.QuantumToolkit.enterNestedEventLoop(QuantumToolkit.java:647)
	at javafx.graphics/javafx.stage.Stage.showAndWait(Stage.java:469)
	at javafx.controls/javafx.scene.control.HeavyweightDialog.showAndWait(HeavyweightDialog.java:162)
	at javafx.controls/javafx.scene.control.Dialog.showAndWait(Unknown Source)
	at com.appointmentscheduler/com.appointmentscheduler.presentation.ErrorHandler.showErrorOnFxThread(ErrorHandler.java:48)
	at com.appointmentscheduler/com.appointmentscheduler.presentation.ErrorHandler.lambda$0(ErrorHandler.java:34)
	at javafx.graphics/com.sun.javafx.application.PlatformImpl.lambda$runLater$10(PlatformImpl.java:457)
	at java.base/java.security.AccessController.doPrivileged(AccessController.java:138)
	at javafx.graphics/com.sun.javafx.application.PlatformImpl.lambda$runLater$11(PlatformImpl.java:456)
	at javafx.graphics/com.sun.glass.ui.InvokeLaterDispatcher$Future.run$$$capture(InvokeLaterDispatcher.java:96)
	at javafx.graphics/com.sun.glass.ui.InvokeLaterDispatcher$Future.run(InvokeLaterDispatcher.java)
	at javafx.graphics/com.sun.glass.ui.win.WinApplication._enterNestedEventLoopImpl(Native Method)
	at javafx.graphics/com.sun.glass.ui.win.WinApplication._enterNestedEventLoop(WinApplication.java:211)
	at javafx.graphics/com.sun.glass.ui.Application.enterNestedEventLoop(Application.java:515)
	at javafx.graphics/com.sun.glass.ui.EventLoop.enter(EventLoop.java:107)
	at javafx.graphics/com.sun.javafx.tk.quantum.QuantumToolkit.enterNestedEventLoop(QuantumToolkit.java:647)
	at javafx.graphics/javafx.stage.Stage.showAndWait(Stage.java:469)
	at javafx.controls/javafx.scene.control.HeavyweightDialog.showAndWait(HeavyweightDialog.java:162)
	at javafx.controls/javafx.scene.control.Dialog.showAndWait(Unknown Source)
	at com.appointmentscheduler/com.appointmentscheduler.presentation.ErrorHandler.showErrorOnFxThread(ErrorHandler.java:48)
	at com.appointmentscheduler/com.appointmentscheduler.presentation.ErrorHandler.lambda$0(ErrorHandler.java:34)
	at javafx.graphics/com.sun.javafx.application.PlatformImpl.lambda$runLater$10(PlatformImpl.java:457)
	at java.base/java.security.AccessController.doPrivileged(AccessController.java:138)
	at javafx.graphics/com.sun.javafx.application.PlatformImpl.lambda$runLater$11(PlatformImpl.java:456)
	at javafx.graphics/com.sun.glass.ui.InvokeLaterDispatcher$Future.run$$$capture(InvokeLaterDispatcher.java:96)
	at javafx.graphics/com.sun.glass.ui.InvokeLaterDispatcher$Future.run(InvokeLaterDispatcher.java)
	at javafx.graphics/com.sun.glass.ui.win.WinApplication._enterNestedEventLoopImpl(Native Method)
	at javafx.graphics/com.sun.glass.ui.win.WinApplication._enterNestedEventLoop(WinApplication.java:211)
	at javafx.graphics/com.sun.glass.ui.Application.enterNestedEventLoop(Application.java:515)
	at javafx.graphics/com.sun.glass.ui.EventLoop.enter(EventLoop.java:107)
	at javafx.graphics/com.sun.javafx.tk.quantum.QuantumToolkit.enterNestedEventLoop(QuantumToolkit.java:647)
	at javafx.graphics/javafx.stage.Stage.showAndWait(Stage.java:469)
	at javafx.controls/javafx.scene.control.HeavyweightDialog.showAndWait(HeavyweightDialog.java:162)
	at javafx.controls/javafx.scene.control.Dialog.showAndWait(Unknown Source)
	at com.appointmentscheduler/com.appointmentscheduler.presentation.ErrorHandler.showErrorOnFxThread(ErrorHandler.java:48)
	at com.appointmentscheduler/com.appointmentscheduler.presentation.ErrorHandler.lambda$0(ErrorHandler.java:34)
	at javafx.graphics/com.sun.javafx.application.PlatformImpl.lambda$runLater$10(PlatformImpl.java:457)
	at java.base/java.security.AccessController.doPrivileged(AccessController.java:138)
	at javafx.graphics/com.sun.javafx.application.PlatformImpl.lambda$runLater$11(PlatformImpl.java:456)
	at javafx.graphics/com.sun.glass.ui.InvokeLaterDispatcher$Future.run$$$capture(InvokeLaterDispatcher.java:96)
	at javafx.graphics/com.sun.glass.ui.InvokeLaterDispatcher$Future.run(InvokeLaterDispatcher.java)
	at javafx.graphics/com.sun.glass.ui.win.WinApplication._enterNestedEventLoopImpl(Native Method)
	at javafx.graphics/com.sun.glass.ui.win.WinApplication._enterNestedEventLoop(WinApplication.java:211)
	at javafx.graphics/com.sun.glass.ui.Application.enterNestedEventLoop(Application.java:515)
	at javafx.graphics/com.sun.glass.ui.EventLoop.enter(EventLoop.java:107)
	at javafx.graphics/com.sun.javafx.tk.quantum.QuantumToolkit.enterNestedEventLoop(QuantumToolkit.java:647)
	at javafx.graphics/javafx.stage.Stage.showAndWait(Stage.java:469)
	at javafx.controls/javafx.scene.control.HeavyweightDialog.showAndWait(HeavyweightDialog.java:162)
	at javafx.controls/javafx.scene.control.Dialog.showAndWait(Unknown Source)
	at com.appointmentscheduler/com.appointmentscheduler.presentation.ErrorHandler.showErrorOnFxThread(ErrorHandler.java:48)
	at com.appointmentscheduler/com.appointmentscheduler.presentation.ErrorHandler.lambda$0(ErrorHandler.java:34)
	at javafx.graphics/com.sun.javafx.application.PlatformImpl.lambda$runLater$10(PlatformImpl.java:457)
	at java.base/java.security.AccessController.doPrivileged(AccessController.java:138)
	at javafx.graphics/com.sun.javafx.application.PlatformImpl.lambda$runLater$11(PlatformImpl.java:456)
	at javafx.graphics/com.sun.glass.ui.InvokeLaterDispatcher$Future.run$$$capture(InvokeLaterDispatcher.java:96)
	at javafx.graphics/com.sun.glass.ui.InvokeLaterDispatcher$Future.run(InvokeLaterDispatcher.java)
	at javafx.graphics/com.sun.glass.ui.win.WinApplication._enterNestedEventLoopImpl(Native Method)
	at javafx.graphics/com.sun.glass.ui.win.WinApplication._enterNestedEventLoop(WinApplication.java:211)
	at javafx.graphics/com.sun.glass.ui.Application.enterNestedEventLoop(Application.java:515)
	at javafx.graphics/com.sun.glass.ui.EventLoop.enter(EventLoop.java:107)
	at javafx.graphics/com.sun.javafx.tk.quantum.QuantumToolkit.enterNestedEventLoop(QuantumToolkit.java:647)
	at javafx.graphics/javafx.stage.Stage.showAndWait(Stage.java:469)
	at javafx.controls/javafx.scene.control.HeavyweightDialog.showAndWait(HeavyweightDialog.java:162)
	at javafx.controls/javafx.scene.control.Dialog.showAndWait(Unknown Source)
	at com.appointmentscheduler/com.appointmentscheduler.presentation.ErrorHandler.showErrorOnFxThread(ErrorHandler.java:48)
	at com.appointmentscheduler/com.appointmentscheduler.presentation.ErrorHandler.lambda$0(ErrorHandler.java:34)
	at javafx.graphics/com.sun.javafx.application.PlatformImpl.lambda$runLater$10(PlatformImpl.java:457)
	at java.base/java.security.AccessController.doPrivileged(AccessController.java:138)
	at javafx.graphics/com.sun.javafx.application.PlatformImpl.lambda$runLater$11(PlatformImpl.java:456)
	at javafx.graphics/com.sun.glass.ui.InvokeLaterDispatcher$Future.run$$$capture(InvokeLaterDispatcher.java:96)
	at javafx.graphics/com.sun.glass.ui.InvokeLaterDispatcher$Future.run(InvokeLaterDispatcher.java)
	at javafx.graphics/com.sun.glass.ui.win.WinApplication._enterNestedEventLoopImpl(Native Method)
	at javafx.graphics/com.sun.glass.ui.win.WinApplication._enterNestedEventLoop(WinApplication.java:211)
	at javafx.graphics/com.sun.glass.ui.Application.enterNestedEventLoop(Application.java:515)
	at javafx.graphics/com.sun.glass.ui.EventLoop.enter(EventLoop.java:107)
	at javafx.graphics/com.sun.javafx.tk.quantum.QuantumToolkit.enterNestedEventLoop(QuantumToolkit.java:647)
	at javafx.graphics/javafx.stage.Stage.showAndWait(Stage.java:469)
	at javafx.controls/javafx.scene.control.HeavyweightDialog.showAndWait(HeavyweightDialog.java:162)
	at javafx.controls/javafx.scene.control.Dialog.showAndWait(Unknown Source)
	at com.appointmentscheduler/com.appointmentscheduler.presentation.ErrorHandler.showErrorOnFxThread(ErrorHandler.java:48)
	at com.appointmentscheduler/com.appointmentscheduler.presentation.ErrorHandler.lambda$0(ErrorHandler.java:34)
	at javafx.graphics/com.sun.javafx.application.PlatformImpl.lambda$runLater$10(PlatformImpl.java:457)
	at java.base/java.security.AccessController.doPrivileged(AccessController.java:138)
	at javafx.graphics/com.sun.javafx.application.PlatformImpl.lambda$runLater$11(PlatformImpl.java:456)
	at javafx.graphics/com.sun.glass.ui.InvokeLaterDispatcher$Future.run$$$capture(InvokeLaterDispatcher.java:96)
	at javafx.graphics/com.sun.glass.ui.InvokeLaterDispatcher$Future.run(InvokeLaterDispatcher.java)
	at javafx.graphics/com.sun.glass.ui.win.WinApplication._enterNestedEventLoopImpl(Native Method)
	at javafx.graphics/com.sun.glass.ui.win.WinApplication._enterNestedEventLoop(WinApplication.java:211)
	at javafx.graphics/com.sun.glass.ui.Application.enterNestedEventLoop(Application.java:515)
	at javafx.graphics/com.sun.glass.ui.EventLoop.enter(EventLoop.java:107)
	at javafx.graphics/com.sun.javafx.tk.quantum.QuantumToolkit.enterNestedEventLoop(QuantumToolkit.java:647)
	at javafx.graphics/javafx.stage.Stage.showAndWait(Stage.java:469)
	at javafx.controls/javafx.scene.control.HeavyweightDialog.showAndWait(HeavyweightDialog.java:162)
	at javafx.controls/javafx.scene.control.Dialog.showAndWait(Unknown Source)
	at com.appointmentscheduler/com.appointmentscheduler.presentation.ErrorHandler.showErrorOnFxThread(ErrorHandler.java:48)
	at com.appointmentscheduler/com.appointmentscheduler.presentation.ErrorHandler.lambda$0(ErrorHandler.java:34)
	at javafx.graphics/com.sun.javafx.application.PlatformImpl.lambda$runLater$10(PlatformImpl.java:457)
	at java.base/java.security.AccessController.doPrivileged(AccessController.java:138)
	at javafx.graphics/com.sun.javafx.application.PlatformImpl.lambda$runLater$11(PlatformImpl.java:456)
	at javafx.graphics/com.sun.glass.ui.InvokeLaterDispatcher$Future.run$$$capture(InvokeLaterDispatcher.java:96)
	at javafx.graphics/com.sun.glass.ui.InvokeLaterDispatcher$Future.run(InvokeLaterDispatcher.java)
	at javafx.graphics/com.sun.glass.ui.win.WinApplication._enterNestedEventLoopImpl(Native Method)
	at javafx.graphics/com.sun.glass.ui.win.WinApplication._enterNestedEventLoop(WinApplication.java:211)
	at javafx.graphics/com.sun.glass.ui.Application.enterNestedEventLoop(Application.java:515)
	at javafx.graphics/com.sun.glass.ui.EventLoop.enter(EventLoop.java:107)
	at javafx.graphics/com.sun.javafx.tk.quantum.QuantumToolkit.enterNestedEventLoop(QuantumToolkit.java:647)
	at javafx.graphics/javafx.stage.Stage.showAndWait(Stage.java:469)
	at javafx.controls/javafx.scene.control.HeavyweightDialog.showAndWait(HeavyweightDialog.java:162)
	at javafx.controls/javafx.scene.control.Dialog.showAndWait(Unknown Source)
	at com.appointmentscheduler/com.appointmentscheduler.presentation.ErrorHandler.showErrorOnFxThread(ErrorHandler.java:48)
	at com.appointmentscheduler/com.appointmentscheduler.presentation.ErrorHandler.lambda$0(ErrorHandler.java:34)
	at javafx.graphics/com.sun.javafx.application.PlatformImpl.lambda$runLater$10(PlatformImpl.java:457)
	at java.base/java.security.AccessController.doPrivileged(AccessController.java:138)
	at javafx.graphics/com.sun.javafx.application.PlatformImpl.lambda$runLater$11(PlatformImpl.java:456)
	at javafx.graphics/com.sun.glass.ui.InvokeLaterDispatcher$Future.run$$$capture(InvokeLaterDispatcher.java:96)
	at javafx.graphics/com.sun.glass.ui.InvokeLaterDispatcher$Future.run(InvokeLaterDispatcher.java)
	at javafx.graphics/com.sun.glass.ui.win.WinApplication._enterNestedEventLoopImpl(Native Method)
	at javafx.graphics/com.sun.glass.ui.win.WinApplication._enterNestedEventLoop(WinApplication.java:211)
	at javafx.graphics/com.sun.glass.ui.Application.enterNestedEventLoop(Application.java:515)
	at javafx.graphics/com.sun.glass.ui.EventLoop.enter(EventLoop.java:107)
	at javafx.graphics/com.sun.javafx.tk.quantum.QuantumToolkit.enterNestedEventLoop(QuantumToolkit.java:647)
	at javafx.graphics/javafx.stage.Stage.showAndWait(Stage.java:469)
	at javafx.controls/javafx.scene.control.HeavyweightDialog.showAndWait(HeavyweightDialog.java:162)
	at javafx.controls/javafx.scene.control.Dialog.showAndWait(Unknown Source)
	at com.appointmentscheduler/com.appointmentscheduler.presentation.ErrorHandler.showErrorOnFxThread(ErrorHandler.java:48)
	at com.appointmentscheduler/com.appointmentscheduler.presentation.ErrorHandler.lambda$0(ErrorHandler.java:34)
	at javafx.graphics/com.sun.javafx.application.PlatformImpl.lambda$runLater$10(PlatformImpl.java:457)
	at java.base/java.security.AccessController.doPrivileged(AccessController.java:138)
	at javafx.graphics/com.sun.javafx.application.PlatformImpl.lambda$runLater$11(PlatformImpl.java:456)
	at javafx.graphics/com.sun.glass.ui.InvokeLaterDispatcher$Future.run$$$capture(InvokeLaterDispatcher.java:96)
	at javafx.graphics/com.sun.glass.ui.InvokeLaterDispatcher$Future.run(InvokeLaterDispatcher.java)
	at javafx.graphics/com.sun.glass.ui.win.WinApplication._runLoop(Native Method)
	at javafx.graphics/com.sun.glass.ui.win.WinApplication.lambda$runLoop$3(WinApplication.java:184)
	at java.base/java.lang.Thread.run(Thread.java:1474)
2026-04-19 10:49:07.406 [JavaFX Application Thread] ERROR c.appointmentscheduler.presentation.ErrorHandler - Failed to load screen: FXML not found. Tried: /com/appointmentscheduler/presentation/ThisDoesNotExist.fxml, com/appointmentscheduler/presentation/ThisDoesNotExist.fxml, ThisDoesNotExist.fxml. Check that src/main/resources is on classpath.
java.lang.IllegalStateException: FXML not found. Tried: /com/appointmentscheduler/presentation/ThisDoesNotExist.fxml, com/appointmentscheduler/presentation/ThisDoesNotExist.fxml, ThisDoesNotExist.fxml. Check that src/main/resources is on classpath.
	at com.appointmentscheduler/com.appointmentscheduler.presentation.MainApp.loadScreen(MainApp.java:394)
	at com.appointmentscheduler/com.appointmentscheduler.presentation.PresentationMainAppCoverageTest.lambda$7(PresentationMainAppCoverageTest.java:76)
	at com.appointmentscheduler/com.appointmentscheduler.presentation.PresentationMainAppCoverageTest.lambda$11(PresentationMainAppCoverageTest.java:138)
	at com.appointmentscheduler/com.appointmentscheduler.presentation.PresentationMainAppCoverageTest.lambda$10(PresentationMainAppCoverageTest.java:120)
	at javafx.graphics/com.sun.javafx.application.PlatformImpl.lambda$runLater$10(PlatformImpl.java:457)
	at java.base/java.security.AccessController.doPrivileged(AccessController.java:138)
	at javafx.graphics/com.sun.javafx.application.PlatformImpl.lambda$runLater$11(PlatformImpl.java:456)
	at javafx.graphics/com.sun.glass.ui.InvokeLaterDispatcher$Future.run$$$capture(InvokeLaterDispatcher.java:96)
	at javafx.graphics/com.sun.glass.ui.InvokeLaterDispatcher$Future.run(InvokeLaterDispatcher.java)
	at javafx.graphics/com.sun.glass.ui.win.WinApplication._enterNestedEventLoopImpl(Native Method)
	at javafx.graphics/com.sun.glass.ui.win.WinApplication._enterNestedEventLoop(WinApplication.java:211)
	at javafx.graphics/com.sun.glass.ui.Application.enterNestedEventLoop(Application.java:515)
	at javafx.graphics/com.sun.glass.ui.EventLoop.enter(EventLoop.java:107)
	at javafx.graphics/com.sun.javafx.tk.quantum.QuantumToolkit.enterNestedEventLoop(QuantumToolkit.java:647)
	at javafx.graphics/javafx.stage.Stage.showAndWait(Stage.java:469)
	at javafx.controls/javafx.scene.control.HeavyweightDialog.showAndWait(HeavyweightDialog.java:162)
	at javafx.controls/javafx.scene.control.Dialog.showAndWait(Unknown Source)
	at com.appointmentscheduler/com.appointmentscheduler.presentation.MainApp.showDatabaseNotConnectedWarning(MainApp.java:450)
	at com.appointmentscheduler/com.appointmentscheduler.presentation.MainApp.lambda$6(MainApp.java:256)
	at javafx.graphics/com.sun.javafx.application.PlatformImpl.lambda$runLater$10(PlatformImpl.java:457)
	at java.base/java.security.AccessController.doPrivileged(AccessController.java:138)
	at javafx.graphics/com.sun.javafx.application.PlatformImpl.lambda$runLater$11(PlatformImpl.java:456)
	at javafx.graphics/com.sun.glass.ui.InvokeLaterDispatcher$Future.run$$$capture(InvokeLaterDispatcher.java:96)
	at javafx.graphics/com.sun.glass.ui.InvokeLaterDispatcher$Future.run(InvokeLaterDispatcher.java)
	at javafx.graphics/com.sun.glass.ui.win.WinApplication._enterNestedEventLoopImpl(Native Method)
	at javafx.graphics/com.sun.glass.ui.win.WinApplication._enterNestedEventLoop(WinApplication.java:211)
	at javafx.graphics/com.sun.glass.ui.Application.enterNestedEventLoop(Application.java:515)
	at javafx.graphics/com.sun.glass.ui.EventLoop.enter(EventLoop.java:107)
	at javafx.graphics/com.sun.javafx.tk.quantum.QuantumToolkit.enterNestedEventLoop(QuantumToolkit.java:647)
	at javafx.graphics/javafx.stage.Stage.showAndWait(Stage.java:469)
	at javafx.controls/javafx.scene.control.HeavyweightDialog.showAndWait(HeavyweightDialog.java:162)
	at javafx.controls/javafx.scene.control.Dialog.showAndWait(Unknown Source)
	at com.appointmentscheduler/com.appointmentscheduler.presentation.ErrorHandler.showErrorOnFxThread(ErrorHandler.java:48)
	at com.appointmentscheduler/com.appointmentscheduler.presentation.ErrorHandler.lambda$0(ErrorHandler.java:34)
	at javafx.graphics/com.sun.javafx.application.PlatformImpl.lambda$runLater$10(PlatformImpl.java:457)
	at java.base/java.security.AccessController.doPrivileged(AccessController.java:138)
	at javafx.graphics/com.sun.javafx.application.PlatformImpl.lambda$runLater$11(PlatformImpl.java:456)
	at javafx.graphics/com.sun.glass.ui.InvokeLaterDispatcher$Future.run$$$capture(InvokeLaterDispatcher.java:96)
	at javafx.graphics/com.sun.glass.ui.InvokeLaterDispatcher$Future.run(InvokeLaterDispatcher.java)
	at javafx.graphics/com.sun.glass.ui.win.WinApplication._enterNestedEventLoopImpl(Native Method)
	at javafx.graphics/com.sun.glass.ui.win.WinApplication._enterNestedEventLoop(WinApplication.java:211)
	at javafx.graphics/com.sun.glass.ui.Application.enterNestedEventLoop(Application.java:515)
	at javafx.graphics/com.sun.glass.ui.EventLoop.enter(EventLoop.java:107)
	at javafx.graphics/com.sun.javafx.tk.quantum.QuantumToolkit.enterNestedEventLoop(QuantumToolkit.java:647)
	at javafx.graphics/javafx.stage.Stage.showAndWait(Stage.java:469)
	at javafx.controls/javafx.scene.control.HeavyweightDialog.showAndWait(HeavyweightDialog.java:162)
	at javafx.controls/javafx.scene.control.Dialog.showAndWait(Unknown Source)
	at com.appointmentscheduler/com.appointmentscheduler.presentation.ErrorHandler.showErrorOnFxThread(ErrorHandler.java:48)
	at com.appointmentscheduler/com.appointmentscheduler.presentation.ErrorHandler.lambda$0(ErrorHandler.java:34)
	at javafx.graphics/com.sun.javafx.application.PlatformImpl.lambda$runLater$10(PlatformImpl.java:457)
	at java.base/java.security.AccessController.doPrivileged(AccessController.java:138)
	at javafx.graphics/com.sun.javafx.application.PlatformImpl.lambda$runLater$11(PlatformImpl.java:456)
	at javafx.graphics/com.sun.glass.ui.InvokeLaterDispatcher$Future.run$$$capture(InvokeLaterDispatcher.java:96)
	at javafx.graphics/com.sun.glass.ui.InvokeLaterDispatcher$Future.run(InvokeLaterDispatcher.java)
	at javafx.graphics/com.sun.glass.ui.win.WinApplication._enterNestedEventLoopImpl(Native Method)
	at javafx.graphics/com.sun.glass.ui.win.WinApplication._enterNestedEventLoop(WinApplication.java:211)
	at javafx.graphics/com.sun.glass.ui.Application.enterNestedEventLoop(Application.java:515)
	at javafx.graphics/com.sun.glass.ui.EventLoop.enter(EventLoop.java:107)
	at javafx.graphics/com.sun.javafx.tk.quantum.QuantumToolkit.enterNestedEventLoop(QuantumToolkit.java:647)
	at javafx.graphics/javafx.stage.Stage.showAndWait(Stage.java:469)
	at javafx.controls/javafx.scene.control.HeavyweightDialog.showAndWait(HeavyweightDialog.java:162)
	at javafx.controls/javafx.scene.control.Dialog.showAndWait(Unknown Source)
	at com.appointmentscheduler/com.appointmentscheduler.presentation.ErrorHandler.showErrorOnFxThread(ErrorHandler.java:48)
	at com.appointmentscheduler/com.appointmentscheduler.presentation.ErrorHandler.lambda$0(ErrorHandler.java:34)
	at javafx.graphics/com.sun.javafx.application.PlatformImpl.lambda$runLater$10(PlatformImpl.java:457)
	at java.base/java.security.AccessController.doPrivileged(AccessController.java:138)
	at javafx.graphics/com.sun.javafx.application.PlatformImpl.lambda$runLater$11(PlatformImpl.java:456)
	at javafx.graphics/com.sun.glass.ui.InvokeLaterDispatcher$Future.run$$$capture(InvokeLaterDispatcher.java:96)
	at javafx.graphics/com.sun.glass.ui.InvokeLaterDispatcher$Future.run(InvokeLaterDispatcher.java)
	at javafx.graphics/com.sun.glass.ui.win.WinApplication._enterNestedEventLoopImpl(Native Method)
	at javafx.graphics/com.sun.glass.ui.win.WinApplication._enterNestedEventLoop(WinApplication.java:211)
	at javafx.graphics/com.sun.glass.ui.Application.enterNestedEventLoop(Application.java:515)
	at javafx.graphics/com.sun.glass.ui.EventLoop.enter(EventLoop.java:107)
	at javafx.graphics/com.sun.javafx.tk.quantum.QuantumToolkit.enterNestedEventLoop(QuantumToolkit.java:647)
	at javafx.graphics/javafx.stage.Stage.showAndWait(Stage.java:469)
	at javafx.controls/javafx.scene.control.HeavyweightDialog.showAndWait(HeavyweightDialog.java:162)
	at javafx.controls/javafx.scene.control.Dialog.showAndWait(Unknown Source)
	at com.appointmentscheduler/com.appointmentscheduler.presentation.ErrorHandler.showErrorOnFxThread(ErrorHandler.java:48)
	at com.appointmentscheduler/com.appointmentscheduler.presentation.ErrorHandler.lambda$0(ErrorHandler.java:34)
	at javafx.graphics/com.sun.javafx.application.PlatformImpl.lambda$runLater$10(PlatformImpl.java:457)
	at java.base/java.security.AccessController.doPrivileged(AccessController.java:138)
	at javafx.graphics/com.sun.javafx.application.PlatformImpl.lambda$runLater$11(PlatformImpl.java:456)
	at javafx.graphics/com.sun.glass.ui.InvokeLaterDispatcher$Future.run$$$capture(InvokeLaterDispatcher.java:96)
	at javafx.graphics/com.sun.glass.ui.InvokeLaterDispatcher$Future.run(InvokeLaterDispatcher.java)
	at javafx.graphics/com.sun.glass.ui.win.WinApplication._enterNestedEventLoopImpl(Native Method)
	at javafx.graphics/com.sun.glass.ui.win.WinApplication._enterNestedEventLoop(WinApplication.java:211)
	at javafx.graphics/com.sun.glass.ui.Application.enterNestedEventLoop(Application.java:515)
	at javafx.graphics/com.sun.glass.ui.EventLoop.enter(EventLoop.java:107)
	at javafx.graphics/com.sun.javafx.tk.quantum.QuantumToolkit.enterNestedEventLoop(QuantumToolkit.java:647)
	at javafx.graphics/javafx.stage.Stage.showAndWait(Stage.java:469)
	at javafx.controls/javafx.scene.control.HeavyweightDialog.showAndWait(HeavyweightDialog.java:162)
	at javafx.controls/javafx.scene.control.Dialog.showAndWait(Unknown Source)
	at com.appointmentscheduler/com.appointmentscheduler.presentation.ErrorHandler.showErrorOnFxThread(ErrorHandler.java:48)
	at com.appointmentscheduler/com.appointmentscheduler.presentation.ErrorHandler.lambda$0(ErrorHandler.java:34)
	at javafx.graphics/com.sun.javafx.application.PlatformImpl.lambda$runLater$10(PlatformImpl.java:457)
	at java.base/java.security.AccessController.doPrivileged(AccessController.java:138)
	at javafx.graphics/com.sun.javafx.application.PlatformImpl.lambda$runLater$11(PlatformImpl.java:456)
	at javafx.graphics/com.sun.glass.ui.InvokeLaterDispatcher$Future.run$$$capture(InvokeLaterDispatcher.java:96)
	at javafx.graphics/com.sun.glass.ui.InvokeLaterDispatcher$Future.run(InvokeLaterDispatcher.java)
	at javafx.graphics/com.sun.glass.ui.win.WinApplication._enterNestedEventLoopImpl(Native Method)
	at javafx.graphics/com.sun.glass.ui.win.WinApplication._enterNestedEventLoop(WinApplication.java:211)
	at javafx.graphics/com.sun.glass.ui.Application.enterNestedEventLoop(Application.java:515)
	at javafx.graphics/com.sun.glass.ui.EventLoop.enter(EventLoop.java:107)
	at javafx.graphics/com.sun.javafx.tk.quantum.QuantumToolkit.enterNestedEventLoop(QuantumToolkit.java:647)
	at javafx.graphics/javafx.stage.Stage.showAndWait(Stage.java:469)
	at javafx.controls/javafx.scene.control.HeavyweightDialog.showAndWait(HeavyweightDialog.java:162)
	at javafx.controls/javafx.scene.control.Dialog.showAndWait(Unknown Source)
	at com.appointmentscheduler/com.appointmentscheduler.presentation.ErrorHandler.showErrorOnFxThread(ErrorHandler.java:48)
	at com.appointmentscheduler/com.appointmentscheduler.presentation.ErrorHandler.lambda$0(ErrorHandler.java:34)
	at javafx.graphics/com.sun.javafx.application.PlatformImpl.lambda$runLater$10(PlatformImpl.java:457)
	at java.base/java.security.AccessController.doPrivileged(AccessController.java:138)
	at javafx.graphics/com.sun.javafx.application.PlatformImpl.lambda$runLater$11(PlatformImpl.java:456)
	at javafx.graphics/com.sun.glass.ui.InvokeLaterDispatcher$Future.run$$$capture(InvokeLaterDispatcher.java:96)
	at javafx.graphics/com.sun.glass.ui.InvokeLaterDispatcher$Future.run(InvokeLaterDispatcher.java)
	at javafx.graphics/com.sun.glass.ui.win.WinApplication._enterNestedEventLoopImpl(Native Method)
	at javafx.graphics/com.sun.glass.ui.win.WinApplication._enterNestedEventLoop(WinApplication.java:211)
	at javafx.graphics/com.sun.glass.ui.Application.enterNestedEventLoop(Application.java:515)
	at javafx.graphics/com.sun.glass.ui.EventLoop.enter(EventLoop.java:107)
	at javafx.graphics/com.sun.javafx.tk.quantum.QuantumToolkit.enterNestedEventLoop(QuantumToolkit.java:647)
	at javafx.graphics/javafx.stage.Stage.showAndWait(Stage.java:469)
	at javafx.controls/javafx.scene.control.HeavyweightDialog.showAndWait(HeavyweightDialog.java:162)
	at javafx.controls/javafx.scene.control.Dialog.showAndWait(Unknown Source)
	at com.appointmentscheduler/com.appointmentscheduler.presentation.ErrorHandler.showErrorOnFxThread(ErrorHandler.java:48)
	at com.appointmentscheduler/com.appointmentscheduler.presentation.ErrorHandler.lambda$0(ErrorHandler.java:34)
	at javafx.graphics/com.sun.javafx.application.PlatformImpl.lambda$runLater$10(PlatformImpl.java:457)
	at java.base/java.security.AccessController.doPrivileged(AccessController.java:138)
	at javafx.graphics/com.sun.javafx.application.PlatformImpl.lambda$runLater$11(PlatformImpl.java:456)
	at javafx.graphics/com.sun.glass.ui.InvokeLaterDispatcher$Future.run$$$capture(InvokeLaterDispatcher.java:96)
	at javafx.graphics/com.sun.glass.ui.InvokeLaterDispatcher$Future.run(InvokeLaterDispatcher.java)
	at javafx.graphics/com.sun.glass.ui.win.WinApplication._enterNestedEventLoopImpl(Native Method)
	at javafx.graphics/com.sun.glass.ui.win.WinApplication._enterNestedEventLoop(WinApplication.java:211)
	at javafx.graphics/com.sun.glass.ui.Application.enterNestedEventLoop(Application.java:515)
	at javafx.graphics/com.sun.glass.ui.EventLoop.enter(EventLoop.java:107)
	at javafx.graphics/com.sun.javafx.tk.quantum.QuantumToolkit.enterNestedEventLoop(QuantumToolkit.java:647)
	at javafx.graphics/javafx.stage.Stage.showAndWait(Stage.java:469)
	at javafx.controls/javafx.scene.control.HeavyweightDialog.showAndWait(HeavyweightDialog.java:162)
	at javafx.controls/javafx.scene.control.Dialog.showAndWait(Unknown Source)
	at com.appointmentscheduler/com.appointmentscheduler.presentation.ErrorHandler.showErrorOnFxThread(ErrorHandler.java:48)
	at com.appointmentscheduler/com.appointmentscheduler.presentation.ErrorHandler.lambda$0(ErrorHandler.java:34)
	at javafx.graphics/com.sun.javafx.application.PlatformImpl.lambda$runLater$10(PlatformImpl.java:457)
	at java.base/java.security.AccessController.doPrivileged(AccessController.java:138)
	at javafx.graphics/com.sun.javafx.application.PlatformImpl.lambda$runLater$11(PlatformImpl.java:456)
	at javafx.graphics/com.sun.glass.ui.InvokeLaterDispatcher$Future.run$$$capture(InvokeLaterDispatcher.java:96)
	at javafx.graphics/com.sun.glass.ui.InvokeLaterDispatcher$Future.run(InvokeLaterDispatcher.java)
	at javafx.graphics/com.sun.glass.ui.win.WinApplication._enterNestedEventLoopImpl(Native Method)
	at javafx.graphics/com.sun.glass.ui.win.WinApplication._enterNestedEventLoop(WinApplication.java:211)
	at javafx.graphics/com.sun.glass.ui.Application.enterNestedEventLoop(Application.java:515)
	at javafx.graphics/com.sun.glass.ui.EventLoop.enter(EventLoop.java:107)
	at javafx.graphics/com.sun.javafx.tk.quantum.QuantumToolkit.enterNestedEventLoop(QuantumToolkit.java:647)
	at javafx.graphics/javafx.stage.Stage.showAndWait(Stage.java:469)
	at javafx.controls/javafx.scene.control.HeavyweightDialog.showAndWait(HeavyweightDialog.java:162)
	at javafx.controls/javafx.scene.control.Dialog.showAndWait(Unknown Source)
	at com.appointmentscheduler/com.appointmentscheduler.presentation.ErrorHandler.showErrorOnFxThread(ErrorHandler.java:48)
	at com.appointmentscheduler/com.appointmentscheduler.presentation.ErrorHandler.lambda$0(ErrorHandler.java:34)
	at javafx.graphics/com.sun.javafx.application.PlatformImpl.lambda$runLater$10(PlatformImpl.java:457)
	at java.base/java.security.AccessController.doPrivileged(AccessController.java:138)
	at javafx.graphics/com.sun.javafx.application.PlatformImpl.lambda$runLater$11(PlatformImpl.java:456)
	at javafx.graphics/com.sun.glass.ui.InvokeLaterDispatcher$Future.run$$$capture(InvokeLaterDispatcher.java:96)
	at javafx.graphics/com.sun.glass.ui.InvokeLaterDispatcher$Future.run(InvokeLaterDispatcher.java)
	at javafx.graphics/com.sun.glass.ui.win.WinApplication._runLoop(Native Method)
	at javafx.graphics/com.sun.glass.ui.win.WinApplication.lambda$runLoop$3(WinApplication.java:184)
	at java.base/java.lang.Thread.run(Thread.java:1474)
2026-04-19 10:49:07.412 [JavaFX Application Thread] DEBUG c.appointmentscheduler.application.AuditLogService - Audit: LOGOUT | Patient | User logged out from application
2026-04-19 10:49:07.720 [main] INFO  com.zaxxer.hikari.HikariDataSource - AppointmentBookingPool - Shutdown initiated...
2026-04-19 10:49:07.731 [main] INFO  com.zaxxer.hikari.HikariDataSource - AppointmentBookingPool - Shutdown completed.
2026-04-19 10:49:07.732 [main] INFO  c.a.persistence.database.DatabaseConfig - Database connection pool closed
2026-04-19 10:49:07.732 [main] DEBUG com.appointmentscheduler.application.AppConfig - Application configuration loaded
2026-04-19 10:49:07.733 [main] DEBUG com.appointmentscheduler.application.AppConfig - Merged application-local.properties
2026-04-19 10:49:07.733 [main] INFO  com.zaxxer.hikari.HikariDataSource - AppointmentBookingPool - Starting...
2026-04-19 10:49:07.739 [main] INFO  com.zaxxer.hikari.pool.HikariPool - AppointmentBookingPool - Added connection conn4: url=jdbc:h2:mem:dbconfig_flyway user=SA
2026-04-19 10:49:07.740 [main] INFO  com.zaxxer.hikari.HikariDataSource - AppointmentBookingPool - Start completed.
2026-04-19 10:49:07.740 [main] INFO  c.a.persistence.database.DatabaseConfig - Database connection pool initialized: jdbc:h2:mem:dbconfig_flyway;DB_CLOSE_DELAY=-1;DATABASE_TO_LOWER=TRUE
2026-04-19 10:49:07.852 [main] INFO  org.flywaydb.core.internal.license.VersionPrinter - Flyway Community Edition 9.22.3 by Redgate
2026-04-19 10:49:07.852 [main] INFO  org.flywaydb.core.internal.license.VersionPrinter - See release notes here: https://rd.gt/416ObMi
2026-04-19 10:49:07.852 [main] INFO  org.flywaydb.core.internal.license.VersionPrinter - 
2026-04-19 10:49:07.913 [main] INFO  org.flywaydb.core.FlywayExecutor - Database: jdbc:h2:mem:dbconfig_flyway (H2 2.2)
2026-04-19 10:49:07.929 [main] WARN  org.flywaydb.core.internal.database.base.Database - Flyway upgrade recommended: H2 2.2.224 is newer than this version of Flyway and support has not been tested. The latest supported version of H2 is 2.2.220.
2026-04-19 10:49:07.978 [main] INFO  o.f.c.i.schemahistory.JdbcTableSchemaHistory - Schema history table "public"."flyway_schema_history" does not exist yet
2026-04-19 10:49:07.985 [main] INFO  org.flywaydb.core.internal.command.DbValidate - Successfully validated 2 migrations (execution time 00:00.033s)
2026-04-19 10:49:07.992 [main] INFO  o.f.c.i.schemahistory.JdbcTableSchemaHistory - Creating Schema History table "public"."flyway_schema_history" ...
2026-04-19 10:49:08.023 [main] INFO  org.flywaydb.core.internal.command.DbMigrate - Current version of schema "public": << Empty Schema >>
2026-04-19 10:49:08.057 [main] INFO  org.flywaydb.core.internal.command.DbMigrate - Migrating schema "public" to version "1 - enterprise schema"
2026-04-19 10:49:08.103 [main] INFO  org.flywaydb.core.internal.command.DbMigrate - Migrating schema "public" to version "2 - booking request fields"
2026-04-19 10:49:08.170 [main] INFO  org.flywaydb.core.internal.command.DbMigrate - Successfully applied 2 migrations to schema "public", now at version v2 (execution time 00:00.094s)
2026-04-19 10:49:08.172 [main] INFO  c.a.persistence.database.DatabaseConfig - Flyway migrations executed: 2
2026-04-19 10:49:08.172 [main] INFO  com.zaxxer.hikari.HikariDataSource - AppointmentBookingPool - Shutdown initiated...
2026-04-19 10:49:08.173 [main] INFO  com.zaxxer.hikari.HikariDataSource - AppointmentBookingPool - Shutdown completed.
2026-04-19 10:49:08.173 [main] INFO  c.a.persistence.database.DatabaseConfig - Database connection pool closed
2026-04-19 10:49:08.173 [main] INFO  com.zaxxer.hikari.HikariDataSource - AppointmentBookingPool - Starting...
2026-04-19 10:49:08.174 [main] INFO  com.zaxxer.hikari.pool.HikariPool - AppointmentBookingPool - Added connection conn6: url=jdbc:h2:mem:dbconfig_flyway user=SA
2026-04-19 10:49:08.174 [main] INFO  com.zaxxer.hikari.HikariDataSource - AppointmentBookingPool - Start completed.
2026-04-19 10:49:08.174 [main] INFO  c.a.persistence.database.DatabaseConfig - Database connection pool initialized: jdbc:h2:mem:dbconfig_flyway;DB_CLOSE_DELAY=-1;DATABASE_TO_LOWER=TRUE
2026-04-19 10:49:08.177 [main] INFO  org.flywaydb.core.FlywayExecutor - Database: jdbc:h2:mem:dbconfig_flyway (H2 2.2)
2026-04-19 10:49:08.179 [main] WARN  org.flywaydb.core.internal.database.base.Database - Flyway upgrade recommended: H2 2.2.224 is newer than this version of Flyway and support has not been tested. The latest supported version of H2 is 2.2.220.
2026-04-19 10:49:08.185 [main] INFO  org.flywaydb.core.internal.command.DbValidate - Successfully validated 2 migrations (execution time 00:00.004s)
2026-04-19 10:49:08.188 [main] INFO  org.flywaydb.core.internal.command.DbMigrate - Current version of schema "public": 2
2026-04-19 10:49:08.189 [main] INFO  org.flywaydb.core.internal.command.DbMigrate - Schema "public" is up to date. No migration necessary.
2026-04-19 10:49:08.189 [main] INFO  c.a.persistence.database.DatabaseConfig - Flyway migrations executed: 0
2026-04-19 10:49:08.189 [main] INFO  com.zaxxer.hikari.HikariDataSource - AppointmentBookingPool - Shutdown initiated...
2026-04-19 10:49:08.232 [main] INFO  com.zaxxer.hikari.HikariDataSource - AppointmentBookingPool - Shutdown completed.
2026-04-19 10:49:08.232 [main] INFO  c.a.persistence.database.DatabaseConfig - Database connection pool closed
2026-04-19 10:49:08.232 [main] DEBUG com.appointmentscheduler.application.AppConfig - Application configuration loaded
2026-04-19 10:49:08.232 [main] DEBUG com.appointmentscheduler.application.AppConfig - Merged application-local.properties
2026-04-19 10:49:08.234 [main] DEBUG com.appointmentscheduler.application.AppConfig - Application configuration loaded
2026-04-19 10:49:08.234 [main] DEBUG com.appointmentscheduler.application.AppConfig - Merged application-local.properties
2026-04-19 10:49:08.235 [main] DEBUG com.appointmentscheduler.application.AppConfig - Application configuration loaded
2026-04-19 10:49:08.235 [main] DEBUG com.appointmentscheduler.application.AppConfig - Merged application-local.properties
2026-04-19 10:49:08.236 [main] DEBUG com.appointmentscheduler.application.AppConfig - Application configuration loaded
2026-04-19 10:49:08.236 [main] DEBUG com.appointmentscheduler.application.AppConfig - Merged application-local.properties
2026-04-19 10:49:08.237 [main] DEBUG com.appointmentscheduler.application.AppConfig - Application configuration loaded
2026-04-19 10:49:08.237 [main] DEBUG com.appointmentscheduler.application.AppConfig - Merged application-local.properties
2026-04-19 10:49:09.001 [main] WARN  com.appointmentscheduler.application.AuthService - Login failed for email: nobody@here.com
2026-04-19 10:49:10.130 [main] WARN  com.appointmentscheduler.application.AuthService - Login failed for email: john@test.com
2026-04-19 10:49:11.744 [main] WARN  com.appointmentscheduler.application.AuthService - Login attempt for locked account: john@test.com
2026-04-19 10:49:14.496 [main] INFO  com.appointmentscheduler.application.AuthService - Login successful for user: john@test.com
2026-04-19 10:49:15.661 [main] INFO  com.appointmentscheduler.application.AuthService - Login successful for user: john@test.com
2026-04-19 10:49:16.810 [main] INFO  com.appointmentscheduler.application.AuthService - Login successful for user: john@test.com
2026-04-19 10:49:18.022 [main] INFO  com.appointmentscheduler.application.AuthService - Login successful for user: john@test.com
2026-04-19 10:49:19.191 [main] INFO  com.appointmentscheduler.application.AuthService - Login successful for user: admin@test.com
2026-04-19 10:49:19.267 [main] DEBUG com.appointmentscheduler.application.AppConfig - Application configuration loaded
2026-04-19 10:49:19.268 [main] DEBUG com.appointmentscheduler.application.AppConfig - Merged application-local.properties
2026-04-19 10:49:19.269 [main] DEBUG com.appointmentscheduler.application.AppConfig - Application configuration loaded
2026-04-19 10:49:19.269 [main] WARN  com.appointmentscheduler.application.AppConfig - Could not load application-local.properties: Malformed \uxxxx encoding.
2026-04-19 10:49:19.275 [main] DEBUG com.appointmentscheduler.application.AppConfig - Application configuration loaded
2026-04-19 10:49:19.276 [main] DEBUG com.appointmentscheduler.application.AppConfig - Merged application-local.properties
2026-04-19 10:49:19.282 [main] DEBUG com.appointmentscheduler.application.AppConfig - Application configuration loaded
2026-04-19 10:49:19.283 [main] DEBUG com.appointmentscheduler.application.AppConfig - Merged application-local.properties
2026-04-19 10:49:19.290 [main] DEBUG com.appointmentscheduler.application.AppConfig - Application configuration loaded
2026-04-19 10:49:19.290 [main] DEBUG com.appointmentscheduler.application.AppConfig - Merged application-local.properties
2026-04-19 10:49:19.298 [main] DEBUG com.appointmentscheduler.application.AppConfig - Application configuration loaded
2026-04-19 10:49:19.298 [main] DEBUG com.appointmentscheduler.application.AppConfig - Merged application-local.properties
2026-04-19 10:49:19.300 [main] WARN  com.appointmentscheduler.application.AppConfig - Could not load application.properties, using defaults: Malformed \uxxxx encoding.
2026-04-19 10:49:19.300 [main] DEBUG com.appointmentscheduler.application.AppConfig - Merged application-local.properties
2026-04-19 10:49:19.306 [main] DEBUG com.appointmentscheduler.application.AppConfig - Application configuration loaded
2026-04-19 10:49:19.306 [main] DEBUG com.appointmentscheduler.application.AppConfig - Merged application-local.properties
2026-04-19 10:49:19.315 [main] DEBUG com.appointmentscheduler.application.AppConfig - Application configuration loaded
2026-04-19 10:49:19.316 [main] DEBUG com.appointmentscheduler.application.AppConfig - Merged application-local.properties
2026-04-19 10:49:19.322 [main] DEBUG com.appointmentscheduler.application.AppConfig - Application configuration loaded
2026-04-19 10:49:19.323 [main] DEBUG com.appointmentscheduler.application.AppConfig - Merged application-local.properties
2026-04-19 10:49:19.377 [JavaFX Application Thread] INFO  com.zaxxer.hikari.HikariDataSource - AppointmentBookingPool - Starting...
2026-04-19 10:49:19.382 [JavaFX Application Thread] INFO  com.zaxxer.hikari.pool.HikariPool - AppointmentBookingPool - Added connection com.mysql.cj.jdbc.ConnectionImpl@7f5f5d70
2026-04-19 10:49:19.382 [JavaFX Application Thread] INFO  com.zaxxer.hikari.HikariDataSource - AppointmentBookingPool - Start completed.
2026-04-19 10:49:19.382 [JavaFX Application Thread] INFO  c.a.persistence.database.DatabaseConfig - Database connection pool initialized: jdbc:mysql://localhost:3306/appointment?useUnicode=true&characterEncoding=UTF-8&serverTimezone=UTC&useSSL=false&allowPublicKeyRetrieval=true
2026-04-19 10:49:19.382 [JavaFX Application Thread] INFO  c.a.persistence.database.DatabaseConfig - MySQL: table app_user verified/created
2026-04-19 10:49:19.383 [JavaFX Application Thread] DEBUG c.a.persistence.database.DatabaseConfig - MySQL (skipped): ALTER TABLE appointment ADD COLUMN customer_notes VARCHAR(2000) NULL — Duplicate column name 'customer_notes'
2026-04-19 10:49:19.384 [JavaFX Application Thread] DEBUG c.a.persistence.database.DatabaseConfig - MySQL (skipped): ALTER TABLE appointment ADD COLUMN contact_phone VARCHAR(64) NULL — Duplicate column name 'contact_phone'
2026-04-19 10:49:19.384 [JavaFX Application Thread] DEBUG c.a.persistence.database.DatabaseConfig - MySQL (skipped): ALTER TABLE appointment ADD COLUMN reminder_channel VARCHAR(32) NULL — Duplicate column name 'reminder_channel'
2026-04-19 10:49:19.385 [JavaFX Application Thread] DEBUG c.a.persistence.database.DatabaseConfig - MySQL (skipped): ALTER TABLE appointment ADD COLUMN accessibility_needs VARCHAR(512) NULL — Duplicate column name 'accessibility_needs'
2026-04-19 10:49:19.385 [JavaFX Application Thread] DEBUG c.a.persistence.database.DatabaseConfig - MySQL (skipped): ALTER TABLE appointment ADD COLUMN preferred_language VARCHAR(16) NULL — Duplicate column name 'preferred_language'
2026-04-19 10:49:19.386 [JavaFX Application Thread] INFO  com.appointmentscheduler.presentation.MainApp - Using database persistence (MySQL). User and appointment data will be saved.
2026-04-19 10:49:19.386 [JavaFX Application Thread] DEBUG c.a.application.AppointmentReminderService - Registered reminder channel: SMSNotification
2026-04-19 10:49:19.817 [JavaFX Application Thread] INFO  com.appointmentscheduler.presentation.MainApp - Starting Appointment Booking System v3.0.0
2026-04-19 10:49:20.723 [JavaFX Application Thread] DEBUG c.appointmentscheduler.application.AuditLogService - Audit: LOGIN_SUCCESS | Admin User | Signed in from admin@admin.com
2026-04-19 10:49:20.723 [JavaFX Application Thread] INFO  com.appointmentscheduler.application.AuthService - Login successful for user: admin@admin.com
2026-04-19 10:49:20.723 [JavaFX Application Thread] INFO  c.a.presentation.LoginController - Login successful for user: admin@admin.com
2026-04-19 10:49:22.955 [JavaFX Application Thread] DEBUG c.appointmentscheduler.application.AuditLogService - Audit: COMPLETE | Admin User | Appointment 811d89ed-bb5f-4832-8deb-5911e4899eea marked COMPLETED | entity=811d89ed-bb5f-4832-8deb-5911e4899eea
2026-04-19 10:49:23.076 [JavaFX Application Thread] DEBUG c.appointmentscheduler.application.AuditLogService - Audit: LOGIN_FAILED | customer@example.com | Invalid credentials
2026-04-19 10:49:23.076 [JavaFX Application Thread] WARN  com.appointmentscheduler.application.AuthService - Login failed for email: customer@example.com
2026-04-19 10:49:25.117 [main] DEBUG c.appointmentscheduler.application.AuditLogService - Audit: BOOK | Pat | Appointment 2a38d66a-09e3-452c-9d5d-45dca65e9a54 at 2026-04-27T10:00 to 2026-04-27T11:00 | entity=2a38d66a-09e3-452c-9d5d-45dca65e9a54
2026-04-19 10:49:25.124 [main] DEBUG c.appointmentscheduler.application.AuditLogService - Audit: BOOK | Pat | Appointment 7b5f43f8-a4f7-4800-94d4-853372bf5cfa at 2026-04-29T10:00 to 2026-04-29T11:00 | entity=7b5f43f8-a4f7-4800-94d4-853372bf5cfa
2026-04-19 10:49:25.126 [main] DEBUG c.appointmentscheduler.application.AuditLogService - Audit: BOOK | Pat | Appointment 91322125-ee8d-489a-951d-6c0e67cb782b at 2026-04-21T10:00 to 2026-04-21T11:00 | entity=91322125-ee8d-489a-951d-6c0e67cb782b
2026-04-19 10:49:25.189 [main] DEBUG c.appointmentscheduler.application.AuditLogService - Audit: BOOK | Pat | Appointment 9f67264b-9ca2-4060-a82c-ba77b2e3205a at 2026-04-21T10:00 to 2026-04-21T11:00 | entity=9f67264b-9ca2-4060-a82c-ba77b2e3205a
2026-04-19 10:49:25.195 [main] WARN  c.appointmentscheduler.application.BookingService - Booking confirmation email failed for appointment 8d3753b0-9454-499e-9b6e-3b0e37fb9509; booking remains saved.
java.lang.RuntimeException: smtp unavailable
	at com.appointmentscheduler/com.appointmentscheduler.application.BookingService.sendBookingConfirmationEmail(BookingService.java:184)
	at com.appointmentscheduler/com.appointmentscheduler.application.BookingService.tryBookWithReason(BookingService.java:128)
	at com.appointmentscheduler/com.appointmentscheduler.application.BookingService.bookAppointment(BookingService.java:162)
	at com.appointmentscheduler/com.appointmentscheduler.application.BookingService.bookAppointment(BookingService.java:79)
	at com.appointmentscheduler/com.appointmentscheduler.application.BookingServiceTest$Booking.book_success_emailExceptionDoesNotFailBooking(BookingServiceTest.java:137)
	at java.base/jdk.internal.reflect.DirectMethodHandleAccessor.invoke(DirectMethodHandleAccessor.java:104)
	at java.base/java.lang.reflect.Method.invoke(Method.java:565)
	at org.junit.platform.commons.util.ReflectionUtils.invokeMethod(ReflectionUtils.java:728)
	at org.junit.jupiter.engine.execution.MethodInvocation.proceed(MethodInvocation.java:60)
	at org.junit.jupiter.engine.execution.InvocationInterceptorChain$ValidatingInvocation.proceed(InvocationInterceptorChain.java:131)
	at org.junit.jupiter.engine.extension.TimeoutExtension.intercept(TimeoutExtension.java:156)
	at org.junit.jupiter.engine.extension.TimeoutExtension.interceptTestableMethod(TimeoutExtension.java:147)
	at org.junit.jupiter.engine.extension.TimeoutExtension.interceptTestMethod(TimeoutExtension.java:86)
	at org.junit.jupiter.engine.execution.InterceptingExecutableInvoker$ReflectiveInterceptorCall.lambda$ofVoidMethod$0(InterceptingExecutableInvoker.java:103)
	at org.junit.jupiter.engine.execution.InterceptingExecutableInvoker.lambda$invoke$0(InterceptingExecutableInvoker.java:93)
	at org.junit.jupiter.engine.execution.InvocationInterceptorChain$InterceptedInvocation.proceed(InvocationInterceptorChain.java:106)
	at org.junit.jupiter.engine.execution.InvocationInterceptorChain.proceed(InvocationInterceptorChain.java:64)
	at org.junit.jupiter.engine.execution.InvocationInterceptorChain.chainAndInvoke(InvocationInterceptorChain.java:45)
	at org.junit.jupiter.engine.execution.InvocationInterceptorChain.invoke(InvocationInterceptorChain.java:37)
	at org.junit.jupiter.engine.execution.InterceptingExecutableInvoker.invoke(InterceptingExecutableInvoker.java:92)
	at org.junit.jupiter.engine.execution.InterceptingExecutableInvoker.invoke(InterceptingExecutableInvoker.java:86)
	at org.junit.jupiter.engine.descriptor.TestMethodTestDescriptor.lambda$invokeTestMethod$7(TestMethodTestDescriptor.java:218)
	at org.junit.platform.engine.support.hierarchical.ThrowableCollector.execute(ThrowableCollector.java:73)
	at org.junit.jupiter.engine.descriptor.TestMethodTestDescriptor.invokeTestMethod(TestMethodTestDescriptor.java:214)
	at org.junit.jupiter.engine.descriptor.TestMethodTestDescriptor.execute(TestMethodTestDescriptor.java:139)
	at org.junit.jupiter.engine.descriptor.TestMethodTestDescriptor.execute(TestMethodTestDescriptor.java:69)
	at org.junit.platform.engine.support.hierarchical.NodeTestTask.lambda$executeRecursively$6(NodeTestTask.java:151)
	at org.junit.platform.engine.support.hierarchical.ThrowableCollector.execute(ThrowableCollector.java:73)
	at org.junit.platform.engine.support.hierarchical.NodeTestTask.lambda$executeRecursively$8(NodeTestTask.java:141)
	at org.junit.platform.engine.support.hierarchical.Node.around(Node.java:137)
	at org.junit.platform.engine.support.hierarchical.NodeTestTask.lambda$executeRecursively$9(NodeTestTask.java:139)
	at org.junit.platform.engine.support.hierarchical.ThrowableCollector.execute(ThrowableCollector.java:73)
	at org.junit.platform.engine.support.hierarchical.NodeTestTask.executeRecursively(NodeTestTask.java:138)
	at org.junit.platform.engine.support.hierarchical.NodeTestTask.execute(NodeTestTask.java:95)
	at java.base/java.util.ArrayList.forEach(ArrayList.java:1604)
	at org.junit.platform.engine.support.hierarchical.SameThreadHierarchicalTestExecutorService.invokeAll(SameThreadHierarchicalTestExecutorService.java:41)
	at org.junit.platform.engine.support.hierarchical.NodeTestTask.lambda$executeRecursively$6(NodeTestTask.java:155)
	at org.junit.platform.engine.support.hierarchical.ThrowableCollector.execute(ThrowableCollector.java:73)
	at org.junit.platform.engine.support.hierarchical.NodeTestTask.lambda$executeRecursively$8(NodeTestTask.java:141)
	at org.junit.platform.engine.support.hierarchical.Node.around(Node.java:137)
	at org.junit.platform.engine.support.hierarchical.NodeTestTask.lambda$executeRecursively$9(NodeTestTask.java:139)
	at org.junit.platform.engine.support.hierarchical.ThrowableCollector.execute(ThrowableCollector.java:73)
	at org.junit.platform.engine.support.hierarchical.NodeTestTask.executeRecursively(NodeTestTask.java:138)
	at org.junit.platform.engine.support.hierarchical.NodeTestTask.execute(NodeTestTask.java:95)
	at java.base/java.util.ArrayList.forEach(ArrayList.java:1604)
	at org.junit.platform.engine.support.hierarchical.SameThreadHierarchicalTestExecutorService.invokeAll(SameThreadHierarchicalTestExecutorService.java:41)
	at org.junit.platform.engine.support.hierarchical.NodeTestTask.lambda$executeRecursively$6(NodeTestTask.java:155)
	at org.junit.platform.engine.support.hierarchical.ThrowableCollector.execute(ThrowableCollector.java:73)
	at org.junit.platform.engine.support.hierarchical.NodeTestTask.lambda$executeRecursively$8(NodeTestTask.java:141)
	at org.junit.platform.engine.support.hierarchical.Node.around(Node.java:137)
	at org.junit.platform.engine.support.hierarchical.NodeTestTask.lambda$executeRecursively$9(NodeTestTask.java:139)
	at org.junit.platform.engine.support.hierarchical.ThrowableCollector.execute(ThrowableCollector.java:73)
	at org.junit.platform.engine.support.hierarchical.NodeTestTask.executeRecursively(NodeTestTask.java:138)
	at org.junit.platform.engine.support.hierarchical.NodeTestTask.execute(NodeTestTask.java:95)
	at java.base/java.util.ArrayList.forEach(ArrayList.java:1604)
	at org.junit.platform.engine.support.hierarchical.SameThreadHierarchicalTestExecutorService.invokeAll(SameThreadHierarchicalTestExecutorService.java:41)
	at org.junit.platform.engine.support.hierarchical.NodeTestTask.lambda$executeRecursively$6(NodeTestTask.java:155)
	at org.junit.platform.engine.support.hierarchical.ThrowableCollector.execute(ThrowableCollector.java:73)
	at org.junit.platform.engine.support.hierarchical.NodeTestTask.lambda$executeRecursively$8(NodeTestTask.java:141)
	at org.junit.platform.engine.support.hierarchical.Node.around(Node.java:137)
	at org.junit.platform.engine.support.hierarchical.NodeTestTask.lambda$executeRecursively$9(NodeTestTask.java:139)
	at org.junit.platform.engine.support.hierarchical.ThrowableCollector.execute(ThrowableCollector.java:73)
	at org.junit.platform.engine.support.hierarchical.NodeTestTask.executeRecursively(NodeTestTask.java:138)
	at org.junit.platform.engine.support.hierarchical.NodeTestTask.execute(NodeTestTask.java:95)
	at org.junit.platform.engine.support.hierarchical.SameThreadHierarchicalTestExecutorService.submit(SameThreadHierarchicalTestExecutorService.java:35)
	at org.junit.platform.engine.support.hierarchical.HierarchicalTestExecutor.execute(HierarchicalTestExecutor.java:57)
	at org.junit.platform.engine.support.hierarchical.HierarchicalTestEngine.execute(HierarchicalTestEngine.java:54)
	at org.junit.platform.launcher.core.EngineExecutionOrchestrator.execute(EngineExecutionOrchestrator.java:198)
	at org.junit.platform.launcher.core.EngineExecutionOrchestrator.execute(EngineExecutionOrchestrator.java:169)
	at org.junit.platform.launcher.core.EngineExecutionOrchestrator.execute(EngineExecutionOrchestrator.java:93)
	at org.junit.platform.launcher.core.EngineExecutionOrchestrator.lambda$execute$0(EngineExecutionOrchestrator.java:58)
	at org.junit.platform.launcher.core.EngineExecutionOrchestrator.withInterceptedStreams(EngineExecutionOrchestrator.java:141)
	at org.junit.platform.launcher.core.EngineExecutionOrchestrator.execute(EngineExecutionOrchestrator.java:57)
	at org.junit.platform.launcher.core.DefaultLauncher.execute(DefaultLauncher.java:103)
	at org.junit.platform.launcher.core.DefaultLauncher.execute(DefaultLauncher.java:85)
	at org.junit.platform.launcher.core.DelegatingLauncher.execute(DelegatingLauncher.java:47)
	at org.junit.platform.launcher.core.SessionPerRequestLauncher.execute(SessionPerRequestLauncher.java:63)
	at com.intellij.junit5.JUnit5IdeaTestRunner.startRunnerWithArgs(JUnit5IdeaTestRunner.java:66)
	at com.intellij.rt.junit.IdeaTestRunner$Repeater$1.execute(IdeaTestRunner.java:38)
	at com.intellij.rt.execution.junit.TestsRepeater.repeat(TestsRepeater.java:11)
	at com.intellij.rt.junit.IdeaTestRunner$Repeater.startRunnerWithArgs(IdeaTestRunner.java:35)
	at com.intellij.rt.junit.JUnitStarter.prepareStreamsAndStart(JUnitStarter.java:231)
	at com.intellij.rt.junit.JUnitStarter.main(JUnitStarter.java:55)
2026-04-19 10:49:25.195 [main] DEBUG c.appointmentscheduler.application.AuditLogService - Audit: BOOK | Pat | Appointment 8d3753b0-9454-499e-9b6e-3b0e37fb9509 at 2026-04-21T10:00 to 2026-04-21T11:00 | entity=8d3753b0-9454-499e-9b6e-3b0e37fb9509
2026-04-19 10:49:25.266 [main] DEBUG c.appointmentscheduler.application.AuditLogService - Audit: BOOK | Pat | Appointment 437cfecb-c07c-4fab-a912-9789f5ae8450 at 2026-04-23T10:00 to 2026-04-23T11:00 | entity=437cfecb-c07c-4fab-a912-9789f5ae8450
2026-04-19 10:49:25.274 [main] DEBUG c.appointmentscheduler.application.AuditLogService - Audit: CANCEL | A | Appointment cadm | entity=cadm
2026-04-19 10:49:25.333 [main] DEBUG c.appointmentscheduler.application.AuditLogService - Audit: CANCEL | Pat | Appointment cc | entity=cc
2026-04-19 10:49:25.342 [main] WARN  c.appointmentscheduler.application.BookingService - Cancellation email failed for appointment can-email-fail; cancellation remains saved.
java.lang.RuntimeException: smtp cancel failed
	at com.appointmentscheduler/com.appointmentscheduler.application.BookingService.sendAppointmentCancelledEmail(BookingService.java:206)
	at com.appointmentscheduler/com.appointmentscheduler.application.BookingService.cancelAppointment(BookingService.java:326)
	at com.appointmentscheduler/com.appointmentscheduler.application.BookingServiceTest$Cancel.cancel_emailExceptionDoesNotRollback(BookingServiceTest.java:724)
	at java.base/jdk.internal.reflect.DirectMethodHandleAccessor.invoke(DirectMethodHandleAccessor.java:104)
	at java.base/java.lang.reflect.Method.invoke(Method.java:565)
	at org.junit.platform.commons.util.ReflectionUtils.invokeMethod(ReflectionUtils.java:728)
	at org.junit.jupiter.engine.execution.MethodInvocation.proceed(MethodInvocation.java:60)
	at org.junit.jupiter.engine.execution.InvocationInterceptorChain$ValidatingInvocation.proceed(InvocationInterceptorChain.java:131)
	at org.junit.jupiter.engine.extension.TimeoutExtension.intercept(TimeoutExtension.java:156)
	at org.junit.jupiter.engine.extension.TimeoutExtension.interceptTestableMethod(TimeoutExtension.java:147)
	at org.junit.jupiter.engine.extension.TimeoutExtension.interceptTestMethod(TimeoutExtension.java:86)
	at org.junit.jupiter.engine.execution.InterceptingExecutableInvoker$ReflectiveInterceptorCall.lambda$ofVoidMethod$0(InterceptingExecutableInvoker.java:103)
	at org.junit.jupiter.engine.execution.InterceptingExecutableInvoker.lambda$invoke$0(InterceptingExecutableInvoker.java:93)
	at org.junit.jupiter.engine.execution.InvocationInterceptorChain$InterceptedInvocation.proceed(InvocationInterceptorChain.java:106)
	at org.junit.jupiter.engine.execution.InvocationInterceptorChain.proceed(InvocationInterceptorChain.java:64)
	at org.junit.jupiter.engine.execution.InvocationInterceptorChain.chainAndInvoke(InvocationInterceptorChain.java:45)
	at org.junit.jupiter.engine.execution.InvocationInterceptorChain.invoke(InvocationInterceptorChain.java:37)
	at org.junit.jupiter.engine.execution.InterceptingExecutableInvoker.invoke(InterceptingExecutableInvoker.java:92)
	at org.junit.jupiter.engine.execution.InterceptingExecutableInvoker.invoke(InterceptingExecutableInvoker.java:86)
	at org.junit.jupiter.engine.descriptor.TestMethodTestDescriptor.lambda$invokeTestMethod$7(TestMethodTestDescriptor.java:218)
	at org.junit.platform.engine.support.hierarchical.ThrowableCollector.execute(ThrowableCollector.java:73)
	at org.junit.jupiter.engine.descriptor.TestMethodTestDescriptor.invokeTestMethod(TestMethodTestDescriptor.java:214)
	at org.junit.jupiter.engine.descriptor.TestMethodTestDescriptor.execute(TestMethodTestDescriptor.java:139)
	at org.junit.jupiter.engine.descriptor.TestMethodTestDescriptor.execute(TestMethodTestDescriptor.java:69)
	at org.junit.platform.engine.support.hierarchical.NodeTestTask.lambda$executeRecursively$6(NodeTestTask.java:151)
	at org.junit.platform.engine.support.hierarchical.ThrowableCollector.execute(ThrowableCollector.java:73)
	at org.junit.platform.engine.support.hierarchical.NodeTestTask.lambda$executeRecursively$8(NodeTestTask.java:141)
	at org.junit.platform.engine.support.hierarchical.Node.around(Node.java:137)
	at org.junit.platform.engine.support.hierarchical.NodeTestTask.lambda$executeRecursively$9(NodeTestTask.java:139)
	at org.junit.platform.engine.support.hierarchical.ThrowableCollector.execute(ThrowableCollector.java:73)
	at org.junit.platform.engine.support.hierarchical.NodeTestTask.executeRecursively(NodeTestTask.java:138)
	at org.junit.platform.engine.support.hierarchical.NodeTestTask.execute(NodeTestTask.java:95)
	at java.base/java.util.ArrayList.forEach(ArrayList.java:1604)
	at org.junit.platform.engine.support.hierarchical.SameThreadHierarchicalTestExecutorService.invokeAll(SameThreadHierarchicalTestExecutorService.java:41)
	at org.junit.platform.engine.support.hierarchical.NodeTestTask.lambda$executeRecursively$6(NodeTestTask.java:155)
	at org.junit.platform.engine.support.hierarchical.ThrowableCollector.execute(ThrowableCollector.java:73)
	at org.junit.platform.engine.support.hierarchical.NodeTestTask.lambda$executeRecursively$8(NodeTestTask.java:141)
	at org.junit.platform.engine.support.hierarchical.Node.around(Node.java:137)
	at org.junit.platform.engine.support.hierarchical.NodeTestTask.lambda$executeRecursively$9(NodeTestTask.java:139)
	at org.junit.platform.engine.support.hierarchical.ThrowableCollector.execute(ThrowableCollector.java:73)
	at org.junit.platform.engine.support.hierarchical.NodeTestTask.executeRecursively(NodeTestTask.java:138)
	at org.junit.platform.engine.support.hierarchical.NodeTestTask.execute(NodeTestTask.java:95)
	at java.base/java.util.ArrayList.forEach(ArrayList.java:1604)
	at org.junit.platform.engine.support.hierarchical.SameThreadHierarchicalTestExecutorService.invokeAll(SameThreadHierarchicalTestExecutorService.java:41)
	at org.junit.platform.engine.support.hierarchical.NodeTestTask.lambda$executeRecursively$6(NodeTestTask.java:155)
	at org.junit.platform.engine.support.hierarchical.ThrowableCollector.execute(ThrowableCollector.java:73)
	at org.junit.platform.engine.support.hierarchical.NodeTestTask.lambda$executeRecursively$8(NodeTestTask.java:141)
	at org.junit.platform.engine.support.hierarchical.Node.around(Node.java:137)
	at org.junit.platform.engine.support.hierarchical.NodeTestTask.lambda$executeRecursively$9(NodeTestTask.java:139)
	at org.junit.platform.engine.support.hierarchical.ThrowableCollector.execute(ThrowableCollector.java:73)
	at org.junit.platform.engine.support.hierarchical.NodeTestTask.executeRecursively(NodeTestTask.java:138)
	at org.junit.platform.engine.support.hierarchical.NodeTestTask.execute(NodeTestTask.java:95)
	at java.base/java.util.ArrayList.forEach(ArrayList.java:1604)
	at org.junit.platform.engine.support.hierarchical.SameThreadHierarchicalTestExecutorService.invokeAll(SameThreadHierarchicalTestExecutorService.java:41)
	at org.junit.platform.engine.support.hierarchical.NodeTestTask.lambda$executeRecursively$6(NodeTestTask.java:155)
	at org.junit.platform.engine.support.hierarchical.ThrowableCollector.execute(ThrowableCollector.java:73)
	at org.junit.platform.engine.support.hierarchical.NodeTestTask.lambda$executeRecursively$8(NodeTestTask.java:141)
	at org.junit.platform.engine.support.hierarchical.Node.around(Node.java:137)
	at org.junit.platform.engine.support.hierarchical.NodeTestTask.lambda$executeRecursively$9(NodeTestTask.java:139)
	at org.junit.platform.engine.support.hierarchical.ThrowableCollector.execute(ThrowableCollector.java:73)
	at org.junit.platform.engine.support.hierarchical.NodeTestTask.executeRecursively(NodeTestTask.java:138)
	at org.junit.platform.engine.support.hierarchical.NodeTestTask.execute(NodeTestTask.java:95)
	at org.junit.platform.engine.support.hierarchical.SameThreadHierarchicalTestExecutorService.submit(SameThreadHierarchicalTestExecutorService.java:35)
	at org.junit.platform.engine.support.hierarchical.HierarchicalTestExecutor.execute(HierarchicalTestExecutor.java:57)
	at org.junit.platform.engine.support.hierarchical.HierarchicalTestEngine.execute(HierarchicalTestEngine.java:54)
	at org.junit.platform.launcher.core.EngineExecutionOrchestrator.execute(EngineExecutionOrchestrator.java:198)
	at org.junit.platform.launcher.core.EngineExecutionOrchestrator.execute(EngineExecutionOrchestrator.java:169)
	at org.junit.platform.launcher.core.EngineExecutionOrchestrator.execute(EngineExecutionOrchestrator.java:93)
	at org.junit.platform.launcher.core.EngineExecutionOrchestrator.lambda$execute$0(EngineExecutionOrchestrator.java:58)
	at org.junit.platform.launcher.core.EngineExecutionOrchestrator.withInterceptedStreams(EngineExecutionOrchestrator.java:141)
	at org.junit.platform.launcher.core.EngineExecutionOrchestrator.execute(EngineExecutionOrchestrator.java:57)
	at org.junit.platform.launcher.core.DefaultLauncher.execute(DefaultLauncher.java:103)
	at org.junit.platform.launcher.core.DefaultLauncher.execute(DefaultLauncher.java:85)
	at org.junit.platform.launcher.core.DelegatingLauncher.execute(DelegatingLauncher.java:47)
	at org.junit.platform.launcher.core.SessionPerRequestLauncher.execute(SessionPerRequestLauncher.java:63)
	at com.intellij.junit5.JUnit5IdeaTestRunner.startRunnerWithArgs(JUnit5IdeaTestRunner.java:66)
	at com.intellij.rt.junit.IdeaTestRunner$Repeater$1.execute(IdeaTestRunner.java:38)
	at com.intellij.rt.execution.junit.TestsRepeater.repeat(TestsRepeater.java:11)
	at com.intellij.rt.junit.IdeaTestRunner$Repeater.startRunnerWithArgs(IdeaTestRunner.java:35)
	at com.intellij.rt.junit.JUnitStarter.prepareStreamsAndStart(JUnitStarter.java:231)
	at com.intellij.rt.junit.JUnitStarter.main(JUnitStarter.java:55)
2026-04-19 10:49:25.343 [main] DEBUG c.appointmentscheduler.application.AuditLogService - Audit: CANCEL | Pat | Appointment can-email-fail | entity=can-email-fail
2026-04-19 10:49:25.349 [main] DEBUG c.appointmentscheduler.application.AuditLogService - Audit: CANCEL | Pat | Appointment c3245b51-402d-4bdf-81be-9b3f86f2523d | entity=c3245b51-402d-4bdf-81be-9b3f86f2523d
2026-04-19 10:49:25.358 [main] DEBUG c.appointmentscheduler.application.AuditLogService - Audit: COMPLETE | A | Appointment ex marked COMPLETED | entity=ex
2026-04-19 10:49:25.360 [main] DEBUG c.appointmentscheduler.application.AuditLogService - Audit: COMPLETE | R | Appointment r1 marked COMPLETED | entity=r1
2026-04-19 10:49:25.371 [main] DEBUG c.appointmentscheduler.application.AuditLogService - Audit: COMPLETE | A | Appointment fixed-id marked COMPLETED | entity=fixed-id
2026-04-19 10:49:25.378 [main] WARN  c.appointmentscheduler.application.BookingService - Reschedule notification email failed for appointment mid-email-fail; changes remain saved.
java.lang.RuntimeException: smtp modify failed
	at com.appointmentscheduler/com.appointmentscheduler.application.BookingService.sendAppointmentModifiedEmail(BookingService.java:195)
	at com.appointmentscheduler/com.appointmentscheduler.application.BookingService.modifyAppointment(BookingService.java:287)
	at com.appointmentscheduler/com.appointmentscheduler.application.BookingServiceTest$Modify.modify_emailExceptionDoesNotRollback(BookingServiceTest.java:557)
	at java.base/jdk.internal.reflect.DirectMethodHandleAccessor.invoke(DirectMethodHandleAccessor.java:104)
	at java.base/java.lang.reflect.Method.invoke(Method.java:565)
	at org.junit.platform.commons.util.ReflectionUtils.invokeMethod(ReflectionUtils.java:728)
	at org.junit.jupiter.engine.execution.MethodInvocation.proceed(MethodInvocation.java:60)
	at org.junit.jupiter.engine.execution.InvocationInterceptorChain$ValidatingInvocation.proceed(InvocationInterceptorChain.java:131)
	at org.junit.jupiter.engine.extension.TimeoutExtension.intercept(TimeoutExtension.java:156)
	at org.junit.jupiter.engine.extension.TimeoutExtension.interceptTestableMethod(TimeoutExtension.java:147)
	at org.junit.jupiter.engine.extension.TimeoutExtension.interceptTestMethod(TimeoutExtension.java:86)
	at org.junit.jupiter.engine.execution.InterceptingExecutableInvoker$ReflectiveInterceptorCall.lambda$ofVoidMethod$0(InterceptingExecutableInvoker.java:103)
	at org.junit.jupiter.engine.execution.InterceptingExecutableInvoker.lambda$invoke$0(InterceptingExecutableInvoker.java:93)
	at org.junit.jupiter.engine.execution.InvocationInterceptorChain$InterceptedInvocation.proceed(InvocationInterceptorChain.java:106)
	at org.junit.jupiter.engine.execution.InvocationInterceptorChain.proceed(InvocationInterceptorChain.java:64)
	at org.junit.jupiter.engine.execution.InvocationInterceptorChain.chainAndInvoke(InvocationInterceptorChain.java:45)
	at org.junit.jupiter.engine.execution.InvocationInterceptorChain.invoke(InvocationInterceptorChain.java:37)
	at org.junit.jupiter.engine.execution.InterceptingExecutableInvoker.invoke(InterceptingExecutableInvoker.java:92)
	at org.junit.jupiter.engine.execution.InterceptingExecutableInvoker.invoke(InterceptingExecutableInvoker.java:86)
	at org.junit.jupiter.engine.descriptor.TestMethodTestDescriptor.lambda$invokeTestMethod$7(TestMethodTestDescriptor.java:218)
	at org.junit.platform.engine.support.hierarchical.ThrowableCollector.execute(ThrowableCollector.java:73)
	at org.junit.jupiter.engine.descriptor.TestMethodTestDescriptor.invokeTestMethod(TestMethodTestDescriptor.java:214)
	at org.junit.jupiter.engine.descriptor.TestMethodTestDescriptor.execute(TestMethodTestDescriptor.java:139)
	at org.junit.jupiter.engine.descriptor.TestMethodTestDescriptor.execute(TestMethodTestDescriptor.java:69)
	at org.junit.platform.engine.support.hierarchical.NodeTestTask.lambda$executeRecursively$6(NodeTestTask.java:151)
	at org.junit.platform.engine.support.hierarchical.ThrowableCollector.execute(ThrowableCollector.java:73)
	at org.junit.platform.engine.support.hierarchical.NodeTestTask.lambda$executeRecursively$8(NodeTestTask.java:141)
	at org.junit.platform.engine.support.hierarchical.Node.around(Node.java:137)
	at org.junit.platform.engine.support.hierarchical.NodeTestTask.lambda$executeRecursively$9(NodeTestTask.java:139)
	at org.junit.platform.engine.support.hierarchical.ThrowableCollector.execute(ThrowableCollector.java:73)
	at org.junit.platform.engine.support.hierarchical.NodeTestTask.executeRecursively(NodeTestTask.java:138)
	at org.junit.platform.engine.support.hierarchical.NodeTestTask.execute(NodeTestTask.java:95)
	at java.base/java.util.ArrayList.forEach(ArrayList.java:1604)
	at org.junit.platform.engine.support.hierarchical.SameThreadHierarchicalTestExecutorService.invokeAll(SameThreadHierarchicalTestExecutorService.java:41)
	at org.junit.platform.engine.support.hierarchical.NodeTestTask.lambda$executeRecursively$6(NodeTestTask.java:155)
	at org.junit.platform.engine.support.hierarchical.ThrowableCollector.execute(ThrowableCollector.java:73)
	at org.junit.platform.engine.support.hierarchical.NodeTestTask.lambda$executeRecursively$8(NodeTestTask.java:141)
	at org.junit.platform.engine.support.hierarchical.Node.around(Node.java:137)
	at org.junit.platform.engine.support.hierarchical.NodeTestTask.lambda$executeRecursively$9(NodeTestTask.java:139)
	at org.junit.platform.engine.support.hierarchical.ThrowableCollector.execute(ThrowableCollector.java:73)
	at org.junit.platform.engine.support.hierarchical.NodeTestTask.executeRecursively(NodeTestTask.java:138)
	at org.junit.platform.engine.support.hierarchical.NodeTestTask.execute(NodeTestTask.java:95)
	at java.base/java.util.ArrayList.forEach(ArrayList.java:1604)
	at org.junit.platform.engine.support.hierarchical.SameThreadHierarchicalTestExecutorService.invokeAll(SameThreadHierarchicalTestExecutorService.java:41)
	at org.junit.platform.engine.support.hierarchical.NodeTestTask.lambda$executeRecursively$6(NodeTestTask.java:155)
	at org.junit.platform.engine.support.hierarchical.ThrowableCollector.execute(ThrowableCollector.java:73)
	at org.junit.platform.engine.support.hierarchical.NodeTestTask.lambda$executeRecursively$8(NodeTestTask.java:141)
	at org.junit.platform.engine.support.hierarchical.Node.around(Node.java:137)
	at org.junit.platform.engine.support.hierarchical.NodeTestTask.lambda$executeRecursively$9(NodeTestTask.java:139)
	at org.junit.platform.engine.support.hierarchical.ThrowableCollector.execute(ThrowableCollector.java:73)
	at org.junit.platform.engine.support.hierarchical.NodeTestTask.executeRecursively(NodeTestTask.java:138)
	at org.junit.platform.engine.support.hierarchical.NodeTestTask.execute(NodeTestTask.java:95)
	at java.base/java.util.ArrayList.forEach(ArrayList.java:1604)
	at org.junit.platform.engine.support.hierarchical.SameThreadHierarchicalTestExecutorService.invokeAll(SameThreadHierarchicalTestExecutorService.java:41)
	at org.junit.platform.engine.support.hierarchical.NodeTestTask.lambda$executeRecursively$6(NodeTestTask.java:155)
	at org.junit.platform.engine.support.hierarchical.ThrowableCollector.execute(ThrowableCollector.java:73)
	at org.junit.platform.engine.support.hierarchical.NodeTestTask.lambda$executeRecursively$8(NodeTestTask.java:141)
	at org.junit.platform.engine.support.hierarchical.Node.around(Node.java:137)
	at org.junit.platform.engine.support.hierarchical.NodeTestTask.lambda$executeRecursively$9(NodeTestTask.java:139)
	at org.junit.platform.engine.support.hierarchical.ThrowableCollector.execute(ThrowableCollector.java:73)
	at org.junit.platform.engine.support.hierarchical.NodeTestTask.executeRecursively(NodeTestTask.java:138)
	at org.junit.platform.engine.support.hierarchical.NodeTestTask.execute(NodeTestTask.java:95)
	at org.junit.platform.engine.support.hierarchical.SameThreadHierarchicalTestExecutorService.submit(SameThreadHierarchicalTestExecutorService.java:35)
	at org.junit.platform.engine.support.hierarchical.HierarchicalTestExecutor.execute(HierarchicalTestExecutor.java:57)
	at org.junit.platform.engine.support.hierarchical.HierarchicalTestEngine.execute(HierarchicalTestEngine.java:54)
	at org.junit.platform.launcher.core.EngineExecutionOrchestrator.execute(EngineExecutionOrchestrator.java:198)
	at org.junit.platform.launcher.core.EngineExecutionOrchestrator.execute(EngineExecutionOrchestrator.java:169)
	at org.junit.platform.launcher.core.EngineExecutionOrchestrator.execute(EngineExecutionOrchestrator.java:93)
	at org.junit.platform.launcher.core.EngineExecutionOrchestrator.lambda$execute$0(EngineExecutionOrchestrator.java:58)
	at org.junit.platform.launcher.core.EngineExecutionOrchestrator.withInterceptedStreams(EngineExecutionOrchestrator.java:141)
	at org.junit.platform.launcher.core.EngineExecutionOrchestrator.execute(EngineExecutionOrchestrator.java:57)
	at org.junit.platform.launcher.core.DefaultLauncher.execute(DefaultLauncher.java:103)
	at org.junit.platform.launcher.core.DefaultLauncher.execute(DefaultLauncher.java:85)
	at org.junit.platform.launcher.core.DelegatingLauncher.execute(DelegatingLauncher.java:47)
	at org.junit.platform.launcher.core.SessionPerRequestLauncher.execute(SessionPerRequestLauncher.java:63)
	at com.intellij.junit5.JUnit5IdeaTestRunner.startRunnerWithArgs(JUnit5IdeaTestRunner.java:66)
	at com.intellij.rt.junit.IdeaTestRunner$Repeater$1.execute(IdeaTestRunner.java:38)
	at com.intellij.rt.execution.junit.TestsRepeater.repeat(TestsRepeater.java:11)
	at com.intellij.rt.junit.IdeaTestRunner$Repeater.startRunnerWithArgs(IdeaTestRunner.java:35)
	at com.intellij.rt.junit.JUnitStarter.prepareStreamsAndStart(JUnitStarter.java:231)
	at com.intellij.rt.junit.JUnitStarter.main(JUnitStarter.java:55)
2026-04-19 10:49:25.379 [main] DEBUG c.appointmentscheduler.application.AuditLogService - Audit: MODIFY | Pat | Appointment mid-email-fail to 2026-04-25T10:00 to 2026-04-25T11:00 | entity=mid-email-fail
2026-04-19 10:49:25.381 [main] DEBUG c.appointmentscheduler.application.AuditLogService - Audit: MODIFY | Pat | Appointment mid to 2026-04-23T10:00 to 2026-04-23T11:00 | entity=mid
2026-04-19 10:49:25.384 [main] DEBUG c.appointmentscheduler.application.AuditLogService - Audit: MODIFY | Pat | Appointment mod to 2026-04-24T10:00 to 2026-04-24T11:00 | entity=mod
2026-04-19 10:49:25.388 [main] DEBUG c.appointmentscheduler.application.AuditLogService - Audit: MODIFY | Pat | Appointment ev to 2026-04-24T10:00 to 2026-04-24T11:00 | entity=ev
2026-04-19 10:49:25.400 [main] DEBUG c.appointmentscheduler.application.AuditLogService - Audit: MODIFY | A | Appointment adm to 2026-04-24T10:00 to 2026-04-24T11:00 | entity=adm
2026-04-19 10:49:25.793 [main] DEBUG c.a.domain.notifiers.SMSNotification - SMS reminder (stub): userId=1, messageLength=3
2026-04-19 10:49:25.794 [main] DEBUG c.a.domain.notifiers.SMSNotification - SMS reminder (stub): userId=2, messageLength=0
2026-04-19 10:49:25.795 [main] WARN  c.a.domain.notifiers.SMSNotification - SMS reminder skipped: user is null
2026-04-19 10:49:25.840 [main] WARN  c.appointmentscheduler.presentation.ErrorHandler - warn msg
2026-04-19 10:49:25.842 [JavaFX Application Thread] ERROR c.appointmentscheduler.presentation.ErrorHandler - msg with cause
java.lang.IllegalStateException: x
	at com.appointmentscheduler/com.appointmentscheduler.presentation.ErrorHandlerTest.lambda$2(ErrorHandlerTest.java:56)
	at javafx.graphics/com.sun.javafx.application.PlatformImpl.lambda$runLater$10(PlatformImpl.java:457)
	at java.base/java.security.AccessController.doPrivileged(AccessController.java:138)
	at javafx.graphics/com.sun.javafx.application.PlatformImpl.lambda$runLater$11(PlatformImpl.java:456)
	at javafx.graphics/com.sun.glass.ui.InvokeLaterDispatcher$Future.run$$$capture(InvokeLaterDispatcher.java:96)
	at javafx.graphics/com.sun.glass.ui.InvokeLaterDispatcher$Future.run(InvokeLaterDispatcher.java)
	at javafx.graphics/com.sun.glass.ui.win.WinApplication._enterNestedEventLoopImpl(Native Method)
	at javafx.graphics/com.sun.glass.ui.win.WinApplication._enterNestedEventLoop(WinApplication.java:211)
	at javafx.graphics/com.sun.glass.ui.Application.enterNestedEventLoop(Application.java:515)
	at javafx.graphics/com.sun.glass.ui.EventLoop.enter(EventLoop.java:107)
	at javafx.graphics/com.sun.javafx.tk.quantum.QuantumToolkit.enterNestedEventLoop(QuantumToolkit.java:647)
	at javafx.graphics/javafx.stage.Stage.showAndWait(Stage.java:469)
	at javafx.controls/javafx.scene.control.HeavyweightDialog.showAndWait(HeavyweightDialog.java:162)
	at javafx.controls/javafx.scene.control.Dialog.showAndWait(Unknown Source)
	at com.appointmentscheduler/com.appointmentscheduler.presentation.MainApp.showDatabaseNotConnectedWarning(MainApp.java:450)
	at com.appointmentscheduler/com.appointmentscheduler.presentation.MainApp.lambda$6(MainApp.java:256)
	at javafx.graphics/com.sun.javafx.application.PlatformImpl.lambda$runLater$10(PlatformImpl.java:457)
	at java.base/java.security.AccessController.doPrivileged(AccessController.java:138)
	at javafx.graphics/com.sun.javafx.application.PlatformImpl.lambda$runLater$11(PlatformImpl.java:456)
	at javafx.graphics/com.sun.glass.ui.InvokeLaterDispatcher$Future.run$$$capture(InvokeLaterDispatcher.java:96)
	at javafx.graphics/com.sun.glass.ui.InvokeLaterDispatcher$Future.run(InvokeLaterDispatcher.java)
	at javafx.graphics/com.sun.glass.ui.win.WinApplication._enterNestedEventLoopImpl(Native Method)
	at javafx.graphics/com.sun.glass.ui.win.WinApplication._enterNestedEventLoop(WinApplication.java:211)
	at javafx.graphics/com.sun.glass.ui.Application.enterNestedEventLoop(Application.java:515)
	at javafx.graphics/com.sun.glass.ui.EventLoop.enter(EventLoop.java:107)
	at javafx.graphics/com.sun.javafx.tk.quantum.QuantumToolkit.enterNestedEventLoop(QuantumToolkit.java:647)
	at javafx.graphics/javafx.stage.Stage.showAndWait(Stage.java:469)
	at javafx.controls/javafx.scene.control.HeavyweightDialog.showAndWait(HeavyweightDialog.java:162)
	at javafx.controls/javafx.scene.control.Dialog.showAndWait(Unknown Source)
	at com.appointmentscheduler/com.appointmentscheduler.presentation.ErrorHandler.showErrorOnFxThread(ErrorHandler.java:48)
	at com.appointmentscheduler/com.appointmentscheduler.presentation.ErrorHandler.lambda$0(ErrorHandler.java:34)
	at javafx.graphics/com.sun.javafx.application.PlatformImpl.lambda$runLater$10(PlatformImpl.java:457)
	at java.base/java.security.AccessController.doPrivileged(AccessController.java:138)
	at javafx.graphics/com.sun.javafx.application.PlatformImpl.lambda$runLater$11(PlatformImpl.java:456)
	at javafx.graphics/com.sun.glass.ui.InvokeLaterDispatcher$Future.run$$$capture(InvokeLaterDispatcher.java:96)
	at javafx.graphics/com.sun.glass.ui.InvokeLaterDispatcher$Future.run(InvokeLaterDispatcher.java)
	at javafx.graphics/com.sun.glass.ui.win.WinApplication._enterNestedEventLoopImpl(Native Method)
	at javafx.graphics/com.sun.glass.ui.win.WinApplication._enterNestedEventLoop(WinApplication.java:211)
	at javafx.graphics/com.sun.glass.ui.Application.enterNestedEventLoop(Application.java:515)
	at javafx.graphics/com.sun.glass.ui.EventLoop.enter(EventLoop.java:107)
	at javafx.graphics/com.sun.javafx.tk.quantum.QuantumToolkit.enterNestedEventLoop(QuantumToolkit.java:647)
	at javafx.graphics/javafx.stage.Stage.showAndWait(Stage.java:469)
	at javafx.controls/javafx.scene.control.HeavyweightDialog.showAndWait(HeavyweightDialog.java:162)
	at javafx.controls/javafx.scene.control.Dialog.showAndWait(Unknown Source)
	at com.appointmentscheduler/com.appointmentscheduler.presentation.ErrorHandler.showErrorOnFxThread(ErrorHandler.java:48)
	at com.appointmentscheduler/com.appointmentscheduler.presentation.ErrorHandler.lambda$0(ErrorHandler.java:34)
	at javafx.graphics/com.sun.javafx.application.PlatformImpl.lambda$runLater$10(PlatformImpl.java:457)
	at java.base/java.security.AccessController.doPrivileged(AccessController.java:138)
	at javafx.graphics/com.sun.javafx.application.PlatformImpl.lambda$runLater$11(PlatformImpl.java:456)
	at javafx.graphics/com.sun.glass.ui.InvokeLaterDispatcher$Future.run$$$capture(InvokeLaterDispatcher.java:96)
	at javafx.graphics/com.sun.glass.ui.InvokeLaterDispatcher$Future.run(InvokeLaterDispatcher.java)
	at javafx.graphics/com.sun.glass.ui.win.WinApplication._enterNestedEventLoopImpl(Native Method)
	at javafx.graphics/com.sun.glass.ui.win.WinApplication._enterNestedEventLoop(WinApplication.java:211)
	at javafx.graphics/com.sun.glass.ui.Application.enterNestedEventLoop(Application.java:515)
	at javafx.graphics/com.sun.glass.ui.EventLoop.enter(EventLoop.java:107)
	at javafx.graphics/com.sun.javafx.tk.quantum.QuantumToolkit.enterNestedEventLoop(QuantumToolkit.java:647)
	at javafx.graphics/javafx.stage.Stage.showAndWait(Stage.java:469)
	at javafx.controls/javafx.scene.control.HeavyweightDialog.showAndWait(HeavyweightDialog.java:162)
	at javafx.controls/javafx.scene.control.Dialog.showAndWait(Unknown Source)
	at com.appointmentscheduler/com.appointmentscheduler.presentation.ErrorHandler.showErrorOnFxThread(ErrorHandler.java:48)
	at com.appointmentscheduler/com.appointmentscheduler.presentation.ErrorHandler.lambda$0(ErrorHandler.java:34)
	at javafx.graphics/com.sun.javafx.application.PlatformImpl.lambda$runLater$10(PlatformImpl.java:457)
	at java.base/java.security.AccessController.doPrivileged(AccessController.java:138)
	at javafx.graphics/com.sun.javafx.application.PlatformImpl.lambda$runLater$11(PlatformImpl.java:456)
	at javafx.graphics/com.sun.glass.ui.InvokeLaterDispatcher$Future.run$$$capture(InvokeLaterDispatcher.java:96)
	at javafx.graphics/com.sun.glass.ui.InvokeLaterDispatcher$Future.run(InvokeLaterDispatcher.java)
	at javafx.graphics/com.sun.glass.ui.win.WinApplication._enterNestedEventLoopImpl(Native Method)
	at javafx.graphics/com.sun.glass.ui.win.WinApplication._enterNestedEventLoop(WinApplication.java:211)
	at javafx.graphics/com.sun.glass.ui.Application.enterNestedEventLoop(Application.java:515)
	at javafx.graphics/com.sun.glass.ui.EventLoop.enter(EventLoop.java:107)
	at javafx.graphics/com.sun.javafx.tk.quantum.QuantumToolkit.enterNestedEventLoop(QuantumToolkit.java:647)
	at javafx.graphics/javafx.stage.Stage.showAndWait(Stage.java:469)
	at javafx.controls/javafx.scene.control.HeavyweightDialog.showAndWait(HeavyweightDialog.java:162)
	at javafx.controls/javafx.scene.control.Dialog.showAndWait(Unknown Source)
	at com.appointmentscheduler/com.appointmentscheduler.presentation.ErrorHandler.showErrorOnFxThread(ErrorHandler.java:48)
	at com.appointmentscheduler/com.appointmentscheduler.presentation.ErrorHandler.lambda$0(ErrorHandler.java:34)
	at javafx.graphics/com.sun.javafx.application.PlatformImpl.lambda$runLater$10(PlatformImpl.java:457)
	at java.base/java.security.AccessController.doPrivileged(AccessController.java:138)
	at javafx.graphics/com.sun.javafx.application.PlatformImpl.lambda$runLater$11(PlatformImpl.java:456)
	at javafx.graphics/com.sun.glass.ui.InvokeLaterDispatcher$Future.run$$$capture(InvokeLaterDispatcher.java:96)
	at javafx.graphics/com.sun.glass.ui.InvokeLaterDispatcher$Future.run(InvokeLaterDispatcher.java)
	at javafx.graphics/com.sun.glass.ui.win.WinApplication._enterNestedEventLoopImpl(Native Method)
	at javafx.graphics/com.sun.glass.ui.win.WinApplication._enterNestedEventLoop(WinApplication.java:211)
	at javafx.graphics/com.sun.glass.ui.Application.enterNestedEventLoop(Application.java:515)
	at javafx.graphics/com.sun.glass.ui.EventLoop.enter(EventLoop.java:107)
	at javafx.graphics/com.sun.javafx.tk.quantum.QuantumToolkit.enterNestedEventLoop(QuantumToolkit.java:647)
	at javafx.graphics/javafx.stage.Stage.showAndWait(Stage.java:469)
	at javafx.controls/javafx.scene.control.HeavyweightDialog.showAndWait(HeavyweightDialog.java:162)
	at javafx.controls/javafx.scene.control.Dialog.showAndWait(Unknown Source)
	at com.appointmentscheduler/com.appointmentscheduler.presentation.ErrorHandler.showErrorOnFxThread(ErrorHandler.java:48)
	at com.appointmentscheduler/com.appointmentscheduler.presentation.ErrorHandler.lambda$0(ErrorHandler.java:34)
	at javafx.graphics/com.sun.javafx.application.PlatformImpl.lambda$runLater$10(PlatformImpl.java:457)
	at java.base/java.security.AccessController.doPrivileged(AccessController.java:138)
	at javafx.graphics/com.sun.javafx.application.PlatformImpl.lambda$runLater$11(PlatformImpl.java:456)
	at javafx.graphics/com.sun.glass.ui.InvokeLaterDispatcher$Future.run$$$capture(InvokeLaterDispatcher.java:96)
	at javafx.graphics/com.sun.glass.ui.InvokeLaterDispatcher$Future.run(InvokeLaterDispatcher.java)
	at javafx.graphics/com.sun.glass.ui.win.WinApplication._enterNestedEventLoopImpl(Native Method)
	at javafx.graphics/com.sun.glass.ui.win.WinApplication._enterNestedEventLoop(WinApplication.java:211)
	at javafx.graphics/com.sun.glass.ui.Application.enterNestedEventLoop(Application.java:515)
	at javafx.graphics/com.sun.glass.ui.EventLoop.enter(EventLoop.java:107)
	at javafx.graphics/com.sun.javafx.tk.quantum.QuantumToolkit.enterNestedEventLoop(QuantumToolkit.java:647)
	at javafx.graphics/javafx.stage.Stage.showAndWait(Stage.java:469)
	at javafx.controls/javafx.scene.control.HeavyweightDialog.showAndWait(HeavyweightDialog.java:162)
	at javafx.controls/javafx.scene.control.Dialog.showAndWait(Unknown Source)
	at com.appointmentscheduler/com.appointmentscheduler.presentation.ErrorHandler.showErrorOnFxThread(ErrorHandler.java:48)
	at com.appointmentscheduler/com.appointmentscheduler.presentation.ErrorHandler.lambda$0(ErrorHandler.java:34)
	at javafx.graphics/com.sun.javafx.application.PlatformImpl.lambda$runLater$10(PlatformImpl.java:457)
	at java.base/java.security.AccessController.doPrivileged(AccessController.java:138)
	at javafx.graphics/com.sun.javafx.application.PlatformImpl.lambda$runLater$11(PlatformImpl.java:456)
	at javafx.graphics/com.sun.glass.ui.InvokeLaterDispatcher$Future.run$$$capture(InvokeLaterDispatcher.java:96)
	at javafx.graphics/com.sun.glass.ui.InvokeLaterDispatcher$Future.run(InvokeLaterDispatcher.java)
	at javafx.graphics/com.sun.glass.ui.win.WinApplication._enterNestedEventLoopImpl(Native Method)
	at javafx.graphics/com.sun.glass.ui.win.WinApplication._enterNestedEventLoop(WinApplication.java:211)
	at javafx.graphics/com.sun.glass.ui.Application.enterNestedEventLoop(Application.java:515)
	at javafx.graphics/com.sun.glass.ui.EventLoop.enter(EventLoop.java:107)
	at javafx.graphics/com.sun.javafx.tk.quantum.QuantumToolkit.enterNestedEventLoop(QuantumToolkit.java:647)
	at javafx.graphics/javafx.stage.Stage.showAndWait(Stage.java:469)
	at javafx.controls/javafx.scene.control.HeavyweightDialog.showAndWait(HeavyweightDialog.java:162)
	at javafx.controls/javafx.scene.control.Dialog.showAndWait(Unknown Source)
	at com.appointmentscheduler/com.appointmentscheduler.presentation.ErrorHandler.showErrorOnFxThread(ErrorHandler.java:48)
	at com.appointmentscheduler/com.appointmentscheduler.presentation.ErrorHandler.lambda$0(ErrorHandler.java:34)
	at javafx.graphics/com.sun.javafx.application.PlatformImpl.lambda$runLater$10(PlatformImpl.java:457)
	at java.base/java.security.AccessController.doPrivileged(AccessController.java:138)
	at javafx.graphics/com.sun.javafx.application.PlatformImpl.lambda$runLater$11(PlatformImpl.java:456)
	at javafx.graphics/com.sun.glass.ui.InvokeLaterDispatcher$Future.run$$$capture(InvokeLaterDispatcher.java:96)
	at javafx.graphics/com.sun.glass.ui.InvokeLaterDispatcher$Future.run(InvokeLaterDispatcher.java)
	at javafx.graphics/com.sun.glass.ui.win.WinApplication._enterNestedEventLoopImpl(Native Method)
	at javafx.graphics/com.sun.glass.ui.win.WinApplication._enterNestedEventLoop(WinApplication.java:211)
	at javafx.graphics/com.sun.glass.ui.Application.enterNestedEventLoop(Application.java:515)
	at javafx.graphics/com.sun.glass.ui.EventLoop.enter(EventLoop.java:107)
	at javafx.graphics/com.sun.javafx.tk.quantum.QuantumToolkit.enterNestedEventLoop(QuantumToolkit.java:647)
	at javafx.graphics/javafx.stage.Stage.showAndWait(Stage.java:469)
	at javafx.controls/javafx.scene.control.HeavyweightDialog.showAndWait(HeavyweightDialog.java:162)
	at javafx.controls/javafx.scene.control.Dialog.showAndWait(Unknown Source)
	at com.appointmentscheduler/com.appointmentscheduler.presentation.ErrorHandler.showErrorOnFxThread(ErrorHandler.java:48)
	at com.appointmentscheduler/com.appointmentscheduler.presentation.ErrorHandler.lambda$0(ErrorHandler.java:34)
	at javafx.graphics/com.sun.javafx.application.PlatformImpl.lambda$runLater$10(PlatformImpl.java:457)
	at java.base/java.security.AccessController.doPrivileged(AccessController.java:138)
	at javafx.graphics/com.sun.javafx.application.PlatformImpl.lambda$runLater$11(PlatformImpl.java:456)
	at javafx.graphics/com.sun.glass.ui.InvokeLaterDispatcher$Future.run$$$capture(InvokeLaterDispatcher.java:96)
	at javafx.graphics/com.sun.glass.ui.InvokeLaterDispatcher$Future.run(InvokeLaterDispatcher.java)
	at javafx.graphics/com.sun.glass.ui.win.WinApplication._enterNestedEventLoopImpl(Native Method)
	at javafx.graphics/com.sun.glass.ui.win.WinApplication._enterNestedEventLoop(WinApplication.java:211)
	at javafx.graphics/com.sun.glass.ui.Application.enterNestedEventLoop(Application.java:515)
	at javafx.graphics/com.sun.glass.ui.EventLoop.enter(EventLoop.java:107)
	at javafx.graphics/com.sun.javafx.tk.quantum.QuantumToolkit.enterNestedEventLoop(QuantumToolkit.java:647)
	at javafx.graphics/javafx.stage.Stage.showAndWait(Stage.java:469)
	at javafx.controls/javafx.scene.control.HeavyweightDialog.showAndWait(HeavyweightDialog.java:162)
	at javafx.controls/javafx.scene.control.Dialog.showAndWait(Unknown Source)
	at com.appointmentscheduler/com.appointmentscheduler.presentation.ErrorHandler.showErrorOnFxThread(ErrorHandler.java:48)
	at com.appointmentscheduler/com.appointmentscheduler.presentation.ErrorHandler.lambda$0(ErrorHandler.java:34)
	at javafx.graphics/com.sun.javafx.application.PlatformImpl.lambda$runLater$10(PlatformImpl.java:457)
	at java.base/java.security.AccessController.doPrivileged(AccessController.java:138)
	at javafx.graphics/com.sun.javafx.application.PlatformImpl.lambda$runLater$11(PlatformImpl.java:456)
	at javafx.graphics/com.sun.glass.ui.InvokeLaterDispatcher$Future.run$$$capture(InvokeLaterDispatcher.java:96)
	at javafx.graphics/com.sun.glass.ui.InvokeLaterDispatcher$Future.run(InvokeLaterDispatcher.java)
	at javafx.graphics/com.sun.glass.ui.win.WinApplication._runLoop(Native Method)
	at javafx.graphics/com.sun.glass.ui.win.WinApplication.lambda$runLoop$3(WinApplication.java:184)
	at java.base/java.lang.Thread.run(Thread.java:1474)
2026-04-19 10:49:25.844 [JavaFX Application Thread] ERROR c.appointmentscheduler.presentation.ErrorHandler - msg no cause
2026-04-19 10:49:25.848 [main] WARN  c.appointmentscheduler.presentation.ErrorHandler - warn msg
java.io.IOException: boom
	at com.appointmentscheduler/com.appointmentscheduler.presentation.ErrorHandlerTest.lambda$1(ErrorHandlerTest.java:48)
	at org.assertj.core.api.ThrowableAssert.catchThrowable(ThrowableAssert.java:63)
	at org.assertj.core.api.AssertionsForClassTypes.catchThrowable(AssertionsForClassTypes.java:892)
	at org.assertj.core.api.AssertionsForClassTypes.assertThatCode(AssertionsForClassTypes.java:863)
	at org.assertj.core.api.Assertions.assertThatCode(Assertions.java:1287)
	at com.appointmentscheduler/com.appointmentscheduler.presentation.ErrorHandlerTest.logWarning_withThrowable_doesNotThrow(ErrorHandlerTest.java:48)
	at java.base/jdk.internal.reflect.DirectMethodHandleAccessor.invoke(DirectMethodHandleAccessor.java:104)
	at java.base/java.lang.reflect.Method.invoke(Method.java:565)
	at org.junit.platform.commons.util.ReflectionUtils.invokeMethod(ReflectionUtils.java:728)
	at org.junit.jupiter.engine.execution.MethodInvocation.proceed(MethodInvocation.java:60)
	at org.junit.jupiter.engine.execution.InvocationInterceptorChain$ValidatingInvocation.proceed(InvocationInterceptorChain.java:131)
	at org.junit.jupiter.engine.extension.TimeoutExtension.intercept(TimeoutExtension.java:156)
	at org.junit.jupiter.engine.extension.TimeoutExtension.interceptTestableMethod(TimeoutExtension.java:147)
	at org.junit.jupiter.engine.extension.TimeoutExtension.interceptTestMethod(TimeoutExtension.java:86)
	at org.junit.jupiter.engine.execution.InterceptingExecutableInvoker$ReflectiveInterceptorCall.lambda$ofVoidMethod$0(InterceptingExecutableInvoker.java:103)
	at org.junit.jupiter.engine.execution.InterceptingExecutableInvoker.lambda$invoke$0(InterceptingExecutableInvoker.java:93)
	at org.junit.jupiter.engine.execution.InvocationInterceptorChain$InterceptedInvocation.proceed(InvocationInterceptorChain.java:106)
	at org.junit.jupiter.engine.execution.InvocationInterceptorChain.proceed(InvocationInterceptorChain.java:64)
	at org.junit.jupiter.engine.execution.InvocationInterceptorChain.chainAndInvoke(InvocationInterceptorChain.java:45)
	at org.junit.jupiter.engine.execution.InvocationInterceptorChain.invoke(InvocationInterceptorChain.java:37)
	at org.junit.jupiter.engine.execution.InterceptingExecutableInvoker.invoke(InterceptingExecutableInvoker.java:92)
	at org.junit.jupiter.engine.execution.InterceptingExecutableInvoker.invoke(InterceptingExecutableInvoker.java:86)
	at org.junit.jupiter.engine.descriptor.TestMethodTestDescriptor.lambda$invokeTestMethod$7(TestMethodTestDescriptor.java:218)
	at org.junit.platform.engine.support.hierarchical.ThrowableCollector.execute(ThrowableCollector.java:73)
	at org.junit.jupiter.engine.descriptor.TestMethodTestDescriptor.invokeTestMethod(TestMethodTestDescriptor.java:214)
	at org.junit.jupiter.engine.descriptor.TestMethodTestDescriptor.execute(TestMethodTestDescriptor.java:139)
	at org.junit.jupiter.engine.descriptor.TestMethodTestDescriptor.execute(TestMethodTestDescriptor.java:69)
	at org.junit.platform.engine.support.hierarchical.NodeTestTask.lambda$executeRecursively$6(NodeTestTask.java:151)
	at org.junit.platform.engine.support.hierarchical.ThrowableCollector.execute(ThrowableCollector.java:73)
	at org.junit.platform.engine.support.hierarchical.NodeTestTask.lambda$executeRecursively$8(NodeTestTask.java:141)
	at org.junit.platform.engine.support.hierarchical.Node.around(Node.java:137)
	at org.junit.platform.engine.support.hierarchical.NodeTestTask.lambda$executeRecursively$9(NodeTestTask.java:139)
	at org.junit.platform.engine.support.hierarchical.ThrowableCollector.execute(ThrowableCollector.java:73)
	at org.junit.platform.engine.support.hierarchical.NodeTestTask.executeRecursively(NodeTestTask.java:138)
	at org.junit.platform.engine.support.hierarchical.NodeTestTask.execute(NodeTestTask.java:95)
	at java.base/java.util.ArrayList.forEach(ArrayList.java:1604)
	at org.junit.platform.engine.support.hierarchical.SameThreadHierarchicalTestExecutorService.invokeAll(SameThreadHierarchicalTestExecutorService.java:41)
	at org.junit.platform.engine.support.hierarchical.NodeTestTask.lambda$executeRecursively$6(NodeTestTask.java:155)
	at org.junit.platform.engine.support.hierarchical.ThrowableCollector.execute(ThrowableCollector.java:73)
	at org.junit.platform.engine.support.hierarchical.NodeTestTask.lambda$executeRecursively$8(NodeTestTask.java:141)
	at org.junit.platform.engine.support.hierarchical.Node.around(Node.java:137)
	at org.junit.platform.engine.support.hierarchical.NodeTestTask.lambda$executeRecursively$9(NodeTestTask.java:139)
	at org.junit.platform.engine.support.hierarchical.ThrowableCollector.execute(ThrowableCollector.java:73)
	at org.junit.platform.engine.support.hierarchical.NodeTestTask.executeRecursively(NodeTestTask.java:138)
	at org.junit.platform.engine.support.hierarchical.NodeTestTask.execute(NodeTestTask.java:95)
	at java.base/java.util.ArrayList.forEach(ArrayList.java:1604)
	at org.junit.platform.engine.support.hierarchical.SameThreadHierarchicalTestExecutorService.invokeAll(SameThreadHierarchicalTestExecutorService.java:41)
	at org.junit.platform.engine.support.hierarchical.NodeTestTask.lambda$executeRecursively$6(NodeTestTask.java:155)
	at org.junit.platform.engine.support.hierarchical.ThrowableCollector.execute(ThrowableCollector.java:73)
	at org.junit.platform.engine.support.hierarchical.NodeTestTask.lambda$executeRecursively$8(NodeTestTask.java:141)
	at org.junit.platform.engine.support.hierarchical.Node.around(Node.java:137)
	at org.junit.platform.engine.support.hierarchical.NodeTestTask.lambda$executeRecursively$9(NodeTestTask.java:139)
	at org.junit.platform.engine.support.hierarchical.ThrowableCollector.execute(ThrowableCollector.java:73)
	at org.junit.platform.engine.support.hierarchical.NodeTestTask.executeRecursively(NodeTestTask.java:138)
	at org.junit.platform.engine.support.hierarchical.NodeTestTask.execute(NodeTestTask.java:95)
	at org.junit.platform.engine.support.hierarchical.SameThreadHierarchicalTestExecutorService.submit(SameThreadHierarchicalTestExecutorService.java:35)
	at org.junit.platform.engine.support.hierarchical.HierarchicalTestExecutor.execute(HierarchicalTestExecutor.java:57)
	at org.junit.platform.engine.support.hierarchical.HierarchicalTestEngine.execute(HierarchicalTestEngine.java:54)
	at org.junit.platform.launcher.core.EngineExecutionOrchestrator.execute(EngineExecutionOrchestrator.java:198)
	at org.junit.platform.launcher.core.EngineExecutionOrchestrator.execute(EngineExecutionOrchestrator.java:169)
	at org.junit.platform.launcher.core.EngineExecutionOrchestrator.execute(EngineExecutionOrchestrator.java:93)
	at org.junit.platform.launcher.core.EngineExecutionOrchestrator.lambda$execute$0(EngineExecutionOrchestrator.java:58)
	at org.junit.platform.launcher.core.EngineExecutionOrchestrator.withInterceptedStreams(EngineExecutionOrchestrator.java:141)
	at org.junit.platform.launcher.core.EngineExecutionOrchestrator.execute(EngineExecutionOrchestrator.java:57)
	at org.junit.platform.launcher.core.DefaultLauncher.execute(DefaultLauncher.java:103)
	at org.junit.platform.launcher.core.DefaultLauncher.execute(DefaultLauncher.java:85)
	at org.junit.platform.launcher.core.DelegatingLauncher.execute(DelegatingLauncher.java:47)
	at org.junit.platform.launcher.core.SessionPerRequestLauncher.execute(SessionPerRequestLauncher.java:63)
	at com.intellij.junit5.JUnit5IdeaTestRunner.startRunnerWithArgs(JUnit5IdeaTestRunner.java:66)
	at com.intellij.rt.junit.IdeaTestRunner$Repeater$1.execute(IdeaTestRunner.java:38)
	at com.intellij.rt.execution.junit.TestsRepeater.repeat(TestsRepeater.java:11)
	at com.intellij.rt.junit.IdeaTestRunner$Repeater.startRunnerWithArgs(IdeaTestRunner.java:35)
	at com.intellij.rt.junit.JUnitStarter.prepareStreamsAndStart(JUnitStarter.java:231)
	at com.intellij.rt.junit.JUnitStarter.main(JUnitStarter.java:55)
2026-04-19 10:49:30.543 [JavaFX Application Thread] INFO  com.appointmentscheduler.presentation.MainApp - Using database persistence (MySQL). User and appointment data will be saved.
2026-04-19 10:49:30.544 [JavaFX Application Thread] DEBUG c.a.application.AppointmentReminderService - Registered reminder channel: SMSNotification
2026-04-19 10:49:30.921 [JavaFX Application Thread] INFO  com.appointmentscheduler.presentation.MainApp - User admin@admin.com was User; converted to ADMINISTRATOR with default password (startup repair).
2026-04-19 10:49:30.921 [JavaFX Application Thread] INFO  com.appointmentscheduler.presentation.MainApp - Starting Appointment Booking System v3.0.0
2026-04-19 10:49:33.934 [JavaFX Application Thread] INFO  com.appointmentscheduler.presentation.MainApp - Using database persistence (MySQL). User and appointment data will be saved.
2026-04-19 10:49:33.934 [JavaFX Application Thread] DEBUG c.a.application.AppointmentReminderService - Registered reminder channel: SMSNotification
2026-04-19 10:49:34.328 [JavaFX Application Thread] INFO  com.appointmentscheduler.presentation.MainApp - Starting Appointment Booking System v3.0.0
2026-04-19 10:49:35.159 [JavaFX Application Thread] INFO  com.appointmentscheduler.presentation.MainApp - Using database persistence (MySQL). User and appointment data will be saved.
2026-04-19 10:49:35.159 [JavaFX Application Thread] DEBUG c.a.application.AppointmentReminderService - Registered reminder channel: SMSNotification
2026-04-19 10:49:35.553 [JavaFX Application Thread] INFO  com.appointmentscheduler.presentation.MainApp - Starting Appointment Booking System v3.0.0
2026-04-19 10:49:36.604 [main] DEBUG com.appointmentscheduler.application.AppConfig - Application configuration loaded
2026-04-19 10:49:36.604 [main] DEBUG com.appointmentscheduler.application.AppConfig - Merged application-local.properties
2026-04-19 10:49:36.606 [main] DEBUG com.appointmentscheduler.application.AppConfig - Application configuration loaded
2026-04-19 10:49:36.607 [main] DEBUG com.appointmentscheduler.application.AppConfig - Merged application-local.properties
2026-04-19 10:49:36.612 [main] DEBUG com.appointmentscheduler.application.AppConfig - Application configuration loaded
2026-04-19 10:49:36.612 [main] DEBUG com.appointmentscheduler.application.AppConfig - Merged application-local.properties
2026-04-19 10:49:36.623 [main] DEBUG c.appointmentscheduler.application.AuditLogService - Audit: ACT | System | details
2026-04-19 10:49:36.623 [main] DEBUG c.appointmentscheduler.application.AuditLogService - Audit: ACT2 | name | details2
2026-04-19 10:49:36.624 [main] DEBUG com.appointmentscheduler.application.AppConfig - Application configuration loaded
2026-04-19 10:49:36.624 [main] DEBUG com.appointmentscheduler.application.AppConfig - Merged application-local.properties
2026-04-19 10:49:36.629 [main] DEBUG com.appointmentscheduler.application.AppConfig - Application configuration loaded
2026-04-19 10:49:36.629 [main] DEBUG com.appointmentscheduler.application.AppConfig - Merged application-local.properties
2026-04-19 10:49:36.644 [main] DEBUG com.appointmentscheduler.application.AppConfig - Application configuration loaded
2026-04-19 10:49:36.644 [main] DEBUG com.appointmentscheduler.application.AppConfig - Merged application-local.properties
2026-04-19 10:49:36.645 [main] DEBUG com.appointmentscheduler.application.AppConfig - Application configuration loaded
2026-04-19 10:49:36.645 [main] DEBUG com.appointmentscheduler.application.AppConfig - Merged application-local.properties
2026-04-19 10:49:36.647 [main] DEBUG com.appointmentscheduler.application.AppConfig - Application configuration loaded
2026-04-19 10:49:36.648 [main] DEBUG com.appointmentscheduler.application.AppConfig - Merged application-local.properties
2026-04-19 10:49:36.659 [main] DEBUG c.appointmentscheduler.application.AuditLogService - Audit: EXPIRE | System | Appointment pnd auto-expired
2026-04-19 10:49:36.660 [main] DEBUG c.appointmentscheduler.application.AuditLogService - Audit: EXPIRE | System | Appointment a1 auto-expired
2026-04-19 10:49:36.742 [main] DEBUG c.appointmentscheduler.application.AuditLogService - Audit: CANCEL_RECURRENCE_SINGLE | N | Occurrence sid_1776855600 | entity=sid_1776855600
2026-04-19 10:49:36.745 [main] DEBUG c.appointmentscheduler.application.AuditLogService - Audit: CANCEL_RECURRENCE_SERIES | N | Series SER123 occurrence a1 | entity=a1
2026-04-19 10:49:36.745 [main] DEBUG c.appointmentscheduler.application.AuditLogService - Audit: CANCEL_RECURRENCE_SERIES | N | Series SER123 occurrence a2 | entity=a2
2026-04-19 10:49:36.760 [main] DEBUG com.appointmentscheduler.application.AppConfig - Application configuration loaded
2026-04-19 10:49:36.760 [main] DEBUG com.appointmentscheduler.application.AppConfig - Merged application-local.properties
2026-04-19 10:49:36.761 [main] DEBUG com.appointmentscheduler.application.AppConfig - Application configuration loaded
2026-04-19 10:49:36.761 [main] DEBUG com.appointmentscheduler.application.AppConfig - Merged application-local.properties
2026-04-19 10:49:36.762 [main] DEBUG com.appointmentscheduler.application.AppConfig - Application configuration loaded
2026-04-19 10:49:36.762 [main] DEBUG com.appointmentscheduler.application.AppConfig - Merged application-local.properties
2026-04-19 10:49:36.763 [main] DEBUG com.appointmentscheduler.application.AppConfig - Application configuration loaded
2026-04-19 10:49:36.764 [main] DEBUG com.appointmentscheduler.application.AppConfig - Merged application-local.properties
2026-04-19 10:49:36.765 [main] DEBUG com.appointmentscheduler.application.AppConfig - Application configuration loaded
2026-04-19 10:49:36.765 [main] DEBUG com.appointmentscheduler.application.AppConfig - Merged application-local.properties
2026-04-19 10:49:36.766 [main] DEBUG com.appointmentscheduler.application.AppConfig - Application configuration loaded
2026-04-19 10:49:36.766 [main] DEBUG com.appointmentscheduler.application.AppConfig - Merged application-local.properties
2026-04-19 10:49:36.767 [main] DEBUG com.appointmentscheduler.application.AppConfig - Application configuration loaded
2026-04-19 10:49:36.767 [main] DEBUG com.appointmentscheduler.application.AppConfig - Merged application-local.properties
2026-04-19 10:49:36.767 [main] DEBUG com.appointmentscheduler.application.AppConfig - Application configuration loaded
2026-04-19 10:49:36.768 [main] DEBUG com.appointmentscheduler.application.AppConfig - Merged application-local.properties
2026-04-19 10:49:36.769 [main] DEBUG com.appointmentscheduler.application.AppConfig - Application configuration loaded
2026-04-19 10:49:36.769 [main] DEBUG com.appointmentscheduler.application.AppConfig - Merged application-local.properties
2026-04-19 10:49:36.769 [main] DEBUG com.appointmentscheduler.application.AppConfig - Application configuration loaded
2026-04-19 10:49:36.770 [main] DEBUG com.appointmentscheduler.application.AppConfig - Merged application-local.properties
2026-04-19 10:49:36.770 [main] DEBUG com.appointmentscheduler.application.AppConfig - Application configuration loaded
2026-04-19 10:49:36.770 [main] DEBUG com.appointmentscheduler.application.AppConfig - Merged application-local.properties
2026-04-19 10:49:36.771 [main] DEBUG com.appointmentscheduler.application.AppConfig - Application configuration loaded
2026-04-19 10:49:36.772 [main] DEBUG com.appointmentscheduler.application.AppConfig - Merged application-local.properties
2026-04-19 10:49:36.773 [main] DEBUG com.appointmentscheduler.application.AppConfig - Application configuration loaded
2026-04-19 10:49:36.773 [main] DEBUG com.appointmentscheduler.application.AppConfig - Merged application-local.properties
2026-04-19 10:49:36.774 [main] DEBUG com.appointmentscheduler.application.AppConfig - Application configuration loaded
2026-04-19 10:49:36.774 [main] DEBUG com.appointmentscheduler.application.AppConfig - Merged application-local.properties
2026-04-19 10:49:36.775 [main] DEBUG com.appointmentscheduler.application.AppConfig - Application configuration loaded
2026-04-19 10:49:36.776 [main] DEBUG com.appointmentscheduler.application.AppConfig - Merged application-local.properties
2026-04-19 10:49:36.776 [main] DEBUG com.appointmentscheduler.application.AppConfig - Application configuration loaded
2026-04-19 10:49:36.777 [main] DEBUG com.appointmentscheduler.application.AppConfig - Merged application-local.properties
2026-04-19 10:49:36.778 [main] DEBUG com.appointmentscheduler.application.AppConfig - Application configuration loaded
2026-04-19 10:49:36.778 [main] DEBUG com.appointmentscheduler.application.AppConfig - Merged application-local.properties
2026-04-19 10:49:36.778 [main] DEBUG com.appointmentscheduler.application.AppConfig - Application configuration loaded
2026-04-19 10:49:36.779 [main] DEBUG com.appointmentscheduler.application.AppConfig - Merged application-local.properties
2026-04-19 10:49:36.779 [main] DEBUG com.appointmentscheduler.application.AppConfig - Application configuration loaded
2026-04-19 10:49:36.780 [main] DEBUG com.appointmentscheduler.application.AppConfig - Merged application-local.properties
2026-04-19 10:49:36.780 [main] DEBUG com.appointmentscheduler.application.AppConfig - Application configuration loaded
2026-04-19 10:49:36.781 [main] DEBUG com.appointmentscheduler.application.AppConfig - Merged application-local.properties
2026-04-19 10:49:36.781 [main] DEBUG com.appointmentscheduler.application.AppConfig - Application configuration loaded
2026-04-19 10:49:36.781 [main] DEBUG com.appointmentscheduler.application.AppConfig - Merged application-local.properties
2026-04-19 10:49:36.782 [main] DEBUG com.appointmentscheduler.application.AppConfig - Application configuration loaded
2026-04-19 10:49:36.782 [main] DEBUG com.appointmentscheduler.application.AppConfig - Merged application-local.properties
2026-04-19 10:49:36.783 [main] DEBUG com.appointmentscheduler.application.AppConfig - Application configuration loaded
2026-04-19 10:49:36.783 [main] DEBUG com.appointmentscheduler.application.AppConfig - Merged application-local.properties
2026-04-19 10:49:36.783 [main] DEBUG com.appointmentscheduler.application.AppConfig - Application configuration loaded
2026-04-19 10:49:36.784 [main] DEBUG com.appointmentscheduler.application.AppConfig - Merged application-local.properties
2026-04-19 10:49:36.784 [main] DEBUG com.appointmentscheduler.application.AppConfig - Application configuration loaded
2026-04-19 10:49:36.785 [main] DEBUG com.appointmentscheduler.application.AppConfig - Merged application-local.properties
2026-04-19 10:49:36.785 [main] DEBUG com.appointmentscheduler.application.AppConfig - Application configuration loaded
2026-04-19 10:49:36.785 [main] DEBUG com.appointmentscheduler.application.AppConfig - Merged application-local.properties
2026-04-19 10:49:36.904 [main] DEBUG com.appointmentscheduler.application.AppConfig - Application configuration loaded
2026-04-19 10:49:36.904 [main] DEBUG com.appointmentscheduler.application.AppConfig - Merged application-local.properties
2026-04-19 10:49:36.906 [main] DEBUG com.appointmentscheduler.application.AppConfig - Application configuration loaded
2026-04-19 10:49:36.906 [main] DEBUG com.appointmentscheduler.application.AppConfig - Merged application-local.properties
2026-04-19 10:49:36.938 [Thread-366] INFO  com.zaxxer.hikari.HikariDataSource - AppointmentBookingPool - Shutdown initiated...
2026-04-19 10:49:36.942 [Thread-366] INFO  com.zaxxer.hikari.HikariDataSource - AppointmentBookingPool - Shutdown completed.
2026-04-19 10:49:36.943 [Thread-366] INFO  c.a.persistence.database.DatabaseConfig - Database connection pool closed
