2026-04-15 18:45:10.383 [main] INFO  com.appointmentscheduler.presentation.MainApp - Default admin user created (admin@admin.com) — database had users but no admin account.
2026-04-15 18:45:10.444 [main] INFO  com.appointmentscheduler.presentation.MainApp - User admin@admin.com was User; converted to ADMINISTRATOR with default password (startup repair).
2026-04-15 18:45:10.468 [main] DEBUG com.appointmentscheduler.application.AppConfig - Application configuration loaded
2026-04-15 18:45:10.471 [main] DEBUG com.appointmentscheduler.application.AppConfig - Merged application-local.properties
2026-04-15 18:45:10.653 [main] INFO  com.appointmentscheduler.presentation.MainApp - Default admin password reset (email=admin@admin.com): force=true, nonBcryptStored=false.
2026-04-15 18:45:10.657 [main] INFO  com.appointmentscheduler.presentation.MainApp - Default admin password reset (email=admin@admin.com): force=false, nonBcryptStored=true.
2026-04-15 18:45:10.668 [main] WARN  com.appointmentscheduler.presentation.MainApp - Could not ensure default admin user: repo down
2026-04-15 18:45:10.689 [main] DEBUG com.appointmentscheduler.application.AppConfig - Application configuration loaded
2026-04-15 18:45:10.690 [main] DEBUG com.appointmentscheduler.application.AppConfig - Merged application-local.properties
2026-04-15 18:45:10.707 [main] DEBUG com.appointmentscheduler.application.AppConfig - Application configuration loaded
2026-04-15 18:45:10.708 [main] DEBUG com.appointmentscheduler.application.AppConfig - Merged application-local.properties
2026-04-15 18:45:10.716 [main] WARN  com.appointmentscheduler.presentation.MainApp - Could not ensure default admin user: db read failed
2026-04-15 18:45:10.718 [main] DEBUG com.appointmentscheduler.application.AppConfig - Application configuration loaded
2026-04-15 18:45:10.718 [main] DEBUG com.appointmentscheduler.application.AppConfig - Merged application-local.properties
2026-04-15 18:45:12.238 [main] ERROR com.appointmentscheduler.presentation.MainApp - Uncaught exception in thread coverage-thread
com.appointmentscheduler.presentation.MainAppInternalsCoverageTest$1MsgNull: null
	at com.appointmentscheduler@1.0-SNAPSHOT/com.appointmentscheduler.presentation.MainAppInternalsCoverageTest.start_uncaughtExceptionHandler_nullMessage_usesThrowableClassName(MainAppInternalsCoverageTest.java:597)
	at java.base/jdk.internal.reflect.DirectMethodHandleAccessor.invoke(DirectMethodHandleAccessor.java:104)
	at java.base/java.lang.reflect.Method.invoke(Method.java:565)
	at org.junit.platform.commons.util.ReflectionUtils.invokeMethod(ReflectionUtils.java:728)
	at org.junit.jupiter.engine.execution.MethodInvocation.proceed(MethodInvocation.java:60)
	at org.junit.jupiter.engine.execution.InvocationInterceptorChain$ValidatingInvocation.proceed(InvocationInterceptorChain.java:131)
	at org.junit.jupiter.engine.extension.TimeoutExtension.intercept(TimeoutExtension.java:156)
	at org.junit.jupiter.engine.extension.TimeoutExtension.interceptTestableMethod(TimeoutExtension.java:147)
	at org.junit.jupiter.engine.extension.TimeoutExtension.interceptTestMethod(TimeoutExtension.java:86)
	at org.junit.jupiter.engine.execution.InterceptingExecutableInvoker$ReflectiveInterceptorCall.lambda$ofVoidMethod$0(InterceptingExecutableInvoker.java:103)
	at org.junit.jupiter.engine.execution.InterceptingExecutableInvoker.lambda$invoke$0(InterceptingExecutableInvoker.java:93)
	at org.junit.jupiter.engine.execution.InvocationInterceptorChain$InterceptedInvocation.proceed(InvocationInterceptorChain.java:106)
	at org.junit.jupiter.engine.execution.InvocationInterceptorChain.proceed(InvocationInterceptorChain.java:64)
	at org.junit.jupiter.engine.execution.InvocationInterceptorChain.chainAndInvoke(InvocationInterceptorChain.java:45)
	at org.junit.jupiter.engine.execution.InvocationInterceptorChain.invoke(InvocationInterceptorChain.java:37)
	at org.junit.jupiter.engine.execution.InterceptingExecutableInvoker.invoke(InterceptingExecutableInvoker.java:92)
	at org.junit.jupiter.engine.execution.InterceptingExecutableInvoker.invoke(InterceptingExecutableInvoker.java:86)
	at org.junit.jupiter.engine.descriptor.TestMethodTestDescriptor.lambda$invokeTestMethod$7(TestMethodTestDescriptor.java:218)
	at org.junit.platform.engine.support.hierarchical.ThrowableCollector.execute(ThrowableCollector.java:73)
	at org.junit.jupiter.engine.descriptor.TestMethodTestDescriptor.invokeTestMethod(TestMethodTestDescriptor.java:214)
	at org.junit.jupiter.engine.descriptor.TestMethodTestDescriptor.execute(TestMethodTestDescriptor.java:139)
	at org.junit.jupiter.engine.descriptor.TestMethodTestDescriptor.execute(TestMethodTestDescriptor.java:69)
	at org.junit.platform.engine.support.hierarchical.NodeTestTask.lambda$executeRecursively$6(NodeTestTask.java:151)
	at org.junit.platform.engine.support.hierarchical.ThrowableCollector.execute(ThrowableCollector.java:73)
	at org.junit.platform.engine.support.hierarchical.NodeTestTask.lambda$executeRecursively$8(NodeTestTask.java:141)
	at org.junit.platform.engine.support.hierarchical.Node.around(Node.java:137)
	at org.junit.platform.engine.support.hierarchical.NodeTestTask.lambda$executeRecursively$9(NodeTestTask.java:139)
	at org.junit.platform.engine.support.hierarchical.ThrowableCollector.execute(ThrowableCollector.java:73)
	at org.junit.platform.engine.support.hierarchical.NodeTestTask.executeRecursively(NodeTestTask.java:138)
	at org.junit.platform.engine.support.hierarchical.NodeTestTask.execute(NodeTestTask.java:95)
	at java.base/java.util.ArrayList.forEach(ArrayList.java:1604)
	at org.junit.platform.engine.support.hierarchical.SameThreadHierarchicalTestExecutorService.invokeAll(SameThreadHierarchicalTestExecutorService.java:41)
	at org.junit.platform.engine.support.hierarchical.NodeTestTask.lambda$executeRecursively$6(NodeTestTask.java:155)
	at org.junit.platform.engine.support.hierarchical.ThrowableCollector.execute(ThrowableCollector.java:73)
	at org.junit.platform.engine.support.hierarchical.NodeTestTask.lambda$executeRecursively$8(NodeTestTask.java:141)
	at org.junit.platform.engine.support.hierarchical.Node.around(Node.java:137)
	at org.junit.platform.engine.support.hierarchical.NodeTestTask.lambda$executeRecursively$9(NodeTestTask.java:139)
	at org.junit.platform.engine.support.hierarchical.ThrowableCollector.execute(ThrowableCollector.java:73)
	at org.junit.platform.engine.support.hierarchical.NodeTestTask.executeRecursively(NodeTestTask.java:138)
	at org.junit.platform.engine.support.hierarchical.NodeTestTask.execute(NodeTestTask.java:95)
	at java.base/java.util.ArrayList.forEach(ArrayList.java:1604)
	at org.junit.platform.engine.support.hierarchical.SameThreadHierarchicalTestExecutorService.invokeAll(SameThreadHierarchicalTestExecutorService.java:41)
	at org.junit.platform.engine.support.hierarchical.NodeTestTask.lambda$executeRecursively$6(NodeTestTask.java:155)
	at org.junit.platform.engine.support.hierarchical.ThrowableCollector.execute(ThrowableCollector.java:73)
	at org.junit.platform.engine.support.hierarchical.NodeTestTask.lambda$executeRecursively$8(NodeTestTask.java:141)
	at org.junit.platform.engine.support.hierarchical.Node.around(Node.java:137)
	at org.junit.platform.engine.support.hierarchical.NodeTestTask.lambda$executeRecursively$9(NodeTestTask.java:139)
	at org.junit.platform.engine.support.hierarchical.ThrowableCollector.execute(ThrowableCollector.java:73)
	at org.junit.platform.engine.support.hierarchical.NodeTestTask.executeRecursively(NodeTestTask.java:138)
	at org.junit.platform.engine.support.hierarchical.NodeTestTask.execute(NodeTestTask.java:95)
	at org.junit.platform.engine.support.hierarchical.SameThreadHierarchicalTestExecutorService.submit(SameThreadHierarchicalTestExecutorService.java:35)
	at org.junit.platform.engine.support.hierarchical.HierarchicalTestExecutor.execute(HierarchicalTestExecutor.java:57)
	at org.junit.platform.engine.support.hierarchical.HierarchicalTestEngine.execute(HierarchicalTestEngine.java:54)
	at org.junit.platform.launcher.core.EngineExecutionOrchestrator.execute(EngineExecutionOrchestrator.java:198)
	at org.junit.platform.launcher.core.EngineExecutionOrchestrator.execute(EngineExecutionOrchestrator.java:169)
	at org.junit.platform.launcher.core.EngineExecutionOrchestrator.execute(EngineExecutionOrchestrator.java:93)
	at org.junit.platform.launcher.core.EngineExecutionOrchestrator.lambda$execute$0(EngineExecutionOrchestrator.java:58)
	at org.junit.platform.launcher.core.EngineExecutionOrchestrator.withInterceptedStreams(EngineExecutionOrchestrator.java:141)
	at org.junit.platform.launcher.core.EngineExecutionOrchestrator.execute(EngineExecutionOrchestrator.java:57)
	at org.junit.platform.launcher.core.DefaultLauncher.execute(DefaultLauncher.java:103)
	at org.junit.platform.launcher.core.DefaultLauncher.execute(DefaultLauncher.java:85)
	at org.junit.platform.launcher.core.DelegatingLauncher.execute(DelegatingLauncher.java:47)
	at org.junit.platform.launcher.core.SessionPerRequestLauncher.execute(SessionPerRequestLauncher.java:63)
	at com.intellij.junit5.JUnit5IdeaTestRunner.startRunnerWithArgs(JUnit5IdeaTestRunner.java:66)
	at com.intellij.rt.junit.IdeaTestRunner$Repeater$1.execute(IdeaTestRunner.java:38)
	at com.intellij.rt.execution.junit.TestsRepeater.repeat(TestsRepeater.java:11)
	at com.intellij.rt.junit.IdeaTestRunner$Repeater.startRunnerWithArgs(IdeaTestRunner.java:35)
	at com.intellij.rt.junit.JUnitStarter.prepareStreamsAndStart(JUnitStarter.java:231)
	at com.intellij.rt.junit.JUnitStarter.main(JUnitStarter.java:55)
2026-04-15 18:45:15.006 [main] DEBUG com.appointmentscheduler.application.AppConfig - Application configuration loaded
2026-04-15 18:45:15.008 [main] DEBUG com.appointmentscheduler.application.AppConfig - Merged application-local.properties
2026-04-15 18:45:15.064 [main] WARN  com.appointmentscheduler.presentation.MainApp - Stored password for admin@admin.com does not match admin123. Set auth.forceDefaultAdminPassword=true once in application.properties, restart, then set it back to false.
2026-04-15 18:45:15.074 [main] DEBUG com.appointmentscheduler.application.AppConfig - Application configuration loaded
2026-04-15 18:45:15.094 [main] DEBUG com.appointmentscheduler.application.AppConfig - Merged application-local.properties
2026-04-15 18:45:15.135 [main] DEBUG com.appointmentscheduler.application.AppConfig - Application configuration loaded
2026-04-15 18:45:15.137 [main] DEBUG com.appointmentscheduler.application.AppConfig - Merged application-local.properties
2026-04-15 18:45:15.298 [main] WARN  com.appointmentscheduler.presentation.MainApp - Could not show database warning dialog
java.lang.IllegalStateException: Not on FX application thread; currentThread = main
	at javafx.graphics/com.sun.javafx.tk.Toolkit.checkFxUserThread(Toolkit.java:297)
	at javafx.graphics/com.sun.javafx.tk.quantum.QuantumToolkit.checkFxUserThread(QuantumToolkit.java:458)
	at javafx.graphics/javafx.stage.Stage.<init>(Stage.java:258)
	at javafx.graphics/javafx.stage.Stage.<init>(Stage.java:244)
	at javafx.controls/javafx.scene.control.HeavyweightDialog$1.<init>(HeavyweightDialog.java:52)
	at javafx.controls/javafx.scene.control.HeavyweightDialog.<init>(HeavyweightDialog.java:52)
	at javafx.controls/javafx.scene.control.Dialog.<init>(Dialog.java:268)
	at javafx.controls/javafx.scene.control.Alert.<init>(Alert.java:247)
	at javafx.controls/javafx.scene.control.Alert.<init>(Alert.java:222)
	at com.appointmentscheduler@1.0-SNAPSHOT/com.appointmentscheduler.presentation.MainApp.showDatabaseNotConnectedWarning(MainApp.java:437)
	at java.base/jdk.internal.reflect.DirectMethodHandleAccessor.invoke(DirectMethodHandleAccessor.java:104)
	at java.base/java.lang.reflect.Method.invoke(Method.java:565)
	at com.appointmentscheduler@1.0-SNAPSHOT/com.appointmentscheduler.presentation.MainAppInternalsCoverageTest.lambda$showDatabaseWarning_offFxThread_hitsCatchBranch$0(MainAppInternalsCoverageTest.java:323)
	at org.assertj.core.api.ThrowableAssert.catchThrowable(ThrowableAssert.java:63)
	at org.assertj.core.api.AssertionsForClassTypes.catchThrowable(AssertionsForClassTypes.java:892)
	at org.assertj.core.api.AssertionsForClassTypes.assertThatCode(AssertionsForClassTypes.java:863)
	at org.assertj.core.api.Assertions.assertThatCode(Assertions.java:1287)
	at com.appointmentscheduler@1.0-SNAPSHOT/com.appointmentscheduler.presentation.MainAppInternalsCoverageTest.showDatabaseWarning_offFxThread_hitsCatchBranch(MainAppInternalsCoverageTest.java:323)
	at java.base/jdk.internal.reflect.DirectMethodHandleAccessor.invoke(DirectMethodHandleAccessor.java:104)
	at java.base/java.lang.reflect.Method.invoke(Method.java:565)
	at org.junit.platform.commons.util.ReflectionUtils.invokeMethod(ReflectionUtils.java:728)
	at org.junit.jupiter.engine.execution.MethodInvocation.proceed(MethodInvocation.java:60)
	at org.junit.jupiter.engine.execution.InvocationInterceptorChain$ValidatingInvocation.proceed(InvocationInterceptorChain.java:131)
	at org.junit.jupiter.engine.extension.TimeoutExtension.intercept(TimeoutExtension.java:156)
	at org.junit.jupiter.engine.extension.TimeoutExtension.interceptTestableMethod(TimeoutExtension.java:147)
	at org.junit.jupiter.engine.extension.TimeoutExtension.interceptTestMethod(TimeoutExtension.java:86)
	at org.junit.jupiter.engine.execution.InterceptingExecutableInvoker$ReflectiveInterceptorCall.lambda$ofVoidMethod$0(InterceptingExecutableInvoker.java:103)
	at org.junit.jupiter.engine.execution.InterceptingExecutableInvoker.lambda$invoke$0(InterceptingExecutableInvoker.java:93)
	at org.junit.jupiter.engine.execution.InvocationInterceptorChain$InterceptedInvocation.proceed(InvocationInterceptorChain.java:106)
	at org.junit.jupiter.engine.execution.InvocationInterceptorChain.proceed(InvocationInterceptorChain.java:64)
	at org.junit.jupiter.engine.execution.InvocationInterceptorChain.chainAndInvoke(InvocationInterceptorChain.java:45)
	at org.junit.jupiter.engine.execution.InvocationInterceptorChain.invoke(InvocationInterceptorChain.java:37)
	at org.junit.jupiter.engine.execution.InterceptingExecutableInvoker.invoke(InterceptingExecutableInvoker.java:92)
	at org.junit.jupiter.engine.execution.InterceptingExecutableInvoker.invoke(InterceptingExecutableInvoker.java:86)
	at org.junit.jupiter.engine.descriptor.TestMethodTestDescriptor.lambda$invokeTestMethod$7(TestMethodTestDescriptor.java:218)
	at org.junit.platform.engine.support.hierarchical.ThrowableCollector.execute(ThrowableCollector.java:73)
	at org.junit.jupiter.engine.descriptor.TestMethodTestDescriptor.invokeTestMethod(TestMethodTestDescriptor.java:214)
	at org.junit.jupiter.engine.descriptor.TestMethodTestDescriptor.execute(TestMethodTestDescriptor.java:139)
	at org.junit.jupiter.engine.descriptor.TestMethodTestDescriptor.execute(TestMethodTestDescriptor.java:69)
	at org.junit.platform.engine.support.hierarchical.NodeTestTask.lambda$executeRecursively$6(NodeTestTask.java:151)
	at org.junit.platform.engine.support.hierarchical.ThrowableCollector.execute(ThrowableCollector.java:73)
	at org.junit.platform.engine.support.hierarchical.NodeTestTask.lambda$executeRecursively$8(NodeTestTask.java:141)
	at org.junit.platform.engine.support.hierarchical.Node.around(Node.java:137)
	at org.junit.platform.engine.support.hierarchical.NodeTestTask.lambda$executeRecursively$9(NodeTestTask.java:139)
	at org.junit.platform.engine.support.hierarchical.ThrowableCollector.execute(ThrowableCollector.java:73)
	at org.junit.platform.engine.support.hierarchical.NodeTestTask.executeRecursively(NodeTestTask.java:138)
	at org.junit.platform.engine.support.hierarchical.NodeTestTask.execute(NodeTestTask.java:95)
	at java.base/java.util.ArrayList.forEach(ArrayList.java:1604)
	at org.junit.platform.engine.support.hierarchical.SameThreadHierarchicalTestExecutorService.invokeAll(SameThreadHierarchicalTestExecutorService.java:41)
	at org.junit.platform.engine.support.hierarchical.NodeTestTask.lambda$executeRecursively$6(NodeTestTask.java:155)
	at org.junit.platform.engine.support.hierarchical.ThrowableCollector.execute(ThrowableCollector.java:73)
	at org.junit.platform.engine.support.hierarchical.NodeTestTask.lambda$executeRecursively$8(NodeTestTask.java:141)
	at org.junit.platform.engine.support.hierarchical.Node.around(Node.java:137)
	at org.junit.platform.engine.support.hierarchical.NodeTestTask.lambda$executeRecursively$9(NodeTestTask.java:139)
	at org.junit.platform.engine.support.hierarchical.ThrowableCollector.execute(ThrowableCollector.java:73)
	at org.junit.platform.engine.support.hierarchical.NodeTestTask.executeRecursively(NodeTestTask.java:138)
	at org.junit.platform.engine.support.hierarchical.NodeTestTask.execute(NodeTestTask.java:95)
	at java.base/java.util.ArrayList.forEach(ArrayList.java:1604)
	at org.junit.platform.engine.support.hierarchical.SameThreadHierarchicalTestExecutorService.invokeAll(SameThreadHierarchicalTestExecutorService.java:41)
	at org.junit.platform.engine.support.hierarchical.NodeTestTask.lambda$executeRecursively$6(NodeTestTask.java:155)
	at org.junit.platform.engine.support.hierarchical.ThrowableCollector.execute(ThrowableCollector.java:73)
	at org.junit.platform.engine.support.hierarchical.NodeTestTask.lambda$executeRecursively$8(NodeTestTask.java:141)
	at org.junit.platform.engine.support.hierarchical.Node.around(Node.java:137)
	at org.junit.platform.engine.support.hierarchical.NodeTestTask.lambda$executeRecursively$9(NodeTestTask.java:139)
	at org.junit.platform.engine.support.hierarchical.ThrowableCollector.execute(ThrowableCollector.java:73)
	at org.junit.platform.engine.support.hierarchical.NodeTestTask.executeRecursively(NodeTestTask.java:138)
	at org.junit.platform.engine.support.hierarchical.NodeTestTask.execute(NodeTestTask.java:95)
	at org.junit.platform.engine.support.hierarchical.SameThreadHierarchicalTestExecutorService.submit(SameThreadHierarchicalTestExecutorService.java:35)
	at org.junit.platform.engine.support.hierarchical.HierarchicalTestExecutor.execute(HierarchicalTestExecutor.java:57)
	at org.junit.platform.engine.support.hierarchical.HierarchicalTestEngine.execute(HierarchicalTestEngine.java:54)
	at org.junit.platform.launcher.core.EngineExecutionOrchestrator.execute(EngineExecutionOrchestrator.java:198)
	at org.junit.platform.launcher.core.EngineExecutionOrchestrator.execute(EngineExecutionOrchestrator.java:169)
	at org.junit.platform.launcher.core.EngineExecutionOrchestrator.execute(EngineExecutionOrchestrator.java:93)
	at org.junit.platform.launcher.core.EngineExecutionOrchestrator.lambda$execute$0(EngineExecutionOrchestrator.java:58)
	at org.junit.platform.launcher.core.EngineExecutionOrchestrator.withInterceptedStreams(EngineExecutionOrchestrator.java:141)
	at org.junit.platform.launcher.core.EngineExecutionOrchestrator.execute(EngineExecutionOrchestrator.java:57)
	at org.junit.platform.launcher.core.DefaultLauncher.execute(DefaultLauncher.java:103)
	at org.junit.platform.launcher.core.DefaultLauncher.execute(DefaultLauncher.java:85)
	at org.junit.platform.launcher.core.DelegatingLauncher.execute(DelegatingLauncher.java:47)
	at org.junit.platform.launcher.core.SessionPerRequestLauncher.execute(SessionPerRequestLauncher.java:63)
	at com.intellij.junit5.JUnit5IdeaTestRunner.startRunnerWithArgs(JUnit5IdeaTestRunner.java:66)
	at com.intellij.rt.junit.IdeaTestRunner$Repeater$1.execute(IdeaTestRunner.java:38)
	at com.intellij.rt.execution.junit.TestsRepeater.repeat(TestsRepeater.java:11)
	at com.intellij.rt.junit.IdeaTestRunner$Repeater.startRunnerWithArgs(IdeaTestRunner.java:35)
	at com.intellij.rt.junit.JUnitStarter.prepareStreamsAndStart(JUnitStarter.java:231)
	at com.intellij.rt.junit.JUnitStarter.main(JUnitStarter.java:55)
2026-04-15 18:45:15.329 [main] DEBUG com.appointmentscheduler.application.AppConfig - Application configuration loaded
2026-04-15 18:45:15.336 [main] DEBUG com.appointmentscheduler.application.AppConfig - Merged application-local.properties
2026-04-15 18:45:15.430 [main] DEBUG c.a.application.AppointmentReminderService - Registered reminder channel: SMSNotification
2026-04-15 18:45:18.297 [main] DEBUG com.appointmentscheduler.application.AppConfig - Application configuration loaded
2026-04-15 18:45:18.297 [main] DEBUG com.appointmentscheduler.application.AppConfig - Merged application-local.properties
2026-04-15 18:45:18.386 [main] DEBUG com.appointmentscheduler.application.AppConfig - Application configuration loaded
2026-04-15 18:45:18.386 [main] DEBUG com.appointmentscheduler.application.AppConfig - Merged application-local.properties
2026-04-15 18:45:18.394 [main] ERROR com.appointmentscheduler.presentation.MainApp - Failed to load screen: DefinitelyMissing.fxml
java.lang.IllegalStateException: FXML not found. Tried: /com/appointmentscheduler/presentation/DefinitelyMissing.fxml, com/appointmentscheduler/presentation/DefinitelyMissing.fxml, DefinitelyMissing.fxml. Check that src/main/resources is on classpath.
	at com.appointmentscheduler@1.0-SNAPSHOT/com.appointmentscheduler.presentation.MainApp.loadScreen(MainApp.java:394)
	at com.appointmentscheduler@1.0-SNAPSHOT/com.appointmentscheduler.presentation.MainAppInternalsCoverageTest.lambda$loadScreen_missingFxml_hitsCatch_and_resetsInProgressFlag$0(MainAppInternalsCoverageTest.java:279)
	at org.assertj.core.api.ThrowableAssert.catchThrowable(ThrowableAssert.java:63)
	at org.assertj.core.api.AssertionsForClassTypes.catchThrowable(AssertionsForClassTypes.java:892)
	at org.assertj.core.api.AssertionsForClassTypes.assertThatCode(AssertionsForClassTypes.java:863)
	at org.assertj.core.api.Assertions.assertThatCode(Assertions.java:1287)
	at com.appointmentscheduler@1.0-SNAPSHOT/com.appointmentscheduler.presentation.MainAppInternalsCoverageTest.loadScreen_missingFxml_hitsCatch_and_resetsInProgressFlag(MainAppInternalsCoverageTest.java:279)
	at java.base/jdk.internal.reflect.DirectMethodHandleAccessor.invoke(DirectMethodHandleAccessor.java:104)
	at java.base/java.lang.reflect.Method.invoke(Method.java:565)
	at org.junit.platform.commons.util.ReflectionUtils.invokeMethod(ReflectionUtils.java:728)
	at org.junit.jupiter.engine.execution.MethodInvocation.proceed(MethodInvocation.java:60)
	at org.junit.jupiter.engine.execution.InvocationInterceptorChain$ValidatingInvocation.proceed(InvocationInterceptorChain.java:131)
	at org.junit.jupiter.engine.extension.TimeoutExtension.intercept(TimeoutExtension.java:156)
	at org.junit.jupiter.engine.extension.TimeoutExtension.interceptTestableMethod(TimeoutExtension.java:147)
	at org.junit.jupiter.engine.extension.TimeoutExtension.interceptTestMethod(TimeoutExtension.java:86)
	at org.junit.jupiter.engine.execution.InterceptingExecutableInvoker$ReflectiveInterceptorCall.lambda$ofVoidMethod$0(InterceptingExecutableInvoker.java:103)
	at org.junit.jupiter.engine.execution.InterceptingExecutableInvoker.lambda$invoke$0(InterceptingExecutableInvoker.java:93)
	at org.junit.jupiter.engine.execution.InvocationInterceptorChain$InterceptedInvocation.proceed(InvocationInterceptorChain.java:106)
	at org.junit.jupiter.engine.execution.InvocationInterceptorChain.proceed(InvocationInterceptorChain.java:64)
	at org.junit.jupiter.engine.execution.InvocationInterceptorChain.chainAndInvoke(InvocationInterceptorChain.java:45)
	at org.junit.jupiter.engine.execution.InvocationInterceptorChain.invoke(InvocationInterceptorChain.java:37)
	at org.junit.jupiter.engine.execution.InterceptingExecutableInvoker.invoke(InterceptingExecutableInvoker.java:92)
	at org.junit.jupiter.engine.execution.InterceptingExecutableInvoker.invoke(InterceptingExecutableInvoker.java:86)
	at org.junit.jupiter.engine.descriptor.TestMethodTestDescriptor.lambda$invokeTestMethod$7(TestMethodTestDescriptor.java:218)
	at org.junit.platform.engine.support.hierarchical.ThrowableCollector.execute(ThrowableCollector.java:73)
	at org.junit.jupiter.engine.descriptor.TestMethodTestDescriptor.invokeTestMethod(TestMethodTestDescriptor.java:214)
	at org.junit.jupiter.engine.descriptor.TestMethodTestDescriptor.execute(TestMethodTestDescriptor.java:139)
	at org.junit.jupiter.engine.descriptor.TestMethodTestDescriptor.execute(TestMethodTestDescriptor.java:69)
	at org.junit.platform.engine.support.hierarchical.NodeTestTask.lambda$executeRecursively$6(NodeTestTask.java:151)
	at org.junit.platform.engine.support.hierarchical.ThrowableCollector.execute(ThrowableCollector.java:73)
	at org.junit.platform.engine.support.hierarchical.NodeTestTask.lambda$executeRecursively$8(NodeTestTask.java:141)
	at org.junit.platform.engine.support.hierarchical.Node.around(Node.java:137)
	at org.junit.platform.engine.support.hierarchical.NodeTestTask.lambda$executeRecursively$9(NodeTestTask.java:139)
	at org.junit.platform.engine.support.hierarchical.ThrowableCollector.execute(ThrowableCollector.java:73)
	at org.junit.platform.engine.support.hierarchical.NodeTestTask.executeRecursively(NodeTestTask.java:138)
	at org.junit.platform.engine.support.hierarchical.NodeTestTask.execute(NodeTestTask.java:95)
	at java.base/java.util.ArrayList.forEach(ArrayList.java:1604)
	at org.junit.platform.engine.support.hierarchical.SameThreadHierarchicalTestExecutorService.invokeAll(SameThreadHierarchicalTestExecutorService.java:41)
	at org.junit.platform.engine.support.hierarchical.NodeTestTask.lambda$executeRecursively$6(NodeTestTask.java:155)
	at org.junit.platform.engine.support.hierarchical.ThrowableCollector.execute(ThrowableCollector.java:73)
	at org.junit.platform.engine.support.hierarchical.NodeTestTask.lambda$executeRecursively$8(NodeTestTask.java:141)
	at org.junit.platform.engine.support.hierarchical.Node.around(Node.java:137)
	at org.junit.platform.engine.support.hierarchical.NodeTestTask.lambda$executeRecursively$9(NodeTestTask.java:139)
	at org.junit.platform.engine.support.hierarchical.ThrowableCollector.execute(ThrowableCollector.java:73)
	at org.junit.platform.engine.support.hierarchical.NodeTestTask.executeRecursively(NodeTestTask.java:138)
	at org.junit.platform.engine.support.hierarchical.NodeTestTask.execute(NodeTestTask.java:95)
	at java.base/java.util.ArrayList.forEach(ArrayList.java:1604)
	at org.junit.platform.engine.support.hierarchical.SameThreadHierarchicalTestExecutorService.invokeAll(SameThreadHierarchicalTestExecutorService.java:41)
	at org.junit.platform.engine.support.hierarchical.NodeTestTask.lambda$executeRecursively$6(NodeTestTask.java:155)
	at org.junit.platform.engine.support.hierarchical.ThrowableCollector.execute(ThrowableCollector.java:73)
	at org.junit.platform.engine.support.hierarchical.NodeTestTask.lambda$executeRecursively$8(NodeTestTask.java:141)
	at org.junit.platform.engine.support.hierarchical.Node.around(Node.java:137)
	at org.junit.platform.engine.support.hierarchical.NodeTestTask.lambda$executeRecursively$9(NodeTestTask.java:139)
	at org.junit.platform.engine.support.hierarchical.ThrowableCollector.execute(ThrowableCollector.java:73)
	at org.junit.platform.engine.support.hierarchical.NodeTestTask.executeRecursively(NodeTestTask.java:138)
	at org.junit.platform.engine.support.hierarchical.NodeTestTask.execute(NodeTestTask.java:95)
	at org.junit.platform.engine.support.hierarchical.SameThreadHierarchicalTestExecutorService.submit(SameThreadHierarchicalTestExecutorService.java:35)
	at org.junit.platform.engine.support.hierarchical.HierarchicalTestExecutor.execute(HierarchicalTestExecutor.java:57)
	at org.junit.platform.engine.support.hierarchical.HierarchicalTestEngine.execute(HierarchicalTestEngine.java:54)
	at org.junit.platform.launcher.core.EngineExecutionOrchestrator.execute(EngineExecutionOrchestrator.java:198)
	at org.junit.platform.launcher.core.EngineExecutionOrchestrator.execute(EngineExecutionOrchestrator.java:169)
	at org.junit.platform.launcher.core.EngineExecutionOrchestrator.execute(EngineExecutionOrchestrator.java:93)
	at org.junit.platform.launcher.core.EngineExecutionOrchestrator.lambda$execute$0(EngineExecutionOrchestrator.java:58)
	at org.junit.platform.launcher.core.EngineExecutionOrchestrator.withInterceptedStreams(EngineExecutionOrchestrator.java:141)
	at org.junit.platform.launcher.core.EngineExecutionOrchestrator.execute(EngineExecutionOrchestrator.java:57)
	at org.junit.platform.launcher.core.DefaultLauncher.execute(DefaultLauncher.java:103)
	at org.junit.platform.launcher.core.DefaultLauncher.execute(DefaultLauncher.java:85)
	at org.junit.platform.launcher.core.DelegatingLauncher.execute(DelegatingLauncher.java:47)
	at org.junit.platform.launcher.core.SessionPerRequestLauncher.execute(SessionPerRequestLauncher.java:63)
	at com.intellij.junit5.JUnit5IdeaTestRunner.startRunnerWithArgs(JUnit5IdeaTestRunner.java:66)
	at com.intellij.rt.junit.IdeaTestRunner$Repeater$1.execute(IdeaTestRunner.java:38)
	at com.intellij.rt.execution.junit.TestsRepeater.repeat(TestsRepeater.java:11)
	at com.intellij.rt.junit.IdeaTestRunner$Repeater.startRunnerWithArgs(IdeaTestRunner.java:35)
	at com.intellij.rt.junit.JUnitStarter.prepareStreamsAndStart(JUnitStarter.java:231)
	at com.intellij.rt.junit.JUnitStarter.main(JUnitStarter.java:55)
2026-04-15 18:45:18.397 [main] ERROR com.appointmentscheduler.presentation.MainApp - Could not show error scene
java.lang.IllegalStateException: Not on FX application thread; currentThread = main
	at javafx.graphics/com.sun.javafx.tk.Toolkit.checkFxUserThread(Toolkit.java:297)
	at javafx.graphics/com.sun.javafx.tk.quantum.QuantumToolkit.checkFxUserThread(QuantumToolkit.java:458)
	at javafx.graphics/javafx.stage.Stage.setScene(Stage.java:269)
	at com.appointmentscheduler@1.0-SNAPSHOT/com.appointmentscheduler.presentation.MainApp.showErrorScene(MainApp.java:468)
	at com.appointmentscheduler@1.0-SNAPSHOT/com.appointmentscheduler.presentation.MainApp.loadScreen(MainApp.java:416)
	at com.appointmentscheduler@1.0-SNAPSHOT/com.appointmentscheduler.presentation.MainAppInternalsCoverageTest.lambda$loadScreen_missingFxml_hitsCatch_and_resetsInProgressFlag$0(MainAppInternalsCoverageTest.java:279)
	at org.assertj.core.api.ThrowableAssert.catchThrowable(ThrowableAssert.java:63)
	at org.assertj.core.api.AssertionsForClassTypes.catchThrowable(AssertionsForClassTypes.java:892)
	at org.assertj.core.api.AssertionsForClassTypes.assertThatCode(AssertionsForClassTypes.java:863)
	at org.assertj.core.api.Assertions.assertThatCode(Assertions.java:1287)
	at com.appointmentscheduler@1.0-SNAPSHOT/com.appointmentscheduler.presentation.MainAppInternalsCoverageTest.loadScreen_missingFxml_hitsCatch_and_resetsInProgressFlag(MainAppInternalsCoverageTest.java:279)
	at java.base/jdk.internal.reflect.DirectMethodHandleAccessor.invoke(DirectMethodHandleAccessor.java:104)
	at java.base/java.lang.reflect.Method.invoke(Method.java:565)
	at org.junit.platform.commons.util.ReflectionUtils.invokeMethod(ReflectionUtils.java:728)
	at org.junit.jupiter.engine.execution.MethodInvocation.proceed(MethodInvocation.java:60)
	at org.junit.jupiter.engine.execution.InvocationInterceptorChain$ValidatingInvocation.proceed(InvocationInterceptorChain.java:131)
	at org.junit.jupiter.engine.extension.TimeoutExtension.intercept(TimeoutExtension.java:156)
	at org.junit.jupiter.engine.extension.TimeoutExtension.interceptTestableMethod(TimeoutExtension.java:147)
	at org.junit.jupiter.engine.extension.TimeoutExtension.interceptTestMethod(TimeoutExtension.java:86)
	at org.junit.jupiter.engine.execution.InterceptingExecutableInvoker$ReflectiveInterceptorCall.lambda$ofVoidMethod$0(InterceptingExecutableInvoker.java:103)
	at org.junit.jupiter.engine.execution.InterceptingExecutableInvoker.lambda$invoke$0(InterceptingExecutableInvoker.java:93)
	at org.junit.jupiter.engine.execution.InvocationInterceptorChain$InterceptedInvocation.proceed(InvocationInterceptorChain.java:106)
	at org.junit.jupiter.engine.execution.InvocationInterceptorChain.proceed(InvocationInterceptorChain.java:64)
	at org.junit.jupiter.engine.execution.InvocationInterceptorChain.chainAndInvoke(InvocationInterceptorChain.java:45)
	at org.junit.jupiter.engine.execution.InvocationInterceptorChain.invoke(InvocationInterceptorChain.java:37)
	at org.junit.jupiter.engine.execution.InterceptingExecutableInvoker.invoke(InterceptingExecutableInvoker.java:92)
	at org.junit.jupiter.engine.execution.InterceptingExecutableInvoker.invoke(InterceptingExecutableInvoker.java:86)
	at org.junit.jupiter.engine.descriptor.TestMethodTestDescriptor.lambda$invokeTestMethod$7(TestMethodTestDescriptor.java:218)
	at org.junit.platform.engine.support.hierarchical.ThrowableCollector.execute(ThrowableCollector.java:73)
	at org.junit.jupiter.engine.descriptor.TestMethodTestDescriptor.invokeTestMethod(TestMethodTestDescriptor.java:214)
	at org.junit.jupiter.engine.descriptor.TestMethodTestDescriptor.execute(TestMethodTestDescriptor.java:139)
	at org.junit.jupiter.engine.descriptor.TestMethodTestDescriptor.execute(TestMethodTestDescriptor.java:69)
	at org.junit.platform.engine.support.hierarchical.NodeTestTask.lambda$executeRecursively$6(NodeTestTask.java:151)
	at org.junit.platform.engine.support.hierarchical.ThrowableCollector.execute(ThrowableCollector.java:73)
	at org.junit.platform.engine.support.hierarchical.NodeTestTask.lambda$executeRecursively$8(NodeTestTask.java:141)
	at org.junit.platform.engine.support.hierarchical.Node.around(Node.java:137)
	at org.junit.platform.engine.support.hierarchical.NodeTestTask.lambda$executeRecursively$9(NodeTestTask.java:139)
	at org.junit.platform.engine.support.hierarchical.ThrowableCollector.execute(ThrowableCollector.java:73)
	at org.junit.platform.engine.support.hierarchical.NodeTestTask.executeRecursively(NodeTestTask.java:138)
	at org.junit.platform.engine.support.hierarchical.NodeTestTask.execute(NodeTestTask.java:95)
	at java.base/java.util.ArrayList.forEach(ArrayList.java:1604)
	at org.junit.platform.engine.support.hierarchical.SameThreadHierarchicalTestExecutorService.invokeAll(SameThreadHierarchicalTestExecutorService.java:41)
	at org.junit.platform.engine.support.hierarchical.NodeTestTask.lambda$executeRecursively$6(NodeTestTask.java:155)
	at org.junit.platform.engine.support.hierarchical.ThrowableCollector.execute(ThrowableCollector.java:73)
	at org.junit.platform.engine.support.hierarchical.NodeTestTask.lambda$executeRecursively$8(NodeTestTask.java:141)
	at org.junit.platform.engine.support.hierarchical.Node.around(Node.java:137)
	at org.junit.platform.engine.support.hierarchical.NodeTestTask.lambda$executeRecursively$9(NodeTestTask.java:139)
	at org.junit.platform.engine.support.hierarchical.ThrowableCollector.execute(ThrowableCollector.java:73)
	at org.junit.platform.engine.support.hierarchical.NodeTestTask.executeRecursively(NodeTestTask.java:138)
	at org.junit.platform.engine.support.hierarchical.NodeTestTask.execute(NodeTestTask.java:95)
	at java.base/java.util.ArrayList.forEach(ArrayList.java:1604)
	at org.junit.platform.engine.support.hierarchical.SameThreadHierarchicalTestExecutorService.invokeAll(SameThreadHierarchicalTestExecutorService.java:41)
	at org.junit.platform.engine.support.hierarchical.NodeTestTask.lambda$executeRecursively$6(NodeTestTask.java:155)
	at org.junit.platform.engine.support.hierarchical.ThrowableCollector.execute(ThrowableCollector.java:73)
	at org.junit.platform.engine.support.hierarchical.NodeTestTask.lambda$executeRecursively$8(NodeTestTask.java:141)
	at org.junit.platform.engine.support.hierarchical.Node.around(Node.java:137)
	at org.junit.platform.engine.support.hierarchical.NodeTestTask.lambda$executeRecursively$9(NodeTestTask.java:139)
	at org.junit.platform.engine.support.hierarchical.ThrowableCollector.execute(ThrowableCollector.java:73)
	at org.junit.platform.engine.support.hierarchical.NodeTestTask.executeRecursively(NodeTestTask.java:138)
	at org.junit.platform.engine.support.hierarchical.NodeTestTask.execute(NodeTestTask.java:95)
	at org.junit.platform.engine.support.hierarchical.SameThreadHierarchicalTestExecutorService.submit(SameThreadHierarchicalTestExecutorService.java:35)
	at org.junit.platform.engine.support.hierarchical.HierarchicalTestExecutor.execute(HierarchicalTestExecutor.java:57)
	at org.junit.platform.engine.support.hierarchical.HierarchicalTestEngine.execute(HierarchicalTestEngine.java:54)
	at org.junit.platform.launcher.core.EngineExecutionOrchestrator.execute(EngineExecutionOrchestrator.java:198)
	at org.junit.platform.launcher.core.EngineExecutionOrchestrator.execute(EngineExecutionOrchestrator.java:169)
	at org.junit.platform.launcher.core.EngineExecutionOrchestrator.execute(EngineExecutionOrchestrator.java:93)
	at org.junit.platform.launcher.core.EngineExecutionOrchestrator.lambda$execute$0(EngineExecutionOrchestrator.java:58)
	at org.junit.platform.launcher.core.EngineExecutionOrchestrator.withInterceptedStreams(EngineExecutionOrchestrator.java:141)
	at org.junit.platform.launcher.core.EngineExecutionOrchestrator.execute(EngineExecutionOrchestrator.java:57)
	at org.junit.platform.launcher.core.DefaultLauncher.execute(DefaultLauncher.java:103)
	at org.junit.platform.launcher.core.DefaultLauncher.execute(DefaultLauncher.java:85)
	at org.junit.platform.launcher.core.DelegatingLauncher.execute(DelegatingLauncher.java:47)
	at org.junit.platform.launcher.core.SessionPerRequestLauncher.execute(SessionPerRequestLauncher.java:63)
	at com.intellij.junit5.JUnit5IdeaTestRunner.startRunnerWithArgs(JUnit5IdeaTestRunner.java:66)
	at com.intellij.rt.junit.IdeaTestRunner$Repeater$1.execute(IdeaTestRunner.java:38)
	at com.intellij.rt.execution.junit.TestsRepeater.repeat(TestsRepeater.java:11)
	at com.intellij.rt.junit.IdeaTestRunner$Repeater.startRunnerWithArgs(IdeaTestRunner.java:35)
	at com.intellij.rt.junit.JUnitStarter.prepareStreamsAndStart(JUnitStarter.java:231)
	at com.intellij.rt.junit.JUnitStarter.main(JUnitStarter.java:55)
2026-04-15 18:45:18.399 [main] DEBUG com.appointmentscheduler.application.AppConfig - Application configuration loaded
2026-04-15 18:45:18.400 [main] DEBUG com.appointmentscheduler.application.AppConfig - Merged application-local.properties
2026-04-15 18:45:18.400 [JavaFX Application Thread] ERROR c.appointmentscheduler.presentation.ErrorHandler - Failed to load screen: FXML not found. Tried: /com/appointmentscheduler/presentation/DefinitelyMissing.fxml, com/appointmentscheduler/presentation/DefinitelyMissing.fxml, DefinitelyMissing.fxml. Check that src/main/resources is on classpath.
java.lang.IllegalStateException: FXML not found. Tried: /com/appointmentscheduler/presentation/DefinitelyMissing.fxml, com/appointmentscheduler/presentation/DefinitelyMissing.fxml, DefinitelyMissing.fxml. Check that src/main/resources is on classpath.
	at com.appointmentscheduler@1.0-SNAPSHOT/com.appointmentscheduler.presentation.MainApp.loadScreen(MainApp.java:394)
	at com.appointmentscheduler@1.0-SNAPSHOT/com.appointmentscheduler.presentation.MainAppInternalsCoverageTest.lambda$loadScreen_missingFxml_hitsCatch_and_resetsInProgressFlag$0(MainAppInternalsCoverageTest.java:279)
	at org.assertj.core.api.ThrowableAssert.catchThrowable(ThrowableAssert.java:63)
	at org.assertj.core.api.AssertionsForClassTypes.catchThrowable(AssertionsForClassTypes.java:892)
	at org.assertj.core.api.AssertionsForClassTypes.assertThatCode(AssertionsForClassTypes.java:863)
	at org.assertj.core.api.Assertions.assertThatCode(Assertions.java:1287)
	at com.appointmentscheduler@1.0-SNAPSHOT/com.appointmentscheduler.presentation.MainAppInternalsCoverageTest.loadScreen_missingFxml_hitsCatch_and_resetsInProgressFlag(MainAppInternalsCoverageTest.java:279)
	at java.base/jdk.internal.reflect.DirectMethodHandleAccessor.invoke(DirectMethodHandleAccessor.java:104)
	at java.base/java.lang.reflect.Method.invoke(Method.java:565)
	at org.junit.platform.commons.util.ReflectionUtils.invokeMethod(ReflectionUtils.java:728)
	at org.junit.jupiter.engine.execution.MethodInvocation.proceed(MethodInvocation.java:60)
	at org.junit.jupiter.engine.execution.InvocationInterceptorChain$ValidatingInvocation.proceed(InvocationInterceptorChain.java:131)
	at org.junit.jupiter.engine.extension.TimeoutExtension.intercept(TimeoutExtension.java:156)
	at org.junit.jupiter.engine.extension.TimeoutExtension.interceptTestableMethod(TimeoutExtension.java:147)
	at org.junit.jupiter.engine.extension.TimeoutExtension.interceptTestMethod(TimeoutExtension.java:86)
	at org.junit.jupiter.engine.execution.InterceptingExecutableInvoker$ReflectiveInterceptorCall.lambda$ofVoidMethod$0(InterceptingExecutableInvoker.java:103)
	at org.junit.jupiter.engine.execution.InterceptingExecutableInvoker.lambda$invoke$0(InterceptingExecutableInvoker.java:93)
	at org.junit.jupiter.engine.execution.InvocationInterceptorChain$InterceptedInvocation.proceed(InvocationInterceptorChain.java:106)
	at org.junit.jupiter.engine.execution.InvocationInterceptorChain.proceed(InvocationInterceptorChain.java:64)
	at org.junit.jupiter.engine.execution.InvocationInterceptorChain.chainAndInvoke(InvocationInterceptorChain.java:45)
	at org.junit.jupiter.engine.execution.InvocationInterceptorChain.invoke(InvocationInterceptorChain.java:37)
	at org.junit.jupiter.engine.execution.InterceptingExecutableInvoker.invoke(InterceptingExecutableInvoker.java:92)
	at org.junit.jupiter.engine.execution.InterceptingExecutableInvoker.invoke(InterceptingExecutableInvoker.java:86)
	at org.junit.jupiter.engine.descriptor.TestMethodTestDescriptor.lambda$invokeTestMethod$7(TestMethodTestDescriptor.java:218)
	at org.junit.platform.engine.support.hierarchical.ThrowableCollector.execute(ThrowableCollector.java:73)
	at org.junit.jupiter.engine.descriptor.TestMethodTestDescriptor.invokeTestMethod(TestMethodTestDescriptor.java:214)
	at org.junit.jupiter.engine.descriptor.TestMethodTestDescriptor.execute(TestMethodTestDescriptor.java:139)
	at org.junit.jupiter.engine.descriptor.TestMethodTestDescriptor.execute(TestMethodTestDescriptor.java:69)
	at org.junit.platform.engine.support.hierarchical.NodeTestTask.lambda$executeRecursively$6(NodeTestTask.java:151)
	at org.junit.platform.engine.support.hierarchical.ThrowableCollector.execute(ThrowableCollector.java:73)
	at org.junit.platform.engine.support.hierarchical.NodeTestTask.lambda$executeRecursively$8(NodeTestTask.java:141)
	at org.junit.platform.engine.support.hierarchical.Node.around(Node.java:137)
	at org.junit.platform.engine.support.hierarchical.NodeTestTask.lambda$executeRecursively$9(NodeTestTask.java:139)
	at org.junit.platform.engine.support.hierarchical.ThrowableCollector.execute(ThrowableCollector.java:73)
	at org.junit.platform.engine.support.hierarchical.NodeTestTask.executeRecursively(NodeTestTask.java:138)
	at org.junit.platform.engine.support.hierarchical.NodeTestTask.execute(NodeTestTask.java:95)
	at java.base/java.util.ArrayList.forEach(ArrayList.java:1604)
	at org.junit.platform.engine.support.hierarchical.SameThreadHierarchicalTestExecutorService.invokeAll(SameThreadHierarchicalTestExecutorService.java:41)
	at org.junit.platform.engine.support.hierarchical.NodeTestTask.lambda$executeRecursively$6(NodeTestTask.java:155)
	at org.junit.platform.engine.support.hierarchical.ThrowableCollector.execute(ThrowableCollector.java:73)
	at org.junit.platform.engine.support.hierarchical.NodeTestTask.lambda$executeRecursively$8(NodeTestTask.java:141)
	at org.junit.platform.engine.support.hierarchical.Node.around(Node.java:137)
	at org.junit.platform.engine.support.hierarchical.NodeTestTask.lambda$executeRecursively$9(NodeTestTask.java:139)
	at org.junit.platform.engine.support.hierarchical.ThrowableCollector.execute(ThrowableCollector.java:73)
	at org.junit.platform.engine.support.hierarchical.NodeTestTask.executeRecursively(NodeTestTask.java:138)
	at org.junit.platform.engine.support.hierarchical.NodeTestTask.execute(NodeTestTask.java:95)
	at java.base/java.util.ArrayList.forEach(ArrayList.java:1604)
	at org.junit.platform.engine.support.hierarchical.SameThreadHierarchicalTestExecutorService.invokeAll(SameThreadHierarchicalTestExecutorService.java:41)
	at org.junit.platform.engine.support.hierarchical.NodeTestTask.lambda$executeRecursively$6(NodeTestTask.java:155)
	at org.junit.platform.engine.support.hierarchical.ThrowableCollector.execute(ThrowableCollector.java:73)
	at org.junit.platform.engine.support.hierarchical.NodeTestTask.lambda$executeRecursively$8(NodeTestTask.java:141)
	at org.junit.platform.engine.support.hierarchical.Node.around(Node.java:137)
	at org.junit.platform.engine.support.hierarchical.NodeTestTask.lambda$executeRecursively$9(NodeTestTask.java:139)
	at org.junit.platform.engine.support.hierarchical.ThrowableCollector.execute(ThrowableCollector.java:73)
	at org.junit.platform.engine.support.hierarchical.NodeTestTask.executeRecursively(NodeTestTask.java:138)
	at org.junit.platform.engine.support.hierarchical.NodeTestTask.execute(NodeTestTask.java:95)
	at org.junit.platform.engine.support.hierarchical.SameThreadHierarchicalTestExecutorService.submit(SameThreadHierarchicalTestExecutorService.java:35)
	at org.junit.platform.engine.support.hierarchical.HierarchicalTestExecutor.execute(HierarchicalTestExecutor.java:57)
	at org.junit.platform.engine.support.hierarchical.HierarchicalTestEngine.execute(HierarchicalTestEngine.java:54)
	at org.junit.platform.launcher.core.EngineExecutionOrchestrator.execute(EngineExecutionOrchestrator.java:198)
	at org.junit.platform.launcher.core.EngineExecutionOrchestrator.execute(EngineExecutionOrchestrator.java:169)
	at org.junit.platform.launcher.core.EngineExecutionOrchestrator.execute(EngineExecutionOrchestrator.java:93)
	at org.junit.platform.launcher.core.EngineExecutionOrchestrator.lambda$execute$0(EngineExecutionOrchestrator.java:58)
	at org.junit.platform.launcher.core.EngineExecutionOrchestrator.withInterceptedStreams(EngineExecutionOrchestrator.java:141)
	at org.junit.platform.launcher.core.EngineExecutionOrchestrator.execute(EngineExecutionOrchestrator.java:57)
	at org.junit.platform.launcher.core.DefaultLauncher.execute(DefaultLauncher.java:103)
	at org.junit.platform.launcher.core.DefaultLauncher.execute(DefaultLauncher.java:85)
	at org.junit.platform.launcher.core.DelegatingLauncher.execute(DelegatingLauncher.java:47)
	at org.junit.platform.launcher.core.SessionPerRequestLauncher.execute(SessionPerRequestLauncher.java:63)
	at com.intellij.junit5.JUnit5IdeaTestRunner.startRunnerWithArgs(JUnit5IdeaTestRunner.java:66)
	at com.intellij.rt.junit.IdeaTestRunner$Repeater$1.execute(IdeaTestRunner.java:38)
	at com.intellij.rt.execution.junit.TestsRepeater.repeat(TestsRepeater.java:11)
	at com.intellij.rt.junit.IdeaTestRunner$Repeater.startRunnerWithArgs(IdeaTestRunner.java:35)
	at com.intellij.rt.junit.JUnitStarter.prepareStreamsAndStart(JUnitStarter.java:231)
	at com.intellij.rt.junit.JUnitStarter.main(JUnitStarter.java:55)
2026-04-15 18:45:18.402 [main] DEBUG c.a.application.AppointmentReminderService - Registered reminder channel: SMSNotification
2026-04-15 18:45:20.696 [main] DEBUG com.appointmentscheduler.application.AppConfig - Application configuration loaded
2026-04-15 18:45:20.696 [main] DEBUG com.appointmentscheduler.application.AppConfig - Merged application-local.properties
2026-04-15 18:45:21.271 [main] ERROR com.appointmentscheduler.presentation.MainApp - Failed to load screen: 
javafx.fxml.LoadException: 
/C:/Users/PC/Desktop/software%20project/AppointmentSystem/target/test-classes/com/appointmentscheduler/presentation/

	at javafx.fxml/javafx.fxml.FXMLLoader.constructLoadException(FXMLLoader.java:2714)
	at javafx.fxml/javafx.fxml.FXMLLoader.loadImpl(FXMLLoader.java:2657)
	at javafx.fxml/javafx.fxml.FXMLLoader.loadImpl(FXMLLoader.java:2555)
	at javafx.fxml/javafx.fxml.FXMLLoader.load(FXMLLoader.java:2523)
	at com.appointmentscheduler@1.0-SNAPSHOT/com.appointmentscheduler.presentation.MainApp.loadScreen(MainApp.java:397)
	at java.base/java.lang.invoke.MethodHandle.invokeWithArguments(MethodHandle.java:735)
	at org.mockito.internal.util.reflection.InstrumentationMemberAccessor$Dispatcher$ByteBuddy$LBnsSUls.invokeWithArguments(Unknown Source)
	at org.mockito.internal.util.reflection.InstrumentationMemberAccessor.invoke(InstrumentationMemberAccessor.java:265)
	at org.mockito.internal.util.reflection.ModuleMemberAccessor.invoke(ModuleMemberAccessor.java:55)
	at org.mockito.internal.creation.bytebuddy.MockMethodAdvice.tryInvoke(MockMethodAdvice.java:316)
	at org.mockito.internal.creation.bytebuddy.MockMethodAdvice$StaticMethodCall.invoke(MockMethodAdvice.java:308)
	at org.mockito.internal.invocation.InterceptedInvocation.callRealMethod(InterceptedInvocation.java:142)
	at org.mockito.internal.stubbing.answers.CallsRealMethods.answer(CallsRealMethods.java:45)
	at org.mockito.Answers.answer(Answers.java:90)
	at org.mockito.internal.handler.MockHandlerImpl.handle(MockHandlerImpl.java:111)
	at org.mockito.internal.handler.NullResultGuardian.handle(NullResultGuardian.java:29)
	at org.mockito.internal.handler.InvocationNotifierHandler.handle(InvocationNotifierHandler.java:34)
	at org.mockito.internal.creation.bytebuddy.access.MockMethodInterceptor.doIntercept(MockMethodInterceptor.java:84)
	at org.mockito.internal.creation.bytebuddy.MockMethodAdvice.handleStatic(MockMethodAdvice.java:150)
	at com.appointmentscheduler@1.0-SNAPSHOT/com.appointmentscheduler.presentation.MainApp.loadScreen(MainApp.java:381)
	at com.appointmentscheduler@1.0-SNAPSHOT/com.appointmentscheduler.presentation.MainAppInternalsCoverageTest.lambda$performLogout_nullOwner_primaryStageWithoutScene_coversOwnerFallbackTernary$1(MainAppInternalsCoverageTest.java:356)
	at org.mockito.internal.MockedStaticImpl.when(MockedStaticImpl.java:49)
	at com.appointmentscheduler@1.0-SNAPSHOT/com.appointmentscheduler.presentation.MainAppInternalsCoverageTest.performLogout_nullOwner_primaryStageWithoutScene_coversOwnerFallbackTernary(MainAppInternalsCoverageTest.java:356)
	at java.base/jdk.internal.reflect.DirectMethodHandleAccessor.invoke(DirectMethodHandleAccessor.java:104)
	at java.base/java.lang.reflect.Method.invoke(Method.java:565)
	at org.junit.platform.commons.util.ReflectionUtils.invokeMethod(ReflectionUtils.java:728)
	at org.junit.jupiter.engine.execution.MethodInvocation.proceed(MethodInvocation.java:60)
	at org.junit.jupiter.engine.execution.InvocationInterceptorChain$ValidatingInvocation.proceed(InvocationInterceptorChain.java:131)
	at org.junit.jupiter.engine.extension.TimeoutExtension.intercept(TimeoutExtension.java:156)
	at org.junit.jupiter.engine.extension.TimeoutExtension.interceptTestableMethod(TimeoutExtension.java:147)
	at org.junit.jupiter.engine.extension.TimeoutExtension.interceptTestMethod(TimeoutExtension.java:86)
	at org.junit.jupiter.engine.execution.InterceptingExecutableInvoker$ReflectiveInterceptorCall.lambda$ofVoidMethod$0(InterceptingExecutableInvoker.java:103)
	at org.junit.jupiter.engine.execution.InterceptingExecutableInvoker.lambda$invoke$0(InterceptingExecutableInvoker.java:93)
	at org.junit.jupiter.engine.execution.InvocationInterceptorChain$InterceptedInvocation.proceed(InvocationInterceptorChain.java:106)
	at org.junit.jupiter.engine.execution.InvocationInterceptorChain.proceed(InvocationInterceptorChain.java:64)
	at org.junit.jupiter.engine.execution.InvocationInterceptorChain.chainAndInvoke(InvocationInterceptorChain.java:45)
	at org.junit.jupiter.engine.execution.InvocationInterceptorChain.invoke(InvocationInterceptorChain.java:37)
	at org.junit.jupiter.engine.execution.InterceptingExecutableInvoker.invoke(InterceptingExecutableInvoker.java:92)
	at org.junit.jupiter.engine.execution.InterceptingExecutableInvoker.invoke(InterceptingExecutableInvoker.java:86)
	at org.junit.jupiter.engine.descriptor.TestMethodTestDescriptor.lambda$invokeTestMethod$7(TestMethodTestDescriptor.java:218)
	at org.junit.platform.engine.support.hierarchical.ThrowableCollector.execute(ThrowableCollector.java:73)
	at org.junit.jupiter.engine.descriptor.TestMethodTestDescriptor.invokeTestMethod(TestMethodTestDescriptor.java:214)
	at org.junit.jupiter.engine.descriptor.TestMethodTestDescriptor.execute(TestMethodTestDescriptor.java:139)
	at org.junit.jupiter.engine.descriptor.TestMethodTestDescriptor.execute(TestMethodTestDescriptor.java:69)
	at org.junit.platform.engine.support.hierarchical.NodeTestTask.lambda$executeRecursively$6(NodeTestTask.java:151)
	at org.junit.platform.engine.support.hierarchical.ThrowableCollector.execute(ThrowableCollector.java:73)
	at org.junit.platform.engine.support.hierarchical.NodeTestTask.lambda$executeRecursively$8(NodeTestTask.java:141)
	at org.junit.platform.engine.support.hierarchical.Node.around(Node.java:137)
	at org.junit.platform.engine.support.hierarchical.NodeTestTask.lambda$executeRecursively$9(NodeTestTask.java:139)
	at org.junit.platform.engine.support.hierarchical.ThrowableCollector.execute(ThrowableCollector.java:73)
	at org.junit.platform.engine.support.hierarchical.NodeTestTask.executeRecursively(NodeTestTask.java:138)
	at org.junit.platform.engine.support.hierarchical.NodeTestTask.execute(NodeTestTask.java:95)
	at java.base/java.util.ArrayList.forEach(ArrayList.java:1604)
	at org.junit.platform.engine.support.hierarchical.SameThreadHierarchicalTestExecutorService.invokeAll(SameThreadHierarchicalTestExecutorService.java:41)
	at org.junit.platform.engine.support.hierarchical.NodeTestTask.lambda$executeRecursively$6(NodeTestTask.java:155)
	at org.junit.platform.engine.support.hierarchical.ThrowableCollector.execute(ThrowableCollector.java:73)
	at org.junit.platform.engine.support.hierarchical.NodeTestTask.lambda$executeRecursively$8(NodeTestTask.java:141)
	at org.junit.platform.engine.support.hierarchical.Node.around(Node.java:137)
	at org.junit.platform.engine.support.hierarchical.NodeTestTask.lambda$executeRecursively$9(NodeTestTask.java:139)
	at org.junit.platform.engine.support.hierarchical.ThrowableCollector.execute(ThrowableCollector.java:73)
	at org.junit.platform.engine.support.hierarchical.NodeTestTask.executeRecursively(NodeTestTask.java:138)
	at org.junit.platform.engine.support.hierarchical.NodeTestTask.execute(NodeTestTask.java:95)
	at java.base/java.util.ArrayList.forEach(ArrayList.java:1604)
	at org.junit.platform.engine.support.hierarchical.SameThreadHierarchicalTestExecutorService.invokeAll(SameThreadHierarchicalTestExecutorService.java:41)
	at org.junit.platform.engine.support.hierarchical.NodeTestTask.lambda$executeRecursively$6(NodeTestTask.java:155)
	at org.junit.platform.engine.support.hierarchical.ThrowableCollector.execute(ThrowableCollector.java:73)
	at org.junit.platform.engine.support.hierarchical.NodeTestTask.lambda$executeRecursively$8(NodeTestTask.java:141)
	at org.junit.platform.engine.support.hierarchical.Node.around(Node.java:137)
	at org.junit.platform.engine.support.hierarchical.NodeTestTask.lambda$executeRecursively$9(NodeTestTask.java:139)
	at org.junit.platform.engine.support.hierarchical.ThrowableCollector.execute(ThrowableCollector.java:73)
	at org.junit.platform.engine.support.hierarchical.NodeTestTask.executeRecursively(NodeTestTask.java:138)
	at org.junit.platform.engine.support.hierarchical.NodeTestTask.execute(NodeTestTask.java:95)
	at org.junit.platform.engine.support.hierarchical.SameThreadHierarchicalTestExecutorService.submit(SameThreadHierarchicalTestExecutorService.java:35)
	at org.junit.platform.engine.support.hierarchical.HierarchicalTestExecutor.execute(HierarchicalTestExecutor.java:57)
	at org.junit.platform.engine.support.hierarchical.HierarchicalTestEngine.execute(HierarchicalTestEngine.java:54)
	at org.junit.platform.launcher.core.EngineExecutionOrchestrator.execute(EngineExecutionOrchestrator.java:198)
	at org.junit.platform.launcher.core.EngineExecutionOrchestrator.execute(EngineExecutionOrchestrator.java:169)
	at org.junit.platform.launcher.core.EngineExecutionOrchestrator.execute(EngineExecutionOrchestrator.java:93)
	at org.junit.platform.launcher.core.EngineExecutionOrchestrator.lambda$execute$0(EngineExecutionOrchestrator.java:58)
	at org.junit.platform.launcher.core.EngineExecutionOrchestrator.withInterceptedStreams(EngineExecutionOrchestrator.java:141)
	at org.junit.platform.launcher.core.EngineExecutionOrchestrator.execute(EngineExecutionOrchestrator.java:57)
	at org.junit.platform.launcher.core.DefaultLauncher.execute(DefaultLauncher.java:103)
	at org.junit.platform.launcher.core.DefaultLauncher.execute(DefaultLauncher.java:85)
	at org.junit.platform.launcher.core.DelegatingLauncher.execute(DelegatingLauncher.java:47)
	at org.junit.platform.launcher.core.SessionPerRequestLauncher.execute(SessionPerRequestLauncher.java:63)
	at com.intellij.junit5.JUnit5IdeaTestRunner.startRunnerWithArgs(JUnit5IdeaTestRunner.java:66)
	at com.intellij.rt.junit.IdeaTestRunner$Repeater$1.execute(IdeaTestRunner.java:38)
	at com.intellij.rt.execution.junit.TestsRepeater.repeat(TestsRepeater.java:11)
	at com.intellij.rt.junit.IdeaTestRunner$Repeater.startRunnerWithArgs(IdeaTestRunner.java:35)
	at com.intellij.rt.junit.JUnitStarter.prepareStreamsAndStart(JUnitStarter.java:231)
	at com.intellij.rt.junit.JUnitStarter.main(JUnitStarter.java:55)
Caused by: javax.xml.stream.XMLStreamException: ParseError at [row,col]:[1,1]
Message: Content is not allowed in prolog.
	at java.xml/com.sun.org.apache.xerces.internal.impl.XMLStreamReaderImpl.next(XMLStreamReaderImpl.java:652)
	at java.xml/javax.xml.stream.util.StreamReaderDelegate.next(StreamReaderDelegate.java:84)
	at javafx.fxml/javafx.fxml.FXMLLoader.loadImpl(FXMLLoader.java:2627)
	... 89 common frames omitted
2026-04-15 18:45:21.280 [main] ERROR com.appointmentscheduler.presentation.MainApp - Could not show error scene
java.lang.IllegalStateException: Not on FX application thread; currentThread = main
	at javafx.graphics/com.sun.javafx.tk.Toolkit.checkFxUserThread(Toolkit.java:297)
	at javafx.graphics/com.sun.javafx.tk.quantum.QuantumToolkit.checkFxUserThread(QuantumToolkit.java:458)
	at javafx.graphics/javafx.stage.Stage.setScene(Stage.java:269)
	at com.appointmentscheduler@1.0-SNAPSHOT/com.appointmentscheduler.presentation.MainApp.showErrorScene(MainApp.java:468)
	at java.base/java.lang.invoke.MethodHandle.invokeWithArguments(MethodHandle.java:735)
	at org.mockito.internal.util.reflection.InstrumentationMemberAccessor$Dispatcher$ByteBuddy$LBnsSUls.invokeWithArguments(Unknown Source)
	at org.mockito.internal.util.reflection.InstrumentationMemberAccessor.invoke(InstrumentationMemberAccessor.java:265)
	at org.mockito.internal.util.reflection.ModuleMemberAccessor.invoke(ModuleMemberAccessor.java:55)
	at org.mockito.internal.creation.bytebuddy.MockMethodAdvice.tryInvoke(MockMethodAdvice.java:316)
	at org.mockito.internal.creation.bytebuddy.MockMethodAdvice$StaticMethodCall.invoke(MockMethodAdvice.java:308)
	at org.mockito.internal.invocation.InterceptedInvocation.callRealMethod(InterceptedInvocation.java:142)
	at org.mockito.internal.stubbing.answers.CallsRealMethods.answer(CallsRealMethods.java:45)
	at org.mockito.Answers.answer(Answers.java:90)
	at org.mockito.internal.handler.MockHandlerImpl.handle(MockHandlerImpl.java:111)
	at org.mockito.internal.handler.NullResultGuardian.handle(NullResultGuardian.java:29)
	at org.mockito.internal.handler.InvocationNotifierHandler.handle(InvocationNotifierHandler.java:34)
	at org.mockito.internal.creation.bytebuddy.access.MockMethodInterceptor.doIntercept(MockMethodInterceptor.java:84)
	at org.mockito.internal.creation.bytebuddy.MockMethodAdvice.handleStatic(MockMethodAdvice.java:150)
	at com.appointmentscheduler@1.0-SNAPSHOT/com.appointmentscheduler.presentation.MainApp.showErrorScene(MainApp.java:459)
	at com.appointmentscheduler@1.0-SNAPSHOT/com.appointmentscheduler.presentation.MainApp.loadScreen(MainApp.java:416)
	at java.base/java.lang.invoke.MethodHandle.invokeWithArguments(MethodHandle.java:735)
	at org.mockito.internal.util.reflection.InstrumentationMemberAccessor$Dispatcher$ByteBuddy$LBnsSUls.invokeWithArguments(Unknown Source)
	at org.mockito.internal.util.reflection.InstrumentationMemberAccessor.invoke(InstrumentationMemberAccessor.java:265)
	at org.mockito.internal.util.reflection.ModuleMemberAccessor.invoke(ModuleMemberAccessor.java:55)
	at org.mockito.internal.creation.bytebuddy.MockMethodAdvice.tryInvoke(MockMethodAdvice.java:316)
	at org.mockito.internal.creation.bytebuddy.MockMethodAdvice$StaticMethodCall.invoke(MockMethodAdvice.java:308)
	at org.mockito.internal.invocation.InterceptedInvocation.callRealMethod(InterceptedInvocation.java:142)
	at org.mockito.internal.stubbing.answers.CallsRealMethods.answer(CallsRealMethods.java:45)
	at org.mockito.Answers.answer(Answers.java:90)
	at org.mockito.internal.handler.MockHandlerImpl.handle(MockHandlerImpl.java:111)
	at org.mockito.internal.handler.NullResultGuardian.handle(NullResultGuardian.java:29)
	at org.mockito.internal.handler.InvocationNotifierHandler.handle(InvocationNotifierHandler.java:34)
	at org.mockito.internal.creation.bytebuddy.access.MockMethodInterceptor.doIntercept(MockMethodInterceptor.java:84)
	at org.mockito.internal.creation.bytebuddy.MockMethodAdvice.handleStatic(MockMethodAdvice.java:150)
	at com.appointmentscheduler@1.0-SNAPSHOT/com.appointmentscheduler.presentation.MainApp.loadScreen(MainApp.java:381)
	at com.appointmentscheduler@1.0-SNAPSHOT/com.appointmentscheduler.presentation.MainAppInternalsCoverageTest.lambda$performLogout_nullOwner_primaryStageWithoutScene_coversOwnerFallbackTernary$1(MainAppInternalsCoverageTest.java:356)
	at org.mockito.internal.MockedStaticImpl.when(MockedStaticImpl.java:49)
	at com.appointmentscheduler@1.0-SNAPSHOT/com.appointmentscheduler.presentation.MainAppInternalsCoverageTest.performLogout_nullOwner_primaryStageWithoutScene_coversOwnerFallbackTernary(MainAppInternalsCoverageTest.java:356)
	at java.base/jdk.internal.reflect.DirectMethodHandleAccessor.invoke(DirectMethodHandleAccessor.java:104)
	at java.base/java.lang.reflect.Method.invoke(Method.java:565)
	at org.junit.platform.commons.util.ReflectionUtils.invokeMethod(ReflectionUtils.java:728)
	at org.junit.jupiter.engine.execution.MethodInvocation.proceed(MethodInvocation.java:60)
	at org.junit.jupiter.engine.execution.InvocationInterceptorChain$ValidatingInvocation.proceed(InvocationInterceptorChain.java:131)
	at org.junit.jupiter.engine.extension.TimeoutExtension.intercept(TimeoutExtension.java:156)
	at org.junit.jupiter.engine.extension.TimeoutExtension.interceptTestableMethod(TimeoutExtension.java:147)
	at org.junit.jupiter.engine.extension.TimeoutExtension.interceptTestMethod(TimeoutExtension.java:86)
	at org.junit.jupiter.engine.execution.InterceptingExecutableInvoker$ReflectiveInterceptorCall.lambda$ofVoidMethod$0(InterceptingExecutableInvoker.java:103)
	at org.junit.jupiter.engine.execution.InterceptingExecutableInvoker.lambda$invoke$0(InterceptingExecutableInvoker.java:93)
	at org.junit.jupiter.engine.execution.InvocationInterceptorChain$InterceptedInvocation.proceed(InvocationInterceptorChain.java:106)
	at org.junit.jupiter.engine.execution.InvocationInterceptorChain.proceed(InvocationInterceptorChain.java:64)
	at org.junit.jupiter.engine.execution.InvocationInterceptorChain.chainAndInvoke(InvocationInterceptorChain.java:45)
	at org.junit.jupiter.engine.execution.InvocationInterceptorChain.invoke(InvocationInterceptorChain.java:37)
	at org.junit.jupiter.engine.execution.InterceptingExecutableInvoker.invoke(InterceptingExecutableInvoker.java:92)
	at org.junit.jupiter.engine.execution.InterceptingExecutableInvoker.invoke(InterceptingExecutableInvoker.java:86)
	at org.junit.jupiter.engine.descriptor.TestMethodTestDescriptor.lambda$invokeTestMethod$7(TestMethodTestDescriptor.java:218)
	at org.junit.platform.engine.support.hierarchical.ThrowableCollector.execute(ThrowableCollector.java:73)
	at org.junit.jupiter.engine.descriptor.TestMethodTestDescriptor.invokeTestMethod(TestMethodTestDescriptor.java:214)
	at org.junit.jupiter.engine.descriptor.TestMethodTestDescriptor.execute(TestMethodTestDescriptor.java:139)
	at org.junit.jupiter.engine.descriptor.TestMethodTestDescriptor.execute(TestMethodTestDescriptor.java:69)
	at org.junit.platform.engine.support.hierarchical.NodeTestTask.lambda$executeRecursively$6(NodeTestTask.java:151)
	at org.junit.platform.engine.support.hierarchical.ThrowableCollector.execute(ThrowableCollector.java:73)
	at org.junit.platform.engine.support.hierarchical.NodeTestTask.lambda$executeRecursively$8(NodeTestTask.java:141)
	at org.junit.platform.engine.support.hierarchical.Node.around(Node.java:137)
	at org.junit.platform.engine.support.hierarchical.NodeTestTask.lambda$executeRecursively$9(NodeTestTask.java:139)
	at org.junit.platform.engine.support.hierarchical.ThrowableCollector.execute(ThrowableCollector.java:73)
	at org.junit.platform.engine.support.hierarchical.NodeTestTask.executeRecursively(NodeTestTask.java:138)
	at org.junit.platform.engine.support.hierarchical.NodeTestTask.execute(NodeTestTask.java:95)
	at java.base/java.util.ArrayList.forEach(ArrayList.java:1604)
	at org.junit.platform.engine.support.hierarchical.SameThreadHierarchicalTestExecutorService.invokeAll(SameThreadHierarchicalTestExecutorService.java:41)
	at org.junit.platform.engine.support.hierarchical.NodeTestTask.lambda$executeRecursively$6(NodeTestTask.java:155)
	at org.junit.platform.engine.support.hierarchical.ThrowableCollector.execute(ThrowableCollector.java:73)
	at org.junit.platform.engine.support.hierarchical.NodeTestTask.lambda$executeRecursively$8(NodeTestTask.java:141)
	at org.junit.platform.engine.support.hierarchical.Node.around(Node.java:137)
	at org.junit.platform.engine.support.hierarchical.NodeTestTask.lambda$executeRecursively$9(NodeTestTask.java:139)
	at org.junit.platform.engine.support.hierarchical.ThrowableCollector.execute(ThrowableCollector.java:73)
	at org.junit.platform.engine.support.hierarchical.NodeTestTask.executeRecursively(NodeTestTask.java:138)
	at org.junit.platform.engine.support.hierarchical.NodeTestTask.execute(NodeTestTask.java:95)
	at java.base/java.util.ArrayList.forEach(ArrayList.java:1604)
	at org.junit.platform.engine.support.hierarchical.SameThreadHierarchicalTestExecutorService.invokeAll(SameThreadHierarchicalTestExecutorService.java:41)
	at org.junit.platform.engine.support.hierarchical.NodeTestTask.lambda$executeRecursively$6(NodeTestTask.java:155)
	at org.junit.platform.engine.support.hierarchical.ThrowableCollector.execute(ThrowableCollector.java:73)
	at org.junit.platform.engine.support.hierarchical.NodeTestTask.lambda$executeRecursively$8(NodeTestTask.java:141)
	at org.junit.platform.engine.support.hierarchical.Node.around(Node.java:137)
	at org.junit.platform.engine.support.hierarchical.NodeTestTask.lambda$executeRecursively$9(NodeTestTask.java:139)
	at org.junit.platform.engine.support.hierarchical.ThrowableCollector.execute(ThrowableCollector.java:73)
	at org.junit.platform.engine.support.hierarchical.NodeTestTask.executeRecursively(NodeTestTask.java:138)
	at org.junit.platform.engine.support.hierarchical.NodeTestTask.execute(NodeTestTask.java:95)
	at org.junit.platform.engine.support.hierarchical.SameThreadHierarchicalTestExecutorService.submit(SameThreadHierarchicalTestExecutorService.java:35)
	at org.junit.platform.engine.support.hierarchical.HierarchicalTestExecutor.execute(HierarchicalTestExecutor.java:57)
	at org.junit.platform.engine.support.hierarchical.HierarchicalTestEngine.execute(HierarchicalTestEngine.java:54)
	at org.junit.platform.launcher.core.EngineExecutionOrchestrator.execute(EngineExecutionOrchestrator.java:198)
	at org.junit.platform.launcher.core.EngineExecutionOrchestrator.execute(EngineExecutionOrchestrator.java:169)
	at org.junit.platform.launcher.core.EngineExecutionOrchestrator.execute(EngineExecutionOrchestrator.java:93)
	at org.junit.platform.launcher.core.EngineExecutionOrchestrator.lambda$execute$0(EngineExecutionOrchestrator.java:58)
	at org.junit.platform.launcher.core.EngineExecutionOrchestrator.withInterceptedStreams(EngineExecutionOrchestrator.java:141)
	at org.junit.platform.launcher.core.EngineExecutionOrchestrator.execute(EngineExecutionOrchestrator.java:57)
	at org.junit.platform.launcher.core.DefaultLauncher.execute(DefaultLauncher.java:103)
	at org.junit.platform.launcher.core.DefaultLauncher.execute(DefaultLauncher.java:85)
	at org.junit.platform.launcher.core.DelegatingLauncher.execute(DelegatingLauncher.java:47)
	at org.junit.platform.launcher.core.SessionPerRequestLauncher.execute(SessionPerRequestLauncher.java:63)
	at com.intellij.junit5.JUnit5IdeaTestRunner.startRunnerWithArgs(JUnit5IdeaTestRunner.java:66)
	at com.intellij.rt.junit.IdeaTestRunner$Repeater$1.execute(IdeaTestRunner.java:38)
	at com.intellij.rt.execution.junit.TestsRepeater.repeat(TestsRepeater.java:11)
	at com.intellij.rt.junit.IdeaTestRunner$Repeater.startRunnerWithArgs(IdeaTestRunner.java:35)
	at com.intellij.rt.junit.JUnitStarter.prepareStreamsAndStart(JUnitStarter.java:231)
	at com.intellij.rt.junit.JUnitStarter.main(JUnitStarter.java:55)
2026-04-15 18:45:21.285 [JavaFX Application Thread] ERROR c.appointmentscheduler.presentation.ErrorHandler - Failed to load screen: 
/C:/Users/PC/Desktop/software%20project/AppointmentSystem/target/test-classes/com/appointmentscheduler/presentation/

javafx.fxml.LoadException: 
/C:/Users/PC/Desktop/software%20project/AppointmentSystem/target/test-classes/com/appointmentscheduler/presentation/

	at javafx.fxml/javafx.fxml.FXMLLoader.constructLoadException(FXMLLoader.java:2714)
	at javafx.fxml/javafx.fxml.FXMLLoader.loadImpl(FXMLLoader.java:2657)
	at javafx.fxml/javafx.fxml.FXMLLoader.loadImpl(FXMLLoader.java:2555)
	at javafx.fxml/javafx.fxml.FXMLLoader.load(FXMLLoader.java:2523)
	at com.appointmentscheduler@1.0-SNAPSHOT/com.appointmentscheduler.presentation.MainApp.loadScreen(MainApp.java:397)
	at java.base/java.lang.invoke.MethodHandle.invokeWithArguments(MethodHandle.java:735)
	at org.mockito.internal.util.reflection.InstrumentationMemberAccessor$Dispatcher$ByteBuddy$LBnsSUls.invokeWithArguments(Unknown Source)
	at org.mockito.internal.util.reflection.InstrumentationMemberAccessor.invoke(InstrumentationMemberAccessor.java:265)
	at org.mockito.internal.util.reflection.ModuleMemberAccessor.invoke(ModuleMemberAccessor.java:55)
	at org.mockito.internal.creation.bytebuddy.MockMethodAdvice.tryInvoke(MockMethodAdvice.java:316)
	at org.mockito.internal.creation.bytebuddy.MockMethodAdvice$StaticMethodCall.invoke(MockMethodAdvice.java:308)
	at org.mockito.internal.invocation.InterceptedInvocation.callRealMethod(InterceptedInvocation.java:142)
	at org.mockito.internal.stubbing.answers.CallsRealMethods.answer(CallsRealMethods.java:45)
	at org.mockito.Answers.answer(Answers.java:90)
	at org.mockito.internal.handler.MockHandlerImpl.handle(MockHandlerImpl.java:111)
	at org.mockito.internal.handler.NullResultGuardian.handle(NullResultGuardian.java:29)
	at org.mockito.internal.handler.InvocationNotifierHandler.handle(InvocationNotifierHandler.java:34)
	at org.mockito.internal.creation.bytebuddy.access.MockMethodInterceptor.doIntercept(MockMethodInterceptor.java:84)
	at org.mockito.internal.creation.bytebuddy.MockMethodAdvice.handleStatic(MockMethodAdvice.java:150)
	at com.appointmentscheduler@1.0-SNAPSHOT/com.appointmentscheduler.presentation.MainApp.loadScreen(MainApp.java:381)
	at com.appointmentscheduler@1.0-SNAPSHOT/com.appointmentscheduler.presentation.MainAppInternalsCoverageTest.lambda$performLogout_nullOwner_primaryStageWithoutScene_coversOwnerFallbackTernary$1(MainAppInternalsCoverageTest.java:356)
	at org.mockito.internal.MockedStaticImpl.when(MockedStaticImpl.java:49)
	at com.appointmentscheduler@1.0-SNAPSHOT/com.appointmentscheduler.presentation.MainAppInternalsCoverageTest.performLogout_nullOwner_primaryStageWithoutScene_coversOwnerFallbackTernary(MainAppInternalsCoverageTest.java:356)
	at java.base/jdk.internal.reflect.DirectMethodHandleAccessor.invoke(DirectMethodHandleAccessor.java:104)
	at java.base/java.lang.reflect.Method.invoke(Method.java:565)
	at org.junit.platform.commons.util.ReflectionUtils.invokeMethod(ReflectionUtils.java:728)
	at org.junit.jupiter.engine.execution.MethodInvocation.proceed(MethodInvocation.java:60)
	at org.junit.jupiter.engine.execution.InvocationInterceptorChain$ValidatingInvocation.proceed(InvocationInterceptorChain.java:131)
	at org.junit.jupiter.engine.extension.TimeoutExtension.intercept(TimeoutExtension.java:156)
	at org.junit.jupiter.engine.extension.TimeoutExtension.interceptTestableMethod(TimeoutExtension.java:147)
	at org.junit.jupiter.engine.extension.TimeoutExtension.interceptTestMethod(TimeoutExtension.java:86)
	at org.junit.jupiter.engine.execution.InterceptingExecutableInvoker$ReflectiveInterceptorCall.lambda$ofVoidMethod$0(InterceptingExecutableInvoker.java:103)
	at org.junit.jupiter.engine.execution.InterceptingExecutableInvoker.lambda$invoke$0(InterceptingExecutableInvoker.java:93)
	at org.junit.jupiter.engine.execution.InvocationInterceptorChain$InterceptedInvocation.proceed(InvocationInterceptorChain.java:106)
	at org.junit.jupiter.engine.execution.InvocationInterceptorChain.proceed(InvocationInterceptorChain.java:64)
	at org.junit.jupiter.engine.execution.InvocationInterceptorChain.chainAndInvoke(InvocationInterceptorChain.java:45)
	at org.junit.jupiter.engine.execution.InvocationInterceptorChain.invoke(InvocationInterceptorChain.java:37)
	at org.junit.jupiter.engine.execution.InterceptingExecutableInvoker.invoke(InterceptingExecutableInvoker.java:92)
	at org.junit.jupiter.engine.execution.InterceptingExecutableInvoker.invoke(InterceptingExecutableInvoker.java:86)
	at org.junit.jupiter.engine.descriptor.TestMethodTestDescriptor.lambda$invokeTestMethod$7(TestMethodTestDescriptor.java:218)
	at org.junit.platform.engine.support.hierarchical.ThrowableCollector.execute(ThrowableCollector.java:73)
	at org.junit.jupiter.engine.descriptor.TestMethodTestDescriptor.invokeTestMethod(TestMethodTestDescriptor.java:214)
	at org.junit.jupiter.engine.descriptor.TestMethodTestDescriptor.execute(TestMethodTestDescriptor.java:139)
	at org.junit.jupiter.engine.descriptor.TestMethodTestDescriptor.execute(TestMethodTestDescriptor.java:69)
	at org.junit.platform.engine.support.hierarchical.NodeTestTask.lambda$executeRecursively$6(NodeTestTask.java:151)
	at org.junit.platform.engine.support.hierarchical.ThrowableCollector.execute(ThrowableCollector.java:73)
	at org.junit.platform.engine.support.hierarchical.NodeTestTask.lambda$executeRecursively$8(NodeTestTask.java:141)
	at org.junit.platform.engine.support.hierarchical.Node.around(Node.java:137)
	at org.junit.platform.engine.support.hierarchical.NodeTestTask.lambda$executeRecursively$9(NodeTestTask.java:139)
	at org.junit.platform.engine.support.hierarchical.ThrowableCollector.execute(ThrowableCollector.java:73)
	at org.junit.platform.engine.support.hierarchical.NodeTestTask.executeRecursively(NodeTestTask.java:138)
	at org.junit.platform.engine.support.hierarchical.NodeTestTask.execute(NodeTestTask.java:95)
	at java.base/java.util.ArrayList.forEach(ArrayList.java:1604)
	at org.junit.platform.engine.support.hierarchical.SameThreadHierarchicalTestExecutorService.invokeAll(SameThreadHierarchicalTestExecutorService.java:41)
	at org.junit.platform.engine.support.hierarchical.NodeTestTask.lambda$executeRecursively$6(NodeTestTask.java:155)
	at org.junit.platform.engine.support.hierarchical.ThrowableCollector.execute(ThrowableCollector.java:73)
	at org.junit.platform.engine.support.hierarchical.NodeTestTask.lambda$executeRecursively$8(NodeTestTask.java:141)
	at org.junit.platform.engine.support.hierarchical.Node.around(Node.java:137)
	at org.junit.platform.engine.support.hierarchical.NodeTestTask.lambda$executeRecursively$9(NodeTestTask.java:139)
	at org.junit.platform.engine.support.hierarchical.ThrowableCollector.execute(ThrowableCollector.java:73)
	at org.junit.platform.engine.support.hierarchical.NodeTestTask.executeRecursively(NodeTestTask.java:138)
	at org.junit.platform.engine.support.hierarchical.NodeTestTask.execute(NodeTestTask.java:95)
	at java.base/java.util.ArrayList.forEach(ArrayList.java:1604)
	at org.junit.platform.engine.support.hierarchical.SameThreadHierarchicalTestExecutorService.invokeAll(SameThreadHierarchicalTestExecutorService.java:41)
	at org.junit.platform.engine.support.hierarchical.NodeTestTask.lambda$executeRecursively$6(NodeTestTask.java:155)
	at org.junit.platform.engine.support.hierarchical.ThrowableCollector.execute(ThrowableCollector.java:73)
	at org.junit.platform.engine.support.hierarchical.NodeTestTask.lambda$executeRecursively$8(NodeTestTask.java:141)
	at org.junit.platform.engine.support.hierarchical.Node.around(Node.java:137)
	at org.junit.platform.engine.support.hierarchical.NodeTestTask.lambda$executeRecursively$9(NodeTestTask.java:139)
	at org.junit.platform.engine.support.hierarchical.ThrowableCollector.execute(ThrowableCollector.java:73)
	at org.junit.platform.engine.support.hierarchical.NodeTestTask.executeRecursively(NodeTestTask.java:138)
	at org.junit.platform.engine.support.hierarchical.NodeTestTask.execute(NodeTestTask.java:95)
	at org.junit.platform.engine.support.hierarchical.SameThreadHierarchicalTestExecutorService.submit(SameThreadHierarchicalTestExecutorService.java:35)
	at org.junit.platform.engine.support.hierarchical.HierarchicalTestExecutor.execute(HierarchicalTestExecutor.java:57)
	at org.junit.platform.engine.support.hierarchical.HierarchicalTestEngine.execute(HierarchicalTestEngine.java:54)
	at org.junit.platform.launcher.core.EngineExecutionOrchestrator.execute(EngineExecutionOrchestrator.java:198)
	at org.junit.platform.launcher.core.EngineExecutionOrchestrator.execute(EngineExecutionOrchestrator.java:169)
	at org.junit.platform.launcher.core.EngineExecutionOrchestrator.execute(EngineExecutionOrchestrator.java:93)
	at org.junit.platform.launcher.core.EngineExecutionOrchestrator.lambda$execute$0(EngineExecutionOrchestrator.java:58)
	at org.junit.platform.launcher.core.EngineExecutionOrchestrator.withInterceptedStreams(EngineExecutionOrchestrator.java:141)
	at org.junit.platform.launcher.core.EngineExecutionOrchestrator.execute(EngineExecutionOrchestrator.java:57)
	at org.junit.platform.launcher.core.DefaultLauncher.execute(DefaultLauncher.java:103)
	at org.junit.platform.launcher.core.DefaultLauncher.execute(DefaultLauncher.java:85)
	at org.junit.platform.launcher.core.DelegatingLauncher.execute(DelegatingLauncher.java:47)
	at org.junit.platform.launcher.core.SessionPerRequestLauncher.execute(SessionPerRequestLauncher.java:63)
	at com.intellij.junit5.JUnit5IdeaTestRunner.startRunnerWithArgs(JUnit5IdeaTestRunner.java:66)
	at com.intellij.rt.junit.IdeaTestRunner$Repeater$1.execute(IdeaTestRunner.java:38)
	at com.intellij.rt.execution.junit.TestsRepeater.repeat(TestsRepeater.java:11)
	at com.intellij.rt.junit.IdeaTestRunner$Repeater.startRunnerWithArgs(IdeaTestRunner.java:35)
	at com.intellij.rt.junit.JUnitStarter.prepareStreamsAndStart(JUnitStarter.java:231)
	at com.intellij.rt.junit.JUnitStarter.main(JUnitStarter.java:55)
Caused by: javax.xml.stream.XMLStreamException: ParseError at [row,col]:[1,1]
Message: Content is not allowed in prolog.
	at java.xml/com.sun.org.apache.xerces.internal.impl.XMLStreamReaderImpl.next(XMLStreamReaderImpl.java:652)
	at java.xml/javax.xml.stream.util.StreamReaderDelegate.next(StreamReaderDelegate.java:84)
	at javafx.fxml/javafx.fxml.FXMLLoader.loadImpl(FXMLLoader.java:2627)
	... 89 common frames omitted
2026-04-15 18:45:21.326 [main] DEBUG com.appointmentscheduler.application.AppConfig - Application configuration loaded
2026-04-15 18:45:21.327 [main] DEBUG com.appointmentscheduler.application.AppConfig - Merged application-local.properties
2026-04-15 18:45:21.340 [main] DEBUG com.appointmentscheduler.application.AppConfig - Application configuration loaded
2026-04-15 18:45:21.341 [main] DEBUG com.appointmentscheduler.application.AppConfig - Merged application-local.properties
2026-04-15 18:45:21.455 [main] ERROR com.appointmentscheduler.presentation.MainApp - Failed to load screen: 
javafx.fxml.LoadException: 
/C:/Users/PC/Desktop/software%20project/AppointmentSystem/target/test-classes/com/appointmentscheduler/presentation/

	at javafx.fxml/javafx.fxml.FXMLLoader.constructLoadException(FXMLLoader.java:2714)
	at javafx.fxml/javafx.fxml.FXMLLoader.loadImpl(FXMLLoader.java:2657)
	at javafx.fxml/javafx.fxml.FXMLLoader.loadImpl(FXMLLoader.java:2555)
	at javafx.fxml/javafx.fxml.FXMLLoader.load(FXMLLoader.java:2523)
	at com.appointmentscheduler@1.0-SNAPSHOT/com.appointmentscheduler.presentation.MainApp.loadScreen(MainApp.java:397)
	at java.base/java.lang.invoke.MethodHandle.invokeWithArguments(MethodHandle.java:735)
	at org.mockito.internal.util.reflection.InstrumentationMemberAccessor$Dispatcher$ByteBuddy$LBnsSUls.invokeWithArguments(Unknown Source)
	at org.mockito.internal.util.reflection.InstrumentationMemberAccessor.invoke(InstrumentationMemberAccessor.java:265)
	at org.mockito.internal.util.reflection.ModuleMemberAccessor.invoke(ModuleMemberAccessor.java:55)
	at org.mockito.internal.creation.bytebuddy.MockMethodAdvice.tryInvoke(MockMethodAdvice.java:316)
	at org.mockito.internal.creation.bytebuddy.MockMethodAdvice$StaticMethodCall.invoke(MockMethodAdvice.java:308)
	at org.mockito.internal.invocation.InterceptedInvocation.callRealMethod(InterceptedInvocation.java:142)
	at org.mockito.internal.stubbing.answers.CallsRealMethods.answer(CallsRealMethods.java:45)
	at org.mockito.Answers.answer(Answers.java:90)
	at org.mockito.internal.handler.MockHandlerImpl.handle(MockHandlerImpl.java:111)
	at org.mockito.internal.handler.NullResultGuardian.handle(NullResultGuardian.java:29)
	at org.mockito.internal.handler.InvocationNotifierHandler.handle(InvocationNotifierHandler.java:34)
	at org.mockito.internal.creation.bytebuddy.access.MockMethodInterceptor.doIntercept(MockMethodInterceptor.java:84)
	at org.mockito.internal.creation.bytebuddy.MockMethodAdvice.handleStatic(MockMethodAdvice.java:150)
	at com.appointmentscheduler@1.0-SNAPSHOT/com.appointmentscheduler.presentation.MainApp.loadScreen(MainApp.java:381)
	at com.appointmentscheduler@1.0-SNAPSHOT/com.appointmentscheduler.presentation.MainAppInternalsCoverageTest.lambda$performLogout_nullOwner_primaryStageWithScene_coversOwnerFallbackWindowPath$2(MainAppInternalsCoverageTest.java:381)
	at org.mockito.internal.MockedStaticImpl.when(MockedStaticImpl.java:49)
	at com.appointmentscheduler@1.0-SNAPSHOT/com.appointmentscheduler.presentation.MainAppInternalsCoverageTest.performLogout_nullOwner_primaryStageWithScene_coversOwnerFallbackWindowPath(MainAppInternalsCoverageTest.java:381)
	at java.base/jdk.internal.reflect.DirectMethodHandleAccessor.invoke(DirectMethodHandleAccessor.java:104)
	at java.base/java.lang.reflect.Method.invoke(Method.java:565)
	at org.junit.platform.commons.util.ReflectionUtils.invokeMethod(ReflectionUtils.java:728)
	at org.junit.jupiter.engine.execution.MethodInvocation.proceed(MethodInvocation.java:60)
	at org.junit.jupiter.engine.execution.InvocationInterceptorChain$ValidatingInvocation.proceed(InvocationInterceptorChain.java:131)
	at org.junit.jupiter.engine.extension.TimeoutExtension.intercept(TimeoutExtension.java:156)
	at org.junit.jupiter.engine.extension.TimeoutExtension.interceptTestableMethod(TimeoutExtension.java:147)
	at org.junit.jupiter.engine.extension.TimeoutExtension.interceptTestMethod(TimeoutExtension.java:86)
	at org.junit.jupiter.engine.execution.InterceptingExecutableInvoker$ReflectiveInterceptorCall.lambda$ofVoidMethod$0(InterceptingExecutableInvoker.java:103)
	at org.junit.jupiter.engine.execution.InterceptingExecutableInvoker.lambda$invoke$0(InterceptingExecutableInvoker.java:93)
	at org.junit.jupiter.engine.execution.InvocationInterceptorChain$InterceptedInvocation.proceed(InvocationInterceptorChain.java:106)
	at org.junit.jupiter.engine.execution.InvocationInterceptorChain.proceed(InvocationInterceptorChain.java:64)
	at org.junit.jupiter.engine.execution.InvocationInterceptorChain.chainAndInvoke(InvocationInterceptorChain.java:45)
	at org.junit.jupiter.engine.execution.InvocationInterceptorChain.invoke(InvocationInterceptorChain.java:37)
	at org.junit.jupiter.engine.execution.InterceptingExecutableInvoker.invoke(InterceptingExecutableInvoker.java:92)
	at org.junit.jupiter.engine.execution.InterceptingExecutableInvoker.invoke(InterceptingExecutableInvoker.java:86)
	at org.junit.jupiter.engine.descriptor.TestMethodTestDescriptor.lambda$invokeTestMethod$7(TestMethodTestDescriptor.java:218)
	at org.junit.platform.engine.support.hierarchical.ThrowableCollector.execute(ThrowableCollector.java:73)
	at org.junit.jupiter.engine.descriptor.TestMethodTestDescriptor.invokeTestMethod(TestMethodTestDescriptor.java:214)
	at org.junit.jupiter.engine.descriptor.TestMethodTestDescriptor.execute(TestMethodTestDescriptor.java:139)
	at org.junit.jupiter.engine.descriptor.TestMethodTestDescriptor.execute(TestMethodTestDescriptor.java:69)
	at org.junit.platform.engine.support.hierarchical.NodeTestTask.lambda$executeRecursively$6(NodeTestTask.java:151)
	at org.junit.platform.engine.support.hierarchical.ThrowableCollector.execute(ThrowableCollector.java:73)
	at org.junit.platform.engine.support.hierarchical.NodeTestTask.lambda$executeRecursively$8(NodeTestTask.java:141)
	at org.junit.platform.engine.support.hierarchical.Node.around(Node.java:137)
	at org.junit.platform.engine.support.hierarchical.NodeTestTask.lambda$executeRecursively$9(NodeTestTask.java:139)
	at org.junit.platform.engine.support.hierarchical.ThrowableCollector.execute(ThrowableCollector.java:73)
	at org.junit.platform.engine.support.hierarchical.NodeTestTask.executeRecursively(NodeTestTask.java:138)
	at org.junit.platform.engine.support.hierarchical.NodeTestTask.execute(NodeTestTask.java:95)
	at java.base/java.util.ArrayList.forEach(ArrayList.java:1604)
	at org.junit.platform.engine.support.hierarchical.SameThreadHierarchicalTestExecutorService.invokeAll(SameThreadHierarchicalTestExecutorService.java:41)
	at org.junit.platform.engine.support.hierarchical.NodeTestTask.lambda$executeRecursively$6(NodeTestTask.java:155)
	at org.junit.platform.engine.support.hierarchical.ThrowableCollector.execute(ThrowableCollector.java:73)
	at org.junit.platform.engine.support.hierarchical.NodeTestTask.lambda$executeRecursively$8(NodeTestTask.java:141)
	at org.junit.platform.engine.support.hierarchical.Node.around(Node.java:137)
	at org.junit.platform.engine.support.hierarchical.NodeTestTask.lambda$executeRecursively$9(NodeTestTask.java:139)
	at org.junit.platform.engine.support.hierarchical.ThrowableCollector.execute(ThrowableCollector.java:73)
	at org.junit.platform.engine.support.hierarchical.NodeTestTask.executeRecursively(NodeTestTask.java:138)
	at org.junit.platform.engine.support.hierarchical.NodeTestTask.execute(NodeTestTask.java:95)
	at java.base/java.util.ArrayList.forEach(ArrayList.java:1604)
	at org.junit.platform.engine.support.hierarchical.SameThreadHierarchicalTestExecutorService.invokeAll(SameThreadHierarchicalTestExecutorService.java:41)
	at org.junit.platform.engine.support.hierarchical.NodeTestTask.lambda$executeRecursively$6(NodeTestTask.java:155)
	at org.junit.platform.engine.support.hierarchical.ThrowableCollector.execute(ThrowableCollector.java:73)
	at org.junit.platform.engine.support.hierarchical.NodeTestTask.lambda$executeRecursively$8(NodeTestTask.java:141)
	at org.junit.platform.engine.support.hierarchical.Node.around(Node.java:137)
	at org.junit.platform.engine.support.hierarchical.NodeTestTask.lambda$executeRecursively$9(NodeTestTask.java:139)
	at org.junit.platform.engine.support.hierarchical.ThrowableCollector.execute(ThrowableCollector.java:73)
	at org.junit.platform.engine.support.hierarchical.NodeTestTask.executeRecursively(NodeTestTask.java:138)
	at org.junit.platform.engine.support.hierarchical.NodeTestTask.execute(NodeTestTask.java:95)
	at org.junit.platform.engine.support.hierarchical.SameThreadHierarchicalTestExecutorService.submit(SameThreadHierarchicalTestExecutorService.java:35)
	at org.junit.platform.engine.support.hierarchical.HierarchicalTestExecutor.execute(HierarchicalTestExecutor.java:57)
	at org.junit.platform.engine.support.hierarchical.HierarchicalTestEngine.execute(HierarchicalTestEngine.java:54)
	at org.junit.platform.launcher.core.EngineExecutionOrchestrator.execute(EngineExecutionOrchestrator.java:198)
	at org.junit.platform.launcher.core.EngineExecutionOrchestrator.execute(EngineExecutionOrchestrator.java:169)
	at org.junit.platform.launcher.core.EngineExecutionOrchestrator.execute(EngineExecutionOrchestrator.java:93)
	at org.junit.platform.launcher.core.EngineExecutionOrchestrator.lambda$execute$0(EngineExecutionOrchestrator.java:58)
	at org.junit.platform.launcher.core.EngineExecutionOrchestrator.withInterceptedStreams(EngineExecutionOrchestrator.java:141)
	at org.junit.platform.launcher.core.EngineExecutionOrchestrator.execute(EngineExecutionOrchestrator.java:57)
	at org.junit.platform.launcher.core.DefaultLauncher.execute(DefaultLauncher.java:103)
	at org.junit.platform.launcher.core.DefaultLauncher.execute(DefaultLauncher.java:85)
	at org.junit.platform.launcher.core.DelegatingLauncher.execute(DelegatingLauncher.java:47)
	at org.junit.platform.launcher.core.SessionPerRequestLauncher.execute(SessionPerRequestLauncher.java:63)
	at com.intellij.junit5.JUnit5IdeaTestRunner.startRunnerWithArgs(JUnit5IdeaTestRunner.java:66)
	at com.intellij.rt.junit.IdeaTestRunner$Repeater$1.execute(IdeaTestRunner.java:38)
	at com.intellij.rt.execution.junit.TestsRepeater.repeat(TestsRepeater.java:11)
	at com.intellij.rt.junit.IdeaTestRunner$Repeater.startRunnerWithArgs(IdeaTestRunner.java:35)
	at com.intellij.rt.junit.JUnitStarter.prepareStreamsAndStart(JUnitStarter.java:231)
	at com.intellij.rt.junit.JUnitStarter.main(JUnitStarter.java:55)
Caused by: javax.xml.stream.XMLStreamException: ParseError at [row,col]:[1,1]
Message: Content is not allowed in prolog.
	at java.xml/com.sun.org.apache.xerces.internal.impl.XMLStreamReaderImpl.next(XMLStreamReaderImpl.java:652)
	at java.xml/javax.xml.stream.util.StreamReaderDelegate.next(StreamReaderDelegate.java:84)
	at javafx.fxml/javafx.fxml.FXMLLoader.loadImpl(FXMLLoader.java:2627)
	... 89 common frames omitted
2026-04-15 18:45:21.472 [main] ERROR com.appointmentscheduler.presentation.MainApp - Could not show error scene
java.lang.IllegalStateException: Not on FX application thread; currentThread = main
	at javafx.graphics/com.sun.javafx.tk.Toolkit.checkFxUserThread(Toolkit.java:297)
	at javafx.graphics/com.sun.javafx.tk.quantum.QuantumToolkit.checkFxUserThread(QuantumToolkit.java:458)
	at javafx.graphics/javafx.stage.Stage.setScene(Stage.java:269)
	at com.appointmentscheduler@1.0-SNAPSHOT/com.appointmentscheduler.presentation.MainApp.showErrorScene(MainApp.java:468)
	at java.base/java.lang.invoke.MethodHandle.invokeWithArguments(MethodHandle.java:735)
	at org.mockito.internal.util.reflection.InstrumentationMemberAccessor$Dispatcher$ByteBuddy$LBnsSUls.invokeWithArguments(Unknown Source)
	at org.mockito.internal.util.reflection.InstrumentationMemberAccessor.invoke(InstrumentationMemberAccessor.java:265)
	at org.mockito.internal.util.reflection.ModuleMemberAccessor.invoke(ModuleMemberAccessor.java:55)
	at org.mockito.internal.creation.bytebuddy.MockMethodAdvice.tryInvoke(MockMethodAdvice.java:316)
	at org.mockito.internal.creation.bytebuddy.MockMethodAdvice$StaticMethodCall.invoke(MockMethodAdvice.java:308)
	at org.mockito.internal.invocation.InterceptedInvocation.callRealMethod(InterceptedInvocation.java:142)
	at org.mockito.internal.stubbing.answers.CallsRealMethods.answer(CallsRealMethods.java:45)
	at org.mockito.Answers.answer(Answers.java:90)
	at org.mockito.internal.handler.MockHandlerImpl.handle(MockHandlerImpl.java:111)
	at org.mockito.internal.handler.NullResultGuardian.handle(NullResultGuardian.java:29)
	at org.mockito.internal.handler.InvocationNotifierHandler.handle(InvocationNotifierHandler.java:34)
	at org.mockito.internal.creation.bytebuddy.access.MockMethodInterceptor.doIntercept(MockMethodInterceptor.java:84)
	at org.mockito.internal.creation.bytebuddy.MockMethodAdvice.handleStatic(MockMethodAdvice.java:150)
	at com.appointmentscheduler@1.0-SNAPSHOT/com.appointmentscheduler.presentation.MainApp.showErrorScene(MainApp.java:459)
	at com.appointmentscheduler@1.0-SNAPSHOT/com.appointmentscheduler.presentation.MainApp.loadScreen(MainApp.java:416)
	at java.base/java.lang.invoke.MethodHandle.invokeWithArguments(MethodHandle.java:735)
	at org.mockito.internal.util.reflection.InstrumentationMemberAccessor$Dispatcher$ByteBuddy$LBnsSUls.invokeWithArguments(Unknown Source)
	at org.mockito.internal.util.reflection.InstrumentationMemberAccessor.invoke(InstrumentationMemberAccessor.java:265)
	at org.mockito.internal.util.reflection.ModuleMemberAccessor.invoke(ModuleMemberAccessor.java:55)
	at org.mockito.internal.creation.bytebuddy.MockMethodAdvice.tryInvoke(MockMethodAdvice.java:316)
	at org.mockito.internal.creation.bytebuddy.MockMethodAdvice$StaticMethodCall.invoke(MockMethodAdvice.java:308)
	at org.mockito.internal.invocation.InterceptedInvocation.callRealMethod(InterceptedInvocation.java:142)
	at org.mockito.internal.stubbing.answers.CallsRealMethods.answer(CallsRealMethods.java:45)
	at org.mockito.Answers.answer(Answers.java:90)
	at org.mockito.internal.handler.MockHandlerImpl.handle(MockHandlerImpl.java:111)
	at org.mockito.internal.handler.NullResultGuardian.handle(NullResultGuardian.java:29)
	at org.mockito.internal.handler.InvocationNotifierHandler.handle(InvocationNotifierHandler.java:34)
	at org.mockito.internal.creation.bytebuddy.access.MockMethodInterceptor.doIntercept(MockMethodInterceptor.java:84)
	at org.mockito.internal.creation.bytebuddy.MockMethodAdvice.handleStatic(MockMethodAdvice.java:150)
	at com.appointmentscheduler@1.0-SNAPSHOT/com.appointmentscheduler.presentation.MainApp.loadScreen(MainApp.java:381)
	at com.appointmentscheduler@1.0-SNAPSHOT/com.appointmentscheduler.presentation.MainAppInternalsCoverageTest.lambda$performLogout_nullOwner_primaryStageWithScene_coversOwnerFallbackWindowPath$2(MainAppInternalsCoverageTest.java:381)
	at org.mockito.internal.MockedStaticImpl.when(MockedStaticImpl.java:49)
	at com.appointmentscheduler@1.0-SNAPSHOT/com.appointmentscheduler.presentation.MainAppInternalsCoverageTest.performLogout_nullOwner_primaryStageWithScene_coversOwnerFallbackWindowPath(MainAppInternalsCoverageTest.java:381)
	at java.base/jdk.internal.reflect.DirectMethodHandleAccessor.invoke(DirectMethodHandleAccessor.java:104)
	at java.base/java.lang.reflect.Method.invoke(Method.java:565)
	at org.junit.platform.commons.util.ReflectionUtils.invokeMethod(ReflectionUtils.java:728)
	at org.junit.jupiter.engine.execution.MethodInvocation.proceed(MethodInvocation.java:60)
	at org.junit.jupiter.engine.execution.InvocationInterceptorChain$ValidatingInvocation.proceed(InvocationInterceptorChain.java:131)
	at org.junit.jupiter.engine.extension.TimeoutExtension.intercept(TimeoutExtension.java:156)
	at org.junit.jupiter.engine.extension.TimeoutExtension.interceptTestableMethod(TimeoutExtension.java:147)
	at org.junit.jupiter.engine.extension.TimeoutExtension.interceptTestMethod(TimeoutExtension.java:86)
	at org.junit.jupiter.engine.execution.InterceptingExecutableInvoker$ReflectiveInterceptorCall.lambda$ofVoidMethod$0(InterceptingExecutableInvoker.java:103)
	at org.junit.jupiter.engine.execution.InterceptingExecutableInvoker.lambda$invoke$0(InterceptingExecutableInvoker.java:93)
	at org.junit.jupiter.engine.execution.InvocationInterceptorChain$InterceptedInvocation.proceed(InvocationInterceptorChain.java:106)
	at org.junit.jupiter.engine.execution.InvocationInterceptorChain.proceed(InvocationInterceptorChain.java:64)
	at org.junit.jupiter.engine.execution.InvocationInterceptorChain.chainAndInvoke(InvocationInterceptorChain.java:45)
	at org.junit.jupiter.engine.execution.InvocationInterceptorChain.invoke(InvocationInterceptorChain.java:37)
	at org.junit.jupiter.engine.execution.InterceptingExecutableInvoker.invoke(InterceptingExecutableInvoker.java:92)
	at org.junit.jupiter.engine.execution.InterceptingExecutableInvoker.invoke(InterceptingExecutableInvoker.java:86)
	at org.junit.jupiter.engine.descriptor.TestMethodTestDescriptor.lambda$invokeTestMethod$7(TestMethodTestDescriptor.java:218)
	at org.junit.platform.engine.support.hierarchical.ThrowableCollector.execute(ThrowableCollector.java:73)
	at org.junit.jupiter.engine.descriptor.TestMethodTestDescriptor.invokeTestMethod(TestMethodTestDescriptor.java:214)
	at org.junit.jupiter.engine.descriptor.TestMethodTestDescriptor.execute(TestMethodTestDescriptor.java:139)
	at org.junit.jupiter.engine.descriptor.TestMethodTestDescriptor.execute(TestMethodTestDescriptor.java:69)
	at org.junit.platform.engine.support.hierarchical.NodeTestTask.lambda$executeRecursively$6(NodeTestTask.java:151)
	at org.junit.platform.engine.support.hierarchical.ThrowableCollector.execute(ThrowableCollector.java:73)
	at org.junit.platform.engine.support.hierarchical.NodeTestTask.lambda$executeRecursively$8(NodeTestTask.java:141)
	at org.junit.platform.engine.support.hierarchical.Node.around(Node.java:137)
	at org.junit.platform.engine.support.hierarchical.NodeTestTask.lambda$executeRecursively$9(NodeTestTask.java:139)
	at org.junit.platform.engine.support.hierarchical.ThrowableCollector.execute(ThrowableCollector.java:73)
	at org.junit.platform.engine.support.hierarchical.NodeTestTask.executeRecursively(NodeTestTask.java:138)
	at org.junit.platform.engine.support.hierarchical.NodeTestTask.execute(NodeTestTask.java:95)
	at java.base/java.util.ArrayList.forEach(ArrayList.java:1604)
	at org.junit.platform.engine.support.hierarchical.SameThreadHierarchicalTestExecutorService.invokeAll(SameThreadHierarchicalTestExecutorService.java:41)
	at org.junit.platform.engine.support.hierarchical.NodeTestTask.lambda$executeRecursively$6(NodeTestTask.java:155)
	at org.junit.platform.engine.support.hierarchical.ThrowableCollector.execute(ThrowableCollector.java:73)
	at org.junit.platform.engine.support.hierarchical.NodeTestTask.lambda$executeRecursively$8(NodeTestTask.java:141)
	at org.junit.platform.engine.support.hierarchical.Node.around(Node.java:137)
	at org.junit.platform.engine.support.hierarchical.NodeTestTask.lambda$executeRecursively$9(NodeTestTask.java:139)
	at org.junit.platform.engine.support.hierarchical.ThrowableCollector.execute(ThrowableCollector.java:73)
	at org.junit.platform.engine.support.hierarchical.NodeTestTask.executeRecursively(NodeTestTask.java:138)
	at org.junit.platform.engine.support.hierarchical.NodeTestTask.execute(NodeTestTask.java:95)
	at java.base/java.util.ArrayList.forEach(ArrayList.java:1604)
	at org.junit.platform.engine.support.hierarchical.SameThreadHierarchicalTestExecutorService.invokeAll(SameThreadHierarchicalTestExecutorService.java:41)
	at org.junit.platform.engine.support.hierarchical.NodeTestTask.lambda$executeRecursively$6(NodeTestTask.java:155)
	at org.junit.platform.engine.support.hierarchical.ThrowableCollector.execute(ThrowableCollector.java:73)
	at org.junit.platform.engine.support.hierarchical.NodeTestTask.lambda$executeRecursively$8(NodeTestTask.java:141)
	at org.junit.platform.engine.support.hierarchical.Node.around(Node.java:137)
	at org.junit.platform.engine.support.hierarchical.NodeTestTask.lambda$executeRecursively$9(NodeTestTask.java:139)
	at org.junit.platform.engine.support.hierarchical.ThrowableCollector.execute(ThrowableCollector.java:73)
	at org.junit.platform.engine.support.hierarchical.NodeTestTask.executeRecursively(NodeTestTask.java:138)
	at org.junit.platform.engine.support.hierarchical.NodeTestTask.execute(NodeTestTask.java:95)
	at org.junit.platform.engine.support.hierarchical.SameThreadHierarchicalTestExecutorService.submit(SameThreadHierarchicalTestExecutorService.java:35)
	at org.junit.platform.engine.support.hierarchical.HierarchicalTestExecutor.execute(HierarchicalTestExecutor.java:57)
	at org.junit.platform.engine.support.hierarchical.HierarchicalTestEngine.execute(HierarchicalTestEngine.java:54)
	at org.junit.platform.launcher.core.EngineExecutionOrchestrator.execute(EngineExecutionOrchestrator.java:198)
	at org.junit.platform.launcher.core.EngineExecutionOrchestrator.execute(EngineExecutionOrchestrator.java:169)
	at org.junit.platform.launcher.core.EngineExecutionOrchestrator.execute(EngineExecutionOrchestrator.java:93)
	at org.junit.platform.launcher.core.EngineExecutionOrchestrator.lambda$execute$0(EngineExecutionOrchestrator.java:58)
	at org.junit.platform.launcher.core.EngineExecutionOrchestrator.withInterceptedStreams(EngineExecutionOrchestrator.java:141)
	at org.junit.platform.launcher.core.EngineExecutionOrchestrator.execute(EngineExecutionOrchestrator.java:57)
	at org.junit.platform.launcher.core.DefaultLauncher.execute(DefaultLauncher.java:103)
	at org.junit.platform.launcher.core.DefaultLauncher.execute(DefaultLauncher.java:85)
	at org.junit.platform.launcher.core.DelegatingLauncher.execute(DelegatingLauncher.java:47)
	at org.junit.platform.launcher.core.SessionPerRequestLauncher.execute(SessionPerRequestLauncher.java:63)
	at com.intellij.junit5.JUnit5IdeaTestRunner.startRunnerWithArgs(JUnit5IdeaTestRunner.java:66)
	at com.intellij.rt.junit.IdeaTestRunner$Repeater$1.execute(IdeaTestRunner.java:38)
	at com.intellij.rt.execution.junit.TestsRepeater.repeat(TestsRepeater.java:11)
	at com.intellij.rt.junit.IdeaTestRunner$Repeater.startRunnerWithArgs(IdeaTestRunner.java:35)
	at com.intellij.rt.junit.JUnitStarter.prepareStreamsAndStart(JUnitStarter.java:231)
	at com.intellij.rt.junit.JUnitStarter.main(JUnitStarter.java:55)
2026-04-15 18:45:21.482 [JavaFX Application Thread] ERROR c.appointmentscheduler.presentation.ErrorHandler - Failed to load screen: 
/C:/Users/PC/Desktop/software%20project/AppointmentSystem/target/test-classes/com/appointmentscheduler/presentation/

javafx.fxml.LoadException: 
/C:/Users/PC/Desktop/software%20project/AppointmentSystem/target/test-classes/com/appointmentscheduler/presentation/

	at javafx.fxml/javafx.fxml.FXMLLoader.constructLoadException(FXMLLoader.java:2714)
	at javafx.fxml/javafx.fxml.FXMLLoader.loadImpl(FXMLLoader.java:2657)
	at javafx.fxml/javafx.fxml.FXMLLoader.loadImpl(FXMLLoader.java:2555)
	at javafx.fxml/javafx.fxml.FXMLLoader.load(FXMLLoader.java:2523)
	at com.appointmentscheduler@1.0-SNAPSHOT/com.appointmentscheduler.presentation.MainApp.loadScreen(MainApp.java:397)
	at java.base/java.lang.invoke.MethodHandle.invokeWithArguments(MethodHandle.java:735)
	at org.mockito.internal.util.reflection.InstrumentationMemberAccessor$Dispatcher$ByteBuddy$LBnsSUls.invokeWithArguments(Unknown Source)
	at org.mockito.internal.util.reflection.InstrumentationMemberAccessor.invoke(InstrumentationMemberAccessor.java:265)
	at org.mockito.internal.util.reflection.ModuleMemberAccessor.invoke(ModuleMemberAccessor.java:55)
	at org.mockito.internal.creation.bytebuddy.MockMethodAdvice.tryInvoke(MockMethodAdvice.java:316)
	at org.mockito.internal.creation.bytebuddy.MockMethodAdvice$StaticMethodCall.invoke(MockMethodAdvice.java:308)
	at org.mockito.internal.invocation.InterceptedInvocation.callRealMethod(InterceptedInvocation.java:142)
	at org.mockito.internal.stubbing.answers.CallsRealMethods.answer(CallsRealMethods.java:45)
	at org.mockito.Answers.answer(Answers.java:90)
	at org.mockito.internal.handler.MockHandlerImpl.handle(MockHandlerImpl.java:111)
	at org.mockito.internal.handler.NullResultGuardian.handle(NullResultGuardian.java:29)
	at org.mockito.internal.handler.InvocationNotifierHandler.handle(InvocationNotifierHandler.java:34)
	at org.mockito.internal.creation.bytebuddy.access.MockMethodInterceptor.doIntercept(MockMethodInterceptor.java:84)
	at org.mockito.internal.creation.bytebuddy.MockMethodAdvice.handleStatic(MockMethodAdvice.java:150)
	at com.appointmentscheduler@1.0-SNAPSHOT/com.appointmentscheduler.presentation.MainApp.loadScreen(MainApp.java:381)
	at com.appointmentscheduler@1.0-SNAPSHOT/com.appointmentscheduler.presentation.MainAppInternalsCoverageTest.lambda$performLogout_nullOwner_primaryStageWithScene_coversOwnerFallbackWindowPath$2(MainAppInternalsCoverageTest.java:381)
	at org.mockito.internal.MockedStaticImpl.when(MockedStaticImpl.java:49)
	at com.appointmentscheduler@1.0-SNAPSHOT/com.appointmentscheduler.presentation.MainAppInternalsCoverageTest.performLogout_nullOwner_primaryStageWithScene_coversOwnerFallbackWindowPath(MainAppInternalsCoverageTest.java:381)
	at java.base/jdk.internal.reflect.DirectMethodHandleAccessor.invoke(DirectMethodHandleAccessor.java:104)
	at java.base/java.lang.reflect.Method.invoke(Method.java:565)
	at org.junit.platform.commons.util.ReflectionUtils.invokeMethod(ReflectionUtils.java:728)
	at org.junit.jupiter.engine.execution.MethodInvocation.proceed(MethodInvocation.java:60)
	at org.junit.jupiter.engine.execution.InvocationInterceptorChain$ValidatingInvocation.proceed(InvocationInterceptorChain.java:131)
	at org.junit.jupiter.engine.extension.TimeoutExtension.intercept(TimeoutExtension.java:156)
	at org.junit.jupiter.engine.extension.TimeoutExtension.interceptTestableMethod(TimeoutExtension.java:147)
	at org.junit.jupiter.engine.extension.TimeoutExtension.interceptTestMethod(TimeoutExtension.java:86)
	at org.junit.jupiter.engine.execution.InterceptingExecutableInvoker$ReflectiveInterceptorCall.lambda$ofVoidMethod$0(InterceptingExecutableInvoker.java:103)
	at org.junit.jupiter.engine.execution.InterceptingExecutableInvoker.lambda$invoke$0(InterceptingExecutableInvoker.java:93)
	at org.junit.jupiter.engine.execution.InvocationInterceptorChain$InterceptedInvocation.proceed(InvocationInterceptorChain.java:106)
	at org.junit.jupiter.engine.execution.InvocationInterceptorChain.proceed(InvocationInterceptorChain.java:64)
	at org.junit.jupiter.engine.execution.InvocationInterceptorChain.chainAndInvoke(InvocationInterceptorChain.java:45)
	at org.junit.jupiter.engine.execution.InvocationInterceptorChain.invoke(InvocationInterceptorChain.java:37)
	at org.junit.jupiter.engine.execution.InterceptingExecutableInvoker.invoke(InterceptingExecutableInvoker.java:92)
	at org.junit.jupiter.engine.execution.InterceptingExecutableInvoker.invoke(InterceptingExecutableInvoker.java:86)
	at org.junit.jupiter.engine.descriptor.TestMethodTestDescriptor.lambda$invokeTestMethod$7(TestMethodTestDescriptor.java:218)
	at org.junit.platform.engine.support.hierarchical.ThrowableCollector.execute(ThrowableCollector.java:73)
	at org.junit.jupiter.engine.descriptor.TestMethodTestDescriptor.invokeTestMethod(TestMethodTestDescriptor.java:214)
	at org.junit.jupiter.engine.descriptor.TestMethodTestDescriptor.execute(TestMethodTestDescriptor.java:139)
	at org.junit.jupiter.engine.descriptor.TestMethodTestDescriptor.execute(TestMethodTestDescriptor.java:69)
	at org.junit.platform.engine.support.hierarchical.NodeTestTask.lambda$executeRecursively$6(NodeTestTask.java:151)
	at org.junit.platform.engine.support.hierarchical.ThrowableCollector.execute(ThrowableCollector.java:73)
	at org.junit.platform.engine.support.hierarchical.NodeTestTask.lambda$executeRecursively$8(NodeTestTask.java:141)
	at org.junit.platform.engine.support.hierarchical.Node.around(Node.java:137)
	at org.junit.platform.engine.support.hierarchical.NodeTestTask.lambda$executeRecursively$9(NodeTestTask.java:139)
	at org.junit.platform.engine.support.hierarchical.ThrowableCollector.execute(ThrowableCollector.java:73)
	at org.junit.platform.engine.support.hierarchical.NodeTestTask.executeRecursively(NodeTestTask.java:138)
	at org.junit.platform.engine.support.hierarchical.NodeTestTask.execute(NodeTestTask.java:95)
	at java.base/java.util.ArrayList.forEach(ArrayList.java:1604)
	at org.junit.platform.engine.support.hierarchical.SameThreadHierarchicalTestExecutorService.invokeAll(SameThreadHierarchicalTestExecutorService.java:41)
	at org.junit.platform.engine.support.hierarchical.NodeTestTask.lambda$executeRecursively$6(NodeTestTask.java:155)
	at org.junit.platform.engine.support.hierarchical.ThrowableCollector.execute(ThrowableCollector.java:73)
	at org.junit.platform.engine.support.hierarchical.NodeTestTask.lambda$executeRecursively$8(NodeTestTask.java:141)
	at org.junit.platform.engine.support.hierarchical.Node.around(Node.java:137)
	at org.junit.platform.engine.support.hierarchical.NodeTestTask.lambda$executeRecursively$9(NodeTestTask.java:139)
	at org.junit.platform.engine.support.hierarchical.ThrowableCollector.execute(ThrowableCollector.java:73)
	at org.junit.platform.engine.support.hierarchical.NodeTestTask.executeRecursively(NodeTestTask.java:138)
	at org.junit.platform.engine.support.hierarchical.NodeTestTask.execute(NodeTestTask.java:95)
	at java.base/java.util.ArrayList.forEach(ArrayList.java:1604)
	at org.junit.platform.engine.support.hierarchical.SameThreadHierarchicalTestExecutorService.invokeAll(SameThreadHierarchicalTestExecutorService.java:41)
	at org.junit.platform.engine.support.hierarchical.NodeTestTask.lambda$executeRecursively$6(NodeTestTask.java:155)
	at org.junit.platform.engine.support.hierarchical.ThrowableCollector.execute(ThrowableCollector.java:73)
	at org.junit.platform.engine.support.hierarchical.NodeTestTask.lambda$executeRecursively$8(NodeTestTask.java:141)
	at org.junit.platform.engine.support.hierarchical.Node.around(Node.java:137)
	at org.junit.platform.engine.support.hierarchical.NodeTestTask.lambda$executeRecursively$9(NodeTestTask.java:139)
	at org.junit.platform.engine.support.hierarchical.ThrowableCollector.execute(ThrowableCollector.java:73)
	at org.junit.platform.engine.support.hierarchical.NodeTestTask.executeRecursively(NodeTestTask.java:138)
	at org.junit.platform.engine.support.hierarchical.NodeTestTask.execute(NodeTestTask.java:95)
	at org.junit.platform.engine.support.hierarchical.SameThreadHierarchicalTestExecutorService.submit(SameThreadHierarchicalTestExecutorService.java:35)
	at org.junit.platform.engine.support.hierarchical.HierarchicalTestExecutor.execute(HierarchicalTestExecutor.java:57)
	at org.junit.platform.engine.support.hierarchical.HierarchicalTestEngine.execute(HierarchicalTestEngine.java:54)
	at org.junit.platform.launcher.core.EngineExecutionOrchestrator.execute(EngineExecutionOrchestrator.java:198)
	at org.junit.platform.launcher.core.EngineExecutionOrchestrator.execute(EngineExecutionOrchestrator.java:169)
	at org.junit.platform.launcher.core.EngineExecutionOrchestrator.execute(EngineExecutionOrchestrator.java:93)
	at org.junit.platform.launcher.core.EngineExecutionOrchestrator.lambda$execute$0(EngineExecutionOrchestrator.java:58)
	at org.junit.platform.launcher.core.EngineExecutionOrchestrator.withInterceptedStreams(EngineExecutionOrchestrator.java:141)
	at org.junit.platform.launcher.core.EngineExecutionOrchestrator.execute(EngineExecutionOrchestrator.java:57)
	at org.junit.platform.launcher.core.DefaultLauncher.execute(DefaultLauncher.java:103)
	at org.junit.platform.launcher.core.DefaultLauncher.execute(DefaultLauncher.java:85)
	at org.junit.platform.launcher.core.DelegatingLauncher.execute(DelegatingLauncher.java:47)
	at org.junit.platform.launcher.core.SessionPerRequestLauncher.execute(SessionPerRequestLauncher.java:63)
	at com.intellij.junit5.JUnit5IdeaTestRunner.startRunnerWithArgs(JUnit5IdeaTestRunner.java:66)
	at com.intellij.rt.junit.IdeaTestRunner$Repeater$1.execute(IdeaTestRunner.java:38)
	at com.intellij.rt.execution.junit.TestsRepeater.repeat(TestsRepeater.java:11)
	at com.intellij.rt.junit.IdeaTestRunner$Repeater.startRunnerWithArgs(IdeaTestRunner.java:35)
	at com.intellij.rt.junit.JUnitStarter.prepareStreamsAndStart(JUnitStarter.java:231)
	at com.intellij.rt.junit.JUnitStarter.main(JUnitStarter.java:55)
Caused by: javax.xml.stream.XMLStreamException: ParseError at [row,col]:[1,1]
Message: Content is not allowed in prolog.
	at java.xml/com.sun.org.apache.xerces.internal.impl.XMLStreamReaderImpl.next(XMLStreamReaderImpl.java:652)
	at java.xml/javax.xml.stream.util.StreamReaderDelegate.next(StreamReaderDelegate.java:84)
	at javafx.fxml/javafx.fxml.FXMLLoader.loadImpl(FXMLLoader.java:2627)
	... 89 common frames omitted
2026-04-15 18:45:21.487 [main] DEBUG com.appointmentscheduler.application.AppConfig - Application configuration loaded
2026-04-15 18:45:21.488 [main] DEBUG com.appointmentscheduler.application.AppConfig - Merged application-local.properties
2026-04-15 18:45:21.601 [main] ERROR c.appointmentscheduler.presentation.ErrorHandler - Service initialization failed: init failed
java.lang.RuntimeException: init failed
	at com.appointmentscheduler@1.0-SNAPSHOT/com.appointmentscheduler.presentation.MainAppInternalsCoverageTest.lambda$syntheticRunLaterErrorHandlers_invocable_forCoverage$1(MainAppInternalsCoverageTest.java:453)
	at org.assertj.core.api.ThrowableAssert.catchThrowable(ThrowableAssert.java:63)
	at org.assertj.core.api.AssertionsForClassTypes.catchThrowable(AssertionsForClassTypes.java:892)
	at org.assertj.core.api.AssertionsForClassTypes.assertThatCode(AssertionsForClassTypes.java:863)
	at org.assertj.core.api.Assertions.assertThatCode(Assertions.java:1287)
	at com.appointmentscheduler@1.0-SNAPSHOT/com.appointmentscheduler.presentation.MainAppInternalsCoverageTest.syntheticRunLaterErrorHandlers_invocable_forCoverage(MainAppInternalsCoverageTest.java:453)
	at java.base/jdk.internal.reflect.DirectMethodHandleAccessor.invoke(DirectMethodHandleAccessor.java:104)
	at java.base/java.lang.reflect.Method.invoke(Method.java:565)
	at org.junit.platform.commons.util.ReflectionUtils.invokeMethod(ReflectionUtils.java:728)
	at org.junit.jupiter.engine.execution.MethodInvocation.proceed(MethodInvocation.java:60)
	at org.junit.jupiter.engine.execution.InvocationInterceptorChain$ValidatingInvocation.proceed(InvocationInterceptorChain.java:131)
	at org.junit.jupiter.engine.extension.TimeoutExtension.intercept(TimeoutExtension.java:156)
	at org.junit.jupiter.engine.extension.TimeoutExtension.interceptTestableMethod(TimeoutExtension.java:147)
	at org.junit.jupiter.engine.extension.TimeoutExtension.interceptTestMethod(TimeoutExtension.java:86)
	at org.junit.jupiter.engine.execution.InterceptingExecutableInvoker$ReflectiveInterceptorCall.lambda$ofVoidMethod$0(InterceptingExecutableInvoker.java:103)
	at org.junit.jupiter.engine.execution.InterceptingExecutableInvoker.lambda$invoke$0(InterceptingExecutableInvoker.java:93)
	at org.junit.jupiter.engine.execution.InvocationInterceptorChain$InterceptedInvocation.proceed(InvocationInterceptorChain.java:106)
	at org.junit.jupiter.engine.execution.InvocationInterceptorChain.proceed(InvocationInterceptorChain.java:64)
	at org.junit.jupiter.engine.execution.InvocationInterceptorChain.chainAndInvoke(InvocationInterceptorChain.java:45)
	at org.junit.jupiter.engine.execution.InvocationInterceptorChain.invoke(InvocationInterceptorChain.java:37)
	at org.junit.jupiter.engine.execution.InterceptingExecutableInvoker.invoke(InterceptingExecutableInvoker.java:92)
	at org.junit.jupiter.engine.execution.InterceptingExecutableInvoker.invoke(InterceptingExecutableInvoker.java:86)
	at org.junit.jupiter.engine.descriptor.TestMethodTestDescriptor.lambda$invokeTestMethod$7(TestMethodTestDescriptor.java:218)
	at org.junit.platform.engine.support.hierarchical.ThrowableCollector.execute(ThrowableCollector.java:73)
	at org.junit.jupiter.engine.descriptor.TestMethodTestDescriptor.invokeTestMethod(TestMethodTestDescriptor.java:214)
	at org.junit.jupiter.engine.descriptor.TestMethodTestDescriptor.execute(TestMethodTestDescriptor.java:139)
	at org.junit.jupiter.engine.descriptor.TestMethodTestDescriptor.execute(TestMethodTestDescriptor.java:69)
	at org.junit.platform.engine.support.hierarchical.NodeTestTask.lambda$executeRecursively$6(NodeTestTask.java:151)
	at org.junit.platform.engine.support.hierarchical.ThrowableCollector.execute(ThrowableCollector.java:73)
	at org.junit.platform.engine.support.hierarchical.NodeTestTask.lambda$executeRecursively$8(NodeTestTask.java:141)
	at org.junit.platform.engine.support.hierarchical.Node.around(Node.java:137)
	at org.junit.platform.engine.support.hierarchical.NodeTestTask.lambda$executeRecursively$9(NodeTestTask.java:139)
	at org.junit.platform.engine.support.hierarchical.ThrowableCollector.execute(ThrowableCollector.java:73)
	at org.junit.platform.engine.support.hierarchical.NodeTestTask.executeRecursively(NodeTestTask.java:138)
	at org.junit.platform.engine.support.hierarchical.NodeTestTask.execute(NodeTestTask.java:95)
	at java.base/java.util.ArrayList.forEach(ArrayList.java:1604)
	at org.junit.platform.engine.support.hierarchical.SameThreadHierarchicalTestExecutorService.invokeAll(SameThreadHierarchicalTestExecutorService.java:41)
	at org.junit.platform.engine.support.hierarchical.NodeTestTask.lambda$executeRecursively$6(NodeTestTask.java:155)
	at org.junit.platform.engine.support.hierarchical.ThrowableCollector.execute(ThrowableCollector.java:73)
	at org.junit.platform.engine.support.hierarchical.NodeTestTask.lambda$executeRecursively$8(NodeTestTask.java:141)
	at org.junit.platform.engine.support.hierarchical.Node.around(Node.java:137)
	at org.junit.platform.engine.support.hierarchical.NodeTestTask.lambda$executeRecursively$9(NodeTestTask.java:139)
	at org.junit.platform.engine.support.hierarchical.ThrowableCollector.execute(ThrowableCollector.java:73)
	at org.junit.platform.engine.support.hierarchical.NodeTestTask.executeRecursively(NodeTestTask.java:138)
	at org.junit.platform.engine.support.hierarchical.NodeTestTask.execute(NodeTestTask.java:95)
	at java.base/java.util.ArrayList.forEach(ArrayList.java:1604)
	at org.junit.platform.engine.support.hierarchical.SameThreadHierarchicalTestExecutorService.invokeAll(SameThreadHierarchicalTestExecutorService.java:41)
	at org.junit.platform.engine.support.hierarchical.NodeTestTask.lambda$executeRecursively$6(NodeTestTask.java:155)
	at org.junit.platform.engine.support.hierarchical.ThrowableCollector.execute(ThrowableCollector.java:73)
	at org.junit.platform.engine.support.hierarchical.NodeTestTask.lambda$executeRecursively$8(NodeTestTask.java:141)
	at org.junit.platform.engine.support.hierarchical.Node.around(Node.java:137)
	at org.junit.platform.engine.support.hierarchical.NodeTestTask.lambda$executeRecursively$9(NodeTestTask.java:139)
	at org.junit.platform.engine.support.hierarchical.ThrowableCollector.execute(ThrowableCollector.java:73)
	at org.junit.platform.engine.support.hierarchical.NodeTestTask.executeRecursively(NodeTestTask.java:138)
	at org.junit.platform.engine.support.hierarchical.NodeTestTask.execute(NodeTestTask.java:95)
	at org.junit.platform.engine.support.hierarchical.SameThreadHierarchicalTestExecutorService.submit(SameThreadHierarchicalTestExecutorService.java:35)
	at org.junit.platform.engine.support.hierarchical.HierarchicalTestExecutor.execute(HierarchicalTestExecutor.java:57)
	at org.junit.platform.engine.support.hierarchical.HierarchicalTestEngine.execute(HierarchicalTestEngine.java:54)
	at org.junit.platform.launcher.core.EngineExecutionOrchestrator.execute(EngineExecutionOrchestrator.java:198)
	at org.junit.platform.launcher.core.EngineExecutionOrchestrator.execute(EngineExecutionOrchestrator.java:169)
	at org.junit.platform.launcher.core.EngineExecutionOrchestrator.execute(EngineExecutionOrchestrator.java:93)
	at org.junit.platform.launcher.core.EngineExecutionOrchestrator.lambda$execute$0(EngineExecutionOrchestrator.java:58)
	at org.junit.platform.launcher.core.EngineExecutionOrchestrator.withInterceptedStreams(EngineExecutionOrchestrator.java:141)
	at org.junit.platform.launcher.core.EngineExecutionOrchestrator.execute(EngineExecutionOrchestrator.java:57)
	at org.junit.platform.launcher.core.DefaultLauncher.execute(DefaultLauncher.java:103)
	at org.junit.platform.launcher.core.DefaultLauncher.execute(DefaultLauncher.java:85)
	at org.junit.platform.launcher.core.DelegatingLauncher.execute(DelegatingLauncher.java:47)
	at org.junit.platform.launcher.core.SessionPerRequestLauncher.execute(SessionPerRequestLauncher.java:63)
	at com.intellij.junit5.JUnit5IdeaTestRunner.startRunnerWithArgs(JUnit5IdeaTestRunner.java:66)
	at com.intellij.rt.junit.IdeaTestRunner$Repeater$1.execute(IdeaTestRunner.java:38)
	at com.intellij.rt.execution.junit.TestsRepeater.repeat(TestsRepeater.java:11)
	at com.intellij.rt.junit.IdeaTestRunner$Repeater.startRunnerWithArgs(IdeaTestRunner.java:35)
	at com.intellij.rt.junit.JUnitStarter.prepareStreamsAndStart(JUnitStarter.java:231)
	at com.intellij.rt.junit.JUnitStarter.main(JUnitStarter.java:55)
2026-04-15 18:45:21.606 [main] ERROR c.appointmentscheduler.presentation.ErrorHandler - Failed to load screen: load failed
java.lang.RuntimeException: x
	at com.appointmentscheduler@1.0-SNAPSHOT/com.appointmentscheduler.presentation.MainAppInternalsCoverageTest.lambda$syntheticRunLaterErrorHandlers_invocable_forCoverage$2(MainAppInternalsCoverageTest.java:457)
	at org.assertj.core.api.ThrowableAssert.catchThrowable(ThrowableAssert.java:63)
	at org.assertj.core.api.AssertionsForClassTypes.catchThrowable(AssertionsForClassTypes.java:892)
	at org.assertj.core.api.AssertionsForClassTypes.assertThatCode(AssertionsForClassTypes.java:863)
	at org.assertj.core.api.Assertions.assertThatCode(Assertions.java:1287)
	at com.appointmentscheduler@1.0-SNAPSHOT/com.appointmentscheduler.presentation.MainAppInternalsCoverageTest.syntheticRunLaterErrorHandlers_invocable_forCoverage(MainAppInternalsCoverageTest.java:457)
	at java.base/jdk.internal.reflect.DirectMethodHandleAccessor.invoke(DirectMethodHandleAccessor.java:104)
	at java.base/java.lang.reflect.Method.invoke(Method.java:565)
	at org.junit.platform.commons.util.ReflectionUtils.invokeMethod(ReflectionUtils.java:728)
	at org.junit.jupiter.engine.execution.MethodInvocation.proceed(MethodInvocation.java:60)
	at org.junit.jupiter.engine.execution.InvocationInterceptorChain$ValidatingInvocation.proceed(InvocationInterceptorChain.java:131)
	at org.junit.jupiter.engine.extension.TimeoutExtension.intercept(TimeoutExtension.java:156)
	at org.junit.jupiter.engine.extension.TimeoutExtension.interceptTestableMethod(TimeoutExtension.java:147)
	at org.junit.jupiter.engine.extension.TimeoutExtension.interceptTestMethod(TimeoutExtension.java:86)
	at org.junit.jupiter.engine.execution.InterceptingExecutableInvoker$ReflectiveInterceptorCall.lambda$ofVoidMethod$0(InterceptingExecutableInvoker.java:103)
	at org.junit.jupiter.engine.execution.InterceptingExecutableInvoker.lambda$invoke$0(InterceptingExecutableInvoker.java:93)
	at org.junit.jupiter.engine.execution.InvocationInterceptorChain$InterceptedInvocation.proceed(InvocationInterceptorChain.java:106)
	at org.junit.jupiter.engine.execution.InvocationInterceptorChain.proceed(InvocationInterceptorChain.java:64)
	at org.junit.jupiter.engine.execution.InvocationInterceptorChain.chainAndInvoke(InvocationInterceptorChain.java:45)
	at org.junit.jupiter.engine.execution.InvocationInterceptorChain.invoke(InvocationInterceptorChain.java:37)
	at org.junit.jupiter.engine.execution.InterceptingExecutableInvoker.invoke(InterceptingExecutableInvoker.java:92)
	at org.junit.jupiter.engine.execution.InterceptingExecutableInvoker.invoke(InterceptingExecutableInvoker.java:86)
	at org.junit.jupiter.engine.descriptor.TestMethodTestDescriptor.lambda$invokeTestMethod$7(TestMethodTestDescriptor.java:218)
	at org.junit.platform.engine.support.hierarchical.ThrowableCollector.execute(ThrowableCollector.java:73)
	at org.junit.jupiter.engine.descriptor.TestMethodTestDescriptor.invokeTestMethod(TestMethodTestDescriptor.java:214)
	at org.junit.jupiter.engine.descriptor.TestMethodTestDescriptor.execute(TestMethodTestDescriptor.java:139)
	at org.junit.jupiter.engine.descriptor.TestMethodTestDescriptor.execute(TestMethodTestDescriptor.java:69)
	at org.junit.platform.engine.support.hierarchical.NodeTestTask.lambda$executeRecursively$6(NodeTestTask.java:151)
	at org.junit.platform.engine.support.hierarchical.ThrowableCollector.execute(ThrowableCollector.java:73)
	at org.junit.platform.engine.support.hierarchical.NodeTestTask.lambda$executeRecursively$8(NodeTestTask.java:141)
	at org.junit.platform.engine.support.hierarchical.Node.around(Node.java:137)
	at org.junit.platform.engine.support.hierarchical.NodeTestTask.lambda$executeRecursively$9(NodeTestTask.java:139)
	at org.junit.platform.engine.support.hierarchical.ThrowableCollector.execute(ThrowableCollector.java:73)
	at org.junit.platform.engine.support.hierarchical.NodeTestTask.executeRecursively(NodeTestTask.java:138)
	at org.junit.platform.engine.support.hierarchical.NodeTestTask.execute(NodeTestTask.java:95)
	at java.base/java.util.ArrayList.forEach(ArrayList.java:1604)
	at org.junit.platform.engine.support.hierarchical.SameThreadHierarchicalTestExecutorService.invokeAll(SameThreadHierarchicalTestExecutorService.java:41)
	at org.junit.platform.engine.support.hierarchical.NodeTestTask.lambda$executeRecursively$6(NodeTestTask.java:155)
	at org.junit.platform.engine.support.hierarchical.ThrowableCollector.execute(ThrowableCollector.java:73)
	at org.junit.platform.engine.support.hierarchical.NodeTestTask.lambda$executeRecursively$8(NodeTestTask.java:141)
	at org.junit.platform.engine.support.hierarchical.Node.around(Node.java:137)
	at org.junit.platform.engine.support.hierarchical.NodeTestTask.lambda$executeRecursively$9(NodeTestTask.java:139)
	at org.junit.platform.engine.support.hierarchical.ThrowableCollector.execute(ThrowableCollector.java:73)
	at org.junit.platform.engine.support.hierarchical.NodeTestTask.executeRecursively(NodeTestTask.java:138)
	at org.junit.platform.engine.support.hierarchical.NodeTestTask.execute(NodeTestTask.java:95)
	at java.base/java.util.ArrayList.forEach(ArrayList.java:1604)
	at org.junit.platform.engine.support.hierarchical.SameThreadHierarchicalTestExecutorService.invokeAll(SameThreadHierarchicalTestExecutorService.java:41)
	at org.junit.platform.engine.support.hierarchical.NodeTestTask.lambda$executeRecursively$6(NodeTestTask.java:155)
	at org.junit.platform.engine.support.hierarchical.ThrowableCollector.execute(ThrowableCollector.java:73)
	at org.junit.platform.engine.support.hierarchical.NodeTestTask.lambda$executeRecursively$8(NodeTestTask.java:141)
	at org.junit.platform.engine.support.hierarchical.Node.around(Node.java:137)
	at org.junit.platform.engine.support.hierarchical.NodeTestTask.lambda$executeRecursively$9(NodeTestTask.java:139)
	at org.junit.platform.engine.support.hierarchical.ThrowableCollector.execute(ThrowableCollector.java:73)
	at org.junit.platform.engine.support.hierarchical.NodeTestTask.executeRecursively(NodeTestTask.java:138)
	at org.junit.platform.engine.support.hierarchical.NodeTestTask.execute(NodeTestTask.java:95)
	at org.junit.platform.engine.support.hierarchical.SameThreadHierarchicalTestExecutorService.submit(SameThreadHierarchicalTestExecutorService.java:35)
	at org.junit.platform.engine.support.hierarchical.HierarchicalTestExecutor.execute(HierarchicalTestExecutor.java:57)
	at org.junit.platform.engine.support.hierarchical.HierarchicalTestEngine.execute(HierarchicalTestEngine.java:54)
	at org.junit.platform.launcher.core.EngineExecutionOrchestrator.execute(EngineExecutionOrchestrator.java:198)
	at org.junit.platform.launcher.core.EngineExecutionOrchestrator.execute(EngineExecutionOrchestrator.java:169)
	at org.junit.platform.launcher.core.EngineExecutionOrchestrator.execute(EngineExecutionOrchestrator.java:93)
	at org.junit.platform.launcher.core.EngineExecutionOrchestrator.lambda$execute$0(EngineExecutionOrchestrator.java:58)
	at org.junit.platform.launcher.core.EngineExecutionOrchestrator.withInterceptedStreams(EngineExecutionOrchestrator.java:141)
	at org.junit.platform.launcher.core.EngineExecutionOrchestrator.execute(EngineExecutionOrchestrator.java:57)
	at org.junit.platform.launcher.core.DefaultLauncher.execute(DefaultLauncher.java:103)
	at org.junit.platform.launcher.core.DefaultLauncher.execute(DefaultLauncher.java:85)
	at org.junit.platform.launcher.core.DelegatingLauncher.execute(DelegatingLauncher.java:47)
	at org.junit.platform.launcher.core.SessionPerRequestLauncher.execute(SessionPerRequestLauncher.java:63)
	at com.intellij.junit5.JUnit5IdeaTestRunner.startRunnerWithArgs(JUnit5IdeaTestRunner.java:66)
	at com.intellij.rt.junit.IdeaTestRunner$Repeater$1.execute(IdeaTestRunner.java:38)
	at com.intellij.rt.execution.junit.TestsRepeater.repeat(TestsRepeater.java:11)
	at com.intellij.rt.junit.IdeaTestRunner$Repeater.startRunnerWithArgs(IdeaTestRunner.java:35)
	at com.intellij.rt.junit.JUnitStarter.prepareStreamsAndStart(JUnitStarter.java:231)
	at com.intellij.rt.junit.JUnitStarter.main(JUnitStarter.java:55)
2026-04-15 18:45:21.608 [main] ERROR c.appointmentscheduler.presentation.ErrorHandler - Failed to load screen: load failed
java.lang.RuntimeException: x
	at com.appointmentscheduler@1.0-SNAPSHOT/com.appointmentscheduler.presentation.MainAppInternalsCoverageTest.lambda$syntheticRunLaterErrorHandlers_invocable_forCoverage$2(MainAppInternalsCoverageTest.java:457)
	at org.assertj.core.api.ThrowableAssert.catchThrowable(ThrowableAssert.java:63)
	at org.assertj.core.api.AssertionsForClassTypes.catchThrowable(AssertionsForClassTypes.java:892)
	at org.assertj.core.api.AssertionsForClassTypes.assertThatCode(AssertionsForClassTypes.java:863)
	at org.assertj.core.api.Assertions.assertThatCode(Assertions.java:1287)
	at com.appointmentscheduler@1.0-SNAPSHOT/com.appointmentscheduler.presentation.MainAppInternalsCoverageTest.syntheticRunLaterErrorHandlers_invocable_forCoverage(MainAppInternalsCoverageTest.java:457)
	at java.base/jdk.internal.reflect.DirectMethodHandleAccessor.invoke(DirectMethodHandleAccessor.java:104)
	at java.base/java.lang.reflect.Method.invoke(Method.java:565)
	at org.junit.platform.commons.util.ReflectionUtils.invokeMethod(ReflectionUtils.java:728)
	at org.junit.jupiter.engine.execution.MethodInvocation.proceed(MethodInvocation.java:60)
	at org.junit.jupiter.engine.execution.InvocationInterceptorChain$ValidatingInvocation.proceed(InvocationInterceptorChain.java:131)
	at org.junit.jupiter.engine.extension.TimeoutExtension.intercept(TimeoutExtension.java:156)
	at org.junit.jupiter.engine.extension.TimeoutExtension.interceptTestableMethod(TimeoutExtension.java:147)
	at org.junit.jupiter.engine.extension.TimeoutExtension.interceptTestMethod(TimeoutExtension.java:86)
	at org.junit.jupiter.engine.execution.InterceptingExecutableInvoker$ReflectiveInterceptorCall.lambda$ofVoidMethod$0(InterceptingExecutableInvoker.java:103)
	at org.junit.jupiter.engine.execution.InterceptingExecutableInvoker.lambda$invoke$0(InterceptingExecutableInvoker.java:93)
	at org.junit.jupiter.engine.execution.InvocationInterceptorChain$InterceptedInvocation.proceed(InvocationInterceptorChain.java:106)
	at org.junit.jupiter.engine.execution.InvocationInterceptorChain.proceed(InvocationInterceptorChain.java:64)
	at org.junit.jupiter.engine.execution.InvocationInterceptorChain.chainAndInvoke(InvocationInterceptorChain.java:45)
	at org.junit.jupiter.engine.execution.InvocationInterceptorChain.invoke(InvocationInterceptorChain.java:37)
	at org.junit.jupiter.engine.execution.InterceptingExecutableInvoker.invoke(InterceptingExecutableInvoker.java:92)
	at org.junit.jupiter.engine.execution.InterceptingExecutableInvoker.invoke(InterceptingExecutableInvoker.java:86)
	at org.junit.jupiter.engine.descriptor.TestMethodTestDescriptor.lambda$invokeTestMethod$7(TestMethodTestDescriptor.java:218)
	at org.junit.platform.engine.support.hierarchical.ThrowableCollector.execute(ThrowableCollector.java:73)
	at org.junit.jupiter.engine.descriptor.TestMethodTestDescriptor.invokeTestMethod(TestMethodTestDescriptor.java:214)
	at org.junit.jupiter.engine.descriptor.TestMethodTestDescriptor.execute(TestMethodTestDescriptor.java:139)
	at org.junit.jupiter.engine.descriptor.TestMethodTestDescriptor.execute(TestMethodTestDescriptor.java:69)
	at org.junit.platform.engine.support.hierarchical.NodeTestTask.lambda$executeRecursively$6(NodeTestTask.java:151)
	at org.junit.platform.engine.support.hierarchical.ThrowableCollector.execute(ThrowableCollector.java:73)
	at org.junit.platform.engine.support.hierarchical.NodeTestTask.lambda$executeRecursively$8(NodeTestTask.java:141)
	at org.junit.platform.engine.support.hierarchical.Node.around(Node.java:137)
	at org.junit.platform.engine.support.hierarchical.NodeTestTask.lambda$executeRecursively$9(NodeTestTask.java:139)
	at org.junit.platform.engine.support.hierarchical.ThrowableCollector.execute(ThrowableCollector.java:73)
	at org.junit.platform.engine.support.hierarchical.NodeTestTask.executeRecursively(NodeTestTask.java:138)
	at org.junit.platform.engine.support.hierarchical.NodeTestTask.execute(NodeTestTask.java:95)
	at java.base/java.util.ArrayList.forEach(ArrayList.java:1604)
	at org.junit.platform.engine.support.hierarchical.SameThreadHierarchicalTestExecutorService.invokeAll(SameThreadHierarchicalTestExecutorService.java:41)
	at org.junit.platform.engine.support.hierarchical.NodeTestTask.lambda$executeRecursively$6(NodeTestTask.java:155)
	at org.junit.platform.engine.support.hierarchical.ThrowableCollector.execute(ThrowableCollector.java:73)
	at org.junit.platform.engine.support.hierarchical.NodeTestTask.lambda$executeRecursively$8(NodeTestTask.java:141)
	at org.junit.platform.engine.support.hierarchical.Node.around(Node.java:137)
	at org.junit.platform.engine.support.hierarchical.NodeTestTask.lambda$executeRecursively$9(NodeTestTask.java:139)
	at org.junit.platform.engine.support.hierarchical.ThrowableCollector.execute(ThrowableCollector.java:73)
	at org.junit.platform.engine.support.hierarchical.NodeTestTask.executeRecursively(NodeTestTask.java:138)
	at org.junit.platform.engine.support.hierarchical.NodeTestTask.execute(NodeTestTask.java:95)
	at java.base/java.util.ArrayList.forEach(ArrayList.java:1604)
	at org.junit.platform.engine.support.hierarchical.SameThreadHierarchicalTestExecutorService.invokeAll(SameThreadHierarchicalTestExecutorService.java:41)
	at org.junit.platform.engine.support.hierarchical.NodeTestTask.lambda$executeRecursively$6(NodeTestTask.java:155)
	at org.junit.platform.engine.support.hierarchical.ThrowableCollector.execute(ThrowableCollector.java:73)
	at org.junit.platform.engine.support.hierarchical.NodeTestTask.lambda$executeRecursively$8(NodeTestTask.java:141)
	at org.junit.platform.engine.support.hierarchical.Node.around(Node.java:137)
	at org.junit.platform.engine.support.hierarchical.NodeTestTask.lambda$executeRecursively$9(NodeTestTask.java:139)
	at org.junit.platform.engine.support.hierarchical.ThrowableCollector.execute(ThrowableCollector.java:73)
	at org.junit.platform.engine.support.hierarchical.NodeTestTask.executeRecursively(NodeTestTask.java:138)
	at org.junit.platform.engine.support.hierarchical.NodeTestTask.execute(NodeTestTask.java:95)
	at org.junit.platform.engine.support.hierarchical.SameThreadHierarchicalTestExecutorService.submit(SameThreadHierarchicalTestExecutorService.java:35)
	at org.junit.platform.engine.support.hierarchical.HierarchicalTestExecutor.execute(HierarchicalTestExecutor.java:57)
	at org.junit.platform.engine.support.hierarchical.HierarchicalTestEngine.execute(HierarchicalTestEngine.java:54)
	at org.junit.platform.launcher.core.EngineExecutionOrchestrator.execute(EngineExecutionOrchestrator.java:198)
	at org.junit.platform.launcher.core.EngineExecutionOrchestrator.execute(EngineExecutionOrchestrator.java:169)
	at org.junit.platform.launcher.core.EngineExecutionOrchestrator.execute(EngineExecutionOrchestrator.java:93)
	at org.junit.platform.launcher.core.EngineExecutionOrchestrator.lambda$execute$0(EngineExecutionOrchestrator.java:58)
	at org.junit.platform.launcher.core.EngineExecutionOrchestrator.withInterceptedStreams(EngineExecutionOrchestrator.java:141)
	at org.junit.platform.launcher.core.EngineExecutionOrchestrator.execute(EngineExecutionOrchestrator.java:57)
	at org.junit.platform.launcher.core.DefaultLauncher.execute(DefaultLauncher.java:103)
	at org.junit.platform.launcher.core.DefaultLauncher.execute(DefaultLauncher.java:85)
	at org.junit.platform.launcher.core.DelegatingLauncher.execute(DelegatingLauncher.java:47)
	at org.junit.platform.launcher.core.SessionPerRequestLauncher.execute(SessionPerRequestLauncher.java:63)
	at com.intellij.junit5.JUnit5IdeaTestRunner.startRunnerWithArgs(JUnit5IdeaTestRunner.java:66)
	at com.intellij.rt.junit.IdeaTestRunner$Repeater$1.execute(IdeaTestRunner.java:38)
	at com.intellij.rt.execution.junit.TestsRepeater.repeat(TestsRepeater.java:11)
	at com.intellij.rt.junit.IdeaTestRunner$Repeater.startRunnerWithArgs(IdeaTestRunner.java:35)
	at com.intellij.rt.junit.JUnitStarter.prepareStreamsAndStart(JUnitStarter.java:231)
	at com.intellij.rt.junit.JUnitStarter.main(JUnitStarter.java:55)
2026-04-15 18:45:21.616 [main] DEBUG com.appointmentscheduler.application.AppConfig - Application configuration loaded
2026-04-15 18:45:21.617 [main] DEBUG com.appointmentscheduler.application.AppConfig - Merged application-local.properties
2026-04-15 18:45:21.654 [main] ERROR com.appointmentscheduler.presentation.MainApp - Failed to load screen: 
javafx.fxml.LoadException: 
/C:/Users/PC/Desktop/software%20project/AppointmentSystem/target/test-classes/com/appointmentscheduler/presentation/

	at javafx.fxml/javafx.fxml.FXMLLoader.constructLoadException(FXMLLoader.java:2714)
	at javafx.fxml/javafx.fxml.FXMLLoader.loadImpl(FXMLLoader.java:2657)
	at javafx.fxml/javafx.fxml.FXMLLoader.loadImpl(FXMLLoader.java:2555)
	at javafx.fxml/javafx.fxml.FXMLLoader.load(FXMLLoader.java:2523)
	at com.appointmentscheduler@1.0-SNAPSHOT/com.appointmentscheduler.presentation.MainApp.loadScreen(MainApp.java:397)
	at java.base/java.lang.invoke.MethodHandle.invokeWithArguments(MethodHandle.java:735)
	at org.mockito.internal.util.reflection.InstrumentationMemberAccessor$Dispatcher$ByteBuddy$LBnsSUls.invokeWithArguments(Unknown Source)
	at org.mockito.internal.util.reflection.InstrumentationMemberAccessor.invoke(InstrumentationMemberAccessor.java:265)
	at org.mockito.internal.util.reflection.ModuleMemberAccessor.invoke(ModuleMemberAccessor.java:55)
	at org.mockito.internal.creation.bytebuddy.MockMethodAdvice.tryInvoke(MockMethodAdvice.java:316)
	at org.mockito.internal.creation.bytebuddy.MockMethodAdvice$StaticMethodCall.invoke(MockMethodAdvice.java:308)
	at org.mockito.internal.invocation.InterceptedInvocation.callRealMethod(InterceptedInvocation.java:142)
	at org.mockito.internal.stubbing.answers.CallsRealMethods.answer(CallsRealMethods.java:45)
	at org.mockito.Answers.answer(Answers.java:90)
	at org.mockito.internal.handler.MockHandlerImpl.handle(MockHandlerImpl.java:111)
	at org.mockito.internal.handler.NullResultGuardian.handle(NullResultGuardian.java:29)
	at org.mockito.internal.handler.InvocationNotifierHandler.handle(InvocationNotifierHandler.java:34)
	at org.mockito.internal.creation.bytebuddy.access.MockMethodInterceptor.doIntercept(MockMethodInterceptor.java:84)
	at org.mockito.internal.creation.bytebuddy.MockMethodAdvice.handleStatic(MockMethodAdvice.java:150)
	at com.appointmentscheduler@1.0-SNAPSHOT/com.appointmentscheduler.presentation.MainApp.loadScreen(MainApp.java:381)
	at com.appointmentscheduler@1.0-SNAPSHOT/com.appointmentscheduler.presentation.MainAppInternalsCoverageTest.lambda$performLogout_whenAuditServiceNull_confirmTrue_stillLogsOut$1(MainAppInternalsCoverageTest.java:335)
	at org.mockito.internal.MockedStaticImpl.when(MockedStaticImpl.java:49)
	at com.appointmentscheduler@1.0-SNAPSHOT/com.appointmentscheduler.presentation.MainAppInternalsCoverageTest.performLogout_whenAuditServiceNull_confirmTrue_stillLogsOut(MainAppInternalsCoverageTest.java:335)
	at java.base/jdk.internal.reflect.DirectMethodHandleAccessor.invoke(DirectMethodHandleAccessor.java:104)
	at java.base/java.lang.reflect.Method.invoke(Method.java:565)
	at org.junit.platform.commons.util.ReflectionUtils.invokeMethod(ReflectionUtils.java:728)
	at org.junit.jupiter.engine.execution.MethodInvocation.proceed(MethodInvocation.java:60)
	at org.junit.jupiter.engine.execution.InvocationInterceptorChain$ValidatingInvocation.proceed(InvocationInterceptorChain.java:131)
	at org.junit.jupiter.engine.extension.TimeoutExtension.intercept(TimeoutExtension.java:156)
	at org.junit.jupiter.engine.extension.TimeoutExtension.interceptTestableMethod(TimeoutExtension.java:147)
	at org.junit.jupiter.engine.extension.TimeoutExtension.interceptTestMethod(TimeoutExtension.java:86)
	at org.junit.jupiter.engine.execution.InterceptingExecutableInvoker$ReflectiveInterceptorCall.lambda$ofVoidMethod$0(InterceptingExecutableInvoker.java:103)
	at org.junit.jupiter.engine.execution.InterceptingExecutableInvoker.lambda$invoke$0(InterceptingExecutableInvoker.java:93)
	at org.junit.jupiter.engine.execution.InvocationInterceptorChain$InterceptedInvocation.proceed(InvocationInterceptorChain.java:106)
	at org.junit.jupiter.engine.execution.InvocationInterceptorChain.proceed(InvocationInterceptorChain.java:64)
	at org.junit.jupiter.engine.execution.InvocationInterceptorChain.chainAndInvoke(InvocationInterceptorChain.java:45)
	at org.junit.jupiter.engine.execution.InvocationInterceptorChain.invoke(InvocationInterceptorChain.java:37)
	at org.junit.jupiter.engine.execution.InterceptingExecutableInvoker.invoke(InterceptingExecutableInvoker.java:92)
	at org.junit.jupiter.engine.execution.InterceptingExecutableInvoker.invoke(InterceptingExecutableInvoker.java:86)
	at org.junit.jupiter.engine.descriptor.TestMethodTestDescriptor.lambda$invokeTestMethod$7(TestMethodTestDescriptor.java:218)
	at org.junit.platform.engine.support.hierarchical.ThrowableCollector.execute(ThrowableCollector.java:73)
	at org.junit.jupiter.engine.descriptor.TestMethodTestDescriptor.invokeTestMethod(TestMethodTestDescriptor.java:214)
	at org.junit.jupiter.engine.descriptor.TestMethodTestDescriptor.execute(TestMethodTestDescriptor.java:139)
	at org.junit.jupiter.engine.descriptor.TestMethodTestDescriptor.execute(TestMethodTestDescriptor.java:69)
	at org.junit.platform.engine.support.hierarchical.NodeTestTask.lambda$executeRecursively$6(NodeTestTask.java:151)
	at org.junit.platform.engine.support.hierarchical.ThrowableCollector.execute(ThrowableCollector.java:73)
	at org.junit.platform.engine.support.hierarchical.NodeTestTask.lambda$executeRecursively$8(NodeTestTask.java:141)
	at org.junit.platform.engine.support.hierarchical.Node.around(Node.java:137)
	at org.junit.platform.engine.support.hierarchical.NodeTestTask.lambda$executeRecursively$9(NodeTestTask.java:139)
	at org.junit.platform.engine.support.hierarchical.ThrowableCollector.execute(ThrowableCollector.java:73)
	at org.junit.platform.engine.support.hierarchical.NodeTestTask.executeRecursively(NodeTestTask.java:138)
	at org.junit.platform.engine.support.hierarchical.NodeTestTask.execute(NodeTestTask.java:95)
	at java.base/java.util.ArrayList.forEach(ArrayList.java:1604)
	at org.junit.platform.engine.support.hierarchical.SameThreadHierarchicalTestExecutorService.invokeAll(SameThreadHierarchicalTestExecutorService.java:41)
	at org.junit.platform.engine.support.hierarchical.NodeTestTask.lambda$executeRecursively$6(NodeTestTask.java:155)
	at org.junit.platform.engine.support.hierarchical.ThrowableCollector.execute(ThrowableCollector.java:73)
	at org.junit.platform.engine.support.hierarchical.NodeTestTask.lambda$executeRecursively$8(NodeTestTask.java:141)
	at org.junit.platform.engine.support.hierarchical.Node.around(Node.java:137)
	at org.junit.platform.engine.support.hierarchical.NodeTestTask.lambda$executeRecursively$9(NodeTestTask.java:139)
	at org.junit.platform.engine.support.hierarchical.ThrowableCollector.execute(ThrowableCollector.java:73)
	at org.junit.platform.engine.support.hierarchical.NodeTestTask.executeRecursively(NodeTestTask.java:138)
	at org.junit.platform.engine.support.hierarchical.NodeTestTask.execute(NodeTestTask.java:95)
	at java.base/java.util.ArrayList.forEach(ArrayList.java:1604)
	at org.junit.platform.engine.support.hierarchical.SameThreadHierarchicalTestExecutorService.invokeAll(SameThreadHierarchicalTestExecutorService.java:41)
	at org.junit.platform.engine.support.hierarchical.NodeTestTask.lambda$executeRecursively$6(NodeTestTask.java:155)
	at org.junit.platform.engine.support.hierarchical.ThrowableCollector.execute(ThrowableCollector.java:73)
	at org.junit.platform.engine.support.hierarchical.NodeTestTask.lambda$executeRecursively$8(NodeTestTask.java:141)
	at org.junit.platform.engine.support.hierarchical.Node.around(Node.java:137)
	at org.junit.platform.engine.support.hierarchical.NodeTestTask.lambda$executeRecursively$9(NodeTestTask.java:139)
	at org.junit.platform.engine.support.hierarchical.ThrowableCollector.execute(ThrowableCollector.java:73)
	at org.junit.platform.engine.support.hierarchical.NodeTestTask.executeRecursively(NodeTestTask.java:138)
	at org.junit.platform.engine.support.hierarchical.NodeTestTask.execute(NodeTestTask.java:95)
	at org.junit.platform.engine.support.hierarchical.SameThreadHierarchicalTestExecutorService.submit(SameThreadHierarchicalTestExecutorService.java:35)
	at org.junit.platform.engine.support.hierarchical.HierarchicalTestExecutor.execute(HierarchicalTestExecutor.java:57)
	at org.junit.platform.engine.support.hierarchical.HierarchicalTestEngine.execute(HierarchicalTestEngine.java:54)
	at org.junit.platform.launcher.core.EngineExecutionOrchestrator.execute(EngineExecutionOrchestrator.java:198)
	at org.junit.platform.launcher.core.EngineExecutionOrchestrator.execute(EngineExecutionOrchestrator.java:169)
	at org.junit.platform.launcher.core.EngineExecutionOrchestrator.execute(EngineExecutionOrchestrator.java:93)
	at org.junit.platform.launcher.core.EngineExecutionOrchestrator.lambda$execute$0(EngineExecutionOrchestrator.java:58)
	at org.junit.platform.launcher.core.EngineExecutionOrchestrator.withInterceptedStreams(EngineExecutionOrchestrator.java:141)
	at org.junit.platform.launcher.core.EngineExecutionOrchestrator.execute(EngineExecutionOrchestrator.java:57)
	at org.junit.platform.launcher.core.DefaultLauncher.execute(DefaultLauncher.java:103)
	at org.junit.platform.launcher.core.DefaultLauncher.execute(DefaultLauncher.java:85)
	at org.junit.platform.launcher.core.DelegatingLauncher.execute(DelegatingLauncher.java:47)
	at org.junit.platform.launcher.core.SessionPerRequestLauncher.execute(SessionPerRequestLauncher.java:63)
	at com.intellij.junit5.JUnit5IdeaTestRunner.startRunnerWithArgs(JUnit5IdeaTestRunner.java:66)
	at com.intellij.rt.junit.IdeaTestRunner$Repeater$1.execute(IdeaTestRunner.java:38)
	at com.intellij.rt.execution.junit.TestsRepeater.repeat(TestsRepeater.java:11)
	at com.intellij.rt.junit.IdeaTestRunner$Repeater.startRunnerWithArgs(IdeaTestRunner.java:35)
	at com.intellij.rt.junit.JUnitStarter.prepareStreamsAndStart(JUnitStarter.java:231)
	at com.intellij.rt.junit.JUnitStarter.main(JUnitStarter.java:55)
Caused by: javax.xml.stream.XMLStreamException: ParseError at [row,col]:[1,1]
Message: Content is not allowed in prolog.
	at java.xml/com.sun.org.apache.xerces.internal.impl.XMLStreamReaderImpl.next(XMLStreamReaderImpl.java:652)
	at java.xml/javax.xml.stream.util.StreamReaderDelegate.next(StreamReaderDelegate.java:84)
	at javafx.fxml/javafx.fxml.FXMLLoader.loadImpl(FXMLLoader.java:2627)
	... 89 common frames omitted
2026-04-15 18:45:21.667 [main] ERROR com.appointmentscheduler.presentation.MainApp - Could not show error scene
java.lang.IllegalStateException: Not on FX application thread; currentThread = main
	at javafx.graphics/com.sun.javafx.tk.Toolkit.checkFxUserThread(Toolkit.java:297)
	at javafx.graphics/com.sun.javafx.tk.quantum.QuantumToolkit.checkFxUserThread(QuantumToolkit.java:458)
	at javafx.graphics/javafx.stage.Stage.setScene(Stage.java:269)
	at com.appointmentscheduler@1.0-SNAPSHOT/com.appointmentscheduler.presentation.MainApp.showErrorScene(MainApp.java:468)
	at java.base/java.lang.invoke.MethodHandle.invokeWithArguments(MethodHandle.java:735)
	at org.mockito.internal.util.reflection.InstrumentationMemberAccessor$Dispatcher$ByteBuddy$LBnsSUls.invokeWithArguments(Unknown Source)
	at org.mockito.internal.util.reflection.InstrumentationMemberAccessor.invoke(InstrumentationMemberAccessor.java:265)
	at org.mockito.internal.util.reflection.ModuleMemberAccessor.invoke(ModuleMemberAccessor.java:55)
	at org.mockito.internal.creation.bytebuddy.MockMethodAdvice.tryInvoke(MockMethodAdvice.java:316)
	at org.mockito.internal.creation.bytebuddy.MockMethodAdvice$StaticMethodCall.invoke(MockMethodAdvice.java:308)
	at org.mockito.internal.invocation.InterceptedInvocation.callRealMethod(InterceptedInvocation.java:142)
	at org.mockito.internal.stubbing.answers.CallsRealMethods.answer(CallsRealMethods.java:45)
	at org.mockito.Answers.answer(Answers.java:90)
	at org.mockito.internal.handler.MockHandlerImpl.handle(MockHandlerImpl.java:111)
	at org.mockito.internal.handler.NullResultGuardian.handle(NullResultGuardian.java:29)
	at org.mockito.internal.handler.InvocationNotifierHandler.handle(InvocationNotifierHandler.java:34)
	at org.mockito.internal.creation.bytebuddy.access.MockMethodInterceptor.doIntercept(MockMethodInterceptor.java:84)
	at org.mockito.internal.creation.bytebuddy.MockMethodAdvice.handleStatic(MockMethodAdvice.java:150)
	at com.appointmentscheduler@1.0-SNAPSHOT/com.appointmentscheduler.presentation.MainApp.showErrorScene(MainApp.java:459)
	at com.appointmentscheduler@1.0-SNAPSHOT/com.appointmentscheduler.presentation.MainApp.loadScreen(MainApp.java:416)
	at java.base/java.lang.invoke.MethodHandle.invokeWithArguments(MethodHandle.java:735)
	at org.mockito.internal.util.reflection.InstrumentationMemberAccessor$Dispatcher$ByteBuddy$LBnsSUls.invokeWithArguments(Unknown Source)
	at org.mockito.internal.util.reflection.InstrumentationMemberAccessor.invoke(InstrumentationMemberAccessor.java:265)
	at org.mockito.internal.util.reflection.ModuleMemberAccessor.invoke(ModuleMemberAccessor.java:55)
	at org.mockito.internal.creation.bytebuddy.MockMethodAdvice.tryInvoke(MockMethodAdvice.java:316)
	at org.mockito.internal.creation.bytebuddy.MockMethodAdvice$StaticMethodCall.invoke(MockMethodAdvice.java:308)
	at org.mockito.internal.invocation.InterceptedInvocation.callRealMethod(InterceptedInvocation.java:142)
	at org.mockito.internal.stubbing.answers.CallsRealMethods.answer(CallsRealMethods.java:45)
	at org.mockito.Answers.answer(Answers.java:90)
	at org.mockito.internal.handler.MockHandlerImpl.handle(MockHandlerImpl.java:111)
	at org.mockito.internal.handler.NullResultGuardian.handle(NullResultGuardian.java:29)
	at org.mockito.internal.handler.InvocationNotifierHandler.handle(InvocationNotifierHandler.java:34)
	at org.mockito.internal.creation.bytebuddy.access.MockMethodInterceptor.doIntercept(MockMethodInterceptor.java:84)
	at org.mockito.internal.creation.bytebuddy.MockMethodAdvice.handleStatic(MockMethodAdvice.java:150)
	at com.appointmentscheduler@1.0-SNAPSHOT/com.appointmentscheduler.presentation.MainApp.loadScreen(MainApp.java:381)
	at com.appointmentscheduler@1.0-SNAPSHOT/com.appointmentscheduler.presentation.MainAppInternalsCoverageTest.lambda$performLogout_whenAuditServiceNull_confirmTrue_stillLogsOut$1(MainAppInternalsCoverageTest.java:335)
	at org.mockito.internal.MockedStaticImpl.when(MockedStaticImpl.java:49)
	at com.appointmentscheduler@1.0-SNAPSHOT/com.appointmentscheduler.presentation.MainAppInternalsCoverageTest.performLogout_whenAuditServiceNull_confirmTrue_stillLogsOut(MainAppInternalsCoverageTest.java:335)
	at java.base/jdk.internal.reflect.DirectMethodHandleAccessor.invoke(DirectMethodHandleAccessor.java:104)
	at java.base/java.lang.reflect.Method.invoke(Method.java:565)
	at org.junit.platform.commons.util.ReflectionUtils.invokeMethod(ReflectionUtils.java:728)
	at org.junit.jupiter.engine.execution.MethodInvocation.proceed(MethodInvocation.java:60)
	at org.junit.jupiter.engine.execution.InvocationInterceptorChain$ValidatingInvocation.proceed(InvocationInterceptorChain.java:131)
	at org.junit.jupiter.engine.extension.TimeoutExtension.intercept(TimeoutExtension.java:156)
	at org.junit.jupiter.engine.extension.TimeoutExtension.interceptTestableMethod(TimeoutExtension.java:147)
	at org.junit.jupiter.engine.extension.TimeoutExtension.interceptTestMethod(TimeoutExtension.java:86)
	at org.junit.jupiter.engine.execution.InterceptingExecutableInvoker$ReflectiveInterceptorCall.lambda$ofVoidMethod$0(InterceptingExecutableInvoker.java:103)
	at org.junit.jupiter.engine.execution.InterceptingExecutableInvoker.lambda$invoke$0(InterceptingExecutableInvoker.java:93)
	at org.junit.jupiter.engine.execution.InvocationInterceptorChain$InterceptedInvocation.proceed(InvocationInterceptorChain.java:106)
	at org.junit.jupiter.engine.execution.InvocationInterceptorChain.proceed(InvocationInterceptorChain.java:64)
	at org.junit.jupiter.engine.execution.InvocationInterceptorChain.chainAndInvoke(InvocationInterceptorChain.java:45)
	at org.junit.jupiter.engine.execution.InvocationInterceptorChain.invoke(InvocationInterceptorChain.java:37)
	at org.junit.jupiter.engine.execution.InterceptingExecutableInvoker.invoke(InterceptingExecutableInvoker.java:92)
	at org.junit.jupiter.engine.execution.InterceptingExecutableInvoker.invoke(InterceptingExecutableInvoker.java:86)
	at org.junit.jupiter.engine.descriptor.TestMethodTestDescriptor.lambda$invokeTestMethod$7(TestMethodTestDescriptor.java:218)
	at org.junit.platform.engine.support.hierarchical.ThrowableCollector.execute(ThrowableCollector.java:73)
	at org.junit.jupiter.engine.descriptor.TestMethodTestDescriptor.invokeTestMethod(TestMethodTestDescriptor.java:214)
	at org.junit.jupiter.engine.descriptor.TestMethodTestDescriptor.execute(TestMethodTestDescriptor.java:139)
	at org.junit.jupiter.engine.descriptor.TestMethodTestDescriptor.execute(TestMethodTestDescriptor.java:69)
	at org.junit.platform.engine.support.hierarchical.NodeTestTask.lambda$executeRecursively$6(NodeTestTask.java:151)
	at org.junit.platform.engine.support.hierarchical.ThrowableCollector.execute(ThrowableCollector.java:73)
	at org.junit.platform.engine.support.hierarchical.NodeTestTask.lambda$executeRecursively$8(NodeTestTask.java:141)
	at org.junit.platform.engine.support.hierarchical.Node.around(Node.java:137)
	at org.junit.platform.engine.support.hierarchical.NodeTestTask.lambda$executeRecursively$9(NodeTestTask.java:139)
	at org.junit.platform.engine.support.hierarchical.ThrowableCollector.execute(ThrowableCollector.java:73)
	at org.junit.platform.engine.support.hierarchical.NodeTestTask.executeRecursively(NodeTestTask.java:138)
	at org.junit.platform.engine.support.hierarchical.NodeTestTask.execute(NodeTestTask.java:95)
	at java.base/java.util.ArrayList.forEach(ArrayList.java:1604)
	at org.junit.platform.engine.support.hierarchical.SameThreadHierarchicalTestExecutorService.invokeAll(SameThreadHierarchicalTestExecutorService.java:41)
	at org.junit.platform.engine.support.hierarchical.NodeTestTask.lambda$executeRecursively$6(NodeTestTask.java:155)
	at org.junit.platform.engine.support.hierarchical.ThrowableCollector.execute(ThrowableCollector.java:73)
	at org.junit.platform.engine.support.hierarchical.NodeTestTask.lambda$executeRecursively$8(NodeTestTask.java:141)
	at org.junit.platform.engine.support.hierarchical.Node.around(Node.java:137)
	at org.junit.platform.engine.support.hierarchical.NodeTestTask.lambda$executeRecursively$9(NodeTestTask.java:139)
	at org.junit.platform.engine.support.hierarchical.ThrowableCollector.execute(ThrowableCollector.java:73)
	at org.junit.platform.engine.support.hierarchical.NodeTestTask.executeRecursively(NodeTestTask.java:138)
	at org.junit.platform.engine.support.hierarchical.NodeTestTask.execute(NodeTestTask.java:95)
	at java.base/java.util.ArrayList.forEach(ArrayList.java:1604)
	at org.junit.platform.engine.support.hierarchical.SameThreadHierarchicalTestExecutorService.invokeAll(SameThreadHierarchicalTestExecutorService.java:41)
	at org.junit.platform.engine.support.hierarchical.NodeTestTask.lambda$executeRecursively$6(NodeTestTask.java:155)
	at org.junit.platform.engine.support.hierarchical.ThrowableCollector.execute(ThrowableCollector.java:73)
	at org.junit.platform.engine.support.hierarchical.NodeTestTask.lambda$executeRecursively$8(NodeTestTask.java:141)
	at org.junit.platform.engine.support.hierarchical.Node.around(Node.java:137)
	at org.junit.platform.engine.support.hierarchical.NodeTestTask.lambda$executeRecursively$9(NodeTestTask.java:139)
	at org.junit.platform.engine.support.hierarchical.ThrowableCollector.execute(ThrowableCollector.java:73)
	at org.junit.platform.engine.support.hierarchical.NodeTestTask.executeRecursively(NodeTestTask.java:138)
	at org.junit.platform.engine.support.hierarchical.NodeTestTask.execute(NodeTestTask.java:95)
	at org.junit.platform.engine.support.hierarchical.SameThreadHierarchicalTestExecutorService.submit(SameThreadHierarchicalTestExecutorService.java:35)
	at org.junit.platform.engine.support.hierarchical.HierarchicalTestExecutor.execute(HierarchicalTestExecutor.java:57)
	at org.junit.platform.engine.support.hierarchical.HierarchicalTestEngine.execute(HierarchicalTestEngine.java:54)
	at org.junit.platform.launcher.core.EngineExecutionOrchestrator.execute(EngineExecutionOrchestrator.java:198)
	at org.junit.platform.launcher.core.EngineExecutionOrchestrator.execute(EngineExecutionOrchestrator.java:169)
	at org.junit.platform.launcher.core.EngineExecutionOrchestrator.execute(EngineExecutionOrchestrator.java:93)
	at org.junit.platform.launcher.core.EngineExecutionOrchestrator.lambda$execute$0(EngineExecutionOrchestrator.java:58)
	at org.junit.platform.launcher.core.EngineExecutionOrchestrator.withInterceptedStreams(EngineExecutionOrchestrator.java:141)
	at org.junit.platform.launcher.core.EngineExecutionOrchestrator.execute(EngineExecutionOrchestrator.java:57)
	at org.junit.platform.launcher.core.DefaultLauncher.execute(DefaultLauncher.java:103)
	at org.junit.platform.launcher.core.DefaultLauncher.execute(DefaultLauncher.java:85)
	at org.junit.platform.launcher.core.DelegatingLauncher.execute(DelegatingLauncher.java:47)
	at org.junit.platform.launcher.core.SessionPerRequestLauncher.execute(SessionPerRequestLauncher.java:63)
	at com.intellij.junit5.JUnit5IdeaTestRunner.startRunnerWithArgs(JUnit5IdeaTestRunner.java:66)
	at com.intellij.rt.junit.IdeaTestRunner$Repeater$1.execute(IdeaTestRunner.java:38)
	at com.intellij.rt.execution.junit.TestsRepeater.repeat(TestsRepeater.java:11)
	at com.intellij.rt.junit.IdeaTestRunner$Repeater.startRunnerWithArgs(IdeaTestRunner.java:35)
	at com.intellij.rt.junit.JUnitStarter.prepareStreamsAndStart(JUnitStarter.java:231)
	at com.intellij.rt.junit.JUnitStarter.main(JUnitStarter.java:55)
2026-04-15 18:45:21.687 [main] DEBUG com.appointmentscheduler.application.AppConfig - Application configuration loaded
2026-04-15 18:45:21.705 [main] DEBUG com.appointmentscheduler.application.AppConfig - Merged application-local.properties
2026-04-15 18:45:21.923 [main] ERROR com.appointmentscheduler.presentation.MainApp - Failed to load screen: 
javafx.fxml.LoadException: 
/C:/Users/PC/Desktop/software%20project/AppointmentSystem/target/test-classes/com/appointmentscheduler/presentation/

	at javafx.fxml/javafx.fxml.FXMLLoader.constructLoadException(FXMLLoader.java:2714)
	at javafx.fxml/javafx.fxml.FXMLLoader.loadImpl(FXMLLoader.java:2657)
	at javafx.fxml/javafx.fxml.FXMLLoader.loadImpl(FXMLLoader.java:2555)
	at javafx.fxml/javafx.fxml.FXMLLoader.load(FXMLLoader.java:2523)
	at com.appointmentscheduler@1.0-SNAPSHOT/com.appointmentscheduler.presentation.MainApp.loadScreen(MainApp.java:397)
	at java.base/java.lang.invoke.MethodHandle.invokeWithArguments(MethodHandle.java:735)
	at org.mockito.internal.util.reflection.InstrumentationMemberAccessor$Dispatcher$ByteBuddy$LBnsSUls.invokeWithArguments(Unknown Source)
	at org.mockito.internal.util.reflection.InstrumentationMemberAccessor.invoke(InstrumentationMemberAccessor.java:265)
	at org.mockito.internal.util.reflection.ModuleMemberAccessor.invoke(ModuleMemberAccessor.java:55)
	at org.mockito.internal.creation.bytebuddy.MockMethodAdvice.tryInvoke(MockMethodAdvice.java:316)
	at org.mockito.internal.creation.bytebuddy.MockMethodAdvice$StaticMethodCall.invoke(MockMethodAdvice.java:308)
	at org.mockito.internal.invocation.InterceptedInvocation.callRealMethod(InterceptedInvocation.java:142)
	at org.mockito.internal.stubbing.answers.CallsRealMethods.answer(CallsRealMethods.java:45)
	at org.mockito.Answers.answer(Answers.java:90)
	at org.mockito.internal.handler.MockHandlerImpl.handle(MockHandlerImpl.java:111)
	at org.mockito.internal.handler.NullResultGuardian.handle(NullResultGuardian.java:29)
	at org.mockito.internal.handler.InvocationNotifierHandler.handle(InvocationNotifierHandler.java:34)
	at org.mockito.internal.creation.bytebuddy.access.MockMethodInterceptor.doIntercept(MockMethodInterceptor.java:84)
	at org.mockito.internal.creation.bytebuddy.MockMethodAdvice.handleStatic(MockMethodAdvice.java:150)
	at com.appointmentscheduler@1.0-SNAPSHOT/com.appointmentscheduler.presentation.MainApp.loadScreen(MainApp.java:381)
	at com.appointmentscheduler@1.0-SNAPSHOT/com.appointmentscheduler.presentation.MainAppInternalsCoverageTest.lambda$performLogout_confirmFalseAndTrue_branches$2(MainAppInternalsCoverageTest.java:234)
	at org.mockito.internal.MockedStaticImpl.when(MockedStaticImpl.java:49)
	at com.appointmentscheduler@1.0-SNAPSHOT/com.appointmentscheduler.presentation.MainAppInternalsCoverageTest.performLogout_confirmFalseAndTrue_branches(MainAppInternalsCoverageTest.java:234)
	at java.base/jdk.internal.reflect.DirectMethodHandleAccessor.invoke(DirectMethodHandleAccessor.java:104)
	at java.base/java.lang.reflect.Method.invoke(Method.java:565)
	at org.junit.platform.commons.util.ReflectionUtils.invokeMethod(ReflectionUtils.java:728)
	at org.junit.jupiter.engine.execution.MethodInvocation.proceed(MethodInvocation.java:60)
	at org.junit.jupiter.engine.execution.InvocationInterceptorChain$ValidatingInvocation.proceed(InvocationInterceptorChain.java:131)
	at org.junit.jupiter.engine.extension.TimeoutExtension.intercept(TimeoutExtension.java:156)
	at org.junit.jupiter.engine.extension.TimeoutExtension.interceptTestableMethod(TimeoutExtension.java:147)
	at org.junit.jupiter.engine.extension.TimeoutExtension.interceptTestMethod(TimeoutExtension.java:86)
	at org.junit.jupiter.engine.execution.InterceptingExecutableInvoker$ReflectiveInterceptorCall.lambda$ofVoidMethod$0(InterceptingExecutableInvoker.java:103)
	at org.junit.jupiter.engine.execution.InterceptingExecutableInvoker.lambda$invoke$0(InterceptingExecutableInvoker.java:93)
	at org.junit.jupiter.engine.execution.InvocationInterceptorChain$InterceptedInvocation.proceed(InvocationInterceptorChain.java:106)
	at org.junit.jupiter.engine.execution.InvocationInterceptorChain.proceed(InvocationInterceptorChain.java:64)
	at org.junit.jupiter.engine.execution.InvocationInterceptorChain.chainAndInvoke(InvocationInterceptorChain.java:45)
	at org.junit.jupiter.engine.execution.InvocationInterceptorChain.invoke(InvocationInterceptorChain.java:37)
	at org.junit.jupiter.engine.execution.InterceptingExecutableInvoker.invoke(InterceptingExecutableInvoker.java:92)
	at org.junit.jupiter.engine.execution.InterceptingExecutableInvoker.invoke(InterceptingExecutableInvoker.java:86)
	at org.junit.jupiter.engine.descriptor.TestMethodTestDescriptor.lambda$invokeTestMethod$7(TestMethodTestDescriptor.java:218)
	at org.junit.platform.engine.support.hierarchical.ThrowableCollector.execute(ThrowableCollector.java:73)
	at org.junit.jupiter.engine.descriptor.TestMethodTestDescriptor.invokeTestMethod(TestMethodTestDescriptor.java:214)
	at org.junit.jupiter.engine.descriptor.TestMethodTestDescriptor.execute(TestMethodTestDescriptor.java:139)
	at org.junit.jupiter.engine.descriptor.TestMethodTestDescriptor.execute(TestMethodTestDescriptor.java:69)
	at org.junit.platform.engine.support.hierarchical.NodeTestTask.lambda$executeRecursively$6(NodeTestTask.java:151)
	at org.junit.platform.engine.support.hierarchical.ThrowableCollector.execute(ThrowableCollector.java:73)
	at org.junit.platform.engine.support.hierarchical.NodeTestTask.lambda$executeRecursively$8(NodeTestTask.java:141)
	at org.junit.platform.engine.support.hierarchical.Node.around(Node.java:137)
	at org.junit.platform.engine.support.hierarchical.NodeTestTask.lambda$executeRecursively$9(NodeTestTask.java:139)
	at org.junit.platform.engine.support.hierarchical.ThrowableCollector.execute(ThrowableCollector.java:73)
	at org.junit.platform.engine.support.hierarchical.NodeTestTask.executeRecursively(NodeTestTask.java:138)
	at org.junit.platform.engine.support.hierarchical.NodeTestTask.execute(NodeTestTask.java:95)
	at java.base/java.util.ArrayList.forEach(ArrayList.java:1604)
	at org.junit.platform.engine.support.hierarchical.SameThreadHierarchicalTestExecutorService.invokeAll(SameThreadHierarchicalTestExecutorService.java:41)
	at org.junit.platform.engine.support.hierarchical.NodeTestTask.lambda$executeRecursively$6(NodeTestTask.java:155)
	at org.junit.platform.engine.support.hierarchical.ThrowableCollector.execute(ThrowableCollector.java:73)
	at org.junit.platform.engine.support.hierarchical.NodeTestTask.lambda$executeRecursively$8(NodeTestTask.java:141)
	at org.junit.platform.engine.support.hierarchical.Node.around(Node.java:137)
	at org.junit.platform.engine.support.hierarchical.NodeTestTask.lambda$executeRecursively$9(NodeTestTask.java:139)
	at org.junit.platform.engine.support.hierarchical.ThrowableCollector.execute(ThrowableCollector.java:73)
	at org.junit.platform.engine.support.hierarchical.NodeTestTask.executeRecursively(NodeTestTask.java:138)
	at org.junit.platform.engine.support.hierarchical.NodeTestTask.execute(NodeTestTask.java:95)
	at java.base/java.util.ArrayList.forEach(ArrayList.java:1604)
	at org.junit.platform.engine.support.hierarchical.SameThreadHierarchicalTestExecutorService.invokeAll(SameThreadHierarchicalTestExecutorService.java:41)
	at org.junit.platform.engine.support.hierarchical.NodeTestTask.lambda$executeRecursively$6(NodeTestTask.java:155)
	at org.junit.platform.engine.support.hierarchical.ThrowableCollector.execute(ThrowableCollector.java:73)
	at org.junit.platform.engine.support.hierarchical.NodeTestTask.lambda$executeRecursively$8(NodeTestTask.java:141)
	at org.junit.platform.engine.support.hierarchical.Node.around(Node.java:137)
	at org.junit.platform.engine.support.hierarchical.NodeTestTask.lambda$executeRecursively$9(NodeTestTask.java:139)
	at org.junit.platform.engine.support.hierarchical.ThrowableCollector.execute(ThrowableCollector.java:73)
	at org.junit.platform.engine.support.hierarchical.NodeTestTask.executeRecursively(NodeTestTask.java:138)
	at org.junit.platform.engine.support.hierarchical.NodeTestTask.execute(NodeTestTask.java:95)
	at org.junit.platform.engine.support.hierarchical.SameThreadHierarchicalTestExecutorService.submit(SameThreadHierarchicalTestExecutorService.java:35)
	at org.junit.platform.engine.support.hierarchical.HierarchicalTestExecutor.execute(HierarchicalTestExecutor.java:57)
	at org.junit.platform.engine.support.hierarchical.HierarchicalTestEngine.execute(HierarchicalTestEngine.java:54)
	at org.junit.platform.launcher.core.EngineExecutionOrchestrator.execute(EngineExecutionOrchestrator.java:198)
	at org.junit.platform.launcher.core.EngineExecutionOrchestrator.execute(EngineExecutionOrchestrator.java:169)
	at org.junit.platform.launcher.core.EngineExecutionOrchestrator.execute(EngineExecutionOrchestrator.java:93)
	at org.junit.platform.launcher.core.EngineExecutionOrchestrator.lambda$execute$0(EngineExecutionOrchestrator.java:58)
	at org.junit.platform.launcher.core.EngineExecutionOrchestrator.withInterceptedStreams(EngineExecutionOrchestrator.java:141)
	at org.junit.platform.launcher.core.EngineExecutionOrchestrator.execute(EngineExecutionOrchestrator.java:57)
	at org.junit.platform.launcher.core.DefaultLauncher.execute(DefaultLauncher.java:103)
	at org.junit.platform.launcher.core.DefaultLauncher.execute(DefaultLauncher.java:85)
	at org.junit.platform.launcher.core.DelegatingLauncher.execute(DelegatingLauncher.java:47)
	at org.junit.platform.launcher.core.SessionPerRequestLauncher.execute(SessionPerRequestLauncher.java:63)
	at com.intellij.junit5.JUnit5IdeaTestRunner.startRunnerWithArgs(JUnit5IdeaTestRunner.java:66)
	at com.intellij.rt.junit.IdeaTestRunner$Repeater$1.execute(IdeaTestRunner.java:38)
	at com.intellij.rt.execution.junit.TestsRepeater.repeat(TestsRepeater.java:11)
	at com.intellij.rt.junit.IdeaTestRunner$Repeater.startRunnerWithArgs(IdeaTestRunner.java:35)
	at com.intellij.rt.junit.JUnitStarter.prepareStreamsAndStart(JUnitStarter.java:231)
	at com.intellij.rt.junit.JUnitStarter.main(JUnitStarter.java:55)
Caused by: javax.xml.stream.XMLStreamException: ParseError at [row,col]:[1,1]
Message: Content is not allowed in prolog.
	at java.xml/com.sun.org.apache.xerces.internal.impl.XMLStreamReaderImpl.next(XMLStreamReaderImpl.java:652)
	at java.xml/javax.xml.stream.util.StreamReaderDelegate.next(StreamReaderDelegate.java:84)
	at javafx.fxml/javafx.fxml.FXMLLoader.loadImpl(FXMLLoader.java:2627)
	... 89 common frames omitted
2026-04-15 18:45:21.932 [main] ERROR com.appointmentscheduler.presentation.MainApp - Could not show error scene
java.lang.IllegalStateException: Not on FX application thread; currentThread = main
	at javafx.graphics/com.sun.javafx.tk.Toolkit.checkFxUserThread(Toolkit.java:297)
	at javafx.graphics/com.sun.javafx.tk.quantum.QuantumToolkit.checkFxUserThread(QuantumToolkit.java:458)
	at javafx.graphics/javafx.stage.Stage.setScene(Stage.java:269)
	at com.appointmentscheduler@1.0-SNAPSHOT/com.appointmentscheduler.presentation.MainApp.showErrorScene(MainApp.java:468)
	at java.base/java.lang.invoke.MethodHandle.invokeWithArguments(MethodHandle.java:735)
	at org.mockito.internal.util.reflection.InstrumentationMemberAccessor$Dispatcher$ByteBuddy$LBnsSUls.invokeWithArguments(Unknown Source)
	at org.mockito.internal.util.reflection.InstrumentationMemberAccessor.invoke(InstrumentationMemberAccessor.java:265)
	at org.mockito.internal.util.reflection.ModuleMemberAccessor.invoke(ModuleMemberAccessor.java:55)
	at org.mockito.internal.creation.bytebuddy.MockMethodAdvice.tryInvoke(MockMethodAdvice.java:316)
	at org.mockito.internal.creation.bytebuddy.MockMethodAdvice$StaticMethodCall.invoke(MockMethodAdvice.java:308)
	at org.mockito.internal.invocation.InterceptedInvocation.callRealMethod(InterceptedInvocation.java:142)
	at org.mockito.internal.stubbing.answers.CallsRealMethods.answer(CallsRealMethods.java:45)
	at org.mockito.Answers.answer(Answers.java:90)
	at org.mockito.internal.handler.MockHandlerImpl.handle(MockHandlerImpl.java:111)
	at org.mockito.internal.handler.NullResultGuardian.handle(NullResultGuardian.java:29)
	at org.mockito.internal.handler.InvocationNotifierHandler.handle(InvocationNotifierHandler.java:34)
	at org.mockito.internal.creation.bytebuddy.access.MockMethodInterceptor.doIntercept(MockMethodInterceptor.java:84)
	at org.mockito.internal.creation.bytebuddy.MockMethodAdvice.handleStatic(MockMethodAdvice.java:150)
	at com.appointmentscheduler@1.0-SNAPSHOT/com.appointmentscheduler.presentation.MainApp.showErrorScene(MainApp.java:459)
	at com.appointmentscheduler@1.0-SNAPSHOT/com.appointmentscheduler.presentation.MainApp.loadScreen(MainApp.java:416)
	at java.base/java.lang.invoke.MethodHandle.invokeWithArguments(MethodHandle.java:735)
	at org.mockito.internal.util.reflection.InstrumentationMemberAccessor$Dispatcher$ByteBuddy$LBnsSUls.invokeWithArguments(Unknown Source)
	at org.mockito.internal.util.reflection.InstrumentationMemberAccessor.invoke(InstrumentationMemberAccessor.java:265)
	at org.mockito.internal.util.reflection.ModuleMemberAccessor.invoke(ModuleMemberAccessor.java:55)
	at org.mockito.internal.creation.bytebuddy.MockMethodAdvice.tryInvoke(MockMethodAdvice.java:316)
	at org.mockito.internal.creation.bytebuddy.MockMethodAdvice$StaticMethodCall.invoke(MockMethodAdvice.java:308)
	at org.mockito.internal.invocation.InterceptedInvocation.callRealMethod(InterceptedInvocation.java:142)
	at org.mockito.internal.stubbing.answers.CallsRealMethods.answer(CallsRealMethods.java:45)
	at org.mockito.Answers.answer(Answers.java:90)
	at org.mockito.internal.handler.MockHandlerImpl.handle(MockHandlerImpl.java:111)
	at org.mockito.internal.handler.NullResultGuardian.handle(NullResultGuardian.java:29)
	at org.mockito.internal.handler.InvocationNotifierHandler.handle(InvocationNotifierHandler.java:34)
	at org.mockito.internal.creation.bytebuddy.access.MockMethodInterceptor.doIntercept(MockMethodInterceptor.java:84)
	at org.mockito.internal.creation.bytebuddy.MockMethodAdvice.handleStatic(MockMethodAdvice.java:150)
	at com.appointmentscheduler@1.0-SNAPSHOT/com.appointmentscheduler.presentation.MainApp.loadScreen(MainApp.java:381)
	at com.appointmentscheduler@1.0-SNAPSHOT/com.appointmentscheduler.presentation.MainAppInternalsCoverageTest.lambda$performLogout_confirmFalseAndTrue_branches$2(MainAppInternalsCoverageTest.java:234)
	at org.mockito.internal.MockedStaticImpl.when(MockedStaticImpl.java:49)
	at com.appointmentscheduler@1.0-SNAPSHOT/com.appointmentscheduler.presentation.MainAppInternalsCoverageTest.performLogout_confirmFalseAndTrue_branches(MainAppInternalsCoverageTest.java:234)
	at java.base/jdk.internal.reflect.DirectMethodHandleAccessor.invoke(DirectMethodHandleAccessor.java:104)
	at java.base/java.lang.reflect.Method.invoke(Method.java:565)
	at org.junit.platform.commons.util.ReflectionUtils.invokeMethod(ReflectionUtils.java:728)
	at org.junit.jupiter.engine.execution.MethodInvocation.proceed(MethodInvocation.java:60)
	at org.junit.jupiter.engine.execution.InvocationInterceptorChain$ValidatingInvocation.proceed(InvocationInterceptorChain.java:131)
	at org.junit.jupiter.engine.extension.TimeoutExtension.intercept(TimeoutExtension.java:156)
	at org.junit.jupiter.engine.extension.TimeoutExtension.interceptTestableMethod(TimeoutExtension.java:147)
	at org.junit.jupiter.engine.extension.TimeoutExtension.interceptTestMethod(TimeoutExtension.java:86)
	at org.junit.jupiter.engine.execution.InterceptingExecutableInvoker$ReflectiveInterceptorCall.lambda$ofVoidMethod$0(InterceptingExecutableInvoker.java:103)
	at org.junit.jupiter.engine.execution.InterceptingExecutableInvoker.lambda$invoke$0(InterceptingExecutableInvoker.java:93)
	at org.junit.jupiter.engine.execution.InvocationInterceptorChain$InterceptedInvocation.proceed(InvocationInterceptorChain.java:106)
	at org.junit.jupiter.engine.execution.InvocationInterceptorChain.proceed(InvocationInterceptorChain.java:64)
	at org.junit.jupiter.engine.execution.InvocationInterceptorChain.chainAndInvoke(InvocationInterceptorChain.java:45)
	at org.junit.jupiter.engine.execution.InvocationInterceptorChain.invoke(InvocationInterceptorChain.java:37)
	at org.junit.jupiter.engine.execution.InterceptingExecutableInvoker.invoke(InterceptingExecutableInvoker.java:92)
	at org.junit.jupiter.engine.execution.InterceptingExecutableInvoker.invoke(InterceptingExecutableInvoker.java:86)
	at org.junit.jupiter.engine.descriptor.TestMethodTestDescriptor.lambda$invokeTestMethod$7(TestMethodTestDescriptor.java:218)
	at org.junit.platform.engine.support.hierarchical.ThrowableCollector.execute(ThrowableCollector.java:73)
	at org.junit.jupiter.engine.descriptor.TestMethodTestDescriptor.invokeTestMethod(TestMethodTestDescriptor.java:214)
	at org.junit.jupiter.engine.descriptor.TestMethodTestDescriptor.execute(TestMethodTestDescriptor.java:139)
	at org.junit.jupiter.engine.descriptor.TestMethodTestDescriptor.execute(TestMethodTestDescriptor.java:69)
	at org.junit.platform.engine.support.hierarchical.NodeTestTask.lambda$executeRecursively$6(NodeTestTask.java:151)
	at org.junit.platform.engine.support.hierarchical.ThrowableCollector.execute(ThrowableCollector.java:73)
	at org.junit.platform.engine.support.hierarchical.NodeTestTask.lambda$executeRecursively$8(NodeTestTask.java:141)
	at org.junit.platform.engine.support.hierarchical.Node.around(Node.java:137)
	at org.junit.platform.engine.support.hierarchical.NodeTestTask.lambda$executeRecursively$9(NodeTestTask.java:139)
	at org.junit.platform.engine.support.hierarchical.ThrowableCollector.execute(ThrowableCollector.java:73)
	at org.junit.platform.engine.support.hierarchical.NodeTestTask.executeRecursively(NodeTestTask.java:138)
	at org.junit.platform.engine.support.hierarchical.NodeTestTask.execute(NodeTestTask.java:95)
	at java.base/java.util.ArrayList.forEach(ArrayList.java:1604)
	at org.junit.platform.engine.support.hierarchical.SameThreadHierarchicalTestExecutorService.invokeAll(SameThreadHierarchicalTestExecutorService.java:41)
	at org.junit.platform.engine.support.hierarchical.NodeTestTask.lambda$executeRecursively$6(NodeTestTask.java:155)
	at org.junit.platform.engine.support.hierarchical.ThrowableCollector.execute(ThrowableCollector.java:73)
	at org.junit.platform.engine.support.hierarchical.NodeTestTask.lambda$executeRecursively$8(NodeTestTask.java:141)
	at org.junit.platform.engine.support.hierarchical.Node.around(Node.java:137)
	at org.junit.platform.engine.support.hierarchical.NodeTestTask.lambda$executeRecursively$9(NodeTestTask.java:139)
	at org.junit.platform.engine.support.hierarchical.ThrowableCollector.execute(ThrowableCollector.java:73)
	at org.junit.platform.engine.support.hierarchical.NodeTestTask.executeRecursively(NodeTestTask.java:138)
	at org.junit.platform.engine.support.hierarchical.NodeTestTask.execute(NodeTestTask.java:95)
	at java.base/java.util.ArrayList.forEach(ArrayList.java:1604)
	at org.junit.platform.engine.support.hierarchical.SameThreadHierarchicalTestExecutorService.invokeAll(SameThreadHierarchicalTestExecutorService.java:41)
	at org.junit.platform.engine.support.hierarchical.NodeTestTask.lambda$executeRecursively$6(NodeTestTask.java:155)
	at org.junit.platform.engine.support.hierarchical.ThrowableCollector.execute(ThrowableCollector.java:73)
	at org.junit.platform.engine.support.hierarchical.NodeTestTask.lambda$executeRecursively$8(NodeTestTask.java:141)
	at org.junit.platform.engine.support.hierarchical.Node.around(Node.java:137)
	at org.junit.platform.engine.support.hierarchical.NodeTestTask.lambda$executeRecursively$9(NodeTestTask.java:139)
	at org.junit.platform.engine.support.hierarchical.ThrowableCollector.execute(ThrowableCollector.java:73)
	at org.junit.platform.engine.support.hierarchical.NodeTestTask.executeRecursively(NodeTestTask.java:138)
	at org.junit.platform.engine.support.hierarchical.NodeTestTask.execute(NodeTestTask.java:95)
	at org.junit.platform.engine.support.hierarchical.SameThreadHierarchicalTestExecutorService.submit(SameThreadHierarchicalTestExecutorService.java:35)
	at org.junit.platform.engine.support.hierarchical.HierarchicalTestExecutor.execute(HierarchicalTestExecutor.java:57)
	at org.junit.platform.engine.support.hierarchical.HierarchicalTestEngine.execute(HierarchicalTestEngine.java:54)
	at org.junit.platform.launcher.core.EngineExecutionOrchestrator.execute(EngineExecutionOrchestrator.java:198)
	at org.junit.platform.launcher.core.EngineExecutionOrchestrator.execute(EngineExecutionOrchestrator.java:169)
	at org.junit.platform.launcher.core.EngineExecutionOrchestrator.execute(EngineExecutionOrchestrator.java:93)
	at org.junit.platform.launcher.core.EngineExecutionOrchestrator.lambda$execute$0(EngineExecutionOrchestrator.java:58)
	at org.junit.platform.launcher.core.EngineExecutionOrchestrator.withInterceptedStreams(EngineExecutionOrchestrator.java:141)
	at org.junit.platform.launcher.core.EngineExecutionOrchestrator.execute(EngineExecutionOrchestrator.java:57)
	at org.junit.platform.launcher.core.DefaultLauncher.execute(DefaultLauncher.java:103)
	at org.junit.platform.launcher.core.DefaultLauncher.execute(DefaultLauncher.java:85)
	at org.junit.platform.launcher.core.DelegatingLauncher.execute(DelegatingLauncher.java:47)
	at org.junit.platform.launcher.core.SessionPerRequestLauncher.execute(SessionPerRequestLauncher.java:63)
	at com.intellij.junit5.JUnit5IdeaTestRunner.startRunnerWithArgs(JUnit5IdeaTestRunner.java:66)
	at com.intellij.rt.junit.IdeaTestRunner$Repeater$1.execute(IdeaTestRunner.java:38)
	at com.intellij.rt.execution.junit.TestsRepeater.repeat(TestsRepeater.java:11)
	at com.intellij.rt.junit.IdeaTestRunner$Repeater.startRunnerWithArgs(IdeaTestRunner.java:35)
	at com.intellij.rt.junit.JUnitStarter.prepareStreamsAndStart(JUnitStarter.java:231)
	at com.intellij.rt.junit.JUnitStarter.main(JUnitStarter.java:55)
2026-04-15 18:45:21.948 [main] DEBUG com.appointmentscheduler.application.AppConfig - Application configuration loaded
2026-04-15 18:45:21.949 [main] DEBUG com.appointmentscheduler.application.AppConfig - Merged application-local.properties
2026-04-15 18:45:21.983 [main] ERROR com.appointmentscheduler.presentation.MainApp - Failed to load screen: 
javafx.fxml.LoadException: 
/C:/Users/PC/Desktop/software%20project/AppointmentSystem/target/test-classes/com/appointmentscheduler/presentation/

	at javafx.fxml/javafx.fxml.FXMLLoader.constructLoadException(FXMLLoader.java:2714)
	at javafx.fxml/javafx.fxml.FXMLLoader.loadImpl(FXMLLoader.java:2657)
	at javafx.fxml/javafx.fxml.FXMLLoader.loadImpl(FXMLLoader.java:2555)
	at javafx.fxml/javafx.fxml.FXMLLoader.load(FXMLLoader.java:2523)
	at com.appointmentscheduler@1.0-SNAPSHOT/com.appointmentscheduler.presentation.MainApp.loadScreen(MainApp.java:397)
	at java.base/java.lang.invoke.MethodHandle.invokeWithArguments(MethodHandle.java:735)
	at org.mockito.internal.util.reflection.InstrumentationMemberAccessor$Dispatcher$ByteBuddy$LBnsSUls.invokeWithArguments(Unknown Source)
	at org.mockito.internal.util.reflection.InstrumentationMemberAccessor.invoke(InstrumentationMemberAccessor.java:265)
	at org.mockito.internal.util.reflection.ModuleMemberAccessor.invoke(ModuleMemberAccessor.java:55)
	at org.mockito.internal.creation.bytebuddy.MockMethodAdvice.tryInvoke(MockMethodAdvice.java:316)
	at org.mockito.internal.creation.bytebuddy.MockMethodAdvice$StaticMethodCall.invoke(MockMethodAdvice.java:308)
	at org.mockito.internal.invocation.InterceptedInvocation.callRealMethod(InterceptedInvocation.java:142)
	at org.mockito.internal.stubbing.answers.CallsRealMethods.answer(CallsRealMethods.java:45)
	at org.mockito.Answers.answer(Answers.java:90)
	at org.mockito.internal.handler.MockHandlerImpl.handle(MockHandlerImpl.java:111)
	at org.mockito.internal.handler.NullResultGuardian.handle(NullResultGuardian.java:29)
	at org.mockito.internal.handler.InvocationNotifierHandler.handle(InvocationNotifierHandler.java:34)
	at org.mockito.internal.creation.bytebuddy.access.MockMethodInterceptor.doIntercept(MockMethodInterceptor.java:84)
	at org.mockito.internal.creation.bytebuddy.MockMethodAdvice.handleStatic(MockMethodAdvice.java:150)
	at com.appointmentscheduler@1.0-SNAPSHOT/com.appointmentscheduler.presentation.MainApp.loadScreen(MainApp.java:381)
	at com.appointmentscheduler@1.0-SNAPSHOT/com.appointmentscheduler.presentation.MainAppInternalsCoverageTest.lambda$performLogout_withNullCurrentUser_and_loadScreenReentryGuard$1(MainAppInternalsCoverageTest.java:251)
	at org.mockito.internal.MockedStaticImpl.when(MockedStaticImpl.java:49)
	at com.appointmentscheduler@1.0-SNAPSHOT/com.appointmentscheduler.presentation.MainAppInternalsCoverageTest.performLogout_withNullCurrentUser_and_loadScreenReentryGuard(MainAppInternalsCoverageTest.java:251)
	at java.base/jdk.internal.reflect.DirectMethodHandleAccessor.invoke(DirectMethodHandleAccessor.java:104)
	at java.base/java.lang.reflect.Method.invoke(Method.java:565)
	at org.junit.platform.commons.util.ReflectionUtils.invokeMethod(ReflectionUtils.java:728)
	at org.junit.jupiter.engine.execution.MethodInvocation.proceed(MethodInvocation.java:60)
	at org.junit.jupiter.engine.execution.InvocationInterceptorChain$ValidatingInvocation.proceed(InvocationInterceptorChain.java:131)
	at org.junit.jupiter.engine.extension.TimeoutExtension.intercept(TimeoutExtension.java:156)
	at org.junit.jupiter.engine.extension.TimeoutExtension.interceptTestableMethod(TimeoutExtension.java:147)
	at org.junit.jupiter.engine.extension.TimeoutExtension.interceptTestMethod(TimeoutExtension.java:86)
	at org.junit.jupiter.engine.execution.InterceptingExecutableInvoker$ReflectiveInterceptorCall.lambda$ofVoidMethod$0(InterceptingExecutableInvoker.java:103)
	at org.junit.jupiter.engine.execution.InterceptingExecutableInvoker.lambda$invoke$0(InterceptingExecutableInvoker.java:93)
	at org.junit.jupiter.engine.execution.InvocationInterceptorChain$InterceptedInvocation.proceed(InvocationInterceptorChain.java:106)
	at org.junit.jupiter.engine.execution.InvocationInterceptorChain.proceed(InvocationInterceptorChain.java:64)
	at org.junit.jupiter.engine.execution.InvocationInterceptorChain.chainAndInvoke(InvocationInterceptorChain.java:45)
	at org.junit.jupiter.engine.execution.InvocationInterceptorChain.invoke(InvocationInterceptorChain.java:37)
	at org.junit.jupiter.engine.execution.InterceptingExecutableInvoker.invoke(InterceptingExecutableInvoker.java:92)
	at org.junit.jupiter.engine.execution.InterceptingExecutableInvoker.invoke(InterceptingExecutableInvoker.java:86)
	at org.junit.jupiter.engine.descriptor.TestMethodTestDescriptor.lambda$invokeTestMethod$7(TestMethodTestDescriptor.java:218)
	at org.junit.platform.engine.support.hierarchical.ThrowableCollector.execute(ThrowableCollector.java:73)
	at org.junit.jupiter.engine.descriptor.TestMethodTestDescriptor.invokeTestMethod(TestMethodTestDescriptor.java:214)
	at org.junit.jupiter.engine.descriptor.TestMethodTestDescriptor.execute(TestMethodTestDescriptor.java:139)
	at org.junit.jupiter.engine.descriptor.TestMethodTestDescriptor.execute(TestMethodTestDescriptor.java:69)
	at org.junit.platform.engine.support.hierarchical.NodeTestTask.lambda$executeRecursively$6(NodeTestTask.java:151)
	at org.junit.platform.engine.support.hierarchical.ThrowableCollector.execute(ThrowableCollector.java:73)
	at org.junit.platform.engine.support.hierarchical.NodeTestTask.lambda$executeRecursively$8(NodeTestTask.java:141)
	at org.junit.platform.engine.support.hierarchical.Node.around(Node.java:137)
	at org.junit.platform.engine.support.hierarchical.NodeTestTask.lambda$executeRecursively$9(NodeTestTask.java:139)
	at org.junit.platform.engine.support.hierarchical.ThrowableCollector.execute(ThrowableCollector.java:73)
	at org.junit.platform.engine.support.hierarchical.NodeTestTask.executeRecursively(NodeTestTask.java:138)
	at org.junit.platform.engine.support.hierarchical.NodeTestTask.execute(NodeTestTask.java:95)
	at java.base/java.util.ArrayList.forEach(ArrayList.java:1604)
	at org.junit.platform.engine.support.hierarchical.SameThreadHierarchicalTestExecutorService.invokeAll(SameThreadHierarchicalTestExecutorService.java:41)
	at org.junit.platform.engine.support.hierarchical.NodeTestTask.lambda$executeRecursively$6(NodeTestTask.java:155)
	at org.junit.platform.engine.support.hierarchical.ThrowableCollector.execute(ThrowableCollector.java:73)
	at org.junit.platform.engine.support.hierarchical.NodeTestTask.lambda$executeRecursively$8(NodeTestTask.java:141)
	at org.junit.platform.engine.support.hierarchical.Node.around(Node.java:137)
	at org.junit.platform.engine.support.hierarchical.NodeTestTask.lambda$executeRecursively$9(NodeTestTask.java:139)
	at org.junit.platform.engine.support.hierarchical.ThrowableCollector.execute(ThrowableCollector.java:73)
	at org.junit.platform.engine.support.hierarchical.NodeTestTask.executeRecursively(NodeTestTask.java:138)
	at org.junit.platform.engine.support.hierarchical.NodeTestTask.execute(NodeTestTask.java:95)
	at java.base/java.util.ArrayList.forEach(ArrayList.java:1604)
	at org.junit.platform.engine.support.hierarchical.SameThreadHierarchicalTestExecutorService.invokeAll(SameThreadHierarchicalTestExecutorService.java:41)
	at org.junit.platform.engine.support.hierarchical.NodeTestTask.lambda$executeRecursively$6(NodeTestTask.java:155)
	at org.junit.platform.engine.support.hierarchical.ThrowableCollector.execute(ThrowableCollector.java:73)
	at org.junit.platform.engine.support.hierarchical.NodeTestTask.lambda$executeRecursively$8(NodeTestTask.java:141)
	at org.junit.platform.engine.support.hierarchical.Node.around(Node.java:137)
	at org.junit.platform.engine.support.hierarchical.NodeTestTask.lambda$executeRecursively$9(NodeTestTask.java:139)
	at org.junit.platform.engine.support.hierarchical.ThrowableCollector.execute(ThrowableCollector.java:73)
	at org.junit.platform.engine.support.hierarchical.NodeTestTask.executeRecursively(NodeTestTask.java:138)
	at org.junit.platform.engine.support.hierarchical.NodeTestTask.execute(NodeTestTask.java:95)
	at org.junit.platform.engine.support.hierarchical.SameThreadHierarchicalTestExecutorService.submit(SameThreadHierarchicalTestExecutorService.java:35)
	at org.junit.platform.engine.support.hierarchical.HierarchicalTestExecutor.execute(HierarchicalTestExecutor.java:57)
	at org.junit.platform.engine.support.hierarchical.HierarchicalTestEngine.execute(HierarchicalTestEngine.java:54)
	at org.junit.platform.launcher.core.EngineExecutionOrchestrator.execute(EngineExecutionOrchestrator.java:198)
	at org.junit.platform.launcher.core.EngineExecutionOrchestrator.execute(EngineExecutionOrchestrator.java:169)
	at org.junit.platform.launcher.core.EngineExecutionOrchestrator.execute(EngineExecutionOrchestrator.java:93)
	at org.junit.platform.launcher.core.EngineExecutionOrchestrator.lambda$execute$0(EngineExecutionOrchestrator.java:58)
	at org.junit.platform.launcher.core.EngineExecutionOrchestrator.withInterceptedStreams(EngineExecutionOrchestrator.java:141)
	at org.junit.platform.launcher.core.EngineExecutionOrchestrator.execute(EngineExecutionOrchestrator.java:57)
	at org.junit.platform.launcher.core.DefaultLauncher.execute(DefaultLauncher.java:103)
	at org.junit.platform.launcher.core.DefaultLauncher.execute(DefaultLauncher.java:85)
	at org.junit.platform.launcher.core.DelegatingLauncher.execute(DelegatingLauncher.java:47)
	at org.junit.platform.launcher.core.SessionPerRequestLauncher.execute(SessionPerRequestLauncher.java:63)
	at com.intellij.junit5.JUnit5IdeaTestRunner.startRunnerWithArgs(JUnit5IdeaTestRunner.java:66)
	at com.intellij.rt.junit.IdeaTestRunner$Repeater$1.execute(IdeaTestRunner.java:38)
	at com.intellij.rt.execution.junit.TestsRepeater.repeat(TestsRepeater.java:11)
	at com.intellij.rt.junit.IdeaTestRunner$Repeater.startRunnerWithArgs(IdeaTestRunner.java:35)
	at com.intellij.rt.junit.JUnitStarter.prepareStreamsAndStart(JUnitStarter.java:231)
	at com.intellij.rt.junit.JUnitStarter.main(JUnitStarter.java:55)
Caused by: javax.xml.stream.XMLStreamException: ParseError at [row,col]:[1,1]
Message: Content is not allowed in prolog.
	at java.xml/com.sun.org.apache.xerces.internal.impl.XMLStreamReaderImpl.next(XMLStreamReaderImpl.java:652)
	at java.xml/javax.xml.stream.util.StreamReaderDelegate.next(StreamReaderDelegate.java:84)
	at javafx.fxml/javafx.fxml.FXMLLoader.loadImpl(FXMLLoader.java:2627)
	... 89 common frames omitted
2026-04-15 18:45:21.991 [main] ERROR com.appointmentscheduler.presentation.MainApp - Could not show error scene
java.lang.IllegalStateException: Not on FX application thread; currentThread = main
	at javafx.graphics/com.sun.javafx.tk.Toolkit.checkFxUserThread(Toolkit.java:297)
	at javafx.graphics/com.sun.javafx.tk.quantum.QuantumToolkit.checkFxUserThread(QuantumToolkit.java:458)
	at javafx.graphics/javafx.stage.Stage.setScene(Stage.java:269)
	at com.appointmentscheduler@1.0-SNAPSHOT/com.appointmentscheduler.presentation.MainApp.showErrorScene(MainApp.java:468)
	at java.base/java.lang.invoke.MethodHandle.invokeWithArguments(MethodHandle.java:735)
	at org.mockito.internal.util.reflection.InstrumentationMemberAccessor$Dispatcher$ByteBuddy$LBnsSUls.invokeWithArguments(Unknown Source)
	at org.mockito.internal.util.reflection.InstrumentationMemberAccessor.invoke(InstrumentationMemberAccessor.java:265)
	at org.mockito.internal.util.reflection.ModuleMemberAccessor.invoke(ModuleMemberAccessor.java:55)
	at org.mockito.internal.creation.bytebuddy.MockMethodAdvice.tryInvoke(MockMethodAdvice.java:316)
	at org.mockito.internal.creation.bytebuddy.MockMethodAdvice$StaticMethodCall.invoke(MockMethodAdvice.java:308)
	at org.mockito.internal.invocation.InterceptedInvocation.callRealMethod(InterceptedInvocation.java:142)
	at org.mockito.internal.stubbing.answers.CallsRealMethods.answer(CallsRealMethods.java:45)
	at org.mockito.Answers.answer(Answers.java:90)
	at org.mockito.internal.handler.MockHandlerImpl.handle(MockHandlerImpl.java:111)
	at org.mockito.internal.handler.NullResultGuardian.handle(NullResultGuardian.java:29)
	at org.mockito.internal.handler.InvocationNotifierHandler.handle(InvocationNotifierHandler.java:34)
	at org.mockito.internal.creation.bytebuddy.access.MockMethodInterceptor.doIntercept(MockMethodInterceptor.java:84)
	at org.mockito.internal.creation.bytebuddy.MockMethodAdvice.handleStatic(MockMethodAdvice.java:150)
	at com.appointmentscheduler@1.0-SNAPSHOT/com.appointmentscheduler.presentation.MainApp.showErrorScene(MainApp.java:459)
	at com.appointmentscheduler@1.0-SNAPSHOT/com.appointmentscheduler.presentation.MainApp.loadScreen(MainApp.java:416)
	at java.base/java.lang.invoke.MethodHandle.invokeWithArguments(MethodHandle.java:735)
	at org.mockito.internal.util.reflection.InstrumentationMemberAccessor$Dispatcher$ByteBuddy$LBnsSUls.invokeWithArguments(Unknown Source)
	at org.mockito.internal.util.reflection.InstrumentationMemberAccessor.invoke(InstrumentationMemberAccessor.java:265)
	at org.mockito.internal.util.reflection.ModuleMemberAccessor.invoke(ModuleMemberAccessor.java:55)
	at org.mockito.internal.creation.bytebuddy.MockMethodAdvice.tryInvoke(MockMethodAdvice.java:316)
	at org.mockito.internal.creation.bytebuddy.MockMethodAdvice$StaticMethodCall.invoke(MockMethodAdvice.java:308)
	at org.mockito.internal.invocation.InterceptedInvocation.callRealMethod(InterceptedInvocation.java:142)
	at org.mockito.internal.stubbing.answers.CallsRealMethods.answer(CallsRealMethods.java:45)
	at org.mockito.Answers.answer(Answers.java:90)
	at org.mockito.internal.handler.MockHandlerImpl.handle(MockHandlerImpl.java:111)
	at org.mockito.internal.handler.NullResultGuardian.handle(NullResultGuardian.java:29)
	at org.mockito.internal.handler.InvocationNotifierHandler.handle(InvocationNotifierHandler.java:34)
	at org.mockito.internal.creation.bytebuddy.access.MockMethodInterceptor.doIntercept(MockMethodInterceptor.java:84)
	at org.mockito.internal.creation.bytebuddy.MockMethodAdvice.handleStatic(MockMethodAdvice.java:150)
	at com.appointmentscheduler@1.0-SNAPSHOT/com.appointmentscheduler.presentation.MainApp.loadScreen(MainApp.java:381)
	at com.appointmentscheduler@1.0-SNAPSHOT/com.appointmentscheduler.presentation.MainAppInternalsCoverageTest.lambda$performLogout_withNullCurrentUser_and_loadScreenReentryGuard$1(MainAppInternalsCoverageTest.java:251)
	at org.mockito.internal.MockedStaticImpl.when(MockedStaticImpl.java:49)
	at com.appointmentscheduler@1.0-SNAPSHOT/com.appointmentscheduler.presentation.MainAppInternalsCoverageTest.performLogout_withNullCurrentUser_and_loadScreenReentryGuard(MainAppInternalsCoverageTest.java:251)
	at java.base/jdk.internal.reflect.DirectMethodHandleAccessor.invoke(DirectMethodHandleAccessor.java:104)
	at java.base/java.lang.reflect.Method.invoke(Method.java:565)
	at org.junit.platform.commons.util.ReflectionUtils.invokeMethod(ReflectionUtils.java:728)
	at org.junit.jupiter.engine.execution.MethodInvocation.proceed(MethodInvocation.java:60)
	at org.junit.jupiter.engine.execution.InvocationInterceptorChain$ValidatingInvocation.proceed(InvocationInterceptorChain.java:131)
	at org.junit.jupiter.engine.extension.TimeoutExtension.intercept(TimeoutExtension.java:156)
	at org.junit.jupiter.engine.extension.TimeoutExtension.interceptTestableMethod(TimeoutExtension.java:147)
	at org.junit.jupiter.engine.extension.TimeoutExtension.interceptTestMethod(TimeoutExtension.java:86)
	at org.junit.jupiter.engine.execution.InterceptingExecutableInvoker$ReflectiveInterceptorCall.lambda$ofVoidMethod$0(InterceptingExecutableInvoker.java:103)
	at org.junit.jupiter.engine.execution.InterceptingExecutableInvoker.lambda$invoke$0(InterceptingExecutableInvoker.java:93)
	at org.junit.jupiter.engine.execution.InvocationInterceptorChain$InterceptedInvocation.proceed(InvocationInterceptorChain.java:106)
	at org.junit.jupiter.engine.execution.InvocationInterceptorChain.proceed(InvocationInterceptorChain.java:64)
	at org.junit.jupiter.engine.execution.InvocationInterceptorChain.chainAndInvoke(InvocationInterceptorChain.java:45)
	at org.junit.jupiter.engine.execution.InvocationInterceptorChain.invoke(InvocationInterceptorChain.java:37)
	at org.junit.jupiter.engine.execution.InterceptingExecutableInvoker.invoke(InterceptingExecutableInvoker.java:92)
	at org.junit.jupiter.engine.execution.InterceptingExecutableInvoker.invoke(InterceptingExecutableInvoker.java:86)
	at org.junit.jupiter.engine.descriptor.TestMethodTestDescriptor.lambda$invokeTestMethod$7(TestMethodTestDescriptor.java:218)
	at org.junit.platform.engine.support.hierarchical.ThrowableCollector.execute(ThrowableCollector.java:73)
	at org.junit.jupiter.engine.descriptor.TestMethodTestDescriptor.invokeTestMethod(TestMethodTestDescriptor.java:214)
	at org.junit.jupiter.engine.descriptor.TestMethodTestDescriptor.execute(TestMethodTestDescriptor.java:139)
	at org.junit.jupiter.engine.descriptor.TestMethodTestDescriptor.execute(TestMethodTestDescriptor.java:69)
	at org.junit.platform.engine.support.hierarchical.NodeTestTask.lambda$executeRecursively$6(NodeTestTask.java:151)
	at org.junit.platform.engine.support.hierarchical.ThrowableCollector.execute(ThrowableCollector.java:73)
	at org.junit.platform.engine.support.hierarchical.NodeTestTask.lambda$executeRecursively$8(NodeTestTask.java:141)
	at org.junit.platform.engine.support.hierarchical.Node.around(Node.java:137)
	at org.junit.platform.engine.support.hierarchical.NodeTestTask.lambda$executeRecursively$9(NodeTestTask.java:139)
	at org.junit.platform.engine.support.hierarchical.ThrowableCollector.execute(ThrowableCollector.java:73)
	at org.junit.platform.engine.support.hierarchical.NodeTestTask.executeRecursively(NodeTestTask.java:138)
	at org.junit.platform.engine.support.hierarchical.NodeTestTask.execute(NodeTestTask.java:95)
	at java.base/java.util.ArrayList.forEach(ArrayList.java:1604)
	at org.junit.platform.engine.support.hierarchical.SameThreadHierarchicalTestExecutorService.invokeAll(SameThreadHierarchicalTestExecutorService.java:41)
	at org.junit.platform.engine.support.hierarchical.NodeTestTask.lambda$executeRecursively$6(NodeTestTask.java:155)
	at org.junit.platform.engine.support.hierarchical.ThrowableCollector.execute(ThrowableCollector.java:73)
	at org.junit.platform.engine.support.hierarchical.NodeTestTask.lambda$executeRecursively$8(NodeTestTask.java:141)
	at org.junit.platform.engine.support.hierarchical.Node.around(Node.java:137)
	at org.junit.platform.engine.support.hierarchical.NodeTestTask.lambda$executeRecursively$9(NodeTestTask.java:139)
	at org.junit.platform.engine.support.hierarchical.ThrowableCollector.execute(ThrowableCollector.java:73)
	at org.junit.platform.engine.support.hierarchical.NodeTestTask.executeRecursively(NodeTestTask.java:138)
	at org.junit.platform.engine.support.hierarchical.NodeTestTask.execute(NodeTestTask.java:95)
	at java.base/java.util.ArrayList.forEach(ArrayList.java:1604)
	at org.junit.platform.engine.support.hierarchical.SameThreadHierarchicalTestExecutorService.invokeAll(SameThreadHierarchicalTestExecutorService.java:41)
	at org.junit.platform.engine.support.hierarchical.NodeTestTask.lambda$executeRecursively$6(NodeTestTask.java:155)
	at org.junit.platform.engine.support.hierarchical.ThrowableCollector.execute(ThrowableCollector.java:73)
	at org.junit.platform.engine.support.hierarchical.NodeTestTask.lambda$executeRecursively$8(NodeTestTask.java:141)
	at org.junit.platform.engine.support.hierarchical.Node.around(Node.java:137)
	at org.junit.platform.engine.support.hierarchical.NodeTestTask.lambda$executeRecursively$9(NodeTestTask.java:139)
	at org.junit.platform.engine.support.hierarchical.ThrowableCollector.execute(ThrowableCollector.java:73)
	at org.junit.platform.engine.support.hierarchical.NodeTestTask.executeRecursively(NodeTestTask.java:138)
	at org.junit.platform.engine.support.hierarchical.NodeTestTask.execute(NodeTestTask.java:95)
	at org.junit.platform.engine.support.hierarchical.SameThreadHierarchicalTestExecutorService.submit(SameThreadHierarchicalTestExecutorService.java:35)
	at org.junit.platform.engine.support.hierarchical.HierarchicalTestExecutor.execute(HierarchicalTestExecutor.java:57)
	at org.junit.platform.engine.support.hierarchical.HierarchicalTestEngine.execute(HierarchicalTestEngine.java:54)
	at org.junit.platform.launcher.core.EngineExecutionOrchestrator.execute(EngineExecutionOrchestrator.java:198)
	at org.junit.platform.launcher.core.EngineExecutionOrchestrator.execute(EngineExecutionOrchestrator.java:169)
	at org.junit.platform.launcher.core.EngineExecutionOrchestrator.execute(EngineExecutionOrchestrator.java:93)
	at org.junit.platform.launcher.core.EngineExecutionOrchestrator.lambda$execute$0(EngineExecutionOrchestrator.java:58)
	at org.junit.platform.launcher.core.EngineExecutionOrchestrator.withInterceptedStreams(EngineExecutionOrchestrator.java:141)
	at org.junit.platform.launcher.core.EngineExecutionOrchestrator.execute(EngineExecutionOrchestrator.java:57)
	at org.junit.platform.launcher.core.DefaultLauncher.execute(DefaultLauncher.java:103)
	at org.junit.platform.launcher.core.DefaultLauncher.execute(DefaultLauncher.java:85)
	at org.junit.platform.launcher.core.DelegatingLauncher.execute(DelegatingLauncher.java:47)
	at org.junit.platform.launcher.core.SessionPerRequestLauncher.execute(SessionPerRequestLauncher.java:63)
	at com.intellij.junit5.JUnit5IdeaTestRunner.startRunnerWithArgs(JUnit5IdeaTestRunner.java:66)
	at com.intellij.rt.junit.IdeaTestRunner$Repeater$1.execute(IdeaTestRunner.java:38)
	at com.intellij.rt.execution.junit.TestsRepeater.repeat(TestsRepeater.java:11)
	at com.intellij.rt.junit.IdeaTestRunner$Repeater.startRunnerWithArgs(IdeaTestRunner.java:35)
	at com.intellij.rt.junit.JUnitStarter.prepareStreamsAndStart(JUnitStarter.java:231)
	at com.intellij.rt.junit.JUnitStarter.main(JUnitStarter.java:55)
2026-04-15 18:45:22.006 [main] WARN  com.appointmentscheduler.presentation.MainApp - loadScreen re-entry ignored: Missing.fxml
2026-04-15 18:45:22.011 [main] DEBUG com.appointmentscheduler.application.AppConfig - Application configuration loaded
2026-04-15 18:45:22.012 [main] DEBUG com.appointmentscheduler.application.AppConfig - Merged application-local.properties
2026-04-15 18:45:22.078 [JavaFX Application Thread] ERROR c.appointmentscheduler.presentation.ErrorHandler - Failed to load screen: 
/C:/Users/PC/Desktop/software%20project/AppointmentSystem/target/test-classes/com/appointmentscheduler/presentation/

javafx.fxml.LoadException: 
/C:/Users/PC/Desktop/software%20project/AppointmentSystem/target/test-classes/com/appointmentscheduler/presentation/

	at javafx.fxml/javafx.fxml.FXMLLoader.constructLoadException(FXMLLoader.java:2714)
	at javafx.fxml/javafx.fxml.FXMLLoader.loadImpl(FXMLLoader.java:2657)
	at javafx.fxml/javafx.fxml.FXMLLoader.loadImpl(FXMLLoader.java:2555)
	at javafx.fxml/javafx.fxml.FXMLLoader.load(FXMLLoader.java:2523)
	at com.appointmentscheduler@1.0-SNAPSHOT/com.appointmentscheduler.presentation.MainApp.loadScreen(MainApp.java:397)
	at java.base/java.lang.invoke.MethodHandle.invokeWithArguments(MethodHandle.java:735)
	at org.mockito.internal.util.reflection.InstrumentationMemberAccessor$Dispatcher$ByteBuddy$LBnsSUls.invokeWithArguments(Unknown Source)
	at org.mockito.internal.util.reflection.InstrumentationMemberAccessor.invoke(InstrumentationMemberAccessor.java:265)
	at org.mockito.internal.util.reflection.ModuleMemberAccessor.invoke(ModuleMemberAccessor.java:55)
	at org.mockito.internal.creation.bytebuddy.MockMethodAdvice.tryInvoke(MockMethodAdvice.java:316)
	at org.mockito.internal.creation.bytebuddy.MockMethodAdvice$StaticMethodCall.invoke(MockMethodAdvice.java:308)
	at org.mockito.internal.invocation.InterceptedInvocation.callRealMethod(InterceptedInvocation.java:142)
	at org.mockito.internal.stubbing.answers.CallsRealMethods.answer(CallsRealMethods.java:45)
	at org.mockito.Answers.answer(Answers.java:90)
	at org.mockito.internal.handler.MockHandlerImpl.handle(MockHandlerImpl.java:111)
	at org.mockito.internal.handler.NullResultGuardian.handle(NullResultGuardian.java:29)
	at org.mockito.internal.handler.InvocationNotifierHandler.handle(InvocationNotifierHandler.java:34)
	at org.mockito.internal.creation.bytebuddy.access.MockMethodInterceptor.doIntercept(MockMethodInterceptor.java:84)
	at org.mockito.internal.creation.bytebuddy.MockMethodAdvice.handleStatic(MockMethodAdvice.java:150)
	at com.appointmentscheduler@1.0-SNAPSHOT/com.appointmentscheduler.presentation.MainApp.loadScreen(MainApp.java:381)
	at com.appointmentscheduler@1.0-SNAPSHOT/com.appointmentscheduler.presentation.MainAppInternalsCoverageTest.lambda$performLogout_whenAuditServiceNull_confirmTrue_stillLogsOut$1(MainAppInternalsCoverageTest.java:335)
	at org.mockito.internal.MockedStaticImpl.when(MockedStaticImpl.java:49)
	at com.appointmentscheduler@1.0-SNAPSHOT/com.appointmentscheduler.presentation.MainAppInternalsCoverageTest.performLogout_whenAuditServiceNull_confirmTrue_stillLogsOut(MainAppInternalsCoverageTest.java:335)
	at java.base/jdk.internal.reflect.DirectMethodHandleAccessor.invoke(DirectMethodHandleAccessor.java:104)
	at java.base/java.lang.reflect.Method.invoke(Method.java:565)
	at org.junit.platform.commons.util.ReflectionUtils.invokeMethod(ReflectionUtils.java:728)
	at org.junit.jupiter.engine.execution.MethodInvocation.proceed(MethodInvocation.java:60)
	at org.junit.jupiter.engine.execution.InvocationInterceptorChain$ValidatingInvocation.proceed(InvocationInterceptorChain.java:131)
	at org.junit.jupiter.engine.extension.TimeoutExtension.intercept(TimeoutExtension.java:156)
	at org.junit.jupiter.engine.extension.TimeoutExtension.interceptTestableMethod(TimeoutExtension.java:147)
	at org.junit.jupiter.engine.extension.TimeoutExtension.interceptTestMethod(TimeoutExtension.java:86)
	at org.junit.jupiter.engine.execution.InterceptingExecutableInvoker$ReflectiveInterceptorCall.lambda$ofVoidMethod$0(InterceptingExecutableInvoker.java:103)
	at org.junit.jupiter.engine.execution.InterceptingExecutableInvoker.lambda$invoke$0(InterceptingExecutableInvoker.java:93)
	at org.junit.jupiter.engine.execution.InvocationInterceptorChain$InterceptedInvocation.proceed(InvocationInterceptorChain.java:106)
	at org.junit.jupiter.engine.execution.InvocationInterceptorChain.proceed(InvocationInterceptorChain.java:64)
	at org.junit.jupiter.engine.execution.InvocationInterceptorChain.chainAndInvoke(InvocationInterceptorChain.java:45)
	at org.junit.jupiter.engine.execution.InvocationInterceptorChain.invoke(InvocationInterceptorChain.java:37)
	at org.junit.jupiter.engine.execution.InterceptingExecutableInvoker.invoke(InterceptingExecutableInvoker.java:92)
	at org.junit.jupiter.engine.execution.InterceptingExecutableInvoker.invoke(InterceptingExecutableInvoker.java:86)
	at org.junit.jupiter.engine.descriptor.TestMethodTestDescriptor.lambda$invokeTestMethod$7(TestMethodTestDescriptor.java:218)
	at org.junit.platform.engine.support.hierarchical.ThrowableCollector.execute(ThrowableCollector.java:73)
	at org.junit.jupiter.engine.descriptor.TestMethodTestDescriptor.invokeTestMethod(TestMethodTestDescriptor.java:214)
	at org.junit.jupiter.engine.descriptor.TestMethodTestDescriptor.execute(TestMethodTestDescriptor.java:139)
	at org.junit.jupiter.engine.descriptor.TestMethodTestDescriptor.execute(TestMethodTestDescriptor.java:69)
	at org.junit.platform.engine.support.hierarchical.NodeTestTask.lambda$executeRecursively$6(NodeTestTask.java:151)
	at org.junit.platform.engine.support.hierarchical.ThrowableCollector.execute(ThrowableCollector.java:73)
	at org.junit.platform.engine.support.hierarchical.NodeTestTask.lambda$executeRecursively$8(NodeTestTask.java:141)
	at org.junit.platform.engine.support.hierarchical.Node.around(Node.java:137)
	at org.junit.platform.engine.support.hierarchical.NodeTestTask.lambda$executeRecursively$9(NodeTestTask.java:139)
	at org.junit.platform.engine.support.hierarchical.ThrowableCollector.execute(ThrowableCollector.java:73)
	at org.junit.platform.engine.support.hierarchical.NodeTestTask.executeRecursively(NodeTestTask.java:138)
	at org.junit.platform.engine.support.hierarchical.NodeTestTask.execute(NodeTestTask.java:95)
	at java.base/java.util.ArrayList.forEach(ArrayList.java:1604)
	at org.junit.platform.engine.support.hierarchical.SameThreadHierarchicalTestExecutorService.invokeAll(SameThreadHierarchicalTestExecutorService.java:41)
	at org.junit.platform.engine.support.hierarchical.NodeTestTask.lambda$executeRecursively$6(NodeTestTask.java:155)
	at org.junit.platform.engine.support.hierarchical.ThrowableCollector.execute(ThrowableCollector.java:73)
	at org.junit.platform.engine.support.hierarchical.NodeTestTask.lambda$executeRecursively$8(NodeTestTask.java:141)
	at org.junit.platform.engine.support.hierarchical.Node.around(Node.java:137)
	at org.junit.platform.engine.support.hierarchical.NodeTestTask.lambda$executeRecursively$9(NodeTestTask.java:139)
	at org.junit.platform.engine.support.hierarchical.ThrowableCollector.execute(ThrowableCollector.java:73)
	at org.junit.platform.engine.support.hierarchical.NodeTestTask.executeRecursively(NodeTestTask.java:138)
	at org.junit.platform.engine.support.hierarchical.NodeTestTask.execute(NodeTestTask.java:95)
	at java.base/java.util.ArrayList.forEach(ArrayList.java:1604)
	at org.junit.platform.engine.support.hierarchical.SameThreadHierarchicalTestExecutorService.invokeAll(SameThreadHierarchicalTestExecutorService.java:41)
	at org.junit.platform.engine.support.hierarchical.NodeTestTask.lambda$executeRecursively$6(NodeTestTask.java:155)
	at org.junit.platform.engine.support.hierarchical.ThrowableCollector.execute(ThrowableCollector.java:73)
	at org.junit.platform.engine.support.hierarchical.NodeTestTask.lambda$executeRecursively$8(NodeTestTask.java:141)
	at org.junit.platform.engine.support.hierarchical.Node.around(Node.java:137)
	at org.junit.platform.engine.support.hierarchical.NodeTestTask.lambda$executeRecursively$9(NodeTestTask.java:139)
	at org.junit.platform.engine.support.hierarchical.ThrowableCollector.execute(ThrowableCollector.java:73)
	at org.junit.platform.engine.support.hierarchical.NodeTestTask.executeRecursively(NodeTestTask.java:138)
	at org.junit.platform.engine.support.hierarchical.NodeTestTask.execute(NodeTestTask.java:95)
	at org.junit.platform.engine.support.hierarchical.SameThreadHierarchicalTestExecutorService.submit(SameThreadHierarchicalTestExecutorService.java:35)
	at org.junit.platform.engine.support.hierarchical.HierarchicalTestExecutor.execute(HierarchicalTestExecutor.java:57)
	at org.junit.platform.engine.support.hierarchical.HierarchicalTestEngine.execute(HierarchicalTestEngine.java:54)
	at org.junit.platform.launcher.core.EngineExecutionOrchestrator.execute(EngineExecutionOrchestrator.java:198)
	at org.junit.platform.launcher.core.EngineExecutionOrchestrator.execute(EngineExecutionOrchestrator.java:169)
	at org.junit.platform.launcher.core.EngineExecutionOrchestrator.execute(EngineExecutionOrchestrator.java:93)
	at org.junit.platform.launcher.core.EngineExecutionOrchestrator.lambda$execute$0(EngineExecutionOrchestrator.java:58)
	at org.junit.platform.launcher.core.EngineExecutionOrchestrator.withInterceptedStreams(EngineExecutionOrchestrator.java:141)
	at org.junit.platform.launcher.core.EngineExecutionOrchestrator.execute(EngineExecutionOrchestrator.java:57)
	at org.junit.platform.launcher.core.DefaultLauncher.execute(DefaultLauncher.java:103)
	at org.junit.platform.launcher.core.DefaultLauncher.execute(DefaultLauncher.java:85)
	at org.junit.platform.launcher.core.DelegatingLauncher.execute(DelegatingLauncher.java:47)
	at org.junit.platform.launcher.core.SessionPerRequestLauncher.execute(SessionPerRequestLauncher.java:63)
	at com.intellij.junit5.JUnit5IdeaTestRunner.startRunnerWithArgs(JUnit5IdeaTestRunner.java:66)
	at com.intellij.rt.junit.IdeaTestRunner$Repeater$1.execute(IdeaTestRunner.java:38)
	at com.intellij.rt.execution.junit.TestsRepeater.repeat(TestsRepeater.java:11)
	at com.intellij.rt.junit.IdeaTestRunner$Repeater.startRunnerWithArgs(IdeaTestRunner.java:35)
	at com.intellij.rt.junit.JUnitStarter.prepareStreamsAndStart(JUnitStarter.java:231)
	at com.intellij.rt.junit.JUnitStarter.main(JUnitStarter.java:55)
Caused by: javax.xml.stream.XMLStreamException: ParseError at [row,col]:[1,1]
Message: Content is not allowed in prolog.
	at java.xml/com.sun.org.apache.xerces.internal.impl.XMLStreamReaderImpl.next(XMLStreamReaderImpl.java:652)
	at java.xml/javax.xml.stream.util.StreamReaderDelegate.next(StreamReaderDelegate.java:84)
	at javafx.fxml/javafx.fxml.FXMLLoader.loadImpl(FXMLLoader.java:2627)
	... 89 common frames omitted
2026-04-15 18:45:22.090 [JavaFX Application Thread] ERROR c.appointmentscheduler.presentation.ErrorHandler - Failed to load screen: 
/C:/Users/PC/Desktop/software%20project/AppointmentSystem/target/test-classes/com/appointmentscheduler/presentation/

javafx.fxml.LoadException: 
/C:/Users/PC/Desktop/software%20project/AppointmentSystem/target/test-classes/com/appointmentscheduler/presentation/

	at javafx.fxml/javafx.fxml.FXMLLoader.constructLoadException(FXMLLoader.java:2714)
	at javafx.fxml/javafx.fxml.FXMLLoader.loadImpl(FXMLLoader.java:2657)
	at javafx.fxml/javafx.fxml.FXMLLoader.loadImpl(FXMLLoader.java:2555)
	at javafx.fxml/javafx.fxml.FXMLLoader.load(FXMLLoader.java:2523)
	at com.appointmentscheduler@1.0-SNAPSHOT/com.appointmentscheduler.presentation.MainApp.loadScreen(MainApp.java:397)
	at java.base/java.lang.invoke.MethodHandle.invokeWithArguments(MethodHandle.java:735)
	at org.mockito.internal.util.reflection.InstrumentationMemberAccessor$Dispatcher$ByteBuddy$LBnsSUls.invokeWithArguments(Unknown Source)
	at org.mockito.internal.util.reflection.InstrumentationMemberAccessor.invoke(InstrumentationMemberAccessor.java:265)
	at org.mockito.internal.util.reflection.ModuleMemberAccessor.invoke(ModuleMemberAccessor.java:55)
	at org.mockito.internal.creation.bytebuddy.MockMethodAdvice.tryInvoke(MockMethodAdvice.java:316)
	at org.mockito.internal.creation.bytebuddy.MockMethodAdvice$StaticMethodCall.invoke(MockMethodAdvice.java:308)
	at org.mockito.internal.invocation.InterceptedInvocation.callRealMethod(InterceptedInvocation.java:142)
	at org.mockito.internal.stubbing.answers.CallsRealMethods.answer(CallsRealMethods.java:45)
	at org.mockito.Answers.answer(Answers.java:90)
	at org.mockito.internal.handler.MockHandlerImpl.handle(MockHandlerImpl.java:111)
	at org.mockito.internal.handler.NullResultGuardian.handle(NullResultGuardian.java:29)
	at org.mockito.internal.handler.InvocationNotifierHandler.handle(InvocationNotifierHandler.java:34)
	at org.mockito.internal.creation.bytebuddy.access.MockMethodInterceptor.doIntercept(MockMethodInterceptor.java:84)
	at org.mockito.internal.creation.bytebuddy.MockMethodAdvice.handleStatic(MockMethodAdvice.java:150)
	at com.appointmentscheduler@1.0-SNAPSHOT/com.appointmentscheduler.presentation.MainApp.loadScreen(MainApp.java:381)
	at com.appointmentscheduler@1.0-SNAPSHOT/com.appointmentscheduler.presentation.MainAppInternalsCoverageTest.lambda$performLogout_confirmFalseAndTrue_branches$2(MainAppInternalsCoverageTest.java:234)
	at org.mockito.internal.MockedStaticImpl.when(MockedStaticImpl.java:49)
	at com.appointmentscheduler@1.0-SNAPSHOT/com.appointmentscheduler.presentation.MainAppInternalsCoverageTest.performLogout_confirmFalseAndTrue_branches(MainAppInternalsCoverageTest.java:234)
	at java.base/jdk.internal.reflect.DirectMethodHandleAccessor.invoke(DirectMethodHandleAccessor.java:104)
	at java.base/java.lang.reflect.Method.invoke(Method.java:565)
	at org.junit.platform.commons.util.ReflectionUtils.invokeMethod(ReflectionUtils.java:728)
	at org.junit.jupiter.engine.execution.MethodInvocation.proceed(MethodInvocation.java:60)
	at org.junit.jupiter.engine.execution.InvocationInterceptorChain$ValidatingInvocation.proceed(InvocationInterceptorChain.java:131)
	at org.junit.jupiter.engine.extension.TimeoutExtension.intercept(TimeoutExtension.java:156)
	at org.junit.jupiter.engine.extension.TimeoutExtension.interceptTestableMethod(TimeoutExtension.java:147)
	at org.junit.jupiter.engine.extension.TimeoutExtension.interceptTestMethod(TimeoutExtension.java:86)
	at org.junit.jupiter.engine.execution.InterceptingExecutableInvoker$ReflectiveInterceptorCall.lambda$ofVoidMethod$0(InterceptingExecutableInvoker.java:103)
	at org.junit.jupiter.engine.execution.InterceptingExecutableInvoker.lambda$invoke$0(InterceptingExecutableInvoker.java:93)
	at org.junit.jupiter.engine.execution.InvocationInterceptorChain$InterceptedInvocation.proceed(InvocationInterceptorChain.java:106)
	at org.junit.jupiter.engine.execution.InvocationInterceptorChain.proceed(InvocationInterceptorChain.java:64)
	at org.junit.jupiter.engine.execution.InvocationInterceptorChain.chainAndInvoke(InvocationInterceptorChain.java:45)
	at org.junit.jupiter.engine.execution.InvocationInterceptorChain.invoke(InvocationInterceptorChain.java:37)
	at org.junit.jupiter.engine.execution.InterceptingExecutableInvoker.invoke(InterceptingExecutableInvoker.java:92)
	at org.junit.jupiter.engine.execution.InterceptingExecutableInvoker.invoke(InterceptingExecutableInvoker.java:86)
	at org.junit.jupiter.engine.descriptor.TestMethodTestDescriptor.lambda$invokeTestMethod$7(TestMethodTestDescriptor.java:218)
	at org.junit.platform.engine.support.hierarchical.ThrowableCollector.execute(ThrowableCollector.java:73)
	at org.junit.jupiter.engine.descriptor.TestMethodTestDescriptor.invokeTestMethod(TestMethodTestDescriptor.java:214)
	at org.junit.jupiter.engine.descriptor.TestMethodTestDescriptor.execute(TestMethodTestDescriptor.java:139)
	at org.junit.jupiter.engine.descriptor.TestMethodTestDescriptor.execute(TestMethodTestDescriptor.java:69)
	at org.junit.platform.engine.support.hierarchical.NodeTestTask.lambda$executeRecursively$6(NodeTestTask.java:151)
	at org.junit.platform.engine.support.hierarchical.ThrowableCollector.execute(ThrowableCollector.java:73)
	at org.junit.platform.engine.support.hierarchical.NodeTestTask.lambda$executeRecursively$8(NodeTestTask.java:141)
	at org.junit.platform.engine.support.hierarchical.Node.around(Node.java:137)
	at org.junit.platform.engine.support.hierarchical.NodeTestTask.lambda$executeRecursively$9(NodeTestTask.java:139)
	at org.junit.platform.engine.support.hierarchical.ThrowableCollector.execute(ThrowableCollector.java:73)
	at org.junit.platform.engine.support.hierarchical.NodeTestTask.executeRecursively(NodeTestTask.java:138)
	at org.junit.platform.engine.support.hierarchical.NodeTestTask.execute(NodeTestTask.java:95)
	at java.base/java.util.ArrayList.forEach(ArrayList.java:1604)
	at org.junit.platform.engine.support.hierarchical.SameThreadHierarchicalTestExecutorService.invokeAll(SameThreadHierarchicalTestExecutorService.java:41)
	at org.junit.platform.engine.support.hierarchical.NodeTestTask.lambda$executeRecursively$6(NodeTestTask.java:155)
	at org.junit.platform.engine.support.hierarchical.ThrowableCollector.execute(ThrowableCollector.java:73)
	at org.junit.platform.engine.support.hierarchical.NodeTestTask.lambda$executeRecursively$8(NodeTestTask.java:141)
	at org.junit.platform.engine.support.hierarchical.Node.around(Node.java:137)
	at org.junit.platform.engine.support.hierarchical.NodeTestTask.lambda$executeRecursively$9(NodeTestTask.java:139)
	at org.junit.platform.engine.support.hierarchical.ThrowableCollector.execute(ThrowableCollector.java:73)
	at org.junit.platform.engine.support.hierarchical.NodeTestTask.executeRecursively(NodeTestTask.java:138)
	at org.junit.platform.engine.support.hierarchical.NodeTestTask.execute(NodeTestTask.java:95)
	at java.base/java.util.ArrayList.forEach(ArrayList.java:1604)
	at org.junit.platform.engine.support.hierarchical.SameThreadHierarchicalTestExecutorService.invokeAll(SameThreadHierarchicalTestExecutorService.java:41)
	at org.junit.platform.engine.support.hierarchical.NodeTestTask.lambda$executeRecursively$6(NodeTestTask.java:155)
	at org.junit.platform.engine.support.hierarchical.ThrowableCollector.execute(ThrowableCollector.java:73)
	at org.junit.platform.engine.support.hierarchical.NodeTestTask.lambda$executeRecursively$8(NodeTestTask.java:141)
	at org.junit.platform.engine.support.hierarchical.Node.around(Node.java:137)
	at org.junit.platform.engine.support.hierarchical.NodeTestTask.lambda$executeRecursively$9(NodeTestTask.java:139)
	at org.junit.platform.engine.support.hierarchical.ThrowableCollector.execute(ThrowableCollector.java:73)
	at org.junit.platform.engine.support.hierarchical.NodeTestTask.executeRecursively(NodeTestTask.java:138)
	at org.junit.platform.engine.support.hierarchical.NodeTestTask.execute(NodeTestTask.java:95)
	at org.junit.platform.engine.support.hierarchical.SameThreadHierarchicalTestExecutorService.submit(SameThreadHierarchicalTestExecutorService.java:35)
	at org.junit.platform.engine.support.hierarchical.HierarchicalTestExecutor.execute(HierarchicalTestExecutor.java:57)
	at org.junit.platform.engine.support.hierarchical.HierarchicalTestEngine.execute(HierarchicalTestEngine.java:54)
	at org.junit.platform.launcher.core.EngineExecutionOrchestrator.execute(EngineExecutionOrchestrator.java:198)
	at org.junit.platform.launcher.core.EngineExecutionOrchestrator.execute(EngineExecutionOrchestrator.java:169)
	at org.junit.platform.launcher.core.EngineExecutionOrchestrator.execute(EngineExecutionOrchestrator.java:93)
	at org.junit.platform.launcher.core.EngineExecutionOrchestrator.lambda$execute$0(EngineExecutionOrchestrator.java:58)
	at org.junit.platform.launcher.core.EngineExecutionOrchestrator.withInterceptedStreams(EngineExecutionOrchestrator.java:141)
	at org.junit.platform.launcher.core.EngineExecutionOrchestrator.execute(EngineExecutionOrchestrator.java:57)
	at org.junit.platform.launcher.core.DefaultLauncher.execute(DefaultLauncher.java:103)
	at org.junit.platform.launcher.core.DefaultLauncher.execute(DefaultLauncher.java:85)
	at org.junit.platform.launcher.core.DelegatingLauncher.execute(DelegatingLauncher.java:47)
	at org.junit.platform.launcher.core.SessionPerRequestLauncher.execute(SessionPerRequestLauncher.java:63)
	at com.intellij.junit5.JUnit5IdeaTestRunner.startRunnerWithArgs(JUnit5IdeaTestRunner.java:66)
	at com.intellij.rt.junit.IdeaTestRunner$Repeater$1.execute(IdeaTestRunner.java:38)
	at com.intellij.rt.execution.junit.TestsRepeater.repeat(TestsRepeater.java:11)
	at com.intellij.rt.junit.IdeaTestRunner$Repeater.startRunnerWithArgs(IdeaTestRunner.java:35)
	at com.intellij.rt.junit.JUnitStarter.prepareStreamsAndStart(JUnitStarter.java:231)
	at com.intellij.rt.junit.JUnitStarter.main(JUnitStarter.java:55)
Caused by: javax.xml.stream.XMLStreamException: ParseError at [row,col]:[1,1]
Message: Content is not allowed in prolog.
	at java.xml/com.sun.org.apache.xerces.internal.impl.XMLStreamReaderImpl.next(XMLStreamReaderImpl.java:652)
	at java.xml/javax.xml.stream.util.StreamReaderDelegate.next(StreamReaderDelegate.java:84)
	at javafx.fxml/javafx.fxml.FXMLLoader.loadImpl(FXMLLoader.java:2627)
	... 89 common frames omitted
2026-04-15 18:45:22.097 [JavaFX Application Thread] ERROR c.appointmentscheduler.presentation.ErrorHandler - Failed to load screen: 
/C:/Users/PC/Desktop/software%20project/AppointmentSystem/target/test-classes/com/appointmentscheduler/presentation/

javafx.fxml.LoadException: 
/C:/Users/PC/Desktop/software%20project/AppointmentSystem/target/test-classes/com/appointmentscheduler/presentation/

	at javafx.fxml/javafx.fxml.FXMLLoader.constructLoadException(FXMLLoader.java:2714)
	at javafx.fxml/javafx.fxml.FXMLLoader.loadImpl(FXMLLoader.java:2657)
	at javafx.fxml/javafx.fxml.FXMLLoader.loadImpl(FXMLLoader.java:2555)
	at javafx.fxml/javafx.fxml.FXMLLoader.load(FXMLLoader.java:2523)
	at com.appointmentscheduler@1.0-SNAPSHOT/com.appointmentscheduler.presentation.MainApp.loadScreen(MainApp.java:397)
	at java.base/java.lang.invoke.MethodHandle.invokeWithArguments(MethodHandle.java:735)
	at org.mockito.internal.util.reflection.InstrumentationMemberAccessor$Dispatcher$ByteBuddy$LBnsSUls.invokeWithArguments(Unknown Source)
	at org.mockito.internal.util.reflection.InstrumentationMemberAccessor.invoke(InstrumentationMemberAccessor.java:265)
	at org.mockito.internal.util.reflection.ModuleMemberAccessor.invoke(ModuleMemberAccessor.java:55)
	at org.mockito.internal.creation.bytebuddy.MockMethodAdvice.tryInvoke(MockMethodAdvice.java:316)
	at org.mockito.internal.creation.bytebuddy.MockMethodAdvice$StaticMethodCall.invoke(MockMethodAdvice.java:308)
	at org.mockito.internal.invocation.InterceptedInvocation.callRealMethod(InterceptedInvocation.java:142)
	at org.mockito.internal.stubbing.answers.CallsRealMethods.answer(CallsRealMethods.java:45)
	at org.mockito.Answers.answer(Answers.java:90)
	at org.mockito.internal.handler.MockHandlerImpl.handle(MockHandlerImpl.java:111)
	at org.mockito.internal.handler.NullResultGuardian.handle(NullResultGuardian.java:29)
	at org.mockito.internal.handler.InvocationNotifierHandler.handle(InvocationNotifierHandler.java:34)
	at org.mockito.internal.creation.bytebuddy.access.MockMethodInterceptor.doIntercept(MockMethodInterceptor.java:84)
	at org.mockito.internal.creation.bytebuddy.MockMethodAdvice.handleStatic(MockMethodAdvice.java:150)
	at com.appointmentscheduler@1.0-SNAPSHOT/com.appointmentscheduler.presentation.MainApp.loadScreen(MainApp.java:381)
	at com.appointmentscheduler@1.0-SNAPSHOT/com.appointmentscheduler.presentation.MainAppInternalsCoverageTest.lambda$performLogout_withNullCurrentUser_and_loadScreenReentryGuard$1(MainAppInternalsCoverageTest.java:251)
	at org.mockito.internal.MockedStaticImpl.when(MockedStaticImpl.java:49)
	at com.appointmentscheduler@1.0-SNAPSHOT/com.appointmentscheduler.presentation.MainAppInternalsCoverageTest.performLogout_withNullCurrentUser_and_loadScreenReentryGuard(MainAppInternalsCoverageTest.java:251)
	at java.base/jdk.internal.reflect.DirectMethodHandleAccessor.invoke(DirectMethodHandleAccessor.java:104)
	at java.base/java.lang.reflect.Method.invoke(Method.java:565)
	at org.junit.platform.commons.util.ReflectionUtils.invokeMethod(ReflectionUtils.java:728)
	at org.junit.jupiter.engine.execution.MethodInvocation.proceed(MethodInvocation.java:60)
	at org.junit.jupiter.engine.execution.InvocationInterceptorChain$ValidatingInvocation.proceed(InvocationInterceptorChain.java:131)
	at org.junit.jupiter.engine.extension.TimeoutExtension.intercept(TimeoutExtension.java:156)
	at org.junit.jupiter.engine.extension.TimeoutExtension.interceptTestableMethod(TimeoutExtension.java:147)
	at org.junit.jupiter.engine.extension.TimeoutExtension.interceptTestMethod(TimeoutExtension.java:86)
	at org.junit.jupiter.engine.execution.InterceptingExecutableInvoker$ReflectiveInterceptorCall.lambda$ofVoidMethod$0(InterceptingExecutableInvoker.java:103)
	at org.junit.jupiter.engine.execution.InterceptingExecutableInvoker.lambda$invoke$0(InterceptingExecutableInvoker.java:93)
	at org.junit.jupiter.engine.execution.InvocationInterceptorChain$InterceptedInvocation.proceed(InvocationInterceptorChain.java:106)
	at org.junit.jupiter.engine.execution.InvocationInterceptorChain.proceed(InvocationInterceptorChain.java:64)
	at org.junit.jupiter.engine.execution.InvocationInterceptorChain.chainAndInvoke(InvocationInterceptorChain.java:45)
	at org.junit.jupiter.engine.execution.InvocationInterceptorChain.invoke(InvocationInterceptorChain.java:37)
	at org.junit.jupiter.engine.execution.InterceptingExecutableInvoker.invoke(InterceptingExecutableInvoker.java:92)
	at org.junit.jupiter.engine.execution.InterceptingExecutableInvoker.invoke(InterceptingExecutableInvoker.java:86)
	at org.junit.jupiter.engine.descriptor.TestMethodTestDescriptor.lambda$invokeTestMethod$7(TestMethodTestDescriptor.java:218)
	at org.junit.platform.engine.support.hierarchical.ThrowableCollector.execute(ThrowableCollector.java:73)
	at org.junit.jupiter.engine.descriptor.TestMethodTestDescriptor.invokeTestMethod(TestMethodTestDescriptor.java:214)
	at org.junit.jupiter.engine.descriptor.TestMethodTestDescriptor.execute(TestMethodTestDescriptor.java:139)
	at org.junit.jupiter.engine.descriptor.TestMethodTestDescriptor.execute(TestMethodTestDescriptor.java:69)
	at org.junit.platform.engine.support.hierarchical.NodeTestTask.lambda$executeRecursively$6(NodeTestTask.java:151)
	at org.junit.platform.engine.support.hierarchical.ThrowableCollector.execute(ThrowableCollector.java:73)
	at org.junit.platform.engine.support.hierarchical.NodeTestTask.lambda$executeRecursively$8(NodeTestTask.java:141)
	at org.junit.platform.engine.support.hierarchical.Node.around(Node.java:137)
	at org.junit.platform.engine.support.hierarchical.NodeTestTask.lambda$executeRecursively$9(NodeTestTask.java:139)
	at org.junit.platform.engine.support.hierarchical.ThrowableCollector.execute(ThrowableCollector.java:73)
	at org.junit.platform.engine.support.hierarchical.NodeTestTask.executeRecursively(NodeTestTask.java:138)
	at org.junit.platform.engine.support.hierarchical.NodeTestTask.execute(NodeTestTask.java:95)
	at java.base/java.util.ArrayList.forEach(ArrayList.java:1604)
	at org.junit.platform.engine.support.hierarchical.SameThreadHierarchicalTestExecutorService.invokeAll(SameThreadHierarchicalTestExecutorService.java:41)
	at org.junit.platform.engine.support.hierarchical.NodeTestTask.lambda$executeRecursively$6(NodeTestTask.java:155)
	at org.junit.platform.engine.support.hierarchical.ThrowableCollector.execute(ThrowableCollector.java:73)
	at org.junit.platform.engine.support.hierarchical.NodeTestTask.lambda$executeRecursively$8(NodeTestTask.java:141)
	at org.junit.platform.engine.support.hierarchical.Node.around(Node.java:137)
	at org.junit.platform.engine.support.hierarchical.NodeTestTask.lambda$executeRecursively$9(NodeTestTask.java:139)
	at org.junit.platform.engine.support.hierarchical.ThrowableCollector.execute(ThrowableCollector.java:73)
	at org.junit.platform.engine.support.hierarchical.NodeTestTask.executeRecursively(NodeTestTask.java:138)
	at org.junit.platform.engine.support.hierarchical.NodeTestTask.execute(NodeTestTask.java:95)
	at java.base/java.util.ArrayList.forEach(ArrayList.java:1604)
	at org.junit.platform.engine.support.hierarchical.SameThreadHierarchicalTestExecutorService.invokeAll(SameThreadHierarchicalTestExecutorService.java:41)
	at org.junit.platform.engine.support.hierarchical.NodeTestTask.lambda$executeRecursively$6(NodeTestTask.java:155)
	at org.junit.platform.engine.support.hierarchical.ThrowableCollector.execute(ThrowableCollector.java:73)
	at org.junit.platform.engine.support.hierarchical.NodeTestTask.lambda$executeRecursively$8(NodeTestTask.java:141)
	at org.junit.platform.engine.support.hierarchical.Node.around(Node.java:137)
	at org.junit.platform.engine.support.hierarchical.NodeTestTask.lambda$executeRecursively$9(NodeTestTask.java:139)
	at org.junit.platform.engine.support.hierarchical.ThrowableCollector.execute(ThrowableCollector.java:73)
	at org.junit.platform.engine.support.hierarchical.NodeTestTask.executeRecursively(NodeTestTask.java:138)
	at org.junit.platform.engine.support.hierarchical.NodeTestTask.execute(NodeTestTask.java:95)
	at org.junit.platform.engine.support.hierarchical.SameThreadHierarchicalTestExecutorService.submit(SameThreadHierarchicalTestExecutorService.java:35)
	at org.junit.platform.engine.support.hierarchical.HierarchicalTestExecutor.execute(HierarchicalTestExecutor.java:57)
	at org.junit.platform.engine.support.hierarchical.HierarchicalTestEngine.execute(HierarchicalTestEngine.java:54)
	at org.junit.platform.launcher.core.EngineExecutionOrchestrator.execute(EngineExecutionOrchestrator.java:198)
	at org.junit.platform.launcher.core.EngineExecutionOrchestrator.execute(EngineExecutionOrchestrator.java:169)
	at org.junit.platform.launcher.core.EngineExecutionOrchestrator.execute(EngineExecutionOrchestrator.java:93)
	at org.junit.platform.launcher.core.EngineExecutionOrchestrator.lambda$execute$0(EngineExecutionOrchestrator.java:58)
	at org.junit.platform.launcher.core.EngineExecutionOrchestrator.withInterceptedStreams(EngineExecutionOrchestrator.java:141)
	at org.junit.platform.launcher.core.EngineExecutionOrchestrator.execute(EngineExecutionOrchestrator.java:57)
	at org.junit.platform.launcher.core.DefaultLauncher.execute(DefaultLauncher.java:103)
	at org.junit.platform.launcher.core.DefaultLauncher.execute(DefaultLauncher.java:85)
	at org.junit.platform.launcher.core.DelegatingLauncher.execute(DelegatingLauncher.java:47)
	at org.junit.platform.launcher.core.SessionPerRequestLauncher.execute(SessionPerRequestLauncher.java:63)
	at com.intellij.junit5.JUnit5IdeaTestRunner.startRunnerWithArgs(JUnit5IdeaTestRunner.java:66)
	at com.intellij.rt.junit.IdeaTestRunner$Repeater$1.execute(IdeaTestRunner.java:38)
	at com.intellij.rt.execution.junit.TestsRepeater.repeat(TestsRepeater.java:11)
	at com.intellij.rt.junit.IdeaTestRunner$Repeater.startRunnerWithArgs(IdeaTestRunner.java:35)
	at com.intellij.rt.junit.JUnitStarter.prepareStreamsAndStart(JUnitStarter.java:231)
	at com.intellij.rt.junit.JUnitStarter.main(JUnitStarter.java:55)
Caused by: javax.xml.stream.XMLStreamException: ParseError at [row,col]:[1,1]
Message: Content is not allowed in prolog.
	at java.xml/com.sun.org.apache.xerces.internal.impl.XMLStreamReaderImpl.next(XMLStreamReaderImpl.java:652)
	at java.xml/javax.xml.stream.util.StreamReaderDelegate.next(StreamReaderDelegate.java:84)
	at javafx.fxml/javafx.fxml.FXMLLoader.loadImpl(FXMLLoader.java:2627)
	... 89 common frames omitted
2026-04-15 18:45:22.482 [main] DEBUG com.appointmentscheduler.application.AppConfig - Application configuration loaded
2026-04-15 18:45:22.490 [main] DEBUG com.appointmentscheduler.application.AppConfig - Merged application-local.properties
2026-04-15 18:45:22.556 [main] DEBUG com.appointmentscheduler.application.AppConfig - Application configuration loaded
2026-04-15 18:45:22.571 [main] DEBUG com.appointmentscheduler.application.AppConfig - Merged application-local.properties
2026-04-15 18:45:22.591 [main] DEBUG com.appointmentscheduler.application.AppConfig - Application configuration loaded
2026-04-15 18:45:22.594 [main] DEBUG com.appointmentscheduler.application.AppConfig - Merged application-local.properties
2026-04-15 18:45:25.082 [main] DEBUG com.appointmentscheduler.application.AppConfig - Application configuration loaded
2026-04-15 18:45:25.082 [main] DEBUG com.appointmentscheduler.application.AppConfig - Merged application-local.properties
2026-04-15 18:45:25.084 [main] DEBUG com.appointmentscheduler.application.AppConfig - Application configuration loaded
2026-04-15 18:45:25.084 [main] DEBUG com.appointmentscheduler.application.AppConfig - Merged application-local.properties
2026-04-15 18:45:25.085 [main] DEBUG com.appointmentscheduler.application.AppConfig - Application configuration loaded
2026-04-15 18:45:25.086 [main] DEBUG com.appointmentscheduler.application.AppConfig - Merged application-local.properties
2026-04-15 18:45:25.087 [main] DEBUG com.appointmentscheduler.application.AppConfig - Application configuration loaded
2026-04-15 18:45:25.089 [main] DEBUG com.appointmentscheduler.application.AppConfig - Merged application-local.properties
2026-04-15 18:45:29.465 [main] INFO  c.a.persistence.database.DatabaseConfig - Database connection pool initialized: jdbc:mysql://localhost:3306/appointment
2026-04-15 18:45:29.466 [main] INFO  c.a.persistence.database.DatabaseConfig - MySQL: table app_user verified/created
2026-04-15 18:45:29.467 [main] ERROR c.a.persistence.database.DatabaseConfig - MySQL schema setup failed: fatal
2026-04-15 18:45:29.471 [main] INFO  c.a.persistence.database.DatabaseConfig - Database connection pool closed
2026-04-15 18:45:29.495 [main] INFO  c.a.persistence.database.DatabaseConfig - Database connection pool initialized: jdbc:mysql://localhost:3306/appointment
2026-04-15 18:45:29.496 [main] INFO  c.a.persistence.database.DatabaseConfig - MySQL: table app_user verified/created
2026-04-15 18:45:29.496 [main] DEBUG c.a.persistence.database.DatabaseConfig - MySQL (skipped): ALTER TABLE appointment ADD COLUMN customer_notes VARCHAR(2000) NULL — Table 'appointment' doesn't exist
2026-04-15 18:45:29.497 [main] DEBUG c.a.persistence.database.DatabaseConfig - MySQL (skipped): ALTER TABLE appointment ADD COLUMN contact_phone VARCHAR(64) NULL — Table 'appointment' doesn't exist
2026-04-15 18:45:29.498 [main] DEBUG c.a.persistence.database.DatabaseConfig - MySQL (skipped): ALTER TABLE appointment ADD COLUMN reminder_channel VARCHAR(32) NULL — Table 'appointment' doesn't exist
2026-04-15 18:45:29.499 [main] DEBUG c.a.persistence.database.DatabaseConfig - MySQL (skipped): ALTER TABLE appointment ADD COLUMN accessibility_needs VARCHAR(512) NULL — Table 'appointment' doesn't exist
2026-04-15 18:45:29.500 [main] DEBUG c.a.persistence.database.DatabaseConfig - MySQL (skipped): ALTER TABLE appointment ADD COLUMN preferred_language VARCHAR(16) NULL — Table 'appointment' doesn't exist
2026-04-15 18:45:29.508 [main] INFO  c.a.persistence.database.DatabaseConfig - Database connection pool closed
2026-04-15 18:45:29.531 [main] INFO  c.a.persistence.database.DatabaseConfig - Database connection pool initialized: jdbc:mysql://localhost:3306/appointment
2026-04-15 18:45:29.534 [main] INFO  c.a.persistence.database.DatabaseConfig - MySQL: table app_user verified/created
2026-04-15 18:45:29.536 [main] INFO  c.a.persistence.database.DatabaseConfig - MySQL: ALTER TABLE appointment ADD COLUMN customer_notes VARCHAR(2000) NULL
2026-04-15 18:45:29.537 [main] INFO  c.a.persistence.database.DatabaseConfig - MySQL: ALTER TABLE appointment ADD COLUMN contact_phone VARCHAR(64) NULL
2026-04-15 18:45:29.537 [main] INFO  c.a.persistence.database.DatabaseConfig - MySQL: ALTER TABLE appointment ADD COLUMN reminder_channel VARCHAR(32) NULL
2026-04-15 18:45:29.539 [main] INFO  c.a.persistence.database.DatabaseConfig - MySQL: ALTER TABLE appointment ADD COLUMN accessibility_needs VARCHAR(512) NULL
2026-04-15 18:45:29.540 [main] INFO  c.a.persistence.database.DatabaseConfig - MySQL: ALTER TABLE appointment ADD COLUMN preferred_language VARCHAR(16) NULL
2026-04-15 18:45:29.541 [main] INFO  c.a.persistence.database.DatabaseConfig - Database connection pool closed
2026-04-15 18:45:29.558 [main] INFO  c.a.persistence.database.DatabaseConfig - Database connection pool initialized: jdbc:mysql://localhost:3306/appointment
2026-04-15 18:45:29.559 [main] INFO  c.a.persistence.database.DatabaseConfig - MySQL: table app_user verified/created
2026-04-15 18:45:29.560 [main] INFO  c.a.persistence.database.DatabaseConfig - MySQL: ALTER TABLE appointment ADD COLUMN customer_notes VARCHAR(2000) NULL
2026-04-15 18:45:29.561 [main] INFO  c.a.persistence.database.DatabaseConfig - MySQL: ALTER TABLE appointment ADD COLUMN contact_phone VARCHAR(64) NULL
2026-04-15 18:45:29.562 [main] INFO  c.a.persistence.database.DatabaseConfig - MySQL: ALTER TABLE appointment ADD COLUMN reminder_channel VARCHAR(32) NULL
2026-04-15 18:45:29.562 [main] INFO  c.a.persistence.database.DatabaseConfig - MySQL: ALTER TABLE appointment ADD COLUMN accessibility_needs VARCHAR(512) NULL
2026-04-15 18:45:29.563 [main] INFO  c.a.persistence.database.DatabaseConfig - MySQL: ALTER TABLE appointment ADD COLUMN preferred_language VARCHAR(16) NULL
2026-04-15 18:45:29.565 [main] INFO  c.a.persistence.database.DatabaseConfig - Database connection pool closed
2026-04-15 18:45:29.577 [main] INFO  c.a.persistence.database.DatabaseConfig - Database connection pool initialized: jdbc:mysql://localhost:3306/appointment
2026-04-15 18:45:29.578 [main] INFO  c.a.persistence.database.DatabaseConfig - MySQL: table app_user verified/created
2026-04-15 18:45:29.578 [main] DEBUG c.a.persistence.database.DatabaseConfig - MySQL (skipped): ALTER TABLE appointment ADD COLUMN customer_notes VARCHAR(2000) NULL — Duplicate column
2026-04-15 18:45:29.579 [main] DEBUG c.a.persistence.database.DatabaseConfig - MySQL (skipped): ALTER TABLE appointment ADD COLUMN contact_phone VARCHAR(64) NULL — Duplicate column
2026-04-15 18:45:29.580 [main] DEBUG c.a.persistence.database.DatabaseConfig - MySQL (skipped): ALTER TABLE appointment ADD COLUMN reminder_channel VARCHAR(32) NULL — Duplicate column
2026-04-15 18:45:29.580 [main] DEBUG c.a.persistence.database.DatabaseConfig - MySQL (skipped): ALTER TABLE appointment ADD COLUMN accessibility_needs VARCHAR(512) NULL — Duplicate column
2026-04-15 18:45:29.580 [main] DEBUG c.a.persistence.database.DatabaseConfig - MySQL (skipped): ALTER TABLE appointment ADD COLUMN preferred_language VARCHAR(16) NULL — Duplicate column
2026-04-15 18:45:29.581 [main] INFO  c.a.persistence.database.DatabaseConfig - Database connection pool closed
2026-04-15 18:45:30.142 [main] INFO  c.a.persistence.database.DatabaseConfig - Database connection pool initialized: jdbc:h2:mem:cfg_flyway_36511972472300;DB_CLOSE_DELAY=-1
2026-04-15 18:45:30.146 [main] INFO  c.a.persistence.database.DatabaseConfig - Flyway migrations executed: 0
2026-04-15 18:45:30.147 [main] INFO  c.a.persistence.database.DatabaseConfig - Database connection pool closed
2026-04-15 18:45:30.157 [main] INFO  c.a.persistence.database.DatabaseConfig - Database connection pool initialized: jdbc:mysql://localhost:3306/appointment
2026-04-15 18:45:30.157 [main] INFO  c.a.persistence.database.DatabaseConfig - MySQL: table app_user verified/created
2026-04-15 18:45:30.158 [main] INFO  c.a.persistence.database.DatabaseConfig - MySQL: ALTER TABLE appointment ADD COLUMN customer_notes VARCHAR(2000) NULL
2026-04-15 18:45:30.158 [main] INFO  c.a.persistence.database.DatabaseConfig - MySQL: ALTER TABLE appointment ADD COLUMN contact_phone VARCHAR(64) NULL
2026-04-15 18:45:30.159 [main] INFO  c.a.persistence.database.DatabaseConfig - MySQL: ALTER TABLE appointment ADD COLUMN reminder_channel VARCHAR(32) NULL
2026-04-15 18:45:30.159 [main] INFO  c.a.persistence.database.DatabaseConfig - MySQL: ALTER TABLE appointment ADD COLUMN accessibility_needs VARCHAR(512) NULL
2026-04-15 18:45:30.159 [main] INFO  c.a.persistence.database.DatabaseConfig - MySQL: ALTER TABLE appointment ADD COLUMN preferred_language VARCHAR(16) NULL
2026-04-15 18:45:30.160 [main] INFO  c.a.persistence.database.DatabaseConfig - Database connection pool closed
2026-04-15 18:45:30.169 [main] INFO  c.a.persistence.database.DatabaseConfig - Database connection pool initialized: jdbc:mysql://localhost:3306/appointment
2026-04-15 18:45:30.170 [main] ERROR c.a.persistence.database.DatabaseConfig - MySQL schema setup failed: no route
2026-04-15 18:45:30.170 [main] INFO  c.a.persistence.database.DatabaseConfig - Database connection pool closed
2026-04-15 18:45:30.176 [main] INFO  c.a.persistence.database.DatabaseConfig - Database connection pool closed
2026-04-15 18:45:30.197 [main] INFO  c.a.persistence.database.DatabaseConfig - Database connection pool closed
2026-04-15 18:45:30.221 [main] INFO  c.a.persistence.database.DatabaseConfig - Database connection pool initialized: JDBC:POSTGRESQL://DB:5432/appointment
2026-04-15 18:45:30.222 [main] INFO  c.a.persistence.database.DatabaseConfig - PostgreSQL: schema and table appointment.app_user verified/created
2026-04-15 18:45:30.225 [main] INFO  c.a.persistence.database.DatabaseConfig - Database connection pool closed
2026-04-15 18:45:30.236 [main] INFO  c.a.persistence.database.DatabaseConfig - Database connection pool initialized: jdbc:mysql://localhost:3306/appointment
2026-04-15 18:45:30.237 [main] INFO  c.a.persistence.database.DatabaseConfig - MySQL: table app_user verified/created
2026-04-15 18:45:30.238 [main] DEBUG c.a.persistence.database.DatabaseConfig - MySQL (skipped): ALTER TABLE appointment ADD COLUMN customer_notes VARCHAR(2000) NULL — Duplicate column name 'customer_notes'
2026-04-15 18:45:30.238 [main] DEBUG c.a.persistence.database.DatabaseConfig - MySQL (skipped): ALTER TABLE appointment ADD COLUMN contact_phone VARCHAR(64) NULL — Duplicate column name 'customer_notes'
2026-04-15 18:45:30.239 [main] DEBUG c.a.persistence.database.DatabaseConfig - MySQL (skipped): ALTER TABLE appointment ADD COLUMN reminder_channel VARCHAR(32) NULL — Duplicate column name 'customer_notes'
2026-04-15 18:45:30.239 [main] DEBUG c.a.persistence.database.DatabaseConfig - MySQL (skipped): ALTER TABLE appointment ADD COLUMN accessibility_needs VARCHAR(512) NULL — Duplicate column name 'customer_notes'
2026-04-15 18:45:30.240 [main] DEBUG c.a.persistence.database.DatabaseConfig - MySQL (skipped): ALTER TABLE appointment ADD COLUMN preferred_language VARCHAR(16) NULL — Duplicate column name 'customer_notes'
2026-04-15 18:45:30.241 [main] INFO  c.a.persistence.database.DatabaseConfig - Database connection pool closed
2026-04-15 18:45:30.250 [main] INFO  c.a.persistence.database.DatabaseConfig - Database connection pool initialized: jdbc:mysql://localhost:3306/appointment
2026-04-15 18:45:30.252 [main] ERROR c.a.persistence.database.DatabaseConfig - MySQL schema setup failed: denied
2026-04-15 18:45:30.252 [main] INFO  c.a.persistence.database.DatabaseConfig - Database connection pool closed
2026-04-15 18:45:30.261 [main] INFO  c.a.persistence.database.DatabaseConfig - Database connection pool initialized: jdbc:postgresql://localhost:5432/appointment
2026-04-15 18:45:30.262 [main] ERROR c.a.persistence.database.DatabaseConfig - PostgreSQL schema setup failed: role does not exist
2026-04-15 18:45:30.263 [main] INFO  c.a.persistence.database.DatabaseConfig - Database connection pool closed
2026-04-15 18:45:30.284 [main] INFO  c.a.persistence.database.DatabaseConfig - Database connection pool initialized: jdbc:postgresql://localhost:5432/appointment
2026-04-15 18:45:30.285 [main] INFO  c.a.persistence.database.DatabaseConfig - PostgreSQL: schema and table appointment.app_user verified/created
2026-04-15 18:45:30.287 [main] INFO  c.a.persistence.database.DatabaseConfig - Database connection pool closed
2026-04-15 18:45:30.291 [main] INFO  c.a.persistence.database.DatabaseConfig - Database connection pool closed
2026-04-15 18:45:30.299 [main] INFO  c.a.persistence.database.DatabaseConfig - Database connection pool closed
2026-04-15 18:45:30.319 [main] INFO  c.a.persistence.database.DatabaseConfig - Database connection pool initialized: jdbc:mariadb://localhost:3306/appointment
2026-04-15 18:45:30.319 [main] INFO  c.a.persistence.database.DatabaseConfig - Flyway migrations executed: 0
2026-04-15 18:45:30.320 [main] INFO  c.a.persistence.database.DatabaseConfig - Database connection pool closed
2026-04-15 18:45:30.340 [main] INFO  c.a.persistence.database.DatabaseConfig - Database connection pool initialized: null
2026-04-15 18:45:30.341 [main] INFO  c.a.persistence.database.DatabaseConfig - Flyway migrations executed: 0
2026-04-15 18:45:30.343 [main] INFO  c.a.persistence.database.DatabaseConfig - Database connection pool closed
2026-04-15 18:45:31.397 [main] INFO  com.zaxxer.hikari.HikariDataSource - HikariPool-1 - Starting...
2026-04-15 18:45:33.367 [main] INFO  com.zaxxer.hikari.pool.HikariPool - HikariPool-1 - Added connection conn0: url=jdbc:h2:mem:jdbc_repo_test user=SA
2026-04-15 18:45:33.373 [main] INFO  com.zaxxer.hikari.HikariDataSource - HikariPool-1 - Start completed.
2026-04-15 18:45:34.453 [main] INFO  com.zaxxer.hikari.HikariDataSource - HikariPool-1 - Shutdown initiated...
2026-04-15 18:45:34.458 [main] INFO  com.zaxxer.hikari.HikariDataSource - HikariPool-1 - Shutdown completed.
2026-04-15 18:45:34.660 [JavaFX Application Thread] INFO  com.zaxxer.hikari.HikariDataSource - AppointmentBookingPool - Starting...
2026-04-15 18:45:35.588 [JavaFX Application Thread] INFO  com.zaxxer.hikari.pool.HikariPool - AppointmentBookingPool - Added connection com.mysql.cj.jdbc.ConnectionImpl@397c4b1c
2026-04-15 18:45:35.589 [JavaFX Application Thread] INFO  com.zaxxer.hikari.HikariDataSource - AppointmentBookingPool - Start completed.
2026-04-15 18:45:35.589 [JavaFX Application Thread] INFO  c.a.persistence.database.DatabaseConfig - Database connection pool initialized: jdbc:mysql://localhost:3306/appointment?useUnicode=true&characterEncoding=UTF-8&serverTimezone=UTC&useSSL=false&allowPublicKeyRetrieval=true
2026-04-15 18:45:35.612 [JavaFX Application Thread] INFO  c.a.persistence.database.DatabaseConfig - MySQL: table app_user verified/created
2026-04-15 18:45:35.640 [JavaFX Application Thread] DEBUG c.a.persistence.database.DatabaseConfig - MySQL (skipped): ALTER TABLE appointment ADD COLUMN customer_notes VARCHAR(2000) NULL — Duplicate column name 'customer_notes'
2026-04-15 18:45:35.642 [JavaFX Application Thread] DEBUG c.a.persistence.database.DatabaseConfig - MySQL (skipped): ALTER TABLE appointment ADD COLUMN contact_phone VARCHAR(64) NULL — Duplicate column name 'contact_phone'
2026-04-15 18:45:35.644 [JavaFX Application Thread] DEBUG c.a.persistence.database.DatabaseConfig - MySQL (skipped): ALTER TABLE appointment ADD COLUMN reminder_channel VARCHAR(32) NULL — Duplicate column name 'reminder_channel'
2026-04-15 18:45:35.645 [JavaFX Application Thread] DEBUG c.a.persistence.database.DatabaseConfig - MySQL (skipped): ALTER TABLE appointment ADD COLUMN accessibility_needs VARCHAR(512) NULL — Duplicate column name 'accessibility_needs'
2026-04-15 18:45:35.647 [JavaFX Application Thread] DEBUG c.a.persistence.database.DatabaseConfig - MySQL (skipped): ALTER TABLE appointment ADD COLUMN preferred_language VARCHAR(16) NULL — Duplicate column name 'preferred_language'
2026-04-15 18:45:35.647 [JavaFX Application Thread] INFO  com.appointmentscheduler.presentation.MainApp - Using database persistence (MySQL). User and appointment data will be saved.
2026-04-15 18:45:35.648 [JavaFX Application Thread] DEBUG c.a.application.AppointmentReminderService - Registered reminder channel: SMSNotification
2026-04-15 18:45:36.416 [JavaFX Application Thread] INFO  com.appointmentscheduler.presentation.MainApp - Starting Appointment Booking System v3.0.0
2026-04-15 18:45:41.927 [JavaFX Application Thread] DEBUG c.appointmentscheduler.application.AuditLogService - Audit: DAY_CLOSED | Admin Sweep | Closed calendar day: 2026-04-15
2026-04-15 18:45:42.012 [JavaFX Application Thread] DEBUG c.appointmentscheduler.application.AuditLogService - Audit: DAY_REOPENED | Admin Sweep | Reopened calendar day: 2026-04-15
2026-04-15 18:45:55.403 [JavaFX Application Thread] DEBUG c.appointmentscheduler.application.AuditLogService - Audit: DAY_CLOSED | Admin Mass | Closed calendar day: 2026-04-15
2026-04-15 18:45:55.433 [JavaFX Application Thread] DEBUG c.appointmentscheduler.application.AuditLogService - Audit: DAY_REOPENED | Admin Mass | Reopened calendar day: 2026-04-15
2026-04-15 18:46:03.012 [JavaFX Application Thread] DEBUG c.appointmentscheduler.application.AuditLogService - Audit: DAY_CLOSED | Admin Nav | Closed calendar day: 2026-04-15
2026-04-15 18:46:03.044 [JavaFX Application Thread] DEBUG c.appointmentscheduler.application.AuditLogService - Audit: DAY_REOPENED | Admin Nav | Reopened calendar day: 2026-04-15
2026-04-15 18:46:03.516 [JavaFX Application Thread] DEBUG c.appointmentscheduler.application.AuditLogService - Audit: DAY_CLOSED | Admin Nav | Closed calendar day: 2026-04-15
2026-04-15 18:46:03.556 [JavaFX Application Thread] DEBUG c.appointmentscheduler.application.AuditLogService - Audit: DAY_REOPENED | Admin Nav | Reopened calendar day: 2026-04-15
2026-04-15 18:46:09.139 [JavaFX Application Thread] DEBUG c.appointmentscheduler.application.AuditLogService - Audit: DAY_CLOSED | Admin Nav | Closed calendar day: 2026-04-15
2026-04-15 18:46:14.164 [JavaFX Application Thread] DEBUG c.appointmentscheduler.application.AuditLogService - Audit: DAY_REOPENED | Admin Nav | Reopened calendar day: 2026-04-15
2026-04-15 18:46:24.058 [Thread-146] DEBUG c.appointmentscheduler.application.AuditLogService - Audit: BOOK | Patient Nav | Appointment ec53667e-f58d-4643-91a7-ee714ff180d5 at 2026-04-16T08:15 to 2026-04-16T09:15 | entity=ec53667e-f58d-4643-91a7-ee714ff180d5
2026-04-15 18:46:26.418 [JavaFX Application Thread] DEBUG c.appointmentscheduler.application.AuditLogService - Audit: DAY_CLOSED | Admin Deep | Closed calendar day: 2026-04-15
2026-04-15 18:46:26.444 [JavaFX Application Thread] DEBUG c.appointmentscheduler.application.AuditLogService - Audit: DAY_REOPENED | Admin Deep | Reopened calendar day: 2026-04-15
2026-04-15 18:46:36.078 [main] DEBUG c.a.application.AppointmentReminderService - Registered reminder channel: Observer$MockitoMock$xrBYWv0l
2026-04-15 18:46:36.078 [main] DEBUG c.a.application.AppointmentReminderService - Registered reminder channel: Observer$MockitoMock$xrBYWv0l
2026-04-15 18:46:36.082 [main] ERROR c.a.application.AppointmentReminderService - Reminder channel failed: com.appointmentscheduler.domain.notifiers.Observer$MockitoMock$xrBYWv0l
java.lang.RuntimeException: smtp down
	at com.appointmentscheduler@1.0-SNAPSHOT/com.appointmentscheduler.application.AppointmentReminderService.dispatchSafely(AppointmentReminderService.java:51)
	at com.appointmentscheduler@1.0-SNAPSHOT/com.appointmentscheduler.application.AppointmentReminderService.sendReminder(AppointmentReminderService.java:45)
	at com.appointmentscheduler@1.0-SNAPSHOT/com.appointmentscheduler.application.AppointmentReminderServiceTest.sendReminder_oneChannelThrows_otherStillNotified(AppointmentReminderServiceTest.java:62)
	at java.base/jdk.internal.reflect.DirectMethodHandleAccessor.invoke(DirectMethodHandleAccessor.java:104)
	at java.base/java.lang.reflect.Method.invoke(Method.java:565)
	at org.junit.platform.commons.util.ReflectionUtils.invokeMethod(ReflectionUtils.java:728)
	at org.junit.jupiter.engine.execution.MethodInvocation.proceed(MethodInvocation.java:60)
	at org.junit.jupiter.engine.execution.InvocationInterceptorChain$ValidatingInvocation.proceed(InvocationInterceptorChain.java:131)
	at org.junit.jupiter.engine.extension.TimeoutExtension.intercept(TimeoutExtension.java:156)
	at org.junit.jupiter.engine.extension.TimeoutExtension.interceptTestableMethod(TimeoutExtension.java:147)
	at org.junit.jupiter.engine.extension.TimeoutExtension.interceptTestMethod(TimeoutExtension.java:86)
	at org.junit.jupiter.engine.execution.InterceptingExecutableInvoker$ReflectiveInterceptorCall.lambda$ofVoidMethod$0(InterceptingExecutableInvoker.java:103)
	at org.junit.jupiter.engine.execution.InterceptingExecutableInvoker.lambda$invoke$0(InterceptingExecutableInvoker.java:93)
	at org.junit.jupiter.engine.execution.InvocationInterceptorChain$InterceptedInvocation.proceed(InvocationInterceptorChain.java:106)
	at org.junit.jupiter.engine.execution.InvocationInterceptorChain.proceed(InvocationInterceptorChain.java:64)
	at org.junit.jupiter.engine.execution.InvocationInterceptorChain.chainAndInvoke(InvocationInterceptorChain.java:45)
	at org.junit.jupiter.engine.execution.InvocationInterceptorChain.invoke(InvocationInterceptorChain.java:37)
	at org.junit.jupiter.engine.execution.InterceptingExecutableInvoker.invoke(InterceptingExecutableInvoker.java:92)
	at org.junit.jupiter.engine.execution.InterceptingExecutableInvoker.invoke(InterceptingExecutableInvoker.java:86)
	at org.junit.jupiter.engine.descriptor.TestMethodTestDescriptor.lambda$invokeTestMethod$7(TestMethodTestDescriptor.java:218)
	at org.junit.platform.engine.support.hierarchical.ThrowableCollector.execute(ThrowableCollector.java:73)
	at org.junit.jupiter.engine.descriptor.TestMethodTestDescriptor.invokeTestMethod(TestMethodTestDescriptor.java:214)
	at org.junit.jupiter.engine.descriptor.TestMethodTestDescriptor.execute(TestMethodTestDescriptor.java:139)
	at org.junit.jupiter.engine.descriptor.TestMethodTestDescriptor.execute(TestMethodTestDescriptor.java:69)
	at org.junit.platform.engine.support.hierarchical.NodeTestTask.lambda$executeRecursively$6(NodeTestTask.java:151)
	at org.junit.platform.engine.support.hierarchical.ThrowableCollector.execute(ThrowableCollector.java:73)
	at org.junit.platform.engine.support.hierarchical.NodeTestTask.lambda$executeRecursively$8(NodeTestTask.java:141)
	at org.junit.platform.engine.support.hierarchical.Node.around(Node.java:137)
	at org.junit.platform.engine.support.hierarchical.NodeTestTask.lambda$executeRecursively$9(NodeTestTask.java:139)
	at org.junit.platform.engine.support.hierarchical.ThrowableCollector.execute(ThrowableCollector.java:73)
	at org.junit.platform.engine.support.hierarchical.NodeTestTask.executeRecursively(NodeTestTask.java:138)
	at org.junit.platform.engine.support.hierarchical.NodeTestTask.execute(NodeTestTask.java:95)
	at java.base/java.util.ArrayList.forEach(ArrayList.java:1604)
	at org.junit.platform.engine.support.hierarchical.SameThreadHierarchicalTestExecutorService.invokeAll(SameThreadHierarchicalTestExecutorService.java:41)
	at org.junit.platform.engine.support.hierarchical.NodeTestTask.lambda$executeRecursively$6(NodeTestTask.java:155)
	at org.junit.platform.engine.support.hierarchical.ThrowableCollector.execute(ThrowableCollector.java:73)
	at org.junit.platform.engine.support.hierarchical.NodeTestTask.lambda$executeRecursively$8(NodeTestTask.java:141)
	at org.junit.platform.engine.support.hierarchical.Node.around(Node.java:137)
	at org.junit.platform.engine.support.hierarchical.NodeTestTask.lambda$executeRecursively$9(NodeTestTask.java:139)
	at org.junit.platform.engine.support.hierarchical.ThrowableCollector.execute(ThrowableCollector.java:73)
	at org.junit.platform.engine.support.hierarchical.NodeTestTask.executeRecursively(NodeTestTask.java:138)
	at org.junit.platform.engine.support.hierarchical.NodeTestTask.execute(NodeTestTask.java:95)
	at java.base/java.util.ArrayList.forEach(ArrayList.java:1604)
	at org.junit.platform.engine.support.hierarchical.SameThreadHierarchicalTestExecutorService.invokeAll(SameThreadHierarchicalTestExecutorService.java:41)
	at org.junit.platform.engine.support.hierarchical.NodeTestTask.lambda$executeRecursively$6(NodeTestTask.java:155)
	at org.junit.platform.engine.support.hierarchical.ThrowableCollector.execute(ThrowableCollector.java:73)
	at org.junit.platform.engine.support.hierarchical.NodeTestTask.lambda$executeRecursively$8(NodeTestTask.java:141)
	at org.junit.platform.engine.support.hierarchical.Node.around(Node.java:137)
	at org.junit.platform.engine.support.hierarchical.NodeTestTask.lambda$executeRecursively$9(NodeTestTask.java:139)
	at org.junit.platform.engine.support.hierarchical.ThrowableCollector.execute(ThrowableCollector.java:73)
	at org.junit.platform.engine.support.hierarchical.NodeTestTask.executeRecursively(NodeTestTask.java:138)
	at org.junit.platform.engine.support.hierarchical.NodeTestTask.execute(NodeTestTask.java:95)
	at org.junit.platform.engine.support.hierarchical.SameThreadHierarchicalTestExecutorService.submit(SameThreadHierarchicalTestExecutorService.java:35)
	at org.junit.platform.engine.support.hierarchical.HierarchicalTestExecutor.execute(HierarchicalTestExecutor.java:57)
	at org.junit.platform.engine.support.hierarchical.HierarchicalTestEngine.execute(HierarchicalTestEngine.java:54)
	at org.junit.platform.launcher.core.EngineExecutionOrchestrator.execute(EngineExecutionOrchestrator.java:198)
	at org.junit.platform.launcher.core.EngineExecutionOrchestrator.execute(EngineExecutionOrchestrator.java:169)
	at org.junit.platform.launcher.core.EngineExecutionOrchestrator.execute(EngineExecutionOrchestrator.java:93)
	at org.junit.platform.launcher.core.EngineExecutionOrchestrator.lambda$execute$0(EngineExecutionOrchestrator.java:58)
	at org.junit.platform.launcher.core.EngineExecutionOrchestrator.withInterceptedStreams(EngineExecutionOrchestrator.java:141)
	at org.junit.platform.launcher.core.EngineExecutionOrchestrator.execute(EngineExecutionOrchestrator.java:57)
	at org.junit.platform.launcher.core.DefaultLauncher.execute(DefaultLauncher.java:103)
	at org.junit.platform.launcher.core.DefaultLauncher.execute(DefaultLauncher.java:85)
	at org.junit.platform.launcher.core.DelegatingLauncher.execute(DelegatingLauncher.java:47)
	at org.junit.platform.launcher.core.SessionPerRequestLauncher.execute(SessionPerRequestLauncher.java:63)
	at com.intellij.junit5.JUnit5IdeaTestRunner.startRunnerWithArgs(JUnit5IdeaTestRunner.java:66)
	at com.intellij.rt.junit.IdeaTestRunner$Repeater$1.execute(IdeaTestRunner.java:38)
	at com.intellij.rt.execution.junit.TestsRepeater.repeat(TestsRepeater.java:11)
	at com.intellij.rt.junit.IdeaTestRunner$Repeater.startRunnerWithArgs(IdeaTestRunner.java:35)
	at com.intellij.rt.junit.JUnitStarter.prepareStreamsAndStart(JUnitStarter.java:231)
	at com.intellij.rt.junit.JUnitStarter.main(JUnitStarter.java:55)
2026-04-15 18:46:36.110 [main] DEBUG c.a.application.AppointmentReminderService - Registered reminder channel: Observer$MockitoMock$xrBYWv0l
2026-04-15 18:46:36.210 [main] DEBUG c.a.application.AppointmentReminderService - Registered reminder channel: SMSNotification
2026-04-15 18:46:36.211 [main] DEBUG c.a.application.AppointmentReminderService - Registered reminder channel: SMSNotification
2026-04-15 18:46:36.216 [main] DEBUG c.a.domain.notifiers.SMSNotification - SMS reminder (stub): userId=u2, messageLength=31
2026-04-15 18:46:36.216 [main] DEBUG c.a.domain.notifiers.SMSNotification - SMS reminder (stub): userId=u2, messageLength=31
2026-04-15 18:46:36.222 [main] DEBUG c.a.application.AppointmentReminderService - Registered reminder channel: Observer$MockitoMock$xrBYWv0l
2026-04-15 18:46:36.227 [main] DEBUG c.a.application.AppointmentReminderService - Registered reminder channel: Observer$MockitoMock$xrBYWv0l
2026-04-15 18:46:36.230 [main] DEBUG c.a.application.AppointmentReminderService - Registered reminder channel: Observer$MockitoMock$xrBYWv0l
2026-04-15 18:46:36.241 [JavaFX Application Thread] INFO  com.appointmentscheduler.presentation.MainApp - Using database persistence (MySQL). User and appointment data will be saved.
2026-04-15 18:46:36.241 [JavaFX Application Thread] DEBUG c.a.application.AppointmentReminderService - Registered reminder channel: SMSNotification
2026-04-15 18:46:36.831 [JavaFX Application Thread] INFO  com.appointmentscheduler.presentation.MainApp - Starting Appointment Booking System v3.0.0
2026-04-15 18:46:46.025 [JavaFX Application Thread] ERROR c.a.presentation.LoginController - Registration save failed for email auto.36587626670300@test.com
java.lang.RuntimeException: wrap
	at com.appointmentscheduler@1.0-SNAPSHOT/com.appointmentscheduler.presentation.LoginController.handleOpenRegistration(LoginController.java:215)
	at com.appointmentscheduler@1.0-SNAPSHOT/com.appointmentscheduler.presentation.PresentationBelow80UnifiedBranchBatchTest.lambda$runOnFxVoid$0(PresentationBelow80UnifiedBranchBatchTest.java:258)
	at javafx.graphics/com.sun.javafx.application.PlatformImpl.lambda$runLater$10(PlatformImpl.java:457)
	at java.base/java.security.AccessController.doPrivileged(AccessController.java:138)
	at javafx.graphics/com.sun.javafx.application.PlatformImpl.lambda$runLater$11(PlatformImpl.java:456)
	at javafx.graphics/com.sun.glass.ui.InvokeLaterDispatcher$Future.run$$$capture(InvokeLaterDispatcher.java:96)
	at javafx.graphics/com.sun.glass.ui.InvokeLaterDispatcher$Future.run(InvokeLaterDispatcher.java)
	at javafx.graphics/com.sun.glass.ui.win.WinApplication._enterNestedEventLoopImpl(Native Method)
	at javafx.graphics/com.sun.glass.ui.win.WinApplication._enterNestedEventLoop(WinApplication.java:211)
	at javafx.graphics/com.sun.glass.ui.Application.enterNestedEventLoop(Application.java:515)
	at javafx.graphics/com.sun.glass.ui.EventLoop.enter(EventLoop.java:107)
	at javafx.graphics/com.sun.javafx.tk.quantum.QuantumToolkit.enterNestedEventLoop(QuantumToolkit.java:647)
	at javafx.graphics/javafx.stage.Stage.showAndWait(Stage.java:469)
	at javafx.controls/javafx.scene.control.HeavyweightDialog.showAndWait(HeavyweightDialog.java:162)
	at javafx.controls/javafx.scene.control.Dialog.showAndWait(Dialog.java:346)
	at com.appointmentscheduler@1.0-SNAPSHOT/com.appointmentscheduler.presentation.ErrorHandler.showErrorOnFxThread(ErrorHandler.java:48)
	at com.appointmentscheduler@1.0-SNAPSHOT/com.appointmentscheduler.presentation.ErrorHandler.lambda$showError$0(ErrorHandler.java:34)
	at javafx.graphics/com.sun.javafx.application.PlatformImpl.lambda$runLater$10(PlatformImpl.java:457)
	at java.base/java.security.AccessController.doPrivileged(AccessController.java:138)
	at javafx.graphics/com.sun.javafx.application.PlatformImpl.lambda$runLater$11(PlatformImpl.java:456)
	at javafx.graphics/com.sun.glass.ui.InvokeLaterDispatcher$Future.run$$$capture(InvokeLaterDispatcher.java:96)
	at javafx.graphics/com.sun.glass.ui.InvokeLaterDispatcher$Future.run(InvokeLaterDispatcher.java)
	at javafx.graphics/com.sun.glass.ui.win.WinApplication._enterNestedEventLoopImpl(Native Method)
	at javafx.graphics/com.sun.glass.ui.win.WinApplication._enterNestedEventLoop(WinApplication.java:211)
	at javafx.graphics/com.sun.glass.ui.Application.enterNestedEventLoop(Application.java:515)
	at javafx.graphics/com.sun.glass.ui.EventLoop.enter(EventLoop.java:107)
	at javafx.graphics/com.sun.javafx.tk.quantum.QuantumToolkit.enterNestedEventLoop(QuantumToolkit.java:647)
	at javafx.graphics/javafx.stage.Stage.showAndWait(Stage.java:469)
	at javafx.controls/javafx.scene.control.HeavyweightDialog.showAndWait(HeavyweightDialog.java:162)
	at javafx.controls/javafx.scene.control.Dialog.showAndWait(Dialog.java:346)
	at com.appointmentscheduler@1.0-SNAPSHOT/com.appointmentscheduler.presentation.ErrorHandler.showErrorOnFxThread(ErrorHandler.java:48)
	at com.appointmentscheduler@1.0-SNAPSHOT/com.appointmentscheduler.presentation.ErrorHandler.lambda$showError$0(ErrorHandler.java:34)
	at javafx.graphics/com.sun.javafx.application.PlatformImpl.lambda$runLater$10(PlatformImpl.java:457)
	at java.base/java.security.AccessController.doPrivileged(AccessController.java:138)
	at javafx.graphics/com.sun.javafx.application.PlatformImpl.lambda$runLater$11(PlatformImpl.java:456)
	at javafx.graphics/com.sun.glass.ui.InvokeLaterDispatcher$Future.run$$$capture(InvokeLaterDispatcher.java:96)
	at javafx.graphics/com.sun.glass.ui.InvokeLaterDispatcher$Future.run(InvokeLaterDispatcher.java)
	at javafx.graphics/com.sun.glass.ui.win.WinApplication._enterNestedEventLoopImpl(Native Method)
	at javafx.graphics/com.sun.glass.ui.win.WinApplication._enterNestedEventLoop(WinApplication.java:211)
	at javafx.graphics/com.sun.glass.ui.Application.enterNestedEventLoop(Application.java:515)
	at javafx.graphics/com.sun.glass.ui.EventLoop.enter(EventLoop.java:107)
	at javafx.graphics/com.sun.javafx.tk.quantum.QuantumToolkit.enterNestedEventLoop(QuantumToolkit.java:647)
	at javafx.graphics/javafx.stage.Stage.showAndWait(Stage.java:469)
	at javafx.controls/javafx.scene.control.HeavyweightDialog.showAndWait(HeavyweightDialog.java:162)
	at javafx.controls/javafx.scene.control.Dialog.showAndWait(Dialog.java:346)
	at com.appointmentscheduler@1.0-SNAPSHOT/com.appointmentscheduler.presentation.ErrorHandler.showErrorOnFxThread(ErrorHandler.java:48)
	at com.appointmentscheduler@1.0-SNAPSHOT/com.appointmentscheduler.presentation.ErrorHandler.lambda$showError$0(ErrorHandler.java:34)
	at javafx.graphics/com.sun.javafx.application.PlatformImpl.lambda$runLater$10(PlatformImpl.java:457)
	at java.base/java.security.AccessController.doPrivileged(AccessController.java:138)
	at javafx.graphics/com.sun.javafx.application.PlatformImpl.lambda$runLater$11(PlatformImpl.java:456)
	at javafx.graphics/com.sun.glass.ui.InvokeLaterDispatcher$Future.run$$$capture(InvokeLaterDispatcher.java:96)
	at javafx.graphics/com.sun.glass.ui.InvokeLaterDispatcher$Future.run(InvokeLaterDispatcher.java)
	at javafx.graphics/com.sun.glass.ui.win.WinApplication._enterNestedEventLoopImpl(Native Method)
	at javafx.graphics/com.sun.glass.ui.win.WinApplication._enterNestedEventLoop(WinApplication.java:211)
	at javafx.graphics/com.sun.glass.ui.Application.enterNestedEventLoop(Application.java:515)
	at javafx.graphics/com.sun.glass.ui.EventLoop.enter(EventLoop.java:107)
	at javafx.graphics/com.sun.javafx.tk.quantum.QuantumToolkit.enterNestedEventLoop(QuantumToolkit.java:647)
	at javafx.graphics/javafx.stage.Stage.showAndWait(Stage.java:469)
	at javafx.controls/javafx.scene.control.HeavyweightDialog.showAndWait(HeavyweightDialog.java:162)
	at javafx.controls/javafx.scene.control.Dialog.showAndWait(Dialog.java:346)
	at com.appointmentscheduler@1.0-SNAPSHOT/com.appointmentscheduler.presentation.ErrorHandler.showErrorOnFxThread(ErrorHandler.java:48)
	at com.appointmentscheduler@1.0-SNAPSHOT/com.appointmentscheduler.presentation.ErrorHandler.lambda$showError$0(ErrorHandler.java:34)
	at javafx.graphics/com.sun.javafx.application.PlatformImpl.lambda$runLater$10(PlatformImpl.java:457)
	at java.base/java.security.AccessController.doPrivileged(AccessController.java:138)
	at javafx.graphics/com.sun.javafx.application.PlatformImpl.lambda$runLater$11(PlatformImpl.java:456)
	at javafx.graphics/com.sun.glass.ui.InvokeLaterDispatcher$Future.run$$$capture(InvokeLaterDispatcher.java:96)
	at javafx.graphics/com.sun.glass.ui.InvokeLaterDispatcher$Future.run(InvokeLaterDispatcher.java)
	at javafx.graphics/com.sun.glass.ui.win.WinApplication._enterNestedEventLoopImpl(Native Method)
	at javafx.graphics/com.sun.glass.ui.win.WinApplication._enterNestedEventLoop(WinApplication.java:211)
	at javafx.graphics/com.sun.glass.ui.Application.enterNestedEventLoop(Application.java:515)
	at javafx.graphics/com.sun.glass.ui.EventLoop.enter(EventLoop.java:107)
	at javafx.graphics/com.sun.javafx.tk.quantum.QuantumToolkit.enterNestedEventLoop(QuantumToolkit.java:647)
	at javafx.graphics/javafx.stage.Stage.showAndWait(Stage.java:469)
	at javafx.controls/javafx.scene.control.HeavyweightDialog.showAndWait(HeavyweightDialog.java:162)
	at javafx.controls/javafx.scene.control.Dialog.showAndWait(Dialog.java:346)
	at com.appointmentscheduler@1.0-SNAPSHOT/com.appointmentscheduler.presentation.ErrorHandler.showErrorOnFxThread(ErrorHandler.java:48)
	at com.appointmentscheduler@1.0-SNAPSHOT/com.appointmentscheduler.presentation.ErrorHandler.lambda$showError$0(ErrorHandler.java:34)
	at javafx.graphics/com.sun.javafx.application.PlatformImpl.lambda$runLater$10(PlatformImpl.java:457)
	at java.base/java.security.AccessController.doPrivileged(AccessController.java:138)
	at javafx.graphics/com.sun.javafx.application.PlatformImpl.lambda$runLater$11(PlatformImpl.java:456)
	at javafx.graphics/com.sun.glass.ui.InvokeLaterDispatcher$Future.run$$$capture(InvokeLaterDispatcher.java:96)
	at javafx.graphics/com.sun.glass.ui.InvokeLaterDispatcher$Future.run(InvokeLaterDispatcher.java)
	at javafx.graphics/com.sun.glass.ui.win.WinApplication._enterNestedEventLoopImpl(Native Method)
	at javafx.graphics/com.sun.glass.ui.win.WinApplication._enterNestedEventLoop(WinApplication.java:211)
	at javafx.graphics/com.sun.glass.ui.Application.enterNestedEventLoop(Application.java:515)
	at javafx.graphics/com.sun.glass.ui.EventLoop.enter(EventLoop.java:107)
	at javafx.graphics/com.sun.javafx.tk.quantum.QuantumToolkit.enterNestedEventLoop(QuantumToolkit.java:647)
	at javafx.graphics/javafx.stage.Stage.showAndWait(Stage.java:469)
	at javafx.controls/javafx.scene.control.HeavyweightDialog.showAndWait(HeavyweightDialog.java:162)
	at javafx.controls/javafx.scene.control.Dialog.showAndWait(Dialog.java:346)
	at com.appointmentscheduler@1.0-SNAPSHOT/com.appointmentscheduler.presentation.ErrorHandler.showErrorOnFxThread(ErrorHandler.java:48)
	at com.appointmentscheduler@1.0-SNAPSHOT/com.appointmentscheduler.presentation.ErrorHandler.lambda$showError$0(ErrorHandler.java:34)
	at javafx.graphics/com.sun.javafx.application.PlatformImpl.lambda$runLater$10(PlatformImpl.java:457)
	at java.base/java.security.AccessController.doPrivileged(AccessController.java:138)
	at javafx.graphics/com.sun.javafx.application.PlatformImpl.lambda$runLater$11(PlatformImpl.java:456)
	at javafx.graphics/com.sun.glass.ui.InvokeLaterDispatcher$Future.run$$$capture(InvokeLaterDispatcher.java:96)
	at javafx.graphics/com.sun.glass.ui.InvokeLaterDispatcher$Future.run(InvokeLaterDispatcher.java)
	at javafx.graphics/com.sun.glass.ui.win.WinApplication._enterNestedEventLoopImpl(Native Method)
	at javafx.graphics/com.sun.glass.ui.win.WinApplication._enterNestedEventLoop(WinApplication.java:211)
	at javafx.graphics/com.sun.glass.ui.Application.enterNestedEventLoop(Application.java:515)
	at javafx.graphics/com.sun.glass.ui.EventLoop.enter(EventLoop.java:107)
	at javafx.graphics/com.sun.javafx.tk.quantum.QuantumToolkit.enterNestedEventLoop(QuantumToolkit.java:647)
	at javafx.graphics/javafx.stage.Stage.showAndWait(Stage.java:469)
	at javafx.controls/javafx.scene.control.HeavyweightDialog.showAndWait(HeavyweightDialog.java:162)
	at javafx.controls/javafx.scene.control.Dialog.showAndWait(Dialog.java:346)
	at com.appointmentscheduler@1.0-SNAPSHOT/com.appointmentscheduler.presentation.ErrorHandler.showErrorOnFxThread(ErrorHandler.java:48)
	at com.appointmentscheduler@1.0-SNAPSHOT/com.appointmentscheduler.presentation.ErrorHandler.lambda$showError$0(ErrorHandler.java:34)
	at javafx.graphics/com.sun.javafx.application.PlatformImpl.lambda$runLater$10(PlatformImpl.java:457)
	at java.base/java.security.AccessController.doPrivileged(AccessController.java:138)
	at javafx.graphics/com.sun.javafx.application.PlatformImpl.lambda$runLater$11(PlatformImpl.java:456)
	at javafx.graphics/com.sun.glass.ui.InvokeLaterDispatcher$Future.run$$$capture(InvokeLaterDispatcher.java:96)
	at javafx.graphics/com.sun.glass.ui.InvokeLaterDispatcher$Future.run(InvokeLaterDispatcher.java)
	at javafx.graphics/com.sun.glass.ui.win.WinApplication._enterNestedEventLoopImpl(Native Method)
	at javafx.graphics/com.sun.glass.ui.win.WinApplication._enterNestedEventLoop(WinApplication.java:211)
	at javafx.graphics/com.sun.glass.ui.Application.enterNestedEventLoop(Application.java:515)
	at javafx.graphics/com.sun.glass.ui.EventLoop.enter(EventLoop.java:107)
	at javafx.graphics/com.sun.javafx.tk.quantum.QuantumToolkit.enterNestedEventLoop(QuantumToolkit.java:647)
	at javafx.graphics/javafx.stage.Stage.showAndWait(Stage.java:469)
	at javafx.controls/javafx.scene.control.HeavyweightDialog.showAndWait(HeavyweightDialog.java:162)
	at javafx.controls/javafx.scene.control.Dialog.showAndWait(Dialog.java:346)
	at com.appointmentscheduler@1.0-SNAPSHOT/com.appointmentscheduler.presentation.ErrorHandler.showErrorOnFxThread(ErrorHandler.java:48)
	at com.appointmentscheduler@1.0-SNAPSHOT/com.appointmentscheduler.presentation.ErrorHandler.lambda$showError$0(ErrorHandler.java:34)
	at javafx.graphics/com.sun.javafx.application.PlatformImpl.lambda$runLater$10(PlatformImpl.java:457)
	at java.base/java.security.AccessController.doPrivileged(AccessController.java:138)
	at javafx.graphics/com.sun.javafx.application.PlatformImpl.lambda$runLater$11(PlatformImpl.java:456)
	at javafx.graphics/com.sun.glass.ui.InvokeLaterDispatcher$Future.run$$$capture(InvokeLaterDispatcher.java:96)
	at javafx.graphics/com.sun.glass.ui.InvokeLaterDispatcher$Future.run(InvokeLaterDispatcher.java)
	at javafx.graphics/com.sun.glass.ui.win.WinApplication._enterNestedEventLoopImpl(Native Method)
	at javafx.graphics/com.sun.glass.ui.win.WinApplication._enterNestedEventLoop(WinApplication.java:211)
	at javafx.graphics/com.sun.glass.ui.Application.enterNestedEventLoop(Application.java:515)
	at javafx.graphics/com.sun.glass.ui.EventLoop.enter(EventLoop.java:107)
	at javafx.graphics/com.sun.javafx.tk.quantum.QuantumToolkit.enterNestedEventLoop(QuantumToolkit.java:647)
	at javafx.graphics/javafx.stage.Stage.showAndWait(Stage.java:469)
	at javafx.controls/javafx.scene.control.HeavyweightDialog.showAndWait(HeavyweightDialog.java:162)
	at javafx.controls/javafx.scene.control.Dialog.showAndWait(Dialog.java:346)
	at com.appointmentscheduler@1.0-SNAPSHOT/com.appointmentscheduler.presentation.ErrorHandler.showErrorOnFxThread(ErrorHandler.java:48)
	at com.appointmentscheduler@1.0-SNAPSHOT/com.appointmentscheduler.presentation.ErrorHandler.lambda$showError$0(ErrorHandler.java:34)
	at javafx.graphics/com.sun.javafx.application.PlatformImpl.lambda$runLater$10(PlatformImpl.java:457)
	at java.base/java.security.AccessController.doPrivileged(AccessController.java:138)
	at javafx.graphics/com.sun.javafx.application.PlatformImpl.lambda$runLater$11(PlatformImpl.java:456)
	at javafx.graphics/com.sun.glass.ui.InvokeLaterDispatcher$Future.run$$$capture(InvokeLaterDispatcher.java:96)
	at javafx.graphics/com.sun.glass.ui.InvokeLaterDispatcher$Future.run(InvokeLaterDispatcher.java)
	at javafx.graphics/com.sun.glass.ui.win.WinApplication._runLoop(Native Method)
	at javafx.graphics/com.sun.glass.ui.win.WinApplication.lambda$runLoop$3(WinApplication.java:184)
	at java.base/java.lang.Thread.run(Thread.java:1474)
Caused by: java.lang.IllegalStateException: cause-detail
	at com.appointmentscheduler@1.0-SNAPSHOT/com.appointmentscheduler.presentation.PresentationBelow80UnifiedBranchBatchTest.login_handleOpenRegistration_auto_saveFailure_includesCauseMessage(PresentationBelow80UnifiedBranchBatchTest.java:115)
	at java.base/jdk.internal.reflect.DirectMethodHandleAccessor.invoke(DirectMethodHandleAccessor.java:104)
	at java.base/java.lang.reflect.Method.invoke(Method.java:565)
	at org.junit.platform.commons.util.ReflectionUtils.invokeMethod(ReflectionUtils.java:728)
	at org.junit.jupiter.engine.execution.MethodInvocation.proceed(MethodInvocation.java:60)
	at org.junit.jupiter.engine.execution.InvocationInterceptorChain$ValidatingInvocation.proceed(InvocationInterceptorChain.java:131)
	at org.junit.jupiter.engine.extension.TimeoutExtension.intercept(TimeoutExtension.java:156)
	at org.junit.jupiter.engine.extension.TimeoutExtension.interceptTestableMethod(TimeoutExtension.java:147)
	at org.junit.jupiter.engine.extension.TimeoutExtension.interceptTestMethod(TimeoutExtension.java:86)
	at org.junit.jupiter.engine.execution.InterceptingExecutableInvoker$ReflectiveInterceptorCall.lambda$ofVoidMethod$0(InterceptingExecutableInvoker.java:103)
	at org.junit.jupiter.engine.execution.InterceptingExecutableInvoker.lambda$invoke$0(InterceptingExecutableInvoker.java:93)
	at org.junit.jupiter.engine.execution.InvocationInterceptorChain$InterceptedInvocation.proceed(InvocationInterceptorChain.java:106)
	at org.junit.jupiter.engine.execution.InvocationInterceptorChain.proceed(InvocationInterceptorChain.java:64)
	at org.junit.jupiter.engine.execution.InvocationInterceptorChain.chainAndInvoke(InvocationInterceptorChain.java:45)
	at org.junit.jupiter.engine.execution.InvocationInterceptorChain.invoke(InvocationInterceptorChain.java:37)
	at org.junit.jupiter.engine.execution.InterceptingExecutableInvoker.invoke(InterceptingExecutableInvoker.java:92)
	at org.junit.jupiter.engine.execution.InterceptingExecutableInvoker.invoke(InterceptingExecutableInvoker.java:86)
	at org.junit.jupiter.engine.descriptor.TestMethodTestDescriptor.lambda$invokeTestMethod$7(TestMethodTestDescriptor.java:218)
	at org.junit.platform.engine.support.hierarchical.ThrowableCollector.execute(ThrowableCollector.java:73)
	at org.junit.jupiter.engine.descriptor.TestMethodTestDescriptor.invokeTestMethod(TestMethodTestDescriptor.java:214)
	at org.junit.jupiter.engine.descriptor.TestMethodTestDescriptor.execute(TestMethodTestDescriptor.java:139)
	at org.junit.jupiter.engine.descriptor.TestMethodTestDescriptor.execute(TestMethodTestDescriptor.java:69)
	at org.junit.platform.engine.support.hierarchical.NodeTestTask.lambda$executeRecursively$6(NodeTestTask.java:151)
	at org.junit.platform.engine.support.hierarchical.ThrowableCollector.execute(ThrowableCollector.java:73)
	at org.junit.platform.engine.support.hierarchical.NodeTestTask.lambda$executeRecursively$8(NodeTestTask.java:141)
	at org.junit.platform.engine.support.hierarchical.Node.around(Node.java:137)
	at org.junit.platform.engine.support.hierarchical.NodeTestTask.lambda$executeRecursively$9(NodeTestTask.java:139)
	at org.junit.platform.engine.support.hierarchical.ThrowableCollector.execute(ThrowableCollector.java:73)
	at org.junit.platform.engine.support.hierarchical.NodeTestTask.executeRecursively(NodeTestTask.java:138)
	at org.junit.platform.engine.support.hierarchical.NodeTestTask.execute(NodeTestTask.java:95)
	at java.base/java.util.ArrayList.forEach(ArrayList.java:1604)
	at org.junit.platform.engine.support.hierarchical.SameThreadHierarchicalTestExecutorService.invokeAll(SameThreadHierarchicalTestExecutorService.java:41)
	at org.junit.platform.engine.support.hierarchical.NodeTestTask.lambda$executeRecursively$6(NodeTestTask.java:155)
	at org.junit.platform.engine.support.hierarchical.ThrowableCollector.execute(ThrowableCollector.java:73)
	at org.junit.platform.engine.support.hierarchical.NodeTestTask.lambda$executeRecursively$8(NodeTestTask.java:141)
	at org.junit.platform.engine.support.hierarchical.Node.around(Node.java:137)
	at org.junit.platform.engine.support.hierarchical.NodeTestTask.lambda$executeRecursively$9(NodeTestTask.java:139)
	at org.junit.platform.engine.support.hierarchical.ThrowableCollector.execute(ThrowableCollector.java:73)
	at org.junit.platform.engine.support.hierarchical.NodeTestTask.executeRecursively(NodeTestTask.java:138)
	at org.junit.platform.engine.support.hierarchical.NodeTestTask.execute(NodeTestTask.java:95)
	at java.base/java.util.ArrayList.forEach(ArrayList.java:1604)
	at org.junit.platform.engine.support.hierarchical.SameThreadHierarchicalTestExecutorService.invokeAll(SameThreadHierarchicalTestExecutorService.java:41)
	at org.junit.platform.engine.support.hierarchical.NodeTestTask.lambda$executeRecursively$6(NodeTestTask.java:155)
	at org.junit.platform.engine.support.hierarchical.ThrowableCollector.execute(ThrowableCollector.java:73)
	at org.junit.platform.engine.support.hierarchical.NodeTestTask.lambda$executeRecursively$8(NodeTestTask.java:141)
	at org.junit.platform.engine.support.hierarchical.Node.around(Node.java:137)
	at org.junit.platform.engine.support.hierarchical.NodeTestTask.lambda$executeRecursively$9(NodeTestTask.java:139)
	at org.junit.platform.engine.support.hierarchical.ThrowableCollector.execute(ThrowableCollector.java:73)
	at org.junit.platform.engine.support.hierarchical.NodeTestTask.executeRecursively(NodeTestTask.java:138)
	at org.junit.platform.engine.support.hierarchical.NodeTestTask.execute(NodeTestTask.java:95)
	at org.junit.platform.engine.support.hierarchical.SameThreadHierarchicalTestExecutorService.submit(SameThreadHierarchicalTestExecutorService.java:35)
	at org.junit.platform.engine.support.hierarchical.HierarchicalTestExecutor.execute(HierarchicalTestExecutor.java:57)
	at org.junit.platform.engine.support.hierarchical.HierarchicalTestEngine.execute(HierarchicalTestEngine.java:54)
	at org.junit.platform.launcher.core.EngineExecutionOrchestrator.execute(EngineExecutionOrchestrator.java:198)
	at org.junit.platform.launcher.core.EngineExecutionOrchestrator.execute(EngineExecutionOrchestrator.java:169)
	at org.junit.platform.launcher.core.EngineExecutionOrchestrator.execute(EngineExecutionOrchestrator.java:93)
	at org.junit.platform.launcher.core.EngineExecutionOrchestrator.lambda$execute$0(EngineExecutionOrchestrator.java:58)
	at org.junit.platform.launcher.core.EngineExecutionOrchestrator.withInterceptedStreams(EngineExecutionOrchestrator.java:141)
	at org.junit.platform.launcher.core.EngineExecutionOrchestrator.execute(EngineExecutionOrchestrator.java:57)
	at org.junit.platform.launcher.core.DefaultLauncher.execute(DefaultLauncher.java:103)
	at org.junit.platform.launcher.core.DefaultLauncher.execute(DefaultLauncher.java:85)
	at org.junit.platform.launcher.core.DelegatingLauncher.execute(DelegatingLauncher.java:47)
	at org.junit.platform.launcher.core.SessionPerRequestLauncher.execute(SessionPerRequestLauncher.java:63)
	at com.intellij.junit5.JUnit5IdeaTestRunner.startRunnerWithArgs(JUnit5IdeaTestRunner.java:66)
	at com.intellij.rt.junit.IdeaTestRunner$Repeater$1.execute(IdeaTestRunner.java:38)
	at com.intellij.rt.execution.junit.TestsRepeater.repeat(TestsRepeater.java:11)
	at com.intellij.rt.junit.IdeaTestRunner$Repeater.startRunnerWithArgs(IdeaTestRunner.java:35)
	at com.intellij.rt.junit.JUnitStarter.prepareStreamsAndStart(JUnitStarter.java:231)
	at com.intellij.rt.junit.JUnitStarter.main(JUnitStarter.java:55)
2026-04-15 18:46:46.080 [main] DEBUG com.appointmentscheduler.application.AppConfig - Application configuration loaded
2026-04-15 18:46:46.080 [main] DEBUG com.appointmentscheduler.application.AppConfig - Merged application-local.properties
2026-04-15 18:46:46.083 [main] DEBUG com.appointmentscheduler.application.AppConfig - Application configuration loaded
2026-04-15 18:46:46.083 [main] DEBUG com.appointmentscheduler.application.AppConfig - Merged application-local.properties
2026-04-15 18:46:46.085 [main] DEBUG com.appointmentscheduler.application.AppConfig - Application configuration loaded
2026-04-15 18:46:46.086 [main] DEBUG com.appointmentscheduler.application.AppConfig - Merged application-local.properties
2026-04-15 18:46:46.088 [main] DEBUG com.appointmentscheduler.application.AppConfig - Application configuration loaded
2026-04-15 18:46:46.088 [main] DEBUG com.appointmentscheduler.application.AppConfig - Merged application-local.properties
2026-04-15 18:46:46.090 [main] DEBUG com.appointmentscheduler.application.AppConfig - Application configuration loaded
2026-04-15 18:46:46.090 [main] DEBUG com.appointmentscheduler.application.AppConfig - Merged application-local.properties
2026-04-15 18:46:46.092 [main] DEBUG com.appointmentscheduler.application.AppConfig - Application configuration loaded
2026-04-15 18:46:46.092 [main] DEBUG com.appointmentscheduler.application.AppConfig - Merged application-local.properties
2026-04-15 18:46:46.094 [main] DEBUG com.appointmentscheduler.application.AppConfig - Application configuration loaded
2026-04-15 18:46:46.095 [main] DEBUG com.appointmentscheduler.application.AppConfig - Merged application-local.properties
2026-04-15 18:46:46.098 [main] DEBUG com.appointmentscheduler.application.AppConfig - Application configuration loaded
2026-04-15 18:46:46.098 [main] DEBUG com.appointmentscheduler.application.AppConfig - Merged application-local.properties
2026-04-15 18:46:46.101 [main] DEBUG com.appointmentscheduler.application.AppConfig - Application configuration loaded
2026-04-15 18:46:46.102 [main] DEBUG com.appointmentscheduler.application.AppConfig - Merged application-local.properties
2026-04-15 18:46:46.104 [main] DEBUG com.appointmentscheduler.application.AppConfig - Application configuration loaded
2026-04-15 18:46:46.104 [main] DEBUG com.appointmentscheduler.application.AppConfig - Merged application-local.properties
2026-04-15 18:46:46.107 [main] DEBUG com.appointmentscheduler.application.AppConfig - Application configuration loaded
2026-04-15 18:46:46.108 [main] DEBUG com.appointmentscheduler.application.AppConfig - Merged application-local.properties
2026-04-15 18:46:46.117 [main] DEBUG com.appointmentscheduler.application.AppConfig - Application configuration loaded
2026-04-15 18:46:46.117 [main] DEBUG com.appointmentscheduler.application.AppConfig - Merged application-local.properties
2026-04-15 18:46:46.222 [main] DEBUG com.appointmentscheduler.application.AppConfig - Application configuration loaded
2026-04-15 18:46:46.222 [main] DEBUG com.appointmentscheduler.application.AppConfig - Merged application-local.properties
2026-04-15 18:46:46.307 [main] DEBUG com.appointmentscheduler.application.AppConfig - Application configuration loaded
2026-04-15 18:46:46.308 [main] DEBUG com.appointmentscheduler.application.AppConfig - Merged application-local.properties
2026-04-15 18:46:46.319 [main] DEBUG com.appointmentscheduler.application.AppConfig - Application configuration loaded
2026-04-15 18:46:46.319 [main] DEBUG com.appointmentscheduler.application.AppConfig - Merged application-local.properties
2026-04-15 18:46:46.322 [main] DEBUG com.appointmentscheduler.application.AppConfig - Application configuration loaded
2026-04-15 18:46:46.323 [main] DEBUG com.appointmentscheduler.application.AppConfig - Merged application-local.properties
2026-04-15 18:46:46.339 [JavaFX Application Thread] INFO  com.appointmentscheduler.presentation.MainApp - Using database persistence (MySQL). User and appointment data will be saved.
2026-04-15 18:46:46.340 [JavaFX Application Thread] DEBUG c.a.application.AppointmentReminderService - Registered reminder channel: SMSNotification
2026-04-15 18:46:47.010 [JavaFX Application Thread] INFO  com.appointmentscheduler.presentation.MainApp - Starting Appointment Booking System v3.0.0
2026-04-15 18:46:48.941 [JavaFX Application Thread] DEBUG c.appointmentscheduler.application.AuditLogService - Audit: DAY_CLOSED | Forced Admin | Closed calendar day: 2026-04-15
2026-04-15 18:46:48.993 [JavaFX Application Thread] DEBUG c.appointmentscheduler.application.AuditLogService - Audit: DAY_REOPENED | Forced Admin | Reopened calendar day: 2026-04-15
2026-04-15 18:47:01.269 [JavaFX Application Thread] INFO  com.appointmentscheduler.presentation.MainApp - Using database persistence (MySQL). User and appointment data will be saved.
2026-04-15 18:47:01.269 [JavaFX Application Thread] DEBUG c.a.application.AppointmentReminderService - Registered reminder channel: SMSNotification
2026-04-15 18:47:02.690 [JavaFX Application Thread] INFO  com.appointmentscheduler.presentation.MainApp - Starting Appointment Booking System v3.0.0
2026-04-15 18:47:15.197 [JavaFX Application Thread] INFO  com.appointmentscheduler.presentation.MainApp - Using database persistence (MySQL). User and appointment data will be saved.
2026-04-15 18:47:15.197 [JavaFX Application Thread] DEBUG c.a.application.AppointmentReminderService - Registered reminder channel: SMSNotification
2026-04-15 18:47:15.889 [JavaFX Application Thread] INFO  com.appointmentscheduler.presentation.MainApp - Starting Appointment Booking System v3.0.0
2026-04-15 18:47:18.638 [JavaFX Application Thread] DEBUG c.appointmentscheduler.application.AuditLogService - Audit: DAY_CLOSED | Mass Admin | Closed calendar day: 2026-04-15
2026-04-15 18:47:18.715 [JavaFX Application Thread] DEBUG c.appointmentscheduler.application.AuditLogService - Audit: DAY_REOPENED | Mass Admin | Reopened calendar day: 2026-04-15
2026-04-15 18:47:30.109 [main] DEBUG c.a.application.AppointmentReminderService - Registered reminder channel: SMSNotification
2026-04-15 18:47:32.225 [main] DEBUG com.appointmentscheduler.application.AppConfig - Application configuration loaded
2026-04-15 18:47:32.226 [main] DEBUG com.appointmentscheduler.application.AppConfig - Merged application-local.properties
2026-04-15 18:47:32.854 [main] INFO  com.appointmentscheduler.presentation.MainApp - Using database persistence (PostgreSQL). User and appointment data will be saved.
2026-04-15 18:47:32.854 [main] DEBUG c.a.application.AppointmentReminderService - Registered reminder channel: SMSNotification
2026-04-15 18:47:35.946 [main] DEBUG com.appointmentscheduler.application.AppConfig - Application configuration loaded
2026-04-15 18:47:35.946 [main] DEBUG com.appointmentscheduler.application.AppConfig - Merged application-local.properties
2026-04-15 18:47:35.952 [main] ERROR com.appointmentscheduler.presentation.MainApp - Database setup failed — data will NOT persist. Falling back to in-memory. Cause: simulated jdbc wiring failure
java.lang.RuntimeException: simulated jdbc wiring failure
	at com.appointmentscheduler@1.0-SNAPSHOT/com.appointmentscheduler.persistence.database.JdbcUserRepository.findAll(JdbcUserRepository.java:149)
	at com.appointmentscheduler@1.0-SNAPSHOT/com.appointmentscheduler.presentation.MainApp.initializeServices(MainApp.java:151)
	at java.base/jdk.internal.reflect.DirectMethodHandleAccessor.invoke(DirectMethodHandleAccessor.java:104)
	at java.base/java.lang.reflect.Method.invoke(Method.java:565)
	at com.appointmentscheduler@1.0-SNAPSHOT/com.appointmentscheduler.presentation.MainAppInitializeServicesJdbcPathTest.lambda$invokeInitializeServices$0(MainAppInitializeServicesJdbcPathTest.java:88)
	at org.assertj.core.api.ThrowableAssert.catchThrowable(ThrowableAssert.java:63)
	at org.assertj.core.api.AssertionsForClassTypes.catchThrowable(AssertionsForClassTypes.java:892)
	at org.assertj.core.api.AssertionsForClassTypes.assertThatCode(AssertionsForClassTypes.java:863)
	at org.assertj.core.api.Assertions.assertThatCode(Assertions.java:1287)
	at com.appointmentscheduler@1.0-SNAPSHOT/com.appointmentscheduler.presentation.MainAppInitializeServicesJdbcPathTest.invokeInitializeServices(MainAppInitializeServicesJdbcPathTest.java:88)
	at com.appointmentscheduler@1.0-SNAPSHOT/com.appointmentscheduler.presentation.MainAppInitializeServicesJdbcPathTest.initializeServices_jdbcUserRepositoryConstructionFails_fallsBackToInMemory(MainAppInitializeServicesJdbcPathTest.java:195)
	at java.base/jdk.internal.reflect.DirectMethodHandleAccessor.invoke(DirectMethodHandleAccessor.java:104)
	at java.base/java.lang.reflect.Method.invoke(Method.java:565)
	at org.junit.platform.commons.util.ReflectionUtils.invokeMethod(ReflectionUtils.java:728)
	at org.junit.jupiter.engine.execution.MethodInvocation.proceed(MethodInvocation.java:60)
	at org.junit.jupiter.engine.execution.InvocationInterceptorChain$ValidatingInvocation.proceed(InvocationInterceptorChain.java:131)
	at org.junit.jupiter.engine.extension.TimeoutExtension.intercept(TimeoutExtension.java:156)
	at org.junit.jupiter.engine.extension.TimeoutExtension.interceptTestableMethod(TimeoutExtension.java:147)
	at org.junit.jupiter.engine.extension.TimeoutExtension.interceptTestMethod(TimeoutExtension.java:86)
	at org.junit.jupiter.engine.execution.InterceptingExecutableInvoker$ReflectiveInterceptorCall.lambda$ofVoidMethod$0(InterceptingExecutableInvoker.java:103)
	at org.junit.jupiter.engine.execution.InterceptingExecutableInvoker.lambda$invoke$0(InterceptingExecutableInvoker.java:93)
	at org.junit.jupiter.engine.execution.InvocationInterceptorChain$InterceptedInvocation.proceed(InvocationInterceptorChain.java:106)
	at org.junit.jupiter.engine.execution.InvocationInterceptorChain.proceed(InvocationInterceptorChain.java:64)
	at org.junit.jupiter.engine.execution.InvocationInterceptorChain.chainAndInvoke(InvocationInterceptorChain.java:45)
	at org.junit.jupiter.engine.execution.InvocationInterceptorChain.invoke(InvocationInterceptorChain.java:37)
	at org.junit.jupiter.engine.execution.InterceptingExecutableInvoker.invoke(InterceptingExecutableInvoker.java:92)
	at org.junit.jupiter.engine.execution.InterceptingExecutableInvoker.invoke(InterceptingExecutableInvoker.java:86)
	at org.junit.jupiter.engine.descriptor.TestMethodTestDescriptor.lambda$invokeTestMethod$7(TestMethodTestDescriptor.java:218)
	at org.junit.platform.engine.support.hierarchical.ThrowableCollector.execute(ThrowableCollector.java:73)
	at org.junit.jupiter.engine.descriptor.TestMethodTestDescriptor.invokeTestMethod(TestMethodTestDescriptor.java:214)
	at org.junit.jupiter.engine.descriptor.TestMethodTestDescriptor.execute(TestMethodTestDescriptor.java:139)
	at org.junit.jupiter.engine.descriptor.TestMethodTestDescriptor.execute(TestMethodTestDescriptor.java:69)
	at org.junit.platform.engine.support.hierarchical.NodeTestTask.lambda$executeRecursively$6(NodeTestTask.java:151)
	at org.junit.platform.engine.support.hierarchical.ThrowableCollector.execute(ThrowableCollector.java:73)
	at org.junit.platform.engine.support.hierarchical.NodeTestTask.lambda$executeRecursively$8(NodeTestTask.java:141)
	at org.junit.platform.engine.support.hierarchical.Node.around(Node.java:137)
	at org.junit.platform.engine.support.hierarchical.NodeTestTask.lambda$executeRecursively$9(NodeTestTask.java:139)
	at org.junit.platform.engine.support.hierarchical.ThrowableCollector.execute(ThrowableCollector.java:73)
	at org.junit.platform.engine.support.hierarchical.NodeTestTask.executeRecursively(NodeTestTask.java:138)
	at org.junit.platform.engine.support.hierarchical.NodeTestTask.execute(NodeTestTask.java:95)
	at java.base/java.util.ArrayList.forEach(ArrayList.java:1604)
	at org.junit.platform.engine.support.hierarchical.SameThreadHierarchicalTestExecutorService.invokeAll(SameThreadHierarchicalTestExecutorService.java:41)
	at org.junit.platform.engine.support.hierarchical.NodeTestTask.lambda$executeRecursively$6(NodeTestTask.java:155)
	at org.junit.platform.engine.support.hierarchical.ThrowableCollector.execute(ThrowableCollector.java:73)
	at org.junit.platform.engine.support.hierarchical.NodeTestTask.lambda$executeRecursively$8(NodeTestTask.java:141)
	at org.junit.platform.engine.support.hierarchical.Node.around(Node.java:137)
	at org.junit.platform.engine.support.hierarchical.NodeTestTask.lambda$executeRecursively$9(NodeTestTask.java:139)
	at org.junit.platform.engine.support.hierarchical.ThrowableCollector.execute(ThrowableCollector.java:73)
	at org.junit.platform.engine.support.hierarchical.NodeTestTask.executeRecursively(NodeTestTask.java:138)
	at org.junit.platform.engine.support.hierarchical.NodeTestTask.execute(NodeTestTask.java:95)
	at java.base/java.util.ArrayList.forEach(ArrayList.java:1604)
	at org.junit.platform.engine.support.hierarchical.SameThreadHierarchicalTestExecutorService.invokeAll(SameThreadHierarchicalTestExecutorService.java:41)
	at org.junit.platform.engine.support.hierarchical.NodeTestTask.lambda$executeRecursively$6(NodeTestTask.java:155)
	at org.junit.platform.engine.support.hierarchical.ThrowableCollector.execute(ThrowableCollector.java:73)
	at org.junit.platform.engine.support.hierarchical.NodeTestTask.lambda$executeRecursively$8(NodeTestTask.java:141)
	at org.junit.platform.engine.support.hierarchical.Node.around(Node.java:137)
	at org.junit.platform.engine.support.hierarchical.NodeTestTask.lambda$executeRecursively$9(NodeTestTask.java:139)
	at org.junit.platform.engine.support.hierarchical.ThrowableCollector.execute(ThrowableCollector.java:73)
	at org.junit.platform.engine.support.hierarchical.NodeTestTask.executeRecursively(NodeTestTask.java:138)
	at org.junit.platform.engine.support.hierarchical.NodeTestTask.execute(NodeTestTask.java:95)
	at org.junit.platform.engine.support.hierarchical.SameThreadHierarchicalTestExecutorService.submit(SameThreadHierarchicalTestExecutorService.java:35)
	at org.junit.platform.engine.support.hierarchical.HierarchicalTestExecutor.execute(HierarchicalTestExecutor.java:57)
	at org.junit.platform.engine.support.hierarchical.HierarchicalTestEngine.execute(HierarchicalTestEngine.java:54)
	at org.junit.platform.launcher.core.EngineExecutionOrchestrator.execute(EngineExecutionOrchestrator.java:198)
	at org.junit.platform.launcher.core.EngineExecutionOrchestrator.execute(EngineExecutionOrchestrator.java:169)
	at org.junit.platform.launcher.core.EngineExecutionOrchestrator.execute(EngineExecutionOrchestrator.java:93)
	at org.junit.platform.launcher.core.EngineExecutionOrchestrator.lambda$execute$0(EngineExecutionOrchestrator.java:58)
	at org.junit.platform.launcher.core.EngineExecutionOrchestrator.withInterceptedStreams(EngineExecutionOrchestrator.java:141)
	at org.junit.platform.launcher.core.EngineExecutionOrchestrator.execute(EngineExecutionOrchestrator.java:57)
	at org.junit.platform.launcher.core.DefaultLauncher.execute(DefaultLauncher.java:103)
	at org.junit.platform.launcher.core.DefaultLauncher.execute(DefaultLauncher.java:85)
	at org.junit.platform.launcher.core.DelegatingLauncher.execute(DelegatingLauncher.java:47)
	at org.junit.platform.launcher.core.SessionPerRequestLauncher.execute(SessionPerRequestLauncher.java:63)
	at com.intellij.junit5.JUnit5IdeaTestRunner.startRunnerWithArgs(JUnit5IdeaTestRunner.java:66)
	at com.intellij.rt.junit.IdeaTestRunner$Repeater$1.execute(IdeaTestRunner.java:38)
	at com.intellij.rt.execution.junit.TestsRepeater.repeat(TestsRepeater.java:11)
	at com.intellij.rt.junit.IdeaTestRunner$Repeater.startRunnerWithArgs(IdeaTestRunner.java:35)
	at com.intellij.rt.junit.JUnitStarter.prepareStreamsAndStart(JUnitStarter.java:231)
	at com.intellij.rt.junit.JUnitStarter.main(JUnitStarter.java:55)
2026-04-15 18:47:35.954 [main] DEBUG c.a.application.AppointmentReminderService - Registered reminder channel: SMSNotification
2026-04-15 18:47:38.676 [main] DEBUG com.appointmentscheduler.application.AppConfig - Application configuration loaded
2026-04-15 18:47:38.676 [main] DEBUG com.appointmentscheduler.application.AppConfig - Merged application-local.properties
2026-04-15 18:47:38.680 [main] INFO  com.appointmentscheduler.presentation.MainApp - Using database persistence (MySQL). User and appointment data will be saved.
2026-04-15 18:47:38.680 [main] DEBUG c.a.application.AppointmentReminderService - Registered reminder channel: SMSNotification
2026-04-15 18:47:40.691 [main] DEBUG com.appointmentscheduler.application.AppConfig - Application configuration loaded
2026-04-15 18:47:40.691 [main] DEBUG com.appointmentscheduler.application.AppConfig - Merged application-local.properties
2026-04-15 18:47:40.696 [main] INFO  com.appointmentscheduler.presentation.MainApp - Using database persistence (H2). User and appointment data will be saved.
2026-04-15 18:47:40.696 [main] DEBUG c.a.application.AppointmentReminderService - Registered reminder channel: SMSNotification
2026-04-15 18:47:42.756 [main] DEBUG com.appointmentscheduler.application.AppConfig - Application configuration loaded
2026-04-15 18:47:42.756 [main] DEBUG com.appointmentscheduler.application.AppConfig - Merged application-local.properties
2026-04-15 18:47:42.775 [JavaFX Application Thread] INFO  com.appointmentscheduler.presentation.MainApp - Using database persistence (MySQL). User and appointment data will be saved.
2026-04-15 18:47:42.775 [JavaFX Application Thread] DEBUG c.a.application.AppointmentReminderService - Registered reminder channel: SMSNotification
2026-04-15 18:47:43.407 [JavaFX Application Thread] INFO  com.appointmentscheduler.presentation.MainApp - Starting Appointment Booking System v3.0.0
2026-04-15 18:47:49.802 [main] DEBUG com.appointmentscheduler.application.AppConfig - Application configuration loaded
2026-04-15 18:47:49.803 [main] DEBUG com.appointmentscheduler.application.AppConfig - Merged application-local.properties
2026-04-15 18:47:49.803 [main] DEBUG com.appointmentscheduler.application.AppConfig - Application configuration loaded
2026-04-15 18:47:49.804 [main] DEBUG com.appointmentscheduler.application.AppConfig - Merged application-local.properties
2026-04-15 18:47:49.806 [main] DEBUG com.appointmentscheduler.application.AppConfig - Application configuration loaded
2026-04-15 18:47:49.806 [main] DEBUG com.appointmentscheduler.application.AppConfig - Merged application-local.properties
2026-04-15 18:47:49.827 [main] DEBUG com.appointmentscheduler.application.AppConfig - Application configuration loaded
2026-04-15 18:47:49.828 [main] DEBUG com.appointmentscheduler.application.AppConfig - Merged application-local.properties
2026-04-15 18:47:49.829 [main] DEBUG com.appointmentscheduler.application.AppConfig - Application configuration loaded
2026-04-15 18:47:49.830 [main] DEBUG com.appointmentscheduler.application.AppConfig - Merged application-local.properties
2026-04-15 18:47:49.831 [main] DEBUG com.appointmentscheduler.application.AppConfig - Application configuration loaded
2026-04-15 18:47:49.831 [main] DEBUG com.appointmentscheduler.application.AppConfig - Merged application-local.properties
2026-04-15 18:47:49.832 [main] DEBUG com.appointmentscheduler.application.AppConfig - Application configuration loaded
2026-04-15 18:47:49.832 [main] DEBUG com.appointmentscheduler.application.AppConfig - Merged application-local.properties
2026-04-15 18:47:49.834 [main] DEBUG com.appointmentscheduler.application.AppConfig - Application configuration loaded
2026-04-15 18:47:49.834 [main] DEBUG com.appointmentscheduler.application.AppConfig - Merged application-local.properties
2026-04-15 18:47:49.836 [main] DEBUG com.appointmentscheduler.application.AppConfig - Application configuration loaded
2026-04-15 18:47:49.836 [main] DEBUG com.appointmentscheduler.application.AppConfig - Merged application-local.properties
2026-04-15 18:47:49.851 [main] INFO  c.a.presentation.LoginController - Login successful for user: patient-ok@test.com
2026-04-15 18:47:49.869 [main] INFO  c.a.presentation.LoginController - Login successful for user: admin-ok@test.com
2026-04-15 18:47:49.879 [main] WARN  c.a.presentation.LoginController - initialize: could not set dev credentials visibility
java.lang.RuntimeException: boom-config
	at com.appointmentscheduler@1.0-SNAPSHOT/com.appointmentscheduler.application.AppConfig.getBrandName(AppConfig.java:104)
	at com.appointmentscheduler@1.0-SNAPSHOT/com.appointmentscheduler.presentation.LoginController.initialize(LoginController.java:31)
	at org.assertj.core.api.ThrowableAssert.catchThrowable(ThrowableAssert.java:63)
	at org.assertj.core.api.AssertionsForClassTypes.catchThrowable(AssertionsForClassTypes.java:892)
	at org.assertj.core.api.AssertionsForClassTypes.assertThatCode(AssertionsForClassTypes.java:863)
	at org.assertj.core.api.Assertions.assertThatCode(Assertions.java:1287)
	at com.appointmentscheduler@1.0-SNAPSHOT/com.appointmentscheduler.presentation.LoginControllerCoverageTest.initialize_catchesThrowable_fromStaticConfig(LoginControllerCoverageTest.java:380)
	at java.base/jdk.internal.reflect.DirectMethodHandleAccessor.invoke(DirectMethodHandleAccessor.java:104)
	at java.base/java.lang.reflect.Method.invoke(Method.java:565)
	at org.junit.platform.commons.util.ReflectionUtils.invokeMethod(ReflectionUtils.java:728)
	at org.junit.jupiter.engine.execution.MethodInvocation.proceed(MethodInvocation.java:60)
	at org.junit.jupiter.engine.execution.InvocationInterceptorChain$ValidatingInvocation.proceed(InvocationInterceptorChain.java:131)
	at org.junit.jupiter.engine.extension.TimeoutExtension.intercept(TimeoutExtension.java:156)
	at org.junit.jupiter.engine.extension.TimeoutExtension.interceptTestableMethod(TimeoutExtension.java:147)
	at org.junit.jupiter.engine.extension.TimeoutExtension.interceptTestMethod(TimeoutExtension.java:86)
	at org.junit.jupiter.engine.execution.InterceptingExecutableInvoker$ReflectiveInterceptorCall.lambda$ofVoidMethod$0(InterceptingExecutableInvoker.java:103)
	at org.junit.jupiter.engine.execution.InterceptingExecutableInvoker.lambda$invoke$0(InterceptingExecutableInvoker.java:93)
	at org.junit.jupiter.engine.execution.InvocationInterceptorChain$InterceptedInvocation.proceed(InvocationInterceptorChain.java:106)
	at org.junit.jupiter.engine.execution.InvocationInterceptorChain.proceed(InvocationInterceptorChain.java:64)
	at org.junit.jupiter.engine.execution.InvocationInterceptorChain.chainAndInvoke(InvocationInterceptorChain.java:45)
	at org.junit.jupiter.engine.execution.InvocationInterceptorChain.invoke(InvocationInterceptorChain.java:37)
	at org.junit.jupiter.engine.execution.InterceptingExecutableInvoker.invoke(InterceptingExecutableInvoker.java:92)
	at org.junit.jupiter.engine.execution.InterceptingExecutableInvoker.invoke(InterceptingExecutableInvoker.java:86)
	at org.junit.jupiter.engine.descriptor.TestMethodTestDescriptor.lambda$invokeTestMethod$7(TestMethodTestDescriptor.java:218)
	at org.junit.platform.engine.support.hierarchical.ThrowableCollector.execute(ThrowableCollector.java:73)
	at org.junit.jupiter.engine.descriptor.TestMethodTestDescriptor.invokeTestMethod(TestMethodTestDescriptor.java:214)
	at org.junit.jupiter.engine.descriptor.TestMethodTestDescriptor.execute(TestMethodTestDescriptor.java:139)
	at org.junit.jupiter.engine.descriptor.TestMethodTestDescriptor.execute(TestMethodTestDescriptor.java:69)
	at org.junit.platform.engine.support.hierarchical.NodeTestTask.lambda$executeRecursively$6(NodeTestTask.java:151)
	at org.junit.platform.engine.support.hierarchical.ThrowableCollector.execute(ThrowableCollector.java:73)
	at org.junit.platform.engine.support.hierarchical.NodeTestTask.lambda$executeRecursively$8(NodeTestTask.java:141)
	at org.junit.platform.engine.support.hierarchical.Node.around(Node.java:137)
	at org.junit.platform.engine.support.hierarchical.NodeTestTask.lambda$executeRecursively$9(NodeTestTask.java:139)
	at org.junit.platform.engine.support.hierarchical.ThrowableCollector.execute(ThrowableCollector.java:73)
	at org.junit.platform.engine.support.hierarchical.NodeTestTask.executeRecursively(NodeTestTask.java:138)
	at org.junit.platform.engine.support.hierarchical.NodeTestTask.execute(NodeTestTask.java:95)
	at java.base/java.util.ArrayList.forEach(ArrayList.java:1604)
	at org.junit.platform.engine.support.hierarchical.SameThreadHierarchicalTestExecutorService.invokeAll(SameThreadHierarchicalTestExecutorService.java:41)
	at org.junit.platform.engine.support.hierarchical.NodeTestTask.lambda$executeRecursively$6(NodeTestTask.java:155)
	at org.junit.platform.engine.support.hierarchical.ThrowableCollector.execute(ThrowableCollector.java:73)
	at org.junit.platform.engine.support.hierarchical.NodeTestTask.lambda$executeRecursively$8(NodeTestTask.java:141)
	at org.junit.platform.engine.support.hierarchical.Node.around(Node.java:137)
	at org.junit.platform.engine.support.hierarchical.NodeTestTask.lambda$executeRecursively$9(NodeTestTask.java:139)
	at org.junit.platform.engine.support.hierarchical.ThrowableCollector.execute(ThrowableCollector.java:73)
	at org.junit.platform.engine.support.hierarchical.NodeTestTask.executeRecursively(NodeTestTask.java:138)
	at org.junit.platform.engine.support.hierarchical.NodeTestTask.execute(NodeTestTask.java:95)
	at java.base/java.util.ArrayList.forEach(ArrayList.java:1604)
	at org.junit.platform.engine.support.hierarchical.SameThreadHierarchicalTestExecutorService.invokeAll(SameThreadHierarchicalTestExecutorService.java:41)
	at org.junit.platform.engine.support.hierarchical.NodeTestTask.lambda$executeRecursively$6(NodeTestTask.java:155)
	at org.junit.platform.engine.support.hierarchical.ThrowableCollector.execute(ThrowableCollector.java:73)
	at org.junit.platform.engine.support.hierarchical.NodeTestTask.lambda$executeRecursively$8(NodeTestTask.java:141)
	at org.junit.platform.engine.support.hierarchical.Node.around(Node.java:137)
	at org.junit.platform.engine.support.hierarchical.NodeTestTask.lambda$executeRecursively$9(NodeTestTask.java:139)
	at org.junit.platform.engine.support.hierarchical.ThrowableCollector.execute(ThrowableCollector.java:73)
	at org.junit.platform.engine.support.hierarchical.NodeTestTask.executeRecursively(NodeTestTask.java:138)
	at org.junit.platform.engine.support.hierarchical.NodeTestTask.execute(NodeTestTask.java:95)
	at org.junit.platform.engine.support.hierarchical.SameThreadHierarchicalTestExecutorService.submit(SameThreadHierarchicalTestExecutorService.java:35)
	at org.junit.platform.engine.support.hierarchical.HierarchicalTestExecutor.execute(HierarchicalTestExecutor.java:57)
	at org.junit.platform.engine.support.hierarchical.HierarchicalTestEngine.execute(HierarchicalTestEngine.java:54)
	at org.junit.platform.launcher.core.EngineExecutionOrchestrator.execute(EngineExecutionOrchestrator.java:198)
	at org.junit.platform.launcher.core.EngineExecutionOrchestrator.execute(EngineExecutionOrchestrator.java:169)
	at org.junit.platform.launcher.core.EngineExecutionOrchestrator.execute(EngineExecutionOrchestrator.java:93)
	at org.junit.platform.launcher.core.EngineExecutionOrchestrator.lambda$execute$0(EngineExecutionOrchestrator.java:58)
	at org.junit.platform.launcher.core.EngineExecutionOrchestrator.withInterceptedStreams(EngineExecutionOrchestrator.java:141)
	at org.junit.platform.launcher.core.EngineExecutionOrchestrator.execute(EngineExecutionOrchestrator.java:57)
	at org.junit.platform.launcher.core.DefaultLauncher.execute(DefaultLauncher.java:103)
	at org.junit.platform.launcher.core.DefaultLauncher.execute(DefaultLauncher.java:85)
	at org.junit.platform.launcher.core.DelegatingLauncher.execute(DelegatingLauncher.java:47)
	at org.junit.platform.launcher.core.SessionPerRequestLauncher.execute(SessionPerRequestLauncher.java:63)
	at com.intellij.junit5.JUnit5IdeaTestRunner.startRunnerWithArgs(JUnit5IdeaTestRunner.java:66)
	at com.intellij.rt.junit.IdeaTestRunner$Repeater$1.execute(IdeaTestRunner.java:38)
	at com.intellij.rt.execution.junit.TestsRepeater.repeat(TestsRepeater.java:11)
	at com.intellij.rt.junit.IdeaTestRunner$Repeater.startRunnerWithArgs(IdeaTestRunner.java:35)
	at com.intellij.rt.junit.JUnitStarter.prepareStreamsAndStart(JUnitStarter.java:231)
	at com.intellij.rt.junit.JUnitStarter.main(JUnitStarter.java:55)
2026-04-15 18:47:50.937 [JavaFX Application Thread] ERROR c.a.presentation.LoginController - Registration save failed for email auto.36652697196400@test.com
java.lang.RuntimeException: boom
	at com.appointmentscheduler@1.0-SNAPSHOT/com.appointmentscheduler.presentation.LoginController.handleOpenRegistration(LoginController.java:215)
	at com.appointmentscheduler@1.0-SNAPSHOT/com.appointmentscheduler.presentation.LoginControllerCoverageTest.lambda$runOnFxVoid$0(LoginControllerCoverageTest.java:439)
	at javafx.graphics/com.sun.javafx.application.PlatformImpl.lambda$runLater$10(PlatformImpl.java:457)
	at java.base/java.security.AccessController.doPrivileged(AccessController.java:138)
	at javafx.graphics/com.sun.javafx.application.PlatformImpl.lambda$runLater$11(PlatformImpl.java:456)
	at javafx.graphics/com.sun.glass.ui.InvokeLaterDispatcher$Future.run$$$capture(InvokeLaterDispatcher.java:96)
	at javafx.graphics/com.sun.glass.ui.InvokeLaterDispatcher$Future.run(InvokeLaterDispatcher.java)
	at javafx.graphics/com.sun.glass.ui.win.WinApplication._enterNestedEventLoopImpl(Native Method)
	at javafx.graphics/com.sun.glass.ui.win.WinApplication._enterNestedEventLoop(WinApplication.java:211)
	at javafx.graphics/com.sun.glass.ui.Application.enterNestedEventLoop(Application.java:515)
	at javafx.graphics/com.sun.glass.ui.EventLoop.enter(EventLoop.java:107)
	at javafx.graphics/com.sun.javafx.tk.quantum.QuantumToolkit.enterNestedEventLoop(QuantumToolkit.java:647)
	at javafx.graphics/javafx.stage.Stage.showAndWait(Stage.java:469)
	at javafx.controls/javafx.scene.control.HeavyweightDialog.showAndWait(HeavyweightDialog.java:162)
	at javafx.controls/javafx.scene.control.Dialog.showAndWait(Dialog.java:346)
	at com.appointmentscheduler@1.0-SNAPSHOT/com.appointmentscheduler.presentation.ErrorHandler.showErrorOnFxThread(ErrorHandler.java:48)
	at com.appointmentscheduler@1.0-SNAPSHOT/com.appointmentscheduler.presentation.ErrorHandler.lambda$showError$0(ErrorHandler.java:34)
	at javafx.graphics/com.sun.javafx.application.PlatformImpl.lambda$runLater$10(PlatformImpl.java:457)
	at java.base/java.security.AccessController.doPrivileged(AccessController.java:138)
	at javafx.graphics/com.sun.javafx.application.PlatformImpl.lambda$runLater$11(PlatformImpl.java:456)
	at javafx.graphics/com.sun.glass.ui.InvokeLaterDispatcher$Future.run$$$capture(InvokeLaterDispatcher.java:96)
	at javafx.graphics/com.sun.glass.ui.InvokeLaterDispatcher$Future.run(InvokeLaterDispatcher.java)
	at javafx.graphics/com.sun.glass.ui.win.WinApplication._enterNestedEventLoopImpl(Native Method)
	at javafx.graphics/com.sun.glass.ui.win.WinApplication._enterNestedEventLoop(WinApplication.java:211)
	at javafx.graphics/com.sun.glass.ui.Application.enterNestedEventLoop(Application.java:515)
	at javafx.graphics/com.sun.glass.ui.EventLoop.enter(EventLoop.java:107)
	at javafx.graphics/com.sun.javafx.tk.quantum.QuantumToolkit.enterNestedEventLoop(QuantumToolkit.java:647)
	at javafx.graphics/javafx.stage.Stage.showAndWait(Stage.java:469)
	at javafx.controls/javafx.scene.control.HeavyweightDialog.showAndWait(HeavyweightDialog.java:162)
	at javafx.controls/javafx.scene.control.Dialog.showAndWait(Dialog.java:346)
	at com.appointmentscheduler@1.0-SNAPSHOT/com.appointmentscheduler.presentation.ErrorHandler.showErrorOnFxThread(ErrorHandler.java:48)
	at com.appointmentscheduler@1.0-SNAPSHOT/com.appointmentscheduler.presentation.ErrorHandler.lambda$showError$0(ErrorHandler.java:34)
	at javafx.graphics/com.sun.javafx.application.PlatformImpl.lambda$runLater$10(PlatformImpl.java:457)
	at java.base/java.security.AccessController.doPrivileged(AccessController.java:138)
	at javafx.graphics/com.sun.javafx.application.PlatformImpl.lambda$runLater$11(PlatformImpl.java:456)
	at javafx.graphics/com.sun.glass.ui.InvokeLaterDispatcher$Future.run$$$capture(InvokeLaterDispatcher.java:96)
	at javafx.graphics/com.sun.glass.ui.InvokeLaterDispatcher$Future.run(InvokeLaterDispatcher.java)
	at javafx.graphics/com.sun.glass.ui.win.WinApplication._enterNestedEventLoopImpl(Native Method)
	at javafx.graphics/com.sun.glass.ui.win.WinApplication._enterNestedEventLoop(WinApplication.java:211)
	at javafx.graphics/com.sun.glass.ui.Application.enterNestedEventLoop(Application.java:515)
	at javafx.graphics/com.sun.glass.ui.EventLoop.enter(EventLoop.java:107)
	at javafx.graphics/com.sun.javafx.tk.quantum.QuantumToolkit.enterNestedEventLoop(QuantumToolkit.java:647)
	at javafx.graphics/javafx.stage.Stage.showAndWait(Stage.java:469)
	at javafx.controls/javafx.scene.control.HeavyweightDialog.showAndWait(HeavyweightDialog.java:162)
	at javafx.controls/javafx.scene.control.Dialog.showAndWait(Dialog.java:346)
	at com.appointmentscheduler@1.0-SNAPSHOT/com.appointmentscheduler.presentation.ErrorHandler.showErrorOnFxThread(ErrorHandler.java:48)
	at com.appointmentscheduler@1.0-SNAPSHOT/com.appointmentscheduler.presentation.ErrorHandler.lambda$showError$0(ErrorHandler.java:34)
	at javafx.graphics/com.sun.javafx.application.PlatformImpl.lambda$runLater$10(PlatformImpl.java:457)
	at java.base/java.security.AccessController.doPrivileged(AccessController.java:138)
	at javafx.graphics/com.sun.javafx.application.PlatformImpl.lambda$runLater$11(PlatformImpl.java:456)
	at javafx.graphics/com.sun.glass.ui.InvokeLaterDispatcher$Future.run$$$capture(InvokeLaterDispatcher.java:96)
	at javafx.graphics/com.sun.glass.ui.InvokeLaterDispatcher$Future.run(InvokeLaterDispatcher.java)
	at javafx.graphics/com.sun.glass.ui.win.WinApplication._enterNestedEventLoopImpl(Native Method)
	at javafx.graphics/com.sun.glass.ui.win.WinApplication._enterNestedEventLoop(WinApplication.java:211)
	at javafx.graphics/com.sun.glass.ui.Application.enterNestedEventLoop(Application.java:515)
	at javafx.graphics/com.sun.glass.ui.EventLoop.enter(EventLoop.java:107)
	at javafx.graphics/com.sun.javafx.tk.quantum.QuantumToolkit.enterNestedEventLoop(QuantumToolkit.java:647)
	at javafx.graphics/javafx.stage.Stage.showAndWait(Stage.java:469)
	at javafx.controls/javafx.scene.control.HeavyweightDialog.showAndWait(HeavyweightDialog.java:162)
	at javafx.controls/javafx.scene.control.Dialog.showAndWait(Dialog.java:346)
	at com.appointmentscheduler@1.0-SNAPSHOT/com.appointmentscheduler.presentation.ErrorHandler.showErrorOnFxThread(ErrorHandler.java:48)
	at com.appointmentscheduler@1.0-SNAPSHOT/com.appointmentscheduler.presentation.ErrorHandler.lambda$showError$0(ErrorHandler.java:34)
	at javafx.graphics/com.sun.javafx.application.PlatformImpl.lambda$runLater$10(PlatformImpl.java:457)
	at java.base/java.security.AccessController.doPrivileged(AccessController.java:138)
	at javafx.graphics/com.sun.javafx.application.PlatformImpl.lambda$runLater$11(PlatformImpl.java:456)
	at javafx.graphics/com.sun.glass.ui.InvokeLaterDispatcher$Future.run$$$capture(InvokeLaterDispatcher.java:96)
	at javafx.graphics/com.sun.glass.ui.InvokeLaterDispatcher$Future.run(InvokeLaterDispatcher.java)
	at javafx.graphics/com.sun.glass.ui.win.WinApplication._enterNestedEventLoopImpl(Native Method)
	at javafx.graphics/com.sun.glass.ui.win.WinApplication._enterNestedEventLoop(WinApplication.java:211)
	at javafx.graphics/com.sun.glass.ui.Application.enterNestedEventLoop(Application.java:515)
	at javafx.graphics/com.sun.glass.ui.EventLoop.enter(EventLoop.java:107)
	at javafx.graphics/com.sun.javafx.tk.quantum.QuantumToolkit.enterNestedEventLoop(QuantumToolkit.java:647)
	at javafx.graphics/javafx.stage.Stage.showAndWait(Stage.java:469)
	at javafx.controls/javafx.scene.control.HeavyweightDialog.showAndWait(HeavyweightDialog.java:162)
	at javafx.controls/javafx.scene.control.Dialog.showAndWait(Dialog.java:346)
	at com.appointmentscheduler@1.0-SNAPSHOT/com.appointmentscheduler.presentation.ErrorHandler.showErrorOnFxThread(ErrorHandler.java:48)
	at com.appointmentscheduler@1.0-SNAPSHOT/com.appointmentscheduler.presentation.ErrorHandler.lambda$showError$0(ErrorHandler.java:34)
	at javafx.graphics/com.sun.javafx.application.PlatformImpl.lambda$runLater$10(PlatformImpl.java:457)
	at java.base/java.security.AccessController.doPrivileged(AccessController.java:138)
	at javafx.graphics/com.sun.javafx.application.PlatformImpl.lambda$runLater$11(PlatformImpl.java:456)
	at javafx.graphics/com.sun.glass.ui.InvokeLaterDispatcher$Future.run$$$capture(InvokeLaterDispatcher.java:96)
	at javafx.graphics/com.sun.glass.ui.InvokeLaterDispatcher$Future.run(InvokeLaterDispatcher.java)
	at javafx.graphics/com.sun.glass.ui.win.WinApplication._enterNestedEventLoopImpl(Native Method)
	at javafx.graphics/com.sun.glass.ui.win.WinApplication._enterNestedEventLoop(WinApplication.java:211)
	at javafx.graphics/com.sun.glass.ui.Application.enterNestedEventLoop(Application.java:515)
	at javafx.graphics/com.sun.glass.ui.EventLoop.enter(EventLoop.java:107)
	at javafx.graphics/com.sun.javafx.tk.quantum.QuantumToolkit.enterNestedEventLoop(QuantumToolkit.java:647)
	at javafx.graphics/javafx.stage.Stage.showAndWait(Stage.java:469)
	at javafx.controls/javafx.scene.control.HeavyweightDialog.showAndWait(HeavyweightDialog.java:162)
	at javafx.controls/javafx.scene.control.Dialog.showAndWait(Dialog.java:346)
	at com.appointmentscheduler@1.0-SNAPSHOT/com.appointmentscheduler.presentation.ErrorHandler.showErrorOnFxThread(ErrorHandler.java:48)
	at com.appointmentscheduler@1.0-SNAPSHOT/com.appointmentscheduler.presentation.ErrorHandler.lambda$showError$0(ErrorHandler.java:34)
	at javafx.graphics/com.sun.javafx.application.PlatformImpl.lambda$runLater$10(PlatformImpl.java:457)
	at java.base/java.security.AccessController.doPrivileged(AccessController.java:138)
	at javafx.graphics/com.sun.javafx.application.PlatformImpl.lambda$runLater$11(PlatformImpl.java:456)
	at javafx.graphics/com.sun.glass.ui.InvokeLaterDispatcher$Future.run$$$capture(InvokeLaterDispatcher.java:96)
	at javafx.graphics/com.sun.glass.ui.InvokeLaterDispatcher$Future.run(InvokeLaterDispatcher.java)
	at javafx.graphics/com.sun.glass.ui.win.WinApplication._enterNestedEventLoopImpl(Native Method)
	at javafx.graphics/com.sun.glass.ui.win.WinApplication._enterNestedEventLoop(WinApplication.java:211)
	at javafx.graphics/com.sun.glass.ui.Application.enterNestedEventLoop(Application.java:515)
	at javafx.graphics/com.sun.glass.ui.EventLoop.enter(EventLoop.java:107)
	at javafx.graphics/com.sun.javafx.tk.quantum.QuantumToolkit.enterNestedEventLoop(QuantumToolkit.java:647)
	at javafx.graphics/javafx.stage.Stage.showAndWait(Stage.java:469)
	at javafx.controls/javafx.scene.control.HeavyweightDialog.showAndWait(HeavyweightDialog.java:162)
	at javafx.controls/javafx.scene.control.Dialog.showAndWait(Dialog.java:346)
	at com.appointmentscheduler@1.0-SNAPSHOT/com.appointmentscheduler.presentation.ErrorHandler.showErrorOnFxThread(ErrorHandler.java:48)
	at com.appointmentscheduler@1.0-SNAPSHOT/com.appointmentscheduler.presentation.ErrorHandler.lambda$showError$0(ErrorHandler.java:34)
	at javafx.graphics/com.sun.javafx.application.PlatformImpl.lambda$runLater$10(PlatformImpl.java:457)
	at java.base/java.security.AccessController.doPrivileged(AccessController.java:138)
	at javafx.graphics/com.sun.javafx.application.PlatformImpl.lambda$runLater$11(PlatformImpl.java:456)
	at javafx.graphics/com.sun.glass.ui.InvokeLaterDispatcher$Future.run$$$capture(InvokeLaterDispatcher.java:96)
	at javafx.graphics/com.sun.glass.ui.InvokeLaterDispatcher$Future.run(InvokeLaterDispatcher.java)
	at javafx.graphics/com.sun.glass.ui.win.WinApplication._enterNestedEventLoopImpl(Native Method)
	at javafx.graphics/com.sun.glass.ui.win.WinApplication._enterNestedEventLoop(WinApplication.java:211)
	at javafx.graphics/com.sun.glass.ui.Application.enterNestedEventLoop(Application.java:515)
	at javafx.graphics/com.sun.glass.ui.EventLoop.enter(EventLoop.java:107)
	at javafx.graphics/com.sun.javafx.tk.quantum.QuantumToolkit.enterNestedEventLoop(QuantumToolkit.java:647)
	at javafx.graphics/javafx.stage.Stage.showAndWait(Stage.java:469)
	at javafx.controls/javafx.scene.control.HeavyweightDialog.showAndWait(HeavyweightDialog.java:162)
	at javafx.controls/javafx.scene.control.Dialog.showAndWait(Dialog.java:346)
	at com.appointmentscheduler@1.0-SNAPSHOT/com.appointmentscheduler.presentation.ErrorHandler.showErrorOnFxThread(ErrorHandler.java:48)
	at com.appointmentscheduler@1.0-SNAPSHOT/com.appointmentscheduler.presentation.ErrorHandler.lambda$showError$0(ErrorHandler.java:34)
	at javafx.graphics/com.sun.javafx.application.PlatformImpl.lambda$runLater$10(PlatformImpl.java:457)
	at java.base/java.security.AccessController.doPrivileged(AccessController.java:138)
	at javafx.graphics/com.sun.javafx.application.PlatformImpl.lambda$runLater$11(PlatformImpl.java:456)
	at javafx.graphics/com.sun.glass.ui.InvokeLaterDispatcher$Future.run$$$capture(InvokeLaterDispatcher.java:96)
	at javafx.graphics/com.sun.glass.ui.InvokeLaterDispatcher$Future.run(InvokeLaterDispatcher.java)
	at javafx.graphics/com.sun.glass.ui.win.WinApplication._enterNestedEventLoopImpl(Native Method)
	at javafx.graphics/com.sun.glass.ui.win.WinApplication._enterNestedEventLoop(WinApplication.java:211)
	at javafx.graphics/com.sun.glass.ui.Application.enterNestedEventLoop(Application.java:515)
	at javafx.graphics/com.sun.glass.ui.EventLoop.enter(EventLoop.java:107)
	at javafx.graphics/com.sun.javafx.tk.quantum.QuantumToolkit.enterNestedEventLoop(QuantumToolkit.java:647)
	at javafx.graphics/javafx.stage.Stage.showAndWait(Stage.java:469)
	at javafx.controls/javafx.scene.control.HeavyweightDialog.showAndWait(HeavyweightDialog.java:162)
	at javafx.controls/javafx.scene.control.Dialog.showAndWait(Dialog.java:346)
	at com.appointmentscheduler@1.0-SNAPSHOT/com.appointmentscheduler.presentation.ErrorHandler.showErrorOnFxThread(ErrorHandler.java:48)
	at com.appointmentscheduler@1.0-SNAPSHOT/com.appointmentscheduler.presentation.ErrorHandler.lambda$showError$0(ErrorHandler.java:34)
	at javafx.graphics/com.sun.javafx.application.PlatformImpl.lambda$runLater$10(PlatformImpl.java:457)
	at java.base/java.security.AccessController.doPrivileged(AccessController.java:138)
	at javafx.graphics/com.sun.javafx.application.PlatformImpl.lambda$runLater$11(PlatformImpl.java:456)
	at javafx.graphics/com.sun.glass.ui.InvokeLaterDispatcher$Future.run$$$capture(InvokeLaterDispatcher.java:96)
	at javafx.graphics/com.sun.glass.ui.InvokeLaterDispatcher$Future.run(InvokeLaterDispatcher.java)
	at javafx.graphics/com.sun.glass.ui.win.WinApplication._runLoop(Native Method)
	at javafx.graphics/com.sun.glass.ui.win.WinApplication.lambda$runLoop$3(WinApplication.java:184)
	at java.base/java.lang.Thread.run(Thread.java:1474)
2026-04-15 18:47:50.966 [main] DEBUG com.appointmentscheduler.application.AppConfig - Application configuration loaded
2026-04-15 18:47:50.966 [main] DEBUG com.appointmentscheduler.application.AppConfig - Merged application-local.properties
2026-04-15 18:47:50.970 [main] DEBUG com.appointmentscheduler.application.AppConfig - Application configuration loaded
2026-04-15 18:47:50.971 [main] DEBUG com.appointmentscheduler.application.AppConfig - Merged application-local.properties
2026-04-15 18:47:51.382 [main] DEBUG com.appointmentscheduler.application.AppConfig - Application configuration loaded
2026-04-15 18:47:51.383 [main] DEBUG com.appointmentscheduler.application.AppConfig - Merged application-local.properties
2026-04-15 18:47:51.394 [main] DEBUG com.appointmentscheduler.application.AppConfig - Application configuration loaded
2026-04-15 18:47:51.395 [main] DEBUG com.appointmentscheduler.application.AppConfig - Merged application-local.properties
2026-04-15 18:47:51.405 [main] DEBUG com.appointmentscheduler.application.AppConfig - Application configuration loaded
2026-04-15 18:47:51.406 [main] DEBUG com.appointmentscheduler.application.AppConfig - Merged application-local.properties
2026-04-15 18:47:51.413 [main] DEBUG com.appointmentscheduler.application.AppConfig - Application configuration loaded
2026-04-15 18:47:51.414 [main] DEBUG com.appointmentscheduler.application.AppConfig - Merged application-local.properties
2026-04-15 18:47:51.427 [main] DEBUG com.appointmentscheduler.application.AppConfig - Application configuration loaded
2026-04-15 18:47:51.428 [main] DEBUG com.appointmentscheduler.application.AppConfig - Merged application-local.properties
2026-04-15 18:47:51.433 [main] DEBUG com.appointmentscheduler.application.AppConfig - Application configuration loaded
2026-04-15 18:47:51.433 [main] DEBUG com.appointmentscheduler.application.AppConfig - Merged application-local.properties
2026-04-15 18:47:51.440 [main] DEBUG com.appointmentscheduler.application.AppConfig - Application configuration loaded
2026-04-15 18:47:51.440 [main] DEBUG com.appointmentscheduler.application.AppConfig - Merged application-local.properties
2026-04-15 18:47:51.448 [main] DEBUG com.appointmentscheduler.application.AppConfig - Application configuration loaded
2026-04-15 18:47:51.449 [main] DEBUG com.appointmentscheduler.application.AppConfig - Merged application-local.properties
2026-04-15 18:47:51.459 [main] DEBUG com.appointmentscheduler.application.AppConfig - Application configuration loaded
2026-04-15 18:47:51.462 [main] DEBUG com.appointmentscheduler.application.AppConfig - Merged application-local.properties
2026-04-15 18:47:51.472 [main] DEBUG com.appointmentscheduler.application.AppConfig - Application configuration loaded
2026-04-15 18:47:51.473 [main] DEBUG com.appointmentscheduler.application.AppConfig - Merged application-local.properties
2026-04-15 18:47:51.480 [main] DEBUG com.appointmentscheduler.application.AppConfig - Application configuration loaded
2026-04-15 18:47:51.480 [main] DEBUG com.appointmentscheduler.application.AppConfig - Merged application-local.properties
2026-04-15 18:47:51.483 [main] DEBUG com.appointmentscheduler.application.AppConfig - Application configuration loaded
2026-04-15 18:47:51.484 [main] DEBUG com.appointmentscheduler.application.AppConfig - Merged application-local.properties
2026-04-15 18:47:51.865 [main] DEBUG c.appointmentscheduler.application.AuditLogService - Audit: ACTION | null | details
2026-04-15 18:47:51.865 [main] DEBUG c.appointmentscheduler.application.AuditLogService - Audit: A2 | N | d2
2026-04-15 18:47:51.865 [main] DEBUG c.appointmentscheduler.application.AuditLogService - Audit: A3 | N | d3 | entity=e1
2026-04-15 18:47:51.865 [main] DEBUG c.appointmentscheduler.application.AuditLogService - Audit: A4 | name | d4
2026-04-15 18:47:51.899 [main] INFO  com.appointmentscheduler.presentation.MainApp - Using database persistence (H2). User and appointment data will be saved.
2026-04-15 18:47:51.900 [main] DEBUG c.a.application.AppointmentReminderService - Registered reminder channel: SMSNotification
2026-04-15 18:47:53.977 [main] DEBUG com.appointmentscheduler.application.AppConfig - Application configuration loaded
2026-04-15 18:47:53.978 [main] DEBUG com.appointmentscheduler.application.AppConfig - Merged application-local.properties
2026-04-15 18:47:53.981 [main] INFO  com.appointmentscheduler.presentation.MainApp - Using database persistence (MySQL). User and appointment data will be saved.
2026-04-15 18:47:53.981 [main] DEBUG c.a.application.AppointmentReminderService - Registered reminder channel: SMSNotification
2026-04-15 18:47:55.978 [main] DEBUG com.appointmentscheduler.application.AppConfig - Application configuration loaded
2026-04-15 18:47:55.978 [main] DEBUG com.appointmentscheduler.application.AppConfig - Merged application-local.properties
2026-04-15 18:47:55.980 [main] INFO  com.appointmentscheduler.presentation.MainApp - Using database persistence (PostgreSQL). User and appointment data will be saved.
2026-04-15 18:47:55.980 [main] DEBUG c.a.application.AppointmentReminderService - Registered reminder channel: SMSNotification
2026-04-15 18:47:57.859 [main] DEBUG com.appointmentscheduler.application.AppConfig - Application configuration loaded
2026-04-15 18:47:57.860 [main] DEBUG com.appointmentscheduler.application.AppConfig - Merged application-local.properties
2026-04-15 18:47:57.861 [main] DEBUG c.a.application.AppointmentReminderService - Registered reminder channel: SMSNotification
2026-04-15 18:47:59.836 [main] DEBUG com.appointmentscheduler.application.AppConfig - Application configuration loaded
2026-04-15 18:47:59.837 [main] DEBUG com.appointmentscheduler.application.AppConfig - Merged application-local.properties
2026-04-15 18:47:59.847 [main] DEBUG c.a.application.InAppMessagingService - Customer contact stored in staff inbox id=1c6b24fe-c569-418f-88d6-6989a141d414 customerId=p1
2026-04-15 18:47:59.926 [main] DEBUG c.a.application.InAppMessagingService - In-app message stored userId=p1 correlationId=af8bbf34-2a83-407c-972d-4392b1658046
2026-04-15 18:47:59.927 [main] DEBUG c.a.application.InAppMessagingService - In-app message stored userId=p1 correlationId=1f0afa8e-3644-41c1-8c13-5d5633ab26ea
2026-04-15 18:47:59.930 [main] DEBUG c.a.application.InAppMessagingService - In-app message stored userId=p1 correlationId=dadcfa78-d702-40a8-9b0d-6b7a53ca1e77
2026-04-15 18:47:59.930 [main] DEBUG c.a.application.InAppMessagingService - In-app message stored userId=p2 correlationId=be253b52-6388-401b-b585-9e70105711d9
2026-04-15 18:48:00.273 [main] INFO  c.a.a.email.JakartaMailEmailNotificationService - Email sent: subject="Appointment Booking Confirmation" to=recipient@test.com
2026-04-15 18:48:00.284 [main] INFO  c.a.a.email.JakartaMailEmailNotificationService - Email sent: subject="Appointment Rescheduled" to=recipient@test.com
2026-04-15 18:48:00.294 [main] INFO  c.a.a.email.JakartaMailEmailNotificationService - Email sent: subject="Appointment Cancelled" to=recipient@test.com
2026-04-15 18:48:00.302 [main] INFO  c.a.a.email.JakartaMailEmailNotificationService - Email sent: subject="Appointment Reminder" to=recipient@test.com
2026-04-15 18:48:00.309 [main] INFO  c.a.a.email.JakartaMailEmailNotificationService - Email sent: subject="Appointment Reminder" to=recipient@test.com
2026-04-15 18:48:00.310 [main] DEBUG com.appointmentscheduler.application.AppConfig - Application configuration loaded
2026-04-15 18:48:00.310 [main] DEBUG com.appointmentscheduler.application.AppConfig - Merged application-local.properties
2026-04-15 18:48:00.314 [main] WARN  c.a.a.email.JakartaMailEmailNotificationService - Email is enabled but sender credentials are missing; set SENDER_EMAIL and APP_PASSWORD or email.auth.* in application.properties.
2026-04-15 18:48:00.315 [main] WARN  c.a.a.email.JakartaMailEmailNotificationService - Email is enabled but sender credentials are missing; set SENDER_EMAIL and APP_PASSWORD or email.auth.* in application.properties.
2026-04-15 18:48:00.315 [main] WARN  c.a.a.email.JakartaMailEmailNotificationService - Email is enabled but sender credentials are missing; set SENDER_EMAIL and APP_PASSWORD or email.auth.* in application.properties.
2026-04-15 18:48:00.315 [main] WARN  c.a.a.email.JakartaMailEmailNotificationService - Email is enabled but sender credentials are missing; set SENDER_EMAIL and APP_PASSWORD or email.auth.* in application.properties.
2026-04-15 18:48:00.318 [main] DEBUG com.appointmentscheduler.application.AppConfig - Application configuration loaded
2026-04-15 18:48:00.318 [main] DEBUG com.appointmentscheduler.application.AppConfig - Merged application-local.properties
2026-04-15 18:48:00.325 [main] WARN  c.a.a.email.JakartaMailEmailNotificationService - Skipping booking confirmation email: no recipient email on appointment 0463e938-b1da-464f-85c3-1fbd29c7fc09
2026-04-15 18:48:00.326 [main] WARN  c.a.a.email.JakartaMailEmailNotificationService - Skipping modification email: no recipient email on appointment 0463e938-b1da-464f-85c3-1fbd29c7fc09
2026-04-15 18:48:00.326 [main] WARN  c.a.a.email.JakartaMailEmailNotificationService - Skipping cancellation email: no recipient email on appointment 0463e938-b1da-464f-85c3-1fbd29c7fc09
2026-04-15 18:48:00.326 [main] WARN  c.a.a.email.JakartaMailEmailNotificationService - Skipping reminder email: no recipient email on appointment 0463e938-b1da-464f-85c3-1fbd29c7fc09
2026-04-15 18:48:00.331 [main] WARN  c.a.a.email.JakartaMailEmailNotificationService - Skipping booking confirmation email: no recipient email on appointment b659aa04-ed0e-480c-8675-f692a5d81394
2026-04-15 18:48:00.331 [main] WARN  c.a.a.email.JakartaMailEmailNotificationService - Skipping modification email: no recipient email on appointment b659aa04-ed0e-480c-8675-f692a5d81394
2026-04-15 18:48:00.332 [main] WARN  c.a.a.email.JakartaMailEmailNotificationService - Skipping cancellation email: no recipient email on appointment b659aa04-ed0e-480c-8675-f692a5d81394
2026-04-15 18:48:00.332 [main] WARN  c.a.a.email.JakartaMailEmailNotificationService - Skipping reminder email: no recipient email on appointment b659aa04-ed0e-480c-8675-f692a5d81394
2026-04-15 18:48:00.332 [main] DEBUG com.appointmentscheduler.application.AppConfig - Application configuration loaded
2026-04-15 18:48:00.333 [main] DEBUG com.appointmentscheduler.application.AppConfig - Merged application-local.properties
2026-04-15 18:48:00.335 [main] DEBUG c.a.a.email.JakartaMailEmailNotificationService - Email notifications are disabled (email.enabled=false).
2026-04-15 18:48:00.336 [main] DEBUG com.appointmentscheduler.application.AppConfig - Application configuration loaded
2026-04-15 18:48:00.336 [main] DEBUG com.appointmentscheduler.application.AppConfig - Merged application-local.properties
2026-04-15 18:48:00.349 [main] ERROR c.a.a.email.JakartaMailEmailNotificationService - Failed to send email (subject="Appointment Booking Confirmation")
jakarta.mail.MessagingException: boom
	at jakarta.mail@2.1.3/jakarta.mail.Transport.send(Transport.java:101)
	at com.appointmentscheduler@1.0-SNAPSHOT/com.appointmentscheduler.application.email.JakartaMailEmailNotificationService.sendMime(JakartaMailEmailNotificationService.java:149)
	at com.appointmentscheduler@1.0-SNAPSHOT/com.appointmentscheduler.application.email.JakartaMailEmailNotificationService.sendBookingConfirmation(JakartaMailEmailNotificationService.java:51)
	at com.appointmentscheduler@1.0-SNAPSHOT/com.appointmentscheduler.application.JakartaMailEmailNotificationServiceTest.lambda$sendMime_wrapsException$1(JakartaMailEmailNotificationServiceTest.java:137)
	at org.assertj.core.api.ThrowableAssert.catchThrowable(ThrowableAssert.java:63)
	at org.assertj.core.api.AssertionsForClassTypes.catchThrowable(AssertionsForClassTypes.java:892)
	at org.assertj.core.api.Assertions.catchThrowable(Assertions.java:1366)
	at org.assertj.core.api.Assertions.assertThatThrownBy(Assertions.java:1210)
	at com.appointmentscheduler@1.0-SNAPSHOT/com.appointmentscheduler.application.JakartaMailEmailNotificationServiceTest.sendMime_wrapsException(JakartaMailEmailNotificationServiceTest.java:137)
	at java.base/jdk.internal.reflect.DirectMethodHandleAccessor.invoke(DirectMethodHandleAccessor.java:104)
	at java.base/java.lang.reflect.Method.invoke(Method.java:565)
	at org.junit.platform.commons.util.ReflectionUtils.invokeMethod(ReflectionUtils.java:728)
	at org.junit.jupiter.engine.execution.MethodInvocation.proceed(MethodInvocation.java:60)
	at org.junit.jupiter.engine.execution.InvocationInterceptorChain$ValidatingInvocation.proceed(InvocationInterceptorChain.java:131)
	at org.junit.jupiter.engine.extension.TimeoutExtension.intercept(TimeoutExtension.java:156)
	at org.junit.jupiter.engine.extension.TimeoutExtension.interceptTestableMethod(TimeoutExtension.java:147)
	at org.junit.jupiter.engine.extension.TimeoutExtension.interceptTestMethod(TimeoutExtension.java:86)
	at org.junit.jupiter.engine.execution.InterceptingExecutableInvoker$ReflectiveInterceptorCall.lambda$ofVoidMethod$0(InterceptingExecutableInvoker.java:103)
	at org.junit.jupiter.engine.execution.InterceptingExecutableInvoker.lambda$invoke$0(InterceptingExecutableInvoker.java:93)
	at org.junit.jupiter.engine.execution.InvocationInterceptorChain$InterceptedInvocation.proceed(InvocationInterceptorChain.java:106)
	at org.junit.jupiter.engine.execution.InvocationInterceptorChain.proceed(InvocationInterceptorChain.java:64)
	at org.junit.jupiter.engine.execution.InvocationInterceptorChain.chainAndInvoke(InvocationInterceptorChain.java:45)
	at org.junit.jupiter.engine.execution.InvocationInterceptorChain.invoke(InvocationInterceptorChain.java:37)
	at org.junit.jupiter.engine.execution.InterceptingExecutableInvoker.invoke(InterceptingExecutableInvoker.java:92)
	at org.junit.jupiter.engine.execution.InterceptingExecutableInvoker.invoke(InterceptingExecutableInvoker.java:86)
	at org.junit.jupiter.engine.descriptor.TestMethodTestDescriptor.lambda$invokeTestMethod$7(TestMethodTestDescriptor.java:218)
	at org.junit.platform.engine.support.hierarchical.ThrowableCollector.execute(ThrowableCollector.java:73)
	at org.junit.jupiter.engine.descriptor.TestMethodTestDescriptor.invokeTestMethod(TestMethodTestDescriptor.java:214)
	at org.junit.jupiter.engine.descriptor.TestMethodTestDescriptor.execute(TestMethodTestDescriptor.java:139)
	at org.junit.jupiter.engine.descriptor.TestMethodTestDescriptor.execute(TestMethodTestDescriptor.java:69)
	at org.junit.platform.engine.support.hierarchical.NodeTestTask.lambda$executeRecursively$6(NodeTestTask.java:151)
	at org.junit.platform.engine.support.hierarchical.ThrowableCollector.execute(ThrowableCollector.java:73)
	at org.junit.platform.engine.support.hierarchical.NodeTestTask.lambda$executeRecursively$8(NodeTestTask.java:141)
	at org.junit.platform.engine.support.hierarchical.Node.around(Node.java:137)
	at org.junit.platform.engine.support.hierarchical.NodeTestTask.lambda$executeRecursively$9(NodeTestTask.java:139)
	at org.junit.platform.engine.support.hierarchical.ThrowableCollector.execute(ThrowableCollector.java:73)
	at org.junit.platform.engine.support.hierarchical.NodeTestTask.executeRecursively(NodeTestTask.java:138)
	at org.junit.platform.engine.support.hierarchical.NodeTestTask.execute(NodeTestTask.java:95)
	at java.base/java.util.ArrayList.forEach(ArrayList.java:1604)
	at org.junit.platform.engine.support.hierarchical.SameThreadHierarchicalTestExecutorService.invokeAll(SameThreadHierarchicalTestExecutorService.java:41)
	at org.junit.platform.engine.support.hierarchical.NodeTestTask.lambda$executeRecursively$6(NodeTestTask.java:155)
	at org.junit.platform.engine.support.hierarchical.ThrowableCollector.execute(ThrowableCollector.java:73)
	at org.junit.platform.engine.support.hierarchical.NodeTestTask.lambda$executeRecursively$8(NodeTestTask.java:141)
	at org.junit.platform.engine.support.hierarchical.Node.around(Node.java:137)
	at org.junit.platform.engine.support.hierarchical.NodeTestTask.lambda$executeRecursively$9(NodeTestTask.java:139)
	at org.junit.platform.engine.support.hierarchical.ThrowableCollector.execute(ThrowableCollector.java:73)
	at org.junit.platform.engine.support.hierarchical.NodeTestTask.executeRecursively(NodeTestTask.java:138)
	at org.junit.platform.engine.support.hierarchical.NodeTestTask.execute(NodeTestTask.java:95)
	at java.base/java.util.ArrayList.forEach(ArrayList.java:1604)
	at org.junit.platform.engine.support.hierarchical.SameThreadHierarchicalTestExecutorService.invokeAll(SameThreadHierarchicalTestExecutorService.java:41)
	at org.junit.platform.engine.support.hierarchical.NodeTestTask.lambda$executeRecursively$6(NodeTestTask.java:155)
	at org.junit.platform.engine.support.hierarchical.ThrowableCollector.execute(ThrowableCollector.java:73)
	at org.junit.platform.engine.support.hierarchical.NodeTestTask.lambda$executeRecursively$8(NodeTestTask.java:141)
	at org.junit.platform.engine.support.hierarchical.Node.around(Node.java:137)
	at org.junit.platform.engine.support.hierarchical.NodeTestTask.lambda$executeRecursively$9(NodeTestTask.java:139)
	at org.junit.platform.engine.support.hierarchical.ThrowableCollector.execute(ThrowableCollector.java:73)
	at org.junit.platform.engine.support.hierarchical.NodeTestTask.executeRecursively(NodeTestTask.java:138)
	at org.junit.platform.engine.support.hierarchical.NodeTestTask.execute(NodeTestTask.java:95)
	at org.junit.platform.engine.support.hierarchical.SameThreadHierarchicalTestExecutorService.submit(SameThreadHierarchicalTestExecutorService.java:35)
	at org.junit.platform.engine.support.hierarchical.HierarchicalTestExecutor.execute(HierarchicalTestExecutor.java:57)
	at org.junit.platform.engine.support.hierarchical.HierarchicalTestEngine.execute(HierarchicalTestEngine.java:54)
	at org.junit.platform.launcher.core.EngineExecutionOrchestrator.execute(EngineExecutionOrchestrator.java:198)
	at org.junit.platform.launcher.core.EngineExecutionOrchestrator.execute(EngineExecutionOrchestrator.java:169)
	at org.junit.platform.launcher.core.EngineExecutionOrchestrator.execute(EngineExecutionOrchestrator.java:93)
	at org.junit.platform.launcher.core.EngineExecutionOrchestrator.lambda$execute$0(EngineExecutionOrchestrator.java:58)
	at org.junit.platform.launcher.core.EngineExecutionOrchestrator.withInterceptedStreams(EngineExecutionOrchestrator.java:141)
	at org.junit.platform.launcher.core.EngineExecutionOrchestrator.execute(EngineExecutionOrchestrator.java:57)
	at org.junit.platform.launcher.core.DefaultLauncher.execute(DefaultLauncher.java:103)
	at org.junit.platform.launcher.core.DefaultLauncher.execute(DefaultLauncher.java:85)
	at org.junit.platform.launcher.core.DelegatingLauncher.execute(DelegatingLauncher.java:47)
	at org.junit.platform.launcher.core.SessionPerRequestLauncher.execute(SessionPerRequestLauncher.java:63)
	at com.intellij.junit5.JUnit5IdeaTestRunner.startRunnerWithArgs(JUnit5IdeaTestRunner.java:66)
	at com.intellij.rt.junit.IdeaTestRunner$Repeater$1.execute(IdeaTestRunner.java:38)
	at com.intellij.rt.execution.junit.TestsRepeater.repeat(TestsRepeater.java:11)
	at com.intellij.rt.junit.IdeaTestRunner$Repeater.startRunnerWithArgs(IdeaTestRunner.java:35)
	at com.intellij.rt.junit.JUnitStarter.prepareStreamsAndStart(JUnitStarter.java:231)
	at com.intellij.rt.junit.JUnitStarter.main(JUnitStarter.java:55)
2026-04-15 18:48:00.352 [main] DEBUG com.appointmentscheduler.application.AppConfig - Application configuration loaded
2026-04-15 18:48:00.352 [main] DEBUG com.appointmentscheduler.application.AppConfig - Merged application-local.properties
2026-04-15 18:48:00.358 [JavaFX Application Thread] INFO  com.appointmentscheduler.presentation.MainApp - Using database persistence (MySQL). User and appointment data will be saved.
2026-04-15 18:48:00.359 [JavaFX Application Thread] DEBUG c.a.application.AppointmentReminderService - Registered reminder channel: SMSNotification
2026-04-15 18:48:01.025 [JavaFX Application Thread] INFO  com.appointmentscheduler.presentation.MainApp - Starting Appointment Booking System v3.0.0
2026-04-15 18:48:07.872 [main] DEBUG c.appointmentscheduler.application.AuditLogService - Audit: EXPORT | Admin One | export test
2026-04-15 18:48:15.978 [JavaFX Application Thread] INFO  com.appointmentscheduler.presentation.MainApp - Using database persistence (MySQL). User and appointment data will be saved.
2026-04-15 18:48:15.978 [JavaFX Application Thread] DEBUG c.a.application.AppointmentReminderService - Registered reminder channel: SMSNotification
2026-04-15 18:48:16.562 [JavaFX Application Thread] INFO  com.appointmentscheduler.presentation.MainApp - Starting Appointment Booking System v3.0.0
2026-04-15 18:48:17.245 [JavaFX Application Thread] WARN  com.appointmentscheduler.presentation.MainApp - loadScreen re-entry ignored: PatientDashboard.fxml
2026-04-15 18:48:17.246 [JavaFX Application Thread] WARN  com.appointmentscheduler.presentation.MainApp - loadScreen re-entry ignored: ThisDoesNotExist.fxml
2026-04-15 18:48:17.250 [JavaFX Application Thread] DEBUG c.appointmentscheduler.application.AuditLogService - Audit: LOGOUT | Admin | User logged out from application
2026-04-15 18:48:17.250 [JavaFX Application Thread] WARN  com.appointmentscheduler.presentation.MainApp - loadScreen re-entry ignored: Login.fxml
2026-04-15 18:48:19.830 [main] DEBUG c.a.persistence.database.DatabaseConfig - MySQL (skipped): ALTER TABLE appointment ADD COLUMN customer_notes VARCHAR(2000) NULL — Duplicate column name 'x'
2026-04-15 18:48:19.832 [main] DEBUG c.a.persistence.database.DatabaseConfig - MySQL (skipped): ALTER TABLE appointment ADD COLUMN contact_phone VARCHAR(64) NULL — Duplicate column name 'x'
2026-04-15 18:48:19.832 [main] DEBUG c.a.persistence.database.DatabaseConfig - MySQL (skipped): ALTER TABLE appointment ADD COLUMN reminder_channel VARCHAR(32) NULL — Duplicate column name 'x'
2026-04-15 18:48:19.832 [main] DEBUG c.a.persistence.database.DatabaseConfig - MySQL (skipped): ALTER TABLE appointment ADD COLUMN accessibility_needs VARCHAR(512) NULL — Duplicate column name 'x'
2026-04-15 18:48:19.833 [main] DEBUG c.a.persistence.database.DatabaseConfig - MySQL (skipped): ALTER TABLE appointment ADD COLUMN preferred_language VARCHAR(16) NULL — Duplicate column name 'x'
2026-04-15 18:48:19.889 [main] DEBUG c.a.persistence.database.DatabaseConfig - MySQL (skipped): ALTER TABLE appointment ADD COLUMN customer_notes VARCHAR(2000) NULL — duplicate column name 'customer_notes'
2026-04-15 18:48:19.890 [main] DEBUG c.a.persistence.database.DatabaseConfig - MySQL (skipped): ALTER TABLE appointment ADD COLUMN contact_phone VARCHAR(64) NULL — duplicate column name 'customer_notes'
2026-04-15 18:48:19.890 [main] DEBUG c.a.persistence.database.DatabaseConfig - MySQL (skipped): ALTER TABLE appointment ADD COLUMN reminder_channel VARCHAR(32) NULL — duplicate column name 'customer_notes'
2026-04-15 18:48:19.891 [main] DEBUG c.a.persistence.database.DatabaseConfig - MySQL (skipped): ALTER TABLE appointment ADD COLUMN accessibility_needs VARCHAR(512) NULL — duplicate column name 'customer_notes'
2026-04-15 18:48:19.891 [main] DEBUG c.a.persistence.database.DatabaseConfig - MySQL (skipped): ALTER TABLE appointment ADD COLUMN preferred_language VARCHAR(16) NULL — duplicate column name 'customer_notes'
2026-04-15 18:48:19.911 [main] INFO  c.a.persistence.database.DatabaseConfig - PostgreSQL: schema and table appointment.app_user verified/created
2026-04-15 18:48:19.957 [main] INFO  c.a.persistence.database.DatabaseConfig - MySQL: table app_user verified/created
2026-04-15 18:48:19.957 [main] INFO  c.a.persistence.database.DatabaseConfig - MySQL: ALTER TABLE appointment ADD COLUMN customer_notes VARCHAR(2000) NULL
2026-04-15 18:48:19.957 [main] INFO  c.a.persistence.database.DatabaseConfig - MySQL: ALTER TABLE appointment ADD COLUMN contact_phone VARCHAR(64) NULL
2026-04-15 18:48:19.974 [main] INFO  c.a.persistence.database.DatabaseConfig - MySQL: ALTER TABLE appointment ADD COLUMN reminder_channel VARCHAR(32) NULL
2026-04-15 18:48:19.975 [main] INFO  c.a.persistence.database.DatabaseConfig - MySQL: ALTER TABLE appointment ADD COLUMN accessibility_needs VARCHAR(512) NULL
2026-04-15 18:48:19.975 [main] INFO  c.a.persistence.database.DatabaseConfig - MySQL: ALTER TABLE appointment ADD COLUMN preferred_language VARCHAR(16) NULL
2026-04-15 18:48:20.000 [main] INFO  c.a.persistence.database.DatabaseConfig - Flyway migrations executed: 0
2026-04-15 18:48:20.001 [main] DEBUG com.appointmentscheduler.application.AppConfig - Application configuration loaded
2026-04-15 18:48:20.002 [main] DEBUG com.appointmentscheduler.application.AppConfig - Merged application-local.properties
2026-04-15 18:48:20.019 [main] DEBUG c.a.persistence.database.DatabaseConfig - MySQL (skipped): ALTER TABLE appointment ADD COLUMN customer_notes VARCHAR(2000) NULL — Table doesn't exist
2026-04-15 18:48:20.020 [main] DEBUG c.a.persistence.database.DatabaseConfig - MySQL (skipped): ALTER TABLE appointment ADD COLUMN contact_phone VARCHAR(64) NULL — Table doesn't exist
2026-04-15 18:48:20.021 [main] DEBUG c.a.persistence.database.DatabaseConfig - MySQL (skipped): ALTER TABLE appointment ADD COLUMN reminder_channel VARCHAR(32) NULL — Table doesn't exist
2026-04-15 18:48:20.022 [main] DEBUG c.a.persistence.database.DatabaseConfig - MySQL (skipped): ALTER TABLE appointment ADD COLUMN accessibility_needs VARCHAR(512) NULL — Table doesn't exist
2026-04-15 18:48:20.023 [main] DEBUG c.a.persistence.database.DatabaseConfig - MySQL (skipped): ALTER TABLE appointment ADD COLUMN preferred_language VARCHAR(16) NULL — Table doesn't exist
2026-04-15 18:48:20.054 [main] INFO  c.a.persistence.database.DatabaseConfig - Flyway migrations executed: 0
2026-04-15 18:48:20.062 [main] INFO  c.a.persistence.database.DatabaseConfig - PostgreSQL detected: baselining Flyway (schema created externally)
2026-04-15 18:48:20.063 [main] INFO  c.a.persistence.database.DatabaseConfig - Flyway migrations executed: 0
2026-04-15 18:48:20.064 [main] DEBUG com.appointmentscheduler.application.AppConfig - Application configuration loaded
2026-04-15 18:48:20.065 [main] DEBUG com.appointmentscheduler.application.AppConfig - Merged application-local.properties
2026-04-15 18:48:20.072 [main] ERROR c.a.persistence.database.DatabaseConfig - MySQL schema setup failed: db down
2026-04-15 18:48:20.082 [main] ERROR c.a.persistence.database.DatabaseConfig - PostgreSQL schema setup failed: cannot create schema
2026-04-15 18:48:20.086 [main] INFO  c.a.persistence.database.DatabaseConfig - Database connection pool closed
2026-04-15 18:48:20.343 [JavaFX Application Thread] INFO  com.zaxxer.hikari.HikariDataSource - AppointmentBookingPool - Starting...
2026-04-15 18:48:20.353 [JavaFX Application Thread] INFO  com.zaxxer.hikari.pool.HikariPool - AppointmentBookingPool - Added connection com.mysql.cj.jdbc.ConnectionImpl@54842379
2026-04-15 18:48:20.353 [JavaFX Application Thread] INFO  com.zaxxer.hikari.HikariDataSource - AppointmentBookingPool - Start completed.
2026-04-15 18:48:20.354 [JavaFX Application Thread] INFO  c.a.persistence.database.DatabaseConfig - Database connection pool initialized: jdbc:mysql://localhost:3306/appointment?useUnicode=true&characterEncoding=UTF-8&serverTimezone=UTC&useSSL=false&allowPublicKeyRetrieval=true
2026-04-15 18:48:20.355 [JavaFX Application Thread] INFO  c.a.persistence.database.DatabaseConfig - MySQL: table app_user verified/created
2026-04-15 18:48:20.356 [JavaFX Application Thread] DEBUG c.a.persistence.database.DatabaseConfig - MySQL (skipped): ALTER TABLE appointment ADD COLUMN customer_notes VARCHAR(2000) NULL — Duplicate column name 'customer_notes'
2026-04-15 18:48:20.358 [JavaFX Application Thread] DEBUG c.a.persistence.database.DatabaseConfig - MySQL (skipped): ALTER TABLE appointment ADD COLUMN contact_phone VARCHAR(64) NULL — Duplicate column name 'contact_phone'
2026-04-15 18:48:20.361 [JavaFX Application Thread] DEBUG c.a.persistence.database.DatabaseConfig - MySQL (skipped): ALTER TABLE appointment ADD COLUMN reminder_channel VARCHAR(32) NULL — Duplicate column name 'reminder_channel'
2026-04-15 18:48:20.361 [JavaFX Application Thread] DEBUG c.a.persistence.database.DatabaseConfig - MySQL (skipped): ALTER TABLE appointment ADD COLUMN accessibility_needs VARCHAR(512) NULL — Duplicate column name 'accessibility_needs'
2026-04-15 18:48:20.362 [JavaFX Application Thread] DEBUG c.a.persistence.database.DatabaseConfig - MySQL (skipped): ALTER TABLE appointment ADD COLUMN preferred_language VARCHAR(16) NULL — Duplicate column name 'preferred_language'
2026-04-15 18:48:20.362 [JavaFX Application Thread] INFO  com.appointmentscheduler.presentation.MainApp - Using database persistence (MySQL). User and appointment data will be saved.
2026-04-15 18:48:20.363 [JavaFX Application Thread] DEBUG c.a.application.AppointmentReminderService - Registered reminder channel: SMSNotification
2026-04-15 18:48:21.085 [JavaFX Application Thread] INFO  com.appointmentscheduler.presentation.MainApp - Starting Appointment Booking System v3.0.0
2026-04-15 18:48:25.558 [JavaFX Application Thread] INFO  com.appointmentscheduler.presentation.MainApp - Using database persistence (MySQL). User and appointment data will be saved.
2026-04-15 18:48:25.558 [JavaFX Application Thread] DEBUG c.a.application.AppointmentReminderService - Registered reminder channel: SMSNotification
2026-04-15 18:48:26.115 [JavaFX Application Thread] INFO  com.appointmentscheduler.presentation.MainApp - Starting Appointment Booking System v3.0.0
2026-04-15 18:48:28.084 [JavaFX Application Thread] ERROR com.appointmentscheduler.presentation.MainApp - Failed to load screen: ThisDoesNotExist.fxml
java.lang.IllegalStateException: FXML not found. Tried: /com/appointmentscheduler/presentation/ThisDoesNotExist.fxml, com/appointmentscheduler/presentation/ThisDoesNotExist.fxml, ThisDoesNotExist.fxml. Check that src/main/resources is on classpath.
	at com.appointmentscheduler@1.0-SNAPSHOT/com.appointmentscheduler.presentation.MainApp.loadScreen(MainApp.java:394)
	at com.appointmentscheduler@1.0-SNAPSHOT/com.appointmentscheduler.presentation.PresentationMainAppCoverageTest.lambda$mainApp_loadScreen_and_errorHandling_executeCompletely$5(PresentationMainAppCoverageTest.java:76)
	at com.appointmentscheduler@1.0-SNAPSHOT/com.appointmentscheduler.presentation.PresentationMainAppCoverageTest.lambda$runOnFxVoid$0(PresentationMainAppCoverageTest.java:138)
	at com.appointmentscheduler@1.0-SNAPSHOT/com.appointmentscheduler.presentation.PresentationMainAppCoverageTest.lambda$runOnFx$0(PresentationMainAppCoverageTest.java:120)
	at javafx.graphics/com.sun.javafx.application.PlatformImpl.lambda$runLater$10(PlatformImpl.java:457)
	at java.base/java.security.AccessController.doPrivileged(AccessController.java:138)
	at javafx.graphics/com.sun.javafx.application.PlatformImpl.lambda$runLater$11(PlatformImpl.java:456)
	at javafx.graphics/com.sun.glass.ui.InvokeLaterDispatcher$Future.run$$$capture(InvokeLaterDispatcher.java:96)
	at javafx.graphics/com.sun.glass.ui.InvokeLaterDispatcher$Future.run(InvokeLaterDispatcher.java)
	at javafx.graphics/com.sun.glass.ui.win.WinApplication._enterNestedEventLoopImpl(Native Method)
	at javafx.graphics/com.sun.glass.ui.win.WinApplication._enterNestedEventLoop(WinApplication.java:211)
	at javafx.graphics/com.sun.glass.ui.Application.enterNestedEventLoop(Application.java:515)
	at javafx.graphics/com.sun.glass.ui.EventLoop.enter(EventLoop.java:107)
	at javafx.graphics/com.sun.javafx.tk.quantum.QuantumToolkit.enterNestedEventLoop(QuantumToolkit.java:647)
	at javafx.graphics/javafx.stage.Stage.showAndWait(Stage.java:469)
	at javafx.controls/javafx.scene.control.HeavyweightDialog.showAndWait(HeavyweightDialog.java:162)
	at javafx.controls/javafx.scene.control.Dialog.showAndWait(Unknown Source)
	at com.appointmentscheduler@1.0-SNAPSHOT/com.appointmentscheduler.presentation.MainApp.showDatabaseNotConnectedWarning(MainApp.java:450)
	at com.appointmentscheduler@1.0-SNAPSHOT/com.appointmentscheduler.presentation.MainApp.lambda$initializeServices$1(MainApp.java:256)
	at javafx.graphics/com.sun.javafx.application.PlatformImpl.lambda$runLater$10(PlatformImpl.java:457)
	at java.base/java.security.AccessController.doPrivileged(AccessController.java:138)
	at javafx.graphics/com.sun.javafx.application.PlatformImpl.lambda$runLater$11(PlatformImpl.java:456)
	at javafx.graphics/com.sun.glass.ui.InvokeLaterDispatcher$Future.run$$$capture(InvokeLaterDispatcher.java:96)
	at javafx.graphics/com.sun.glass.ui.InvokeLaterDispatcher$Future.run(InvokeLaterDispatcher.java)
	at javafx.graphics/com.sun.glass.ui.win.WinApplication._enterNestedEventLoopImpl(Native Method)
	at javafx.graphics/com.sun.glass.ui.win.WinApplication._enterNestedEventLoop(WinApplication.java:211)
	at javafx.graphics/com.sun.glass.ui.Application.enterNestedEventLoop(Application.java:515)
	at javafx.graphics/com.sun.glass.ui.EventLoop.enter(EventLoop.java:107)
	at javafx.graphics/com.sun.javafx.tk.quantum.QuantumToolkit.enterNestedEventLoop(QuantumToolkit.java:647)
	at javafx.graphics/javafx.stage.Stage.showAndWait(Stage.java:469)
	at javafx.controls/javafx.scene.control.HeavyweightDialog.showAndWait(HeavyweightDialog.java:162)
	at javafx.controls/javafx.scene.control.Dialog.showAndWait(Unknown Source)
	at com.appointmentscheduler@1.0-SNAPSHOT/com.appointmentscheduler.presentation.ErrorHandler.showErrorOnFxThread(ErrorHandler.java:48)
	at com.appointmentscheduler@1.0-SNAPSHOT/com.appointmentscheduler.presentation.ErrorHandler.lambda$showError$0(ErrorHandler.java:34)
	at javafx.graphics/com.sun.javafx.application.PlatformImpl.lambda$runLater$10(PlatformImpl.java:457)
	at java.base/java.security.AccessController.doPrivileged(AccessController.java:138)
	at javafx.graphics/com.sun.javafx.application.PlatformImpl.lambda$runLater$11(PlatformImpl.java:456)
	at javafx.graphics/com.sun.glass.ui.InvokeLaterDispatcher$Future.run$$$capture(InvokeLaterDispatcher.java:96)
	at javafx.graphics/com.sun.glass.ui.InvokeLaterDispatcher$Future.run(InvokeLaterDispatcher.java)
	at javafx.graphics/com.sun.glass.ui.win.WinApplication._enterNestedEventLoopImpl(Native Method)
	at javafx.graphics/com.sun.glass.ui.win.WinApplication._enterNestedEventLoop(WinApplication.java:211)
	at javafx.graphics/com.sun.glass.ui.Application.enterNestedEventLoop(Application.java:515)
	at javafx.graphics/com.sun.glass.ui.EventLoop.enter(EventLoop.java:107)
	at javafx.graphics/com.sun.javafx.tk.quantum.QuantumToolkit.enterNestedEventLoop(QuantumToolkit.java:647)
	at javafx.graphics/javafx.stage.Stage.showAndWait(Stage.java:469)
	at javafx.controls/javafx.scene.control.HeavyweightDialog.showAndWait(HeavyweightDialog.java:162)
	at javafx.controls/javafx.scene.control.Dialog.showAndWait(Unknown Source)
	at com.appointmentscheduler@1.0-SNAPSHOT/com.appointmentscheduler.presentation.ErrorHandler.showErrorOnFxThread(ErrorHandler.java:48)
	at com.appointmentscheduler@1.0-SNAPSHOT/com.appointmentscheduler.presentation.ErrorHandler.lambda$showError$0(ErrorHandler.java:34)
	at javafx.graphics/com.sun.javafx.application.PlatformImpl.lambda$runLater$10(PlatformImpl.java:457)
	at java.base/java.security.AccessController.doPrivileged(AccessController.java:138)
	at javafx.graphics/com.sun.javafx.application.PlatformImpl.lambda$runLater$11(PlatformImpl.java:456)
	at javafx.graphics/com.sun.glass.ui.InvokeLaterDispatcher$Future.run$$$capture(InvokeLaterDispatcher.java:96)
	at javafx.graphics/com.sun.glass.ui.InvokeLaterDispatcher$Future.run(InvokeLaterDispatcher.java)
	at javafx.graphics/com.sun.glass.ui.win.WinApplication._enterNestedEventLoopImpl(Native Method)
	at javafx.graphics/com.sun.glass.ui.win.WinApplication._enterNestedEventLoop(WinApplication.java:211)
	at javafx.graphics/com.sun.glass.ui.Application.enterNestedEventLoop(Application.java:515)
	at javafx.graphics/com.sun.glass.ui.EventLoop.enter(EventLoop.java:107)
	at javafx.graphics/com.sun.javafx.tk.quantum.QuantumToolkit.enterNestedEventLoop(QuantumToolkit.java:647)
	at javafx.graphics/javafx.stage.Stage.showAndWait(Stage.java:469)
	at javafx.controls/javafx.scene.control.HeavyweightDialog.showAndWait(HeavyweightDialog.java:162)
	at javafx.controls/javafx.scene.control.Dialog.showAndWait(Unknown Source)
	at com.appointmentscheduler@1.0-SNAPSHOT/com.appointmentscheduler.presentation.ErrorHandler.showErrorOnFxThread(ErrorHandler.java:48)
	at com.appointmentscheduler@1.0-SNAPSHOT/com.appointmentscheduler.presentation.ErrorHandler.lambda$showError$0(ErrorHandler.java:34)
	at javafx.graphics/com.sun.javafx.application.PlatformImpl.lambda$runLater$10(PlatformImpl.java:457)
	at java.base/java.security.AccessController.doPrivileged(AccessController.java:138)
	at javafx.graphics/com.sun.javafx.application.PlatformImpl.lambda$runLater$11(PlatformImpl.java:456)
	at javafx.graphics/com.sun.glass.ui.InvokeLaterDispatcher$Future.run$$$capture(InvokeLaterDispatcher.java:96)
	at javafx.graphics/com.sun.glass.ui.InvokeLaterDispatcher$Future.run(InvokeLaterDispatcher.java)
	at javafx.graphics/com.sun.glass.ui.win.WinApplication._enterNestedEventLoopImpl(Native Method)
	at javafx.graphics/com.sun.glass.ui.win.WinApplication._enterNestedEventLoop(WinApplication.java:211)
	at javafx.graphics/com.sun.glass.ui.Application.enterNestedEventLoop(Application.java:515)
	at javafx.graphics/com.sun.glass.ui.EventLoop.enter(EventLoop.java:107)
	at javafx.graphics/com.sun.javafx.tk.quantum.QuantumToolkit.enterNestedEventLoop(QuantumToolkit.java:647)
	at javafx.graphics/javafx.stage.Stage.showAndWait(Stage.java:469)
	at javafx.controls/javafx.scene.control.HeavyweightDialog.showAndWait(HeavyweightDialog.java:162)
	at javafx.controls/javafx.scene.control.Dialog.showAndWait(Unknown Source)
	at com.appointmentscheduler@1.0-SNAPSHOT/com.appointmentscheduler.presentation.ErrorHandler.showErrorOnFxThread(ErrorHandler.java:48)
	at com.appointmentscheduler@1.0-SNAPSHOT/com.appointmentscheduler.presentation.ErrorHandler.lambda$showError$0(ErrorHandler.java:34)
	at javafx.graphics/com.sun.javafx.application.PlatformImpl.lambda$runLater$10(PlatformImpl.java:457)
	at java.base/java.security.AccessController.doPrivileged(AccessController.java:138)
	at javafx.graphics/com.sun.javafx.application.PlatformImpl.lambda$runLater$11(PlatformImpl.java:456)
	at javafx.graphics/com.sun.glass.ui.InvokeLaterDispatcher$Future.run$$$capture(InvokeLaterDispatcher.java:96)
	at javafx.graphics/com.sun.glass.ui.InvokeLaterDispatcher$Future.run(InvokeLaterDispatcher.java)
	at javafx.graphics/com.sun.glass.ui.win.WinApplication._enterNestedEventLoopImpl(Native Method)
	at javafx.graphics/com.sun.glass.ui.win.WinApplication._enterNestedEventLoop(WinApplication.java:211)
	at javafx.graphics/com.sun.glass.ui.Application.enterNestedEventLoop(Application.java:515)
	at javafx.graphics/com.sun.glass.ui.EventLoop.enter(EventLoop.java:107)
	at javafx.graphics/com.sun.javafx.tk.quantum.QuantumToolkit.enterNestedEventLoop(QuantumToolkit.java:647)
	at javafx.graphics/javafx.stage.Stage.showAndWait(Stage.java:469)
	at javafx.controls/javafx.scene.control.HeavyweightDialog.showAndWait(HeavyweightDialog.java:162)
	at javafx.controls/javafx.scene.control.Dialog.showAndWait(Unknown Source)
	at com.appointmentscheduler@1.0-SNAPSHOT/com.appointmentscheduler.presentation.ErrorHandler.showErrorOnFxThread(ErrorHandler.java:48)
	at com.appointmentscheduler@1.0-SNAPSHOT/com.appointmentscheduler.presentation.ErrorHandler.lambda$showError$0(ErrorHandler.java:34)
	at javafx.graphics/com.sun.javafx.application.PlatformImpl.lambda$runLater$10(PlatformImpl.java:457)
	at java.base/java.security.AccessController.doPrivileged(AccessController.java:138)
	at javafx.graphics/com.sun.javafx.application.PlatformImpl.lambda$runLater$11(PlatformImpl.java:456)
	at javafx.graphics/com.sun.glass.ui.InvokeLaterDispatcher$Future.run$$$capture(InvokeLaterDispatcher.java:96)
	at javafx.graphics/com.sun.glass.ui.InvokeLaterDispatcher$Future.run(InvokeLaterDispatcher.java)
	at javafx.graphics/com.sun.glass.ui.win.WinApplication._enterNestedEventLoopImpl(Native Method)
	at javafx.graphics/com.sun.glass.ui.win.WinApplication._enterNestedEventLoop(WinApplication.java:211)
	at javafx.graphics/com.sun.glass.ui.Application.enterNestedEventLoop(Application.java:515)
	at javafx.graphics/com.sun.glass.ui.EventLoop.enter(EventLoop.java:107)
	at javafx.graphics/com.sun.javafx.tk.quantum.QuantumToolkit.enterNestedEventLoop(QuantumToolkit.java:647)
	at javafx.graphics/javafx.stage.Stage.showAndWait(Stage.java:469)
	at javafx.controls/javafx.scene.control.HeavyweightDialog.showAndWait(HeavyweightDialog.java:162)
	at javafx.controls/javafx.scene.control.Dialog.showAndWait(Unknown Source)
	at com.appointmentscheduler@1.0-SNAPSHOT/com.appointmentscheduler.presentation.ErrorHandler.showErrorOnFxThread(ErrorHandler.java:48)
	at com.appointmentscheduler@1.0-SNAPSHOT/com.appointmentscheduler.presentation.ErrorHandler.lambda$showError$0(ErrorHandler.java:34)
	at javafx.graphics/com.sun.javafx.application.PlatformImpl.lambda$runLater$10(PlatformImpl.java:457)
	at java.base/java.security.AccessController.doPrivileged(AccessController.java:138)
	at javafx.graphics/com.sun.javafx.application.PlatformImpl.lambda$runLater$11(PlatformImpl.java:456)
	at javafx.graphics/com.sun.glass.ui.InvokeLaterDispatcher$Future.run$$$capture(InvokeLaterDispatcher.java:96)
	at javafx.graphics/com.sun.glass.ui.InvokeLaterDispatcher$Future.run(InvokeLaterDispatcher.java)
	at javafx.graphics/com.sun.glass.ui.win.WinApplication._enterNestedEventLoopImpl(Native Method)
	at javafx.graphics/com.sun.glass.ui.win.WinApplication._enterNestedEventLoop(WinApplication.java:211)
	at javafx.graphics/com.sun.glass.ui.Application.enterNestedEventLoop(Application.java:515)
	at javafx.graphics/com.sun.glass.ui.EventLoop.enter(EventLoop.java:107)
	at javafx.graphics/com.sun.javafx.tk.quantum.QuantumToolkit.enterNestedEventLoop(QuantumToolkit.java:647)
	at javafx.graphics/javafx.stage.Stage.showAndWait(Stage.java:469)
	at javafx.controls/javafx.scene.control.HeavyweightDialog.showAndWait(HeavyweightDialog.java:162)
	at javafx.controls/javafx.scene.control.Dialog.showAndWait(Unknown Source)
	at com.appointmentscheduler@1.0-SNAPSHOT/com.appointmentscheduler.presentation.ErrorHandler.showErrorOnFxThread(ErrorHandler.java:48)
	at com.appointmentscheduler@1.0-SNAPSHOT/com.appointmentscheduler.presentation.ErrorHandler.lambda$showError$0(ErrorHandler.java:34)
	at javafx.graphics/com.sun.javafx.application.PlatformImpl.lambda$runLater$10(PlatformImpl.java:457)
	at java.base/java.security.AccessController.doPrivileged(AccessController.java:138)
	at javafx.graphics/com.sun.javafx.application.PlatformImpl.lambda$runLater$11(PlatformImpl.java:456)
	at javafx.graphics/com.sun.glass.ui.InvokeLaterDispatcher$Future.run$$$capture(InvokeLaterDispatcher.java:96)
	at javafx.graphics/com.sun.glass.ui.InvokeLaterDispatcher$Future.run(InvokeLaterDispatcher.java)
	at javafx.graphics/com.sun.glass.ui.win.WinApplication._enterNestedEventLoopImpl(Native Method)
	at javafx.graphics/com.sun.glass.ui.win.WinApplication._enterNestedEventLoop(WinApplication.java:211)
	at javafx.graphics/com.sun.glass.ui.Application.enterNestedEventLoop(Application.java:515)
	at javafx.graphics/com.sun.glass.ui.EventLoop.enter(EventLoop.java:107)
	at javafx.graphics/com.sun.javafx.tk.quantum.QuantumToolkit.enterNestedEventLoop(QuantumToolkit.java:647)
	at javafx.graphics/javafx.stage.Stage.showAndWait(Stage.java:469)
	at javafx.controls/javafx.scene.control.HeavyweightDialog.showAndWait(HeavyweightDialog.java:162)
	at javafx.controls/javafx.scene.control.Dialog.showAndWait(Unknown Source)
	at com.appointmentscheduler@1.0-SNAPSHOT/com.appointmentscheduler.presentation.ErrorHandler.showErrorOnFxThread(ErrorHandler.java:48)
	at com.appointmentscheduler@1.0-SNAPSHOT/com.appointmentscheduler.presentation.ErrorHandler.lambda$showError$0(ErrorHandler.java:34)
	at javafx.graphics/com.sun.javafx.application.PlatformImpl.lambda$runLater$10(PlatformImpl.java:457)
	at java.base/java.security.AccessController.doPrivileged(AccessController.java:138)
	at javafx.graphics/com.sun.javafx.application.PlatformImpl.lambda$runLater$11(PlatformImpl.java:456)
	at javafx.graphics/com.sun.glass.ui.InvokeLaterDispatcher$Future.run$$$capture(InvokeLaterDispatcher.java:96)
	at javafx.graphics/com.sun.glass.ui.InvokeLaterDispatcher$Future.run(InvokeLaterDispatcher.java)
	at javafx.graphics/com.sun.glass.ui.win.WinApplication._enterNestedEventLoopImpl(Native Method)
	at javafx.graphics/com.sun.glass.ui.win.WinApplication._enterNestedEventLoop(WinApplication.java:211)
	at javafx.graphics/com.sun.glass.ui.Application.enterNestedEventLoop(Application.java:515)
	at javafx.graphics/com.sun.glass.ui.EventLoop.enter(EventLoop.java:107)
	at javafx.graphics/com.sun.javafx.tk.quantum.QuantumToolkit.enterNestedEventLoop(QuantumToolkit.java:647)
	at javafx.graphics/javafx.stage.Stage.showAndWait(Stage.java:469)
	at javafx.controls/javafx.scene.control.HeavyweightDialog.showAndWait(HeavyweightDialog.java:162)
	at javafx.controls/javafx.scene.control.Dialog.showAndWait(Unknown Source)
	at com.appointmentscheduler@1.0-SNAPSHOT/com.appointmentscheduler.presentation.ErrorHandler.showErrorOnFxThread(ErrorHandler.java:48)
	at com.appointmentscheduler@1.0-SNAPSHOT/com.appointmentscheduler.presentation.ErrorHandler.lambda$showError$0(ErrorHandler.java:34)
	at javafx.graphics/com.sun.javafx.application.PlatformImpl.lambda$runLater$10(PlatformImpl.java:457)
	at java.base/java.security.AccessController.doPrivileged(AccessController.java:138)
	at javafx.graphics/com.sun.javafx.application.PlatformImpl.lambda$runLater$11(PlatformImpl.java:456)
	at javafx.graphics/com.sun.glass.ui.InvokeLaterDispatcher$Future.run$$$capture(InvokeLaterDispatcher.java:96)
	at javafx.graphics/com.sun.glass.ui.InvokeLaterDispatcher$Future.run(InvokeLaterDispatcher.java)
	at javafx.graphics/com.sun.glass.ui.win.WinApplication._runLoop(Native Method)
	at javafx.graphics/com.sun.glass.ui.win.WinApplication.lambda$runLoop$3(WinApplication.java:184)
	at java.base/java.lang.Thread.run(Thread.java:1474)
2026-04-15 18:48:28.099 [JavaFX Application Thread] ERROR c.appointmentscheduler.presentation.ErrorHandler - Failed to load screen: FXML not found. Tried: /com/appointmentscheduler/presentation/ThisDoesNotExist.fxml, com/appointmentscheduler/presentation/ThisDoesNotExist.fxml, ThisDoesNotExist.fxml. Check that src/main/resources is on classpath.
java.lang.IllegalStateException: FXML not found. Tried: /com/appointmentscheduler/presentation/ThisDoesNotExist.fxml, com/appointmentscheduler/presentation/ThisDoesNotExist.fxml, ThisDoesNotExist.fxml. Check that src/main/resources is on classpath.
	at com.appointmentscheduler@1.0-SNAPSHOT/com.appointmentscheduler.presentation.MainApp.loadScreen(MainApp.java:394)
	at com.appointmentscheduler@1.0-SNAPSHOT/com.appointmentscheduler.presentation.PresentationMainAppCoverageTest.lambda$mainApp_loadScreen_and_errorHandling_executeCompletely$5(PresentationMainAppCoverageTest.java:76)
	at com.appointmentscheduler@1.0-SNAPSHOT/com.appointmentscheduler.presentation.PresentationMainAppCoverageTest.lambda$runOnFxVoid$0(PresentationMainAppCoverageTest.java:138)
	at com.appointmentscheduler@1.0-SNAPSHOT/com.appointmentscheduler.presentation.PresentationMainAppCoverageTest.lambda$runOnFx$0(PresentationMainAppCoverageTest.java:120)
	at javafx.graphics/com.sun.javafx.application.PlatformImpl.lambda$runLater$10(PlatformImpl.java:457)
	at java.base/java.security.AccessController.doPrivileged(AccessController.java:138)
	at javafx.graphics/com.sun.javafx.application.PlatformImpl.lambda$runLater$11(PlatformImpl.java:456)
	at javafx.graphics/com.sun.glass.ui.InvokeLaterDispatcher$Future.run$$$capture(InvokeLaterDispatcher.java:96)
	at javafx.graphics/com.sun.glass.ui.InvokeLaterDispatcher$Future.run(InvokeLaterDispatcher.java)
	at javafx.graphics/com.sun.glass.ui.win.WinApplication._enterNestedEventLoopImpl(Native Method)
	at javafx.graphics/com.sun.glass.ui.win.WinApplication._enterNestedEventLoop(WinApplication.java:211)
	at javafx.graphics/com.sun.glass.ui.Application.enterNestedEventLoop(Application.java:515)
	at javafx.graphics/com.sun.glass.ui.EventLoop.enter(EventLoop.java:107)
	at javafx.graphics/com.sun.javafx.tk.quantum.QuantumToolkit.enterNestedEventLoop(QuantumToolkit.java:647)
	at javafx.graphics/javafx.stage.Stage.showAndWait(Stage.java:469)
	at javafx.controls/javafx.scene.control.HeavyweightDialog.showAndWait(HeavyweightDialog.java:162)
	at javafx.controls/javafx.scene.control.Dialog.showAndWait(Unknown Source)
	at com.appointmentscheduler@1.0-SNAPSHOT/com.appointmentscheduler.presentation.MainApp.showDatabaseNotConnectedWarning(MainApp.java:450)
	at com.appointmentscheduler@1.0-SNAPSHOT/com.appointmentscheduler.presentation.MainApp.lambda$initializeServices$1(MainApp.java:256)
	at javafx.graphics/com.sun.javafx.application.PlatformImpl.lambda$runLater$10(PlatformImpl.java:457)
	at java.base/java.security.AccessController.doPrivileged(AccessController.java:138)
	at javafx.graphics/com.sun.javafx.application.PlatformImpl.lambda$runLater$11(PlatformImpl.java:456)
	at javafx.graphics/com.sun.glass.ui.InvokeLaterDispatcher$Future.run$$$capture(InvokeLaterDispatcher.java:96)
	at javafx.graphics/com.sun.glass.ui.InvokeLaterDispatcher$Future.run(InvokeLaterDispatcher.java)
	at javafx.graphics/com.sun.glass.ui.win.WinApplication._enterNestedEventLoopImpl(Native Method)
	at javafx.graphics/com.sun.glass.ui.win.WinApplication._enterNestedEventLoop(WinApplication.java:211)
	at javafx.graphics/com.sun.glass.ui.Application.enterNestedEventLoop(Application.java:515)
	at javafx.graphics/com.sun.glass.ui.EventLoop.enter(EventLoop.java:107)
	at javafx.graphics/com.sun.javafx.tk.quantum.QuantumToolkit.enterNestedEventLoop(QuantumToolkit.java:647)
	at javafx.graphics/javafx.stage.Stage.showAndWait(Stage.java:469)
	at javafx.controls/javafx.scene.control.HeavyweightDialog.showAndWait(HeavyweightDialog.java:162)
	at javafx.controls/javafx.scene.control.Dialog.showAndWait(Unknown Source)
	at com.appointmentscheduler@1.0-SNAPSHOT/com.appointmentscheduler.presentation.ErrorHandler.showErrorOnFxThread(ErrorHandler.java:48)
	at com.appointmentscheduler@1.0-SNAPSHOT/com.appointmentscheduler.presentation.ErrorHandler.lambda$showError$0(ErrorHandler.java:34)
	at javafx.graphics/com.sun.javafx.application.PlatformImpl.lambda$runLater$10(PlatformImpl.java:457)
	at java.base/java.security.AccessController.doPrivileged(AccessController.java:138)
	at javafx.graphics/com.sun.javafx.application.PlatformImpl.lambda$runLater$11(PlatformImpl.java:456)
	at javafx.graphics/com.sun.glass.ui.InvokeLaterDispatcher$Future.run$$$capture(InvokeLaterDispatcher.java:96)
	at javafx.graphics/com.sun.glass.ui.InvokeLaterDispatcher$Future.run(InvokeLaterDispatcher.java)
	at javafx.graphics/com.sun.glass.ui.win.WinApplication._enterNestedEventLoopImpl(Native Method)
	at javafx.graphics/com.sun.glass.ui.win.WinApplication._enterNestedEventLoop(WinApplication.java:211)
	at javafx.graphics/com.sun.glass.ui.Application.enterNestedEventLoop(Application.java:515)
	at javafx.graphics/com.sun.glass.ui.EventLoop.enter(EventLoop.java:107)
	at javafx.graphics/com.sun.javafx.tk.quantum.QuantumToolkit.enterNestedEventLoop(QuantumToolkit.java:647)
	at javafx.graphics/javafx.stage.Stage.showAndWait(Stage.java:469)
	at javafx.controls/javafx.scene.control.HeavyweightDialog.showAndWait(HeavyweightDialog.java:162)
	at javafx.controls/javafx.scene.control.Dialog.showAndWait(Unknown Source)
	at com.appointmentscheduler@1.0-SNAPSHOT/com.appointmentscheduler.presentation.ErrorHandler.showErrorOnFxThread(ErrorHandler.java:48)
	at com.appointmentscheduler@1.0-SNAPSHOT/com.appointmentscheduler.presentation.ErrorHandler.lambda$showError$0(ErrorHandler.java:34)
	at javafx.graphics/com.sun.javafx.application.PlatformImpl.lambda$runLater$10(PlatformImpl.java:457)
	at java.base/java.security.AccessController.doPrivileged(AccessController.java:138)
	at javafx.graphics/com.sun.javafx.application.PlatformImpl.lambda$runLater$11(PlatformImpl.java:456)
	at javafx.graphics/com.sun.glass.ui.InvokeLaterDispatcher$Future.run$$$capture(InvokeLaterDispatcher.java:96)
	at javafx.graphics/com.sun.glass.ui.InvokeLaterDispatcher$Future.run(InvokeLaterDispatcher.java)
	at javafx.graphics/com.sun.glass.ui.win.WinApplication._enterNestedEventLoopImpl(Native Method)
	at javafx.graphics/com.sun.glass.ui.win.WinApplication._enterNestedEventLoop(WinApplication.java:211)
	at javafx.graphics/com.sun.glass.ui.Application.enterNestedEventLoop(Application.java:515)
	at javafx.graphics/com.sun.glass.ui.EventLoop.enter(EventLoop.java:107)
	at javafx.graphics/com.sun.javafx.tk.quantum.QuantumToolkit.enterNestedEventLoop(QuantumToolkit.java:647)
	at javafx.graphics/javafx.stage.Stage.showAndWait(Stage.java:469)
	at javafx.controls/javafx.scene.control.HeavyweightDialog.showAndWait(HeavyweightDialog.java:162)
	at javafx.controls/javafx.scene.control.Dialog.showAndWait(Unknown Source)
	at com.appointmentscheduler@1.0-SNAPSHOT/com.appointmentscheduler.presentation.ErrorHandler.showErrorOnFxThread(ErrorHandler.java:48)
	at com.appointmentscheduler@1.0-SNAPSHOT/com.appointmentscheduler.presentation.ErrorHandler.lambda$showError$0(ErrorHandler.java:34)
	at javafx.graphics/com.sun.javafx.application.PlatformImpl.lambda$runLater$10(PlatformImpl.java:457)
	at java.base/java.security.AccessController.doPrivileged(AccessController.java:138)
	at javafx.graphics/com.sun.javafx.application.PlatformImpl.lambda$runLater$11(PlatformImpl.java:456)
	at javafx.graphics/com.sun.glass.ui.InvokeLaterDispatcher$Future.run$$$capture(InvokeLaterDispatcher.java:96)
	at javafx.graphics/com.sun.glass.ui.InvokeLaterDispatcher$Future.run(InvokeLaterDispatcher.java)
	at javafx.graphics/com.sun.glass.ui.win.WinApplication._enterNestedEventLoopImpl(Native Method)
	at javafx.graphics/com.sun.glass.ui.win.WinApplication._enterNestedEventLoop(WinApplication.java:211)
	at javafx.graphics/com.sun.glass.ui.Application.enterNestedEventLoop(Application.java:515)
	at javafx.graphics/com.sun.glass.ui.EventLoop.enter(EventLoop.java:107)
	at javafx.graphics/com.sun.javafx.tk.quantum.QuantumToolkit.enterNestedEventLoop(QuantumToolkit.java:647)
	at javafx.graphics/javafx.stage.Stage.showAndWait(Stage.java:469)
	at javafx.controls/javafx.scene.control.HeavyweightDialog.showAndWait(HeavyweightDialog.java:162)
	at javafx.controls/javafx.scene.control.Dialog.showAndWait(Unknown Source)
	at com.appointmentscheduler@1.0-SNAPSHOT/com.appointmentscheduler.presentation.ErrorHandler.showErrorOnFxThread(ErrorHandler.java:48)
	at com.appointmentscheduler@1.0-SNAPSHOT/com.appointmentscheduler.presentation.ErrorHandler.lambda$showError$0(ErrorHandler.java:34)
	at javafx.graphics/com.sun.javafx.application.PlatformImpl.lambda$runLater$10(PlatformImpl.java:457)
	at java.base/java.security.AccessController.doPrivileged(AccessController.java:138)
	at javafx.graphics/com.sun.javafx.application.PlatformImpl.lambda$runLater$11(PlatformImpl.java:456)
	at javafx.graphics/com.sun.glass.ui.InvokeLaterDispatcher$Future.run$$$capture(InvokeLaterDispatcher.java:96)
	at javafx.graphics/com.sun.glass.ui.InvokeLaterDispatcher$Future.run(InvokeLaterDispatcher.java)
	at javafx.graphics/com.sun.glass.ui.win.WinApplication._enterNestedEventLoopImpl(Native Method)
	at javafx.graphics/com.sun.glass.ui.win.WinApplication._enterNestedEventLoop(WinApplication.java:211)
	at javafx.graphics/com.sun.glass.ui.Application.enterNestedEventLoop(Application.java:515)
	at javafx.graphics/com.sun.glass.ui.EventLoop.enter(EventLoop.java:107)
	at javafx.graphics/com.sun.javafx.tk.quantum.QuantumToolkit.enterNestedEventLoop(QuantumToolkit.java:647)
	at javafx.graphics/javafx.stage.Stage.showAndWait(Stage.java:469)
	at javafx.controls/javafx.scene.control.HeavyweightDialog.showAndWait(HeavyweightDialog.java:162)
	at javafx.controls/javafx.scene.control.Dialog.showAndWait(Unknown Source)
	at com.appointmentscheduler@1.0-SNAPSHOT/com.appointmentscheduler.presentation.ErrorHandler.showErrorOnFxThread(ErrorHandler.java:48)
	at com.appointmentscheduler@1.0-SNAPSHOT/com.appointmentscheduler.presentation.ErrorHandler.lambda$showError$0(ErrorHandler.java:34)
	at javafx.graphics/com.sun.javafx.application.PlatformImpl.lambda$runLater$10(PlatformImpl.java:457)
	at java.base/java.security.AccessController.doPrivileged(AccessController.java:138)
	at javafx.graphics/com.sun.javafx.application.PlatformImpl.lambda$runLater$11(PlatformImpl.java:456)
	at javafx.graphics/com.sun.glass.ui.InvokeLaterDispatcher$Future.run$$$capture(InvokeLaterDispatcher.java:96)
	at javafx.graphics/com.sun.glass.ui.InvokeLaterDispatcher$Future.run(InvokeLaterDispatcher.java)
	at javafx.graphics/com.sun.glass.ui.win.WinApplication._enterNestedEventLoopImpl(Native Method)
	at javafx.graphics/com.sun.glass.ui.win.WinApplication._enterNestedEventLoop(WinApplication.java:211)
	at javafx.graphics/com.sun.glass.ui.Application.enterNestedEventLoop(Application.java:515)
	at javafx.graphics/com.sun.glass.ui.EventLoop.enter(EventLoop.java:107)
	at javafx.graphics/com.sun.javafx.tk.quantum.QuantumToolkit.enterNestedEventLoop(QuantumToolkit.java:647)
	at javafx.graphics/javafx.stage.Stage.showAndWait(Stage.java:469)
	at javafx.controls/javafx.scene.control.HeavyweightDialog.showAndWait(HeavyweightDialog.java:162)
	at javafx.controls/javafx.scene.control.Dialog.showAndWait(Unknown Source)
	at com.appointmentscheduler@1.0-SNAPSHOT/com.appointmentscheduler.presentation.ErrorHandler.showErrorOnFxThread(ErrorHandler.java:48)
	at com.appointmentscheduler@1.0-SNAPSHOT/com.appointmentscheduler.presentation.ErrorHandler.lambda$showError$0(ErrorHandler.java:34)
	at javafx.graphics/com.sun.javafx.application.PlatformImpl.lambda$runLater$10(PlatformImpl.java:457)
	at java.base/java.security.AccessController.doPrivileged(AccessController.java:138)
	at javafx.graphics/com.sun.javafx.application.PlatformImpl.lambda$runLater$11(PlatformImpl.java:456)
	at javafx.graphics/com.sun.glass.ui.InvokeLaterDispatcher$Future.run$$$capture(InvokeLaterDispatcher.java:96)
	at javafx.graphics/com.sun.glass.ui.InvokeLaterDispatcher$Future.run(InvokeLaterDispatcher.java)
	at javafx.graphics/com.sun.glass.ui.win.WinApplication._enterNestedEventLoopImpl(Native Method)
	at javafx.graphics/com.sun.glass.ui.win.WinApplication._enterNestedEventLoop(WinApplication.java:211)
	at javafx.graphics/com.sun.glass.ui.Application.enterNestedEventLoop(Application.java:515)
	at javafx.graphics/com.sun.glass.ui.EventLoop.enter(EventLoop.java:107)
	at javafx.graphics/com.sun.javafx.tk.quantum.QuantumToolkit.enterNestedEventLoop(QuantumToolkit.java:647)
	at javafx.graphics/javafx.stage.Stage.showAndWait(Stage.java:469)
	at javafx.controls/javafx.scene.control.HeavyweightDialog.showAndWait(HeavyweightDialog.java:162)
	at javafx.controls/javafx.scene.control.Dialog.showAndWait(Unknown Source)
	at com.appointmentscheduler@1.0-SNAPSHOT/com.appointmentscheduler.presentation.ErrorHandler.showErrorOnFxThread(ErrorHandler.java:48)
	at com.appointmentscheduler@1.0-SNAPSHOT/com.appointmentscheduler.presentation.ErrorHandler.lambda$showError$0(ErrorHandler.java:34)
	at javafx.graphics/com.sun.javafx.application.PlatformImpl.lambda$runLater$10(PlatformImpl.java:457)
	at java.base/java.security.AccessController.doPrivileged(AccessController.java:138)
	at javafx.graphics/com.sun.javafx.application.PlatformImpl.lambda$runLater$11(PlatformImpl.java:456)
	at javafx.graphics/com.sun.glass.ui.InvokeLaterDispatcher$Future.run$$$capture(InvokeLaterDispatcher.java:96)
	at javafx.graphics/com.sun.glass.ui.InvokeLaterDispatcher$Future.run(InvokeLaterDispatcher.java)
	at javafx.graphics/com.sun.glass.ui.win.WinApplication._enterNestedEventLoopImpl(Native Method)
	at javafx.graphics/com.sun.glass.ui.win.WinApplication._enterNestedEventLoop(WinApplication.java:211)
	at javafx.graphics/com.sun.glass.ui.Application.enterNestedEventLoop(Application.java:515)
	at javafx.graphics/com.sun.glass.ui.EventLoop.enter(EventLoop.java:107)
	at javafx.graphics/com.sun.javafx.tk.quantum.QuantumToolkit.enterNestedEventLoop(QuantumToolkit.java:647)
	at javafx.graphics/javafx.stage.Stage.showAndWait(Stage.java:469)
	at javafx.controls/javafx.scene.control.HeavyweightDialog.showAndWait(HeavyweightDialog.java:162)
	at javafx.controls/javafx.scene.control.Dialog.showAndWait(Unknown Source)
	at com.appointmentscheduler@1.0-SNAPSHOT/com.appointmentscheduler.presentation.ErrorHandler.showErrorOnFxThread(ErrorHandler.java:48)
	at com.appointmentscheduler@1.0-SNAPSHOT/com.appointmentscheduler.presentation.ErrorHandler.lambda$showError$0(ErrorHandler.java:34)
	at javafx.graphics/com.sun.javafx.application.PlatformImpl.lambda$runLater$10(PlatformImpl.java:457)
	at java.base/java.security.AccessController.doPrivileged(AccessController.java:138)
	at javafx.graphics/com.sun.javafx.application.PlatformImpl.lambda$runLater$11(PlatformImpl.java:456)
	at javafx.graphics/com.sun.glass.ui.InvokeLaterDispatcher$Future.run$$$capture(InvokeLaterDispatcher.java:96)
	at javafx.graphics/com.sun.glass.ui.InvokeLaterDispatcher$Future.run(InvokeLaterDispatcher.java)
	at javafx.graphics/com.sun.glass.ui.win.WinApplication._enterNestedEventLoopImpl(Native Method)
	at javafx.graphics/com.sun.glass.ui.win.WinApplication._enterNestedEventLoop(WinApplication.java:211)
	at javafx.graphics/com.sun.glass.ui.Application.enterNestedEventLoop(Application.java:515)
	at javafx.graphics/com.sun.glass.ui.EventLoop.enter(EventLoop.java:107)
	at javafx.graphics/com.sun.javafx.tk.quantum.QuantumToolkit.enterNestedEventLoop(QuantumToolkit.java:647)
	at javafx.graphics/javafx.stage.Stage.showAndWait(Stage.java:469)
	at javafx.controls/javafx.scene.control.HeavyweightDialog.showAndWait(HeavyweightDialog.java:162)
	at javafx.controls/javafx.scene.control.Dialog.showAndWait(Unknown Source)
	at com.appointmentscheduler@1.0-SNAPSHOT/com.appointmentscheduler.presentation.ErrorHandler.showErrorOnFxThread(ErrorHandler.java:48)
	at com.appointmentscheduler@1.0-SNAPSHOT/com.appointmentscheduler.presentation.ErrorHandler.lambda$showError$0(ErrorHandler.java:34)
	at javafx.graphics/com.sun.javafx.application.PlatformImpl.lambda$runLater$10(PlatformImpl.java:457)
	at java.base/java.security.AccessController.doPrivileged(AccessController.java:138)
	at javafx.graphics/com.sun.javafx.application.PlatformImpl.lambda$runLater$11(PlatformImpl.java:456)
	at javafx.graphics/com.sun.glass.ui.InvokeLaterDispatcher$Future.run$$$capture(InvokeLaterDispatcher.java:96)
	at javafx.graphics/com.sun.glass.ui.InvokeLaterDispatcher$Future.run(InvokeLaterDispatcher.java)
	at javafx.graphics/com.sun.glass.ui.win.WinApplication._runLoop(Native Method)
	at javafx.graphics/com.sun.glass.ui.win.WinApplication.lambda$runLoop$3(WinApplication.java:184)
	at java.base/java.lang.Thread.run(Thread.java:1474)
2026-04-15 18:48:28.106 [JavaFX Application Thread] DEBUG c.appointmentscheduler.application.AuditLogService - Audit: LOGOUT | Patient | User logged out from application
2026-04-15 18:48:28.803 [main] INFO  com.zaxxer.hikari.HikariDataSource - AppointmentBookingPool - Shutdown initiated...
2026-04-15 18:48:28.826 [main] INFO  com.zaxxer.hikari.HikariDataSource - AppointmentBookingPool - Shutdown completed.
2026-04-15 18:48:28.826 [main] INFO  c.a.persistence.database.DatabaseConfig - Database connection pool closed
2026-04-15 18:48:28.826 [main] DEBUG com.appointmentscheduler.application.AppConfig - Application configuration loaded
2026-04-15 18:48:28.827 [main] DEBUG com.appointmentscheduler.application.AppConfig - Merged application-local.properties
2026-04-15 18:48:28.827 [main] INFO  com.zaxxer.hikari.HikariDataSource - AppointmentBookingPool - Starting...
2026-04-15 18:48:28.834 [main] INFO  com.zaxxer.hikari.pool.HikariPool - AppointmentBookingPool - Added connection conn4: url=jdbc:h2:mem:dbconfig_flyway user=SA
2026-04-15 18:48:28.834 [main] INFO  com.zaxxer.hikari.HikariDataSource - AppointmentBookingPool - Start completed.
2026-04-15 18:48:28.834 [main] INFO  c.a.persistence.database.DatabaseConfig - Database connection pool initialized: jdbc:h2:mem:dbconfig_flyway;DB_CLOSE_DELAY=-1;DATABASE_TO_LOWER=TRUE
2026-04-15 18:48:29.031 [main] INFO  org.flywaydb.core.internal.license.VersionPrinter - Flyway Community Edition 9.22.3 by Redgate
2026-04-15 18:48:29.031 [main] INFO  org.flywaydb.core.internal.license.VersionPrinter - See release notes here: https://rd.gt/416ObMi
2026-04-15 18:48:29.031 [main] INFO  org.flywaydb.core.internal.license.VersionPrinter - 
2026-04-15 18:48:29.138 [main] INFO  org.flywaydb.core.FlywayExecutor - Database: jdbc:h2:mem:dbconfig_flyway (H2 2.2)
2026-04-15 18:48:29.155 [main] WARN  org.flywaydb.core.internal.database.base.Database - Flyway upgrade recommended: H2 2.2.224 is newer than this version of Flyway and support has not been tested. The latest supported version of H2 is 2.2.220.
2026-04-15 18:48:29.220 [main] INFO  o.f.c.i.schemahistory.JdbcTableSchemaHistory - Schema history table "public"."flyway_schema_history" does not exist yet
2026-04-15 18:48:29.232 [main] INFO  org.flywaydb.core.internal.command.DbValidate - Successfully validated 2 migrations (execution time 00:00.051s)
2026-04-15 18:48:29.251 [main] INFO  o.f.c.i.schemahistory.JdbcTableSchemaHistory - Creating Schema History table "public"."flyway_schema_history" ...
2026-04-15 18:48:29.310 [main] INFO  org.flywaydb.core.internal.command.DbMigrate - Current version of schema "public": << Empty Schema >>
2026-04-15 18:48:29.379 [main] INFO  org.flywaydb.core.internal.command.DbMigrate - Migrating schema "public" to version "1 - enterprise schema"
2026-04-15 18:48:29.480 [main] INFO  org.flywaydb.core.internal.command.DbMigrate - Migrating schema "public" to version "2 - booking request fields"
2026-04-15 18:48:29.633 [main] INFO  org.flywaydb.core.internal.command.DbMigrate - Successfully applied 2 migrations to schema "public", now at version v2 (execution time 00:00.225s)
2026-04-15 18:48:29.637 [main] INFO  c.a.persistence.database.DatabaseConfig - Flyway migrations executed: 2
2026-04-15 18:48:29.638 [main] INFO  com.zaxxer.hikari.HikariDataSource - AppointmentBookingPool - Shutdown initiated...
2026-04-15 18:48:29.639 [main] INFO  com.zaxxer.hikari.HikariDataSource - AppointmentBookingPool - Shutdown completed.
2026-04-15 18:48:29.639 [main] INFO  c.a.persistence.database.DatabaseConfig - Database connection pool closed
2026-04-15 18:48:29.639 [main] INFO  com.zaxxer.hikari.HikariDataSource - AppointmentBookingPool - Starting...
2026-04-15 18:48:29.642 [main] INFO  com.zaxxer.hikari.pool.HikariPool - AppointmentBookingPool - Added connection conn6: url=jdbc:h2:mem:dbconfig_flyway user=SA
2026-04-15 18:48:29.644 [main] INFO  com.zaxxer.hikari.HikariDataSource - AppointmentBookingPool - Start completed.
2026-04-15 18:48:29.644 [main] INFO  c.a.persistence.database.DatabaseConfig - Database connection pool initialized: jdbc:h2:mem:dbconfig_flyway;DB_CLOSE_DELAY=-1;DATABASE_TO_LOWER=TRUE
2026-04-15 18:48:29.652 [main] INFO  org.flywaydb.core.FlywayExecutor - Database: jdbc:h2:mem:dbconfig_flyway (H2 2.2)
2026-04-15 18:48:29.657 [main] WARN  org.flywaydb.core.internal.database.base.Database - Flyway upgrade recommended: H2 2.2.224 is newer than this version of Flyway and support has not been tested. The latest supported version of H2 is 2.2.220.
2026-04-15 18:48:29.670 [main] INFO  org.flywaydb.core.internal.command.DbValidate - Successfully validated 2 migrations (execution time 00:00.011s)
2026-04-15 18:48:29.675 [main] INFO  org.flywaydb.core.internal.command.DbMigrate - Current version of schema "public": 2
2026-04-15 18:48:29.675 [main] INFO  org.flywaydb.core.internal.command.DbMigrate - Schema "public" is up to date. No migration necessary.
2026-04-15 18:48:29.676 [main] INFO  c.a.persistence.database.DatabaseConfig - Flyway migrations executed: 0
2026-04-15 18:48:29.676 [main] INFO  com.zaxxer.hikari.HikariDataSource - AppointmentBookingPool - Shutdown initiated...
2026-04-15 18:48:29.718 [main] INFO  com.zaxxer.hikari.HikariDataSource - AppointmentBookingPool - Shutdown completed.
2026-04-15 18:48:29.718 [main] INFO  c.a.persistence.database.DatabaseConfig - Database connection pool closed
2026-04-15 18:48:29.719 [main] DEBUG com.appointmentscheduler.application.AppConfig - Application configuration loaded
2026-04-15 18:48:29.720 [main] DEBUG com.appointmentscheduler.application.AppConfig - Merged application-local.properties
2026-04-15 18:48:29.721 [main] DEBUG com.appointmentscheduler.application.AppConfig - Application configuration loaded
2026-04-15 18:48:29.722 [main] DEBUG com.appointmentscheduler.application.AppConfig - Merged application-local.properties
2026-04-15 18:48:29.723 [main] DEBUG com.appointmentscheduler.application.AppConfig - Application configuration loaded
2026-04-15 18:48:29.724 [main] DEBUG com.appointmentscheduler.application.AppConfig - Merged application-local.properties
2026-04-15 18:48:29.729 [main] DEBUG com.appointmentscheduler.application.AppConfig - Application configuration loaded
2026-04-15 18:48:29.729 [main] DEBUG com.appointmentscheduler.application.AppConfig - Merged application-local.properties
2026-04-15 18:48:29.730 [main] DEBUG com.appointmentscheduler.application.AppConfig - Application configuration loaded
2026-04-15 18:48:29.730 [main] DEBUG com.appointmentscheduler.application.AppConfig - Merged application-local.properties
2026-04-15 18:48:31.318 [main] INFO  com.appointmentscheduler.application.AuthService - Login successful for user: john@test.com
2026-04-15 18:48:32.287 [main] WARN  com.appointmentscheduler.application.AuthService - Login attempt for locked account: john@test.com
2026-04-15 18:48:35.863 [main] WARN  com.appointmentscheduler.application.AuthService - Login failed for email: nobody@here.com
2026-04-15 18:48:37.309 [main] WARN  com.appointmentscheduler.application.AuthService - Login failed for email: john@test.com
2026-04-15 18:48:39.759 [main] INFO  com.appointmentscheduler.application.AuthService - Login successful for user: john@test.com
2026-04-15 18:48:41.461 [main] INFO  com.appointmentscheduler.application.AuthService - Login successful for user: john@test.com
2026-04-15 18:48:43.623 [main] INFO  com.appointmentscheduler.application.AuthService - Login successful for user: john@test.com
2026-04-15 18:48:45.104 [main] INFO  com.appointmentscheduler.application.AuthService - Login successful for user: admin@test.com
2026-04-15 18:48:45.286 [main] DEBUG com.appointmentscheduler.application.AppConfig - Application configuration loaded
2026-04-15 18:48:45.288 [main] DEBUG com.appointmentscheduler.application.AppConfig - Merged application-local.properties
2026-04-15 18:48:45.290 [main] DEBUG com.appointmentscheduler.application.AppConfig - Application configuration loaded
2026-04-15 18:48:45.291 [main] WARN  com.appointmentscheduler.application.AppConfig - Could not load application-local.properties: Malformed \uxxxx encoding.
2026-04-15 18:48:45.301 [main] DEBUG com.appointmentscheduler.application.AppConfig - Application configuration loaded
2026-04-15 18:48:45.301 [main] DEBUG com.appointmentscheduler.application.AppConfig - Merged application-local.properties
2026-04-15 18:48:45.318 [main] DEBUG com.appointmentscheduler.application.AppConfig - Application configuration loaded
2026-04-15 18:48:45.324 [main] DEBUG com.appointmentscheduler.application.AppConfig - Merged application-local.properties
2026-04-15 18:48:45.339 [main] DEBUG com.appointmentscheduler.application.AppConfig - Application configuration loaded
2026-04-15 18:48:45.341 [main] DEBUG com.appointmentscheduler.application.AppConfig - Merged application-local.properties
2026-04-15 18:48:45.371 [main] DEBUG com.appointmentscheduler.application.AppConfig - Application configuration loaded
2026-04-15 18:48:45.372 [main] DEBUG com.appointmentscheduler.application.AppConfig - Merged application-local.properties
2026-04-15 18:48:45.375 [main] WARN  com.appointmentscheduler.application.AppConfig - Could not load application.properties, using defaults: Malformed \uxxxx encoding.
2026-04-15 18:48:45.376 [main] DEBUG com.appointmentscheduler.application.AppConfig - Merged application-local.properties
2026-04-15 18:48:45.390 [main] DEBUG com.appointmentscheduler.application.AppConfig - Application configuration loaded
2026-04-15 18:48:45.391 [main] DEBUG com.appointmentscheduler.application.AppConfig - Merged application-local.properties
2026-04-15 18:48:45.406 [main] DEBUG com.appointmentscheduler.application.AppConfig - Application configuration loaded
2026-04-15 18:48:45.406 [main] DEBUG com.appointmentscheduler.application.AppConfig - Merged application-local.properties
2026-04-15 18:48:45.416 [main] DEBUG com.appointmentscheduler.application.AppConfig - Application configuration loaded
2026-04-15 18:48:45.417 [main] DEBUG com.appointmentscheduler.application.AppConfig - Merged application-local.properties
2026-04-15 18:48:45.523 [JavaFX Application Thread] INFO  com.zaxxer.hikari.HikariDataSource - AppointmentBookingPool - Starting...
2026-04-15 18:48:45.529 [JavaFX Application Thread] INFO  com.zaxxer.hikari.pool.HikariPool - AppointmentBookingPool - Added connection com.mysql.cj.jdbc.ConnectionImpl@76808e5
2026-04-15 18:48:45.530 [JavaFX Application Thread] INFO  com.zaxxer.hikari.HikariDataSource - AppointmentBookingPool - Start completed.
2026-04-15 18:48:45.530 [JavaFX Application Thread] INFO  c.a.persistence.database.DatabaseConfig - Database connection pool initialized: jdbc:mysql://localhost:3306/appointment?useUnicode=true&characterEncoding=UTF-8&serverTimezone=UTC&useSSL=false&allowPublicKeyRetrieval=true
2026-04-15 18:48:45.530 [JavaFX Application Thread] INFO  c.a.persistence.database.DatabaseConfig - MySQL: table app_user verified/created
2026-04-15 18:48:45.531 [JavaFX Application Thread] DEBUG c.a.persistence.database.DatabaseConfig - MySQL (skipped): ALTER TABLE appointment ADD COLUMN customer_notes VARCHAR(2000) NULL — Duplicate column name 'customer_notes'
2026-04-15 18:48:45.533 [JavaFX Application Thread] DEBUG c.a.persistence.database.DatabaseConfig - MySQL (skipped): ALTER TABLE appointment ADD COLUMN contact_phone VARCHAR(64) NULL — Duplicate column name 'contact_phone'
2026-04-15 18:48:45.534 [JavaFX Application Thread] DEBUG c.a.persistence.database.DatabaseConfig - MySQL (skipped): ALTER TABLE appointment ADD COLUMN reminder_channel VARCHAR(32) NULL — Duplicate column name 'reminder_channel'
2026-04-15 18:48:45.535 [JavaFX Application Thread] DEBUG c.a.persistence.database.DatabaseConfig - MySQL (skipped): ALTER TABLE appointment ADD COLUMN accessibility_needs VARCHAR(512) NULL — Duplicate column name 'accessibility_needs'
2026-04-15 18:48:45.537 [JavaFX Application Thread] DEBUG c.a.persistence.database.DatabaseConfig - MySQL (skipped): ALTER TABLE appointment ADD COLUMN preferred_language VARCHAR(16) NULL — Duplicate column name 'preferred_language'
2026-04-15 18:48:45.538 [JavaFX Application Thread] INFO  com.appointmentscheduler.presentation.MainApp - Using database persistence (MySQL). User and appointment data will be saved.
2026-04-15 18:48:45.538 [JavaFX Application Thread] DEBUG c.a.application.AppointmentReminderService - Registered reminder channel: SMSNotification
2026-04-15 18:48:46.250 [JavaFX Application Thread] INFO  com.appointmentscheduler.presentation.MainApp - Starting Appointment Booking System v3.0.0
2026-04-15 18:48:47.384 [JavaFX Application Thread] DEBUG c.appointmentscheduler.application.AuditLogService - Audit: LOGIN_SUCCESS | Admin User | Signed in from admin@admin.com
2026-04-15 18:48:47.384 [JavaFX Application Thread] INFO  com.appointmentscheduler.application.AuthService - Login successful for user: admin@admin.com
2026-04-15 18:48:47.384 [JavaFX Application Thread] INFO  c.a.presentation.LoginController - Login successful for user: admin@admin.com
2026-04-15 18:48:52.007 [JavaFX Application Thread] DEBUG c.appointmentscheduler.application.AuditLogService - Audit: COMPLETE | Admin User | Appointment 80b54521-b623-4d5d-8161-21e9d6a7dbd9 marked COMPLETED | entity=80b54521-b623-4d5d-8161-21e9d6a7dbd9
2026-04-15 18:48:52.194 [JavaFX Application Thread] DEBUG c.appointmentscheduler.application.AuditLogService - Audit: LOGIN_FAILED | customer@example.com | Invalid credentials
2026-04-15 18:48:52.194 [JavaFX Application Thread] WARN  com.appointmentscheduler.application.AuthService - Login failed for email: customer@example.com
2026-04-15 18:48:54.616 [main] DEBUG c.appointmentscheduler.application.AuditLogService - Audit: CANCEL | A | Appointment cadm | entity=cadm
2026-04-15 18:48:54.757 [main] DEBUG c.appointmentscheduler.application.AuditLogService - Audit: CANCEL | Pat | Appointment cc | entity=cc
2026-04-15 18:48:54.775 [main] WARN  c.appointmentscheduler.application.BookingService - Cancellation email failed for appointment can-email-fail; cancellation remains saved.
java.lang.RuntimeException: smtp cancel failed
	at com.appointmentscheduler@1.0-SNAPSHOT/com.appointmentscheduler.application.BookingService.sendAppointmentCancelledEmail(BookingService.java:206)
	at com.appointmentscheduler@1.0-SNAPSHOT/com.appointmentscheduler.application.BookingService.cancelAppointment(BookingService.java:326)
	at com.appointmentscheduler@1.0-SNAPSHOT/com.appointmentscheduler.application.BookingServiceTest$Cancel.cancel_emailExceptionDoesNotRollback(BookingServiceTest.java:724)
	at java.base/jdk.internal.reflect.DirectMethodHandleAccessor.invoke(DirectMethodHandleAccessor.java:104)
	at java.base/java.lang.reflect.Method.invoke(Method.java:565)
	at org.junit.platform.commons.util.ReflectionUtils.invokeMethod(ReflectionUtils.java:728)
	at org.junit.jupiter.engine.execution.MethodInvocation.proceed(MethodInvocation.java:60)
	at org.junit.jupiter.engine.execution.InvocationInterceptorChain$ValidatingInvocation.proceed(InvocationInterceptorChain.java:131)
	at org.junit.jupiter.engine.extension.TimeoutExtension.intercept(TimeoutExtension.java:156)
	at org.junit.jupiter.engine.extension.TimeoutExtension.interceptTestableMethod(TimeoutExtension.java:147)
	at org.junit.jupiter.engine.extension.TimeoutExtension.interceptTestMethod(TimeoutExtension.java:86)
	at org.junit.jupiter.engine.execution.InterceptingExecutableInvoker$ReflectiveInterceptorCall.lambda$ofVoidMethod$0(InterceptingExecutableInvoker.java:103)
	at org.junit.jupiter.engine.execution.InterceptingExecutableInvoker.lambda$invoke$0(InterceptingExecutableInvoker.java:93)
	at org.junit.jupiter.engine.execution.InvocationInterceptorChain$InterceptedInvocation.proceed(InvocationInterceptorChain.java:106)
	at org.junit.jupiter.engine.execution.InvocationInterceptorChain.proceed(InvocationInterceptorChain.java:64)
	at org.junit.jupiter.engine.execution.InvocationInterceptorChain.chainAndInvoke(InvocationInterceptorChain.java:45)
	at org.junit.jupiter.engine.execution.InvocationInterceptorChain.invoke(InvocationInterceptorChain.java:37)
	at org.junit.jupiter.engine.execution.InterceptingExecutableInvoker.invoke(InterceptingExecutableInvoker.java:92)
	at org.junit.jupiter.engine.execution.InterceptingExecutableInvoker.invoke(InterceptingExecutableInvoker.java:86)
	at org.junit.jupiter.engine.descriptor.TestMethodTestDescriptor.lambda$invokeTestMethod$7(TestMethodTestDescriptor.java:218)
	at org.junit.platform.engine.support.hierarchical.ThrowableCollector.execute(ThrowableCollector.java:73)
	at org.junit.jupiter.engine.descriptor.TestMethodTestDescriptor.invokeTestMethod(TestMethodTestDescriptor.java:214)
	at org.junit.jupiter.engine.descriptor.TestMethodTestDescriptor.execute(TestMethodTestDescriptor.java:139)
	at org.junit.jupiter.engine.descriptor.TestMethodTestDescriptor.execute(TestMethodTestDescriptor.java:69)
	at org.junit.platform.engine.support.hierarchical.NodeTestTask.lambda$executeRecursively$6(NodeTestTask.java:151)
	at org.junit.platform.engine.support.hierarchical.ThrowableCollector.execute(ThrowableCollector.java:73)
	at org.junit.platform.engine.support.hierarchical.NodeTestTask.lambda$executeRecursively$8(NodeTestTask.java:141)
	at org.junit.platform.engine.support.hierarchical.Node.around(Node.java:137)
	at org.junit.platform.engine.support.hierarchical.NodeTestTask.lambda$executeRecursively$9(NodeTestTask.java:139)
	at org.junit.platform.engine.support.hierarchical.ThrowableCollector.execute(ThrowableCollector.java:73)
	at org.junit.platform.engine.support.hierarchical.NodeTestTask.executeRecursively(NodeTestTask.java:138)
	at org.junit.platform.engine.support.hierarchical.NodeTestTask.execute(NodeTestTask.java:95)
	at java.base/java.util.ArrayList.forEach(ArrayList.java:1604)
	at org.junit.platform.engine.support.hierarchical.SameThreadHierarchicalTestExecutorService.invokeAll(SameThreadHierarchicalTestExecutorService.java:41)
	at org.junit.platform.engine.support.hierarchical.NodeTestTask.lambda$executeRecursively$6(NodeTestTask.java:155)
	at org.junit.platform.engine.support.hierarchical.ThrowableCollector.execute(ThrowableCollector.java:73)
	at org.junit.platform.engine.support.hierarchical.NodeTestTask.lambda$executeRecursively$8(NodeTestTask.java:141)
	at org.junit.platform.engine.support.hierarchical.Node.around(Node.java:137)
	at org.junit.platform.engine.support.hierarchical.NodeTestTask.lambda$executeRecursively$9(NodeTestTask.java:139)
	at org.junit.platform.engine.support.hierarchical.ThrowableCollector.execute(ThrowableCollector.java:73)
	at org.junit.platform.engine.support.hierarchical.NodeTestTask.executeRecursively(NodeTestTask.java:138)
	at org.junit.platform.engine.support.hierarchical.NodeTestTask.execute(NodeTestTask.java:95)
	at java.base/java.util.ArrayList.forEach(ArrayList.java:1604)
	at org.junit.platform.engine.support.hierarchical.SameThreadHierarchicalTestExecutorService.invokeAll(SameThreadHierarchicalTestExecutorService.java:41)
	at org.junit.platform.engine.support.hierarchical.NodeTestTask.lambda$executeRecursively$6(NodeTestTask.java:155)
	at org.junit.platform.engine.support.hierarchical.ThrowableCollector.execute(ThrowableCollector.java:73)
	at org.junit.platform.engine.support.hierarchical.NodeTestTask.lambda$executeRecursively$8(NodeTestTask.java:141)
	at org.junit.platform.engine.support.hierarchical.Node.around(Node.java:137)
	at org.junit.platform.engine.support.hierarchical.NodeTestTask.lambda$executeRecursively$9(NodeTestTask.java:139)
	at org.junit.platform.engine.support.hierarchical.ThrowableCollector.execute(ThrowableCollector.java:73)
	at org.junit.platform.engine.support.hierarchical.NodeTestTask.executeRecursively(NodeTestTask.java:138)
	at org.junit.platform.engine.support.hierarchical.NodeTestTask.execute(NodeTestTask.java:95)
	at java.base/java.util.ArrayList.forEach(ArrayList.java:1604)
	at org.junit.platform.engine.support.hierarchical.SameThreadHierarchicalTestExecutorService.invokeAll(SameThreadHierarchicalTestExecutorService.java:41)
	at org.junit.platform.engine.support.hierarchical.NodeTestTask.lambda$executeRecursively$6(NodeTestTask.java:155)
	at org.junit.platform.engine.support.hierarchical.ThrowableCollector.execute(ThrowableCollector.java:73)
	at org.junit.platform.engine.support.hierarchical.NodeTestTask.lambda$executeRecursively$8(NodeTestTask.java:141)
	at org.junit.platform.engine.support.hierarchical.Node.around(Node.java:137)
	at org.junit.platform.engine.support.hierarchical.NodeTestTask.lambda$executeRecursively$9(NodeTestTask.java:139)
	at org.junit.platform.engine.support.hierarchical.ThrowableCollector.execute(ThrowableCollector.java:73)
	at org.junit.platform.engine.support.hierarchical.NodeTestTask.executeRecursively(NodeTestTask.java:138)
	at org.junit.platform.engine.support.hierarchical.NodeTestTask.execute(NodeTestTask.java:95)
	at org.junit.platform.engine.support.hierarchical.SameThreadHierarchicalTestExecutorService.submit(SameThreadHierarchicalTestExecutorService.java:35)
	at org.junit.platform.engine.support.hierarchical.HierarchicalTestExecutor.execute(HierarchicalTestExecutor.java:57)
	at org.junit.platform.engine.support.hierarchical.HierarchicalTestEngine.execute(HierarchicalTestEngine.java:54)
	at org.junit.platform.launcher.core.EngineExecutionOrchestrator.execute(EngineExecutionOrchestrator.java:198)
	at org.junit.platform.launcher.core.EngineExecutionOrchestrator.execute(EngineExecutionOrchestrator.java:169)
	at org.junit.platform.launcher.core.EngineExecutionOrchestrator.execute(EngineExecutionOrchestrator.java:93)
	at org.junit.platform.launcher.core.EngineExecutionOrchestrator.lambda$execute$0(EngineExecutionOrchestrator.java:58)
	at org.junit.platform.launcher.core.EngineExecutionOrchestrator.withInterceptedStreams(EngineExecutionOrchestrator.java:141)
	at org.junit.platform.launcher.core.EngineExecutionOrchestrator.execute(EngineExecutionOrchestrator.java:57)
	at org.junit.platform.launcher.core.DefaultLauncher.execute(DefaultLauncher.java:103)
	at org.junit.platform.launcher.core.DefaultLauncher.execute(DefaultLauncher.java:85)
	at org.junit.platform.launcher.core.DelegatingLauncher.execute(DelegatingLauncher.java:47)
	at org.junit.platform.launcher.core.SessionPerRequestLauncher.execute(SessionPerRequestLauncher.java:63)
	at com.intellij.junit5.JUnit5IdeaTestRunner.startRunnerWithArgs(JUnit5IdeaTestRunner.java:66)
	at com.intellij.rt.junit.IdeaTestRunner$Repeater$1.execute(IdeaTestRunner.java:38)
	at com.intellij.rt.execution.junit.TestsRepeater.repeat(TestsRepeater.java:11)
	at com.intellij.rt.junit.IdeaTestRunner$Repeater.startRunnerWithArgs(IdeaTestRunner.java:35)
	at com.intellij.rt.junit.JUnitStarter.prepareStreamsAndStart(JUnitStarter.java:231)
	at com.intellij.rt.junit.JUnitStarter.main(JUnitStarter.java:55)
2026-04-15 18:48:54.778 [main] DEBUG c.appointmentscheduler.application.AuditLogService - Audit: CANCEL | Pat | Appointment can-email-fail | entity=can-email-fail
2026-04-15 18:48:54.921 [main] DEBUG c.appointmentscheduler.application.AuditLogService - Audit: CANCEL | Pat | Appointment e7d09c45-0888-492a-a827-c567c07fbc8a | entity=e7d09c45-0888-492a-a827-c567c07fbc8a
2026-04-15 18:48:54.934 [main] WARN  c.appointmentscheduler.application.BookingService - Reschedule notification email failed for appointment mid-email-fail; changes remain saved.
java.lang.RuntimeException: smtp modify failed
	at com.appointmentscheduler@1.0-SNAPSHOT/com.appointmentscheduler.application.BookingService.sendAppointmentModifiedEmail(BookingService.java:195)
	at com.appointmentscheduler@1.0-SNAPSHOT/com.appointmentscheduler.application.BookingService.modifyAppointment(BookingService.java:287)
	at com.appointmentscheduler@1.0-SNAPSHOT/com.appointmentscheduler.application.BookingServiceTest$Modify.modify_emailExceptionDoesNotRollback(BookingServiceTest.java:557)
	at java.base/jdk.internal.reflect.DirectMethodHandleAccessor.invoke(DirectMethodHandleAccessor.java:104)
	at java.base/java.lang.reflect.Method.invoke(Method.java:565)
	at org.junit.platform.commons.util.ReflectionUtils.invokeMethod(ReflectionUtils.java:728)
	at org.junit.jupiter.engine.execution.MethodInvocation.proceed(MethodInvocation.java:60)
	at org.junit.jupiter.engine.execution.InvocationInterceptorChain$ValidatingInvocation.proceed(InvocationInterceptorChain.java:131)
	at org.junit.jupiter.engine.extension.TimeoutExtension.intercept(TimeoutExtension.java:156)
	at org.junit.jupiter.engine.extension.TimeoutExtension.interceptTestableMethod(TimeoutExtension.java:147)
	at org.junit.jupiter.engine.extension.TimeoutExtension.interceptTestMethod(TimeoutExtension.java:86)
	at org.junit.jupiter.engine.execution.InterceptingExecutableInvoker$ReflectiveInterceptorCall.lambda$ofVoidMethod$0(InterceptingExecutableInvoker.java:103)
	at org.junit.jupiter.engine.execution.InterceptingExecutableInvoker.lambda$invoke$0(InterceptingExecutableInvoker.java:93)
	at org.junit.jupiter.engine.execution.InvocationInterceptorChain$InterceptedInvocation.proceed(InvocationInterceptorChain.java:106)
	at org.junit.jupiter.engine.execution.InvocationInterceptorChain.proceed(InvocationInterceptorChain.java:64)
	at org.junit.jupiter.engine.execution.InvocationInterceptorChain.chainAndInvoke(InvocationInterceptorChain.java:45)
	at org.junit.jupiter.engine.execution.InvocationInterceptorChain.invoke(InvocationInterceptorChain.java:37)
	at org.junit.jupiter.engine.execution.InterceptingExecutableInvoker.invoke(InterceptingExecutableInvoker.java:92)
	at org.junit.jupiter.engine.execution.InterceptingExecutableInvoker.invoke(InterceptingExecutableInvoker.java:86)
	at org.junit.jupiter.engine.descriptor.TestMethodTestDescriptor.lambda$invokeTestMethod$7(TestMethodTestDescriptor.java:218)
	at org.junit.platform.engine.support.hierarchical.ThrowableCollector.execute(ThrowableCollector.java:73)
	at org.junit.jupiter.engine.descriptor.TestMethodTestDescriptor.invokeTestMethod(TestMethodTestDescriptor.java:214)
	at org.junit.jupiter.engine.descriptor.TestMethodTestDescriptor.execute(TestMethodTestDescriptor.java:139)
	at org.junit.jupiter.engine.descriptor.TestMethodTestDescriptor.execute(TestMethodTestDescriptor.java:69)
	at org.junit.platform.engine.support.hierarchical.NodeTestTask.lambda$executeRecursively$6(NodeTestTask.java:151)
	at org.junit.platform.engine.support.hierarchical.ThrowableCollector.execute(ThrowableCollector.java:73)
	at org.junit.platform.engine.support.hierarchical.NodeTestTask.lambda$executeRecursively$8(NodeTestTask.java:141)
	at org.junit.platform.engine.support.hierarchical.Node.around(Node.java:137)
	at org.junit.platform.engine.support.hierarchical.NodeTestTask.lambda$executeRecursively$9(NodeTestTask.java:139)
	at org.junit.platform.engine.support.hierarchical.ThrowableCollector.execute(ThrowableCollector.java:73)
	at org.junit.platform.engine.support.hierarchical.NodeTestTask.executeRecursively(NodeTestTask.java:138)
	at org.junit.platform.engine.support.hierarchical.NodeTestTask.execute(NodeTestTask.java:95)
	at java.base/java.util.ArrayList.forEach(ArrayList.java:1604)
	at org.junit.platform.engine.support.hierarchical.SameThreadHierarchicalTestExecutorService.invokeAll(SameThreadHierarchicalTestExecutorService.java:41)
	at org.junit.platform.engine.support.hierarchical.NodeTestTask.lambda$executeRecursively$6(NodeTestTask.java:155)
	at org.junit.platform.engine.support.hierarchical.ThrowableCollector.execute(ThrowableCollector.java:73)
	at org.junit.platform.engine.support.hierarchical.NodeTestTask.lambda$executeRecursively$8(NodeTestTask.java:141)
	at org.junit.platform.engine.support.hierarchical.Node.around(Node.java:137)
	at org.junit.platform.engine.support.hierarchical.NodeTestTask.lambda$executeRecursively$9(NodeTestTask.java:139)
	at org.junit.platform.engine.support.hierarchical.ThrowableCollector.execute(ThrowableCollector.java:73)
	at org.junit.platform.engine.support.hierarchical.NodeTestTask.executeRecursively(NodeTestTask.java:138)
	at org.junit.platform.engine.support.hierarchical.NodeTestTask.execute(NodeTestTask.java:95)
	at java.base/java.util.ArrayList.forEach(ArrayList.java:1604)
	at org.junit.platform.engine.support.hierarchical.SameThreadHierarchicalTestExecutorService.invokeAll(SameThreadHierarchicalTestExecutorService.java:41)
	at org.junit.platform.engine.support.hierarchical.NodeTestTask.lambda$executeRecursively$6(NodeTestTask.java:155)
	at org.junit.platform.engine.support.hierarchical.ThrowableCollector.execute(ThrowableCollector.java:73)
	at org.junit.platform.engine.support.hierarchical.NodeTestTask.lambda$executeRecursively$8(NodeTestTask.java:141)
	at org.junit.platform.engine.support.hierarchical.Node.around(Node.java:137)
	at org.junit.platform.engine.support.hierarchical.NodeTestTask.lambda$executeRecursively$9(NodeTestTask.java:139)
	at org.junit.platform.engine.support.hierarchical.ThrowableCollector.execute(ThrowableCollector.java:73)
	at org.junit.platform.engine.support.hierarchical.NodeTestTask.executeRecursively(NodeTestTask.java:138)
	at org.junit.platform.engine.support.hierarchical.NodeTestTask.execute(NodeTestTask.java:95)
	at java.base/java.util.ArrayList.forEach(ArrayList.java:1604)
	at org.junit.platform.engine.support.hierarchical.SameThreadHierarchicalTestExecutorService.invokeAll(SameThreadHierarchicalTestExecutorService.java:41)
	at org.junit.platform.engine.support.hierarchical.NodeTestTask.lambda$executeRecursively$6(NodeTestTask.java:155)
	at org.junit.platform.engine.support.hierarchical.ThrowableCollector.execute(ThrowableCollector.java:73)
	at org.junit.platform.engine.support.hierarchical.NodeTestTask.lambda$executeRecursively$8(NodeTestTask.java:141)
	at org.junit.platform.engine.support.hierarchical.Node.around(Node.java:137)
	at org.junit.platform.engine.support.hierarchical.NodeTestTask.lambda$executeRecursively$9(NodeTestTask.java:139)
	at org.junit.platform.engine.support.hierarchical.ThrowableCollector.execute(ThrowableCollector.java:73)
	at org.junit.platform.engine.support.hierarchical.NodeTestTask.executeRecursively(NodeTestTask.java:138)
	at org.junit.platform.engine.support.hierarchical.NodeTestTask.execute(NodeTestTask.java:95)
	at org.junit.platform.engine.support.hierarchical.SameThreadHierarchicalTestExecutorService.submit(SameThreadHierarchicalTestExecutorService.java:35)
	at org.junit.platform.engine.support.hierarchical.HierarchicalTestExecutor.execute(HierarchicalTestExecutor.java:57)
	at org.junit.platform.engine.support.hierarchical.HierarchicalTestEngine.execute(HierarchicalTestEngine.java:54)
	at org.junit.platform.launcher.core.EngineExecutionOrchestrator.execute(EngineExecutionOrchestrator.java:198)
	at org.junit.platform.launcher.core.EngineExecutionOrchestrator.execute(EngineExecutionOrchestrator.java:169)
	at org.junit.platform.launcher.core.EngineExecutionOrchestrator.execute(EngineExecutionOrchestrator.java:93)
	at org.junit.platform.launcher.core.EngineExecutionOrchestrator.lambda$execute$0(EngineExecutionOrchestrator.java:58)
	at org.junit.platform.launcher.core.EngineExecutionOrchestrator.withInterceptedStreams(EngineExecutionOrchestrator.java:141)
	at org.junit.platform.launcher.core.EngineExecutionOrchestrator.execute(EngineExecutionOrchestrator.java:57)
	at org.junit.platform.launcher.core.DefaultLauncher.execute(DefaultLauncher.java:103)
	at org.junit.platform.launcher.core.DefaultLauncher.execute(DefaultLauncher.java:85)
	at org.junit.platform.launcher.core.DelegatingLauncher.execute(DelegatingLauncher.java:47)
	at org.junit.platform.launcher.core.SessionPerRequestLauncher.execute(SessionPerRequestLauncher.java:63)
	at com.intellij.junit5.JUnit5IdeaTestRunner.startRunnerWithArgs(JUnit5IdeaTestRunner.java:66)
	at com.intellij.rt.junit.IdeaTestRunner$Repeater$1.execute(IdeaTestRunner.java:38)
	at com.intellij.rt.execution.junit.TestsRepeater.repeat(TestsRepeater.java:11)
	at com.intellij.rt.junit.IdeaTestRunner$Repeater.startRunnerWithArgs(IdeaTestRunner.java:35)
	at com.intellij.rt.junit.JUnitStarter.prepareStreamsAndStart(JUnitStarter.java:231)
	at com.intellij.rt.junit.JUnitStarter.main(JUnitStarter.java:55)
2026-04-15 18:48:54.936 [main] DEBUG c.appointmentscheduler.application.AuditLogService - Audit: MODIFY | Pat | Appointment mid-email-fail to 2026-04-21T10:00 to 2026-04-21T11:00 | entity=mid-email-fail
2026-04-15 18:48:54.939 [main] DEBUG c.appointmentscheduler.application.AuditLogService - Audit: MODIFY | Pat | Appointment mid to 2026-04-19T10:00 to 2026-04-19T11:00 | entity=mid
2026-04-15 18:48:54.943 [main] DEBUG c.appointmentscheduler.application.AuditLogService - Audit: MODIFY | Pat | Appointment mod to 2026-04-20T10:00 to 2026-04-20T11:00 | entity=mod
2026-04-15 18:48:55.058 [main] DEBUG c.appointmentscheduler.application.AuditLogService - Audit: MODIFY | Pat | Appointment ev to 2026-04-20T10:00 to 2026-04-20T11:00 | entity=ev
2026-04-15 18:48:55.083 [main] DEBUG c.appointmentscheduler.application.AuditLogService - Audit: MODIFY | A | Appointment adm to 2026-04-20T10:00 to 2026-04-20T11:00 | entity=adm
2026-04-15 18:48:55.103 [main] DEBUG c.appointmentscheduler.application.AuditLogService - Audit: COMPLETE | A | Appointment ex marked COMPLETED | entity=ex
2026-04-15 18:48:55.106 [main] DEBUG c.appointmentscheduler.application.AuditLogService - Audit: COMPLETE | R | Appointment r1 marked COMPLETED | entity=r1
2026-04-15 18:48:55.119 [main] DEBUG c.appointmentscheduler.application.AuditLogService - Audit: COMPLETE | A | Appointment fixed-id marked COMPLETED | entity=fixed-id
2026-04-15 18:48:55.173 [main] DEBUG c.appointmentscheduler.application.AuditLogService - Audit: BOOK | Pat | Appointment 80e45c97-8f92-4657-a652-a635877dc7ca at 2026-04-23T10:00 to 2026-04-23T11:00 | entity=80e45c97-8f92-4657-a652-a635877dc7ca
2026-04-15 18:48:55.182 [main] DEBUG c.appointmentscheduler.application.AuditLogService - Audit: BOOK | Pat | Appointment 28f99048-8dad-4e51-a44e-14dde1498cc1 at 2026-04-25T10:00 to 2026-04-25T11:00 | entity=28f99048-8dad-4e51-a44e-14dde1498cc1
2026-04-15 18:48:55.185 [main] DEBUG c.appointmentscheduler.application.AuditLogService - Audit: BOOK | Pat | Appointment ea3b5c4e-d9cf-4166-9577-9a431b0e3860 at 2026-04-17T10:00 to 2026-04-17T11:00 | entity=ea3b5c4e-d9cf-4166-9577-9a431b0e3860
2026-04-15 18:48:55.195 [main] DEBUG c.appointmentscheduler.application.AuditLogService - Audit: BOOK | Pat | Appointment c5708d91-63cc-4234-9869-5d592c276755 at 2026-04-17T10:00 to 2026-04-17T11:00 | entity=c5708d91-63cc-4234-9869-5d592c276755
2026-04-15 18:48:55.208 [main] WARN  c.appointmentscheduler.application.BookingService - Booking confirmation email failed for appointment 88639ef0-5793-4df0-8a98-277574f8ddbd; booking remains saved.
java.lang.RuntimeException: smtp unavailable
	at com.appointmentscheduler@1.0-SNAPSHOT/com.appointmentscheduler.application.BookingService.sendBookingConfirmationEmail(BookingService.java:184)
	at com.appointmentscheduler@1.0-SNAPSHOT/com.appointmentscheduler.application.BookingService.tryBookWithReason(BookingService.java:128)
	at com.appointmentscheduler@1.0-SNAPSHOT/com.appointmentscheduler.application.BookingService.bookAppointment(BookingService.java:162)
	at com.appointmentscheduler@1.0-SNAPSHOT/com.appointmentscheduler.application.BookingService.bookAppointment(BookingService.java:79)
	at com.appointmentscheduler@1.0-SNAPSHOT/com.appointmentscheduler.application.BookingServiceTest$Booking.book_success_emailExceptionDoesNotFailBooking(BookingServiceTest.java:137)
	at java.base/jdk.internal.reflect.DirectMethodHandleAccessor.invoke(DirectMethodHandleAccessor.java:104)
	at java.base/java.lang.reflect.Method.invoke(Method.java:565)
	at org.junit.platform.commons.util.ReflectionUtils.invokeMethod(ReflectionUtils.java:728)
	at org.junit.jupiter.engine.execution.MethodInvocation.proceed(MethodInvocation.java:60)
	at org.junit.jupiter.engine.execution.InvocationInterceptorChain$ValidatingInvocation.proceed(InvocationInterceptorChain.java:131)
	at org.junit.jupiter.engine.extension.TimeoutExtension.intercept(TimeoutExtension.java:156)
	at org.junit.jupiter.engine.extension.TimeoutExtension.interceptTestableMethod(TimeoutExtension.java:147)
	at org.junit.jupiter.engine.extension.TimeoutExtension.interceptTestMethod(TimeoutExtension.java:86)
	at org.junit.jupiter.engine.execution.InterceptingExecutableInvoker$ReflectiveInterceptorCall.lambda$ofVoidMethod$0(InterceptingExecutableInvoker.java:103)
	at org.junit.jupiter.engine.execution.InterceptingExecutableInvoker.lambda$invoke$0(InterceptingExecutableInvoker.java:93)
	at org.junit.jupiter.engine.execution.InvocationInterceptorChain$InterceptedInvocation.proceed(InvocationInterceptorChain.java:106)
	at org.junit.jupiter.engine.execution.InvocationInterceptorChain.proceed(InvocationInterceptorChain.java:64)
	at org.junit.jupiter.engine.execution.InvocationInterceptorChain.chainAndInvoke(InvocationInterceptorChain.java:45)
	at org.junit.jupiter.engine.execution.InvocationInterceptorChain.invoke(InvocationInterceptorChain.java:37)
	at org.junit.jupiter.engine.execution.InterceptingExecutableInvoker.invoke(InterceptingExecutableInvoker.java:92)
	at org.junit.jupiter.engine.execution.InterceptingExecutableInvoker.invoke(InterceptingExecutableInvoker.java:86)
	at org.junit.jupiter.engine.descriptor.TestMethodTestDescriptor.lambda$invokeTestMethod$7(TestMethodTestDescriptor.java:218)
	at org.junit.platform.engine.support.hierarchical.ThrowableCollector.execute(ThrowableCollector.java:73)
	at org.junit.jupiter.engine.descriptor.TestMethodTestDescriptor.invokeTestMethod(TestMethodTestDescriptor.java:214)
	at org.junit.jupiter.engine.descriptor.TestMethodTestDescriptor.execute(TestMethodTestDescriptor.java:139)
	at org.junit.jupiter.engine.descriptor.TestMethodTestDescriptor.execute(TestMethodTestDescriptor.java:69)
	at org.junit.platform.engine.support.hierarchical.NodeTestTask.lambda$executeRecursively$6(NodeTestTask.java:151)
	at org.junit.platform.engine.support.hierarchical.ThrowableCollector.execute(ThrowableCollector.java:73)
	at org.junit.platform.engine.support.hierarchical.NodeTestTask.lambda$executeRecursively$8(NodeTestTask.java:141)
	at org.junit.platform.engine.support.hierarchical.Node.around(Node.java:137)
	at org.junit.platform.engine.support.hierarchical.NodeTestTask.lambda$executeRecursively$9(NodeTestTask.java:139)
	at org.junit.platform.engine.support.hierarchical.ThrowableCollector.execute(ThrowableCollector.java:73)
	at org.junit.platform.engine.support.hierarchical.NodeTestTask.executeRecursively(NodeTestTask.java:138)
	at org.junit.platform.engine.support.hierarchical.NodeTestTask.execute(NodeTestTask.java:95)
	at java.base/java.util.ArrayList.forEach(ArrayList.java:1604)
	at org.junit.platform.engine.support.hierarchical.SameThreadHierarchicalTestExecutorService.invokeAll(SameThreadHierarchicalTestExecutorService.java:41)
	at org.junit.platform.engine.support.hierarchical.NodeTestTask.lambda$executeRecursively$6(NodeTestTask.java:155)
	at org.junit.platform.engine.support.hierarchical.ThrowableCollector.execute(ThrowableCollector.java:73)
	at org.junit.platform.engine.support.hierarchical.NodeTestTask.lambda$executeRecursively$8(NodeTestTask.java:141)
	at org.junit.platform.engine.support.hierarchical.Node.around(Node.java:137)
	at org.junit.platform.engine.support.hierarchical.NodeTestTask.lambda$executeRecursively$9(NodeTestTask.java:139)
	at org.junit.platform.engine.support.hierarchical.ThrowableCollector.execute(ThrowableCollector.java:73)
	at org.junit.platform.engine.support.hierarchical.NodeTestTask.executeRecursively(NodeTestTask.java:138)
	at org.junit.platform.engine.support.hierarchical.NodeTestTask.execute(NodeTestTask.java:95)
	at java.base/java.util.ArrayList.forEach(ArrayList.java:1604)
	at org.junit.platform.engine.support.hierarchical.SameThreadHierarchicalTestExecutorService.invokeAll(SameThreadHierarchicalTestExecutorService.java:41)
	at org.junit.platform.engine.support.hierarchical.NodeTestTask.lambda$executeRecursively$6(NodeTestTask.java:155)
	at org.junit.platform.engine.support.hierarchical.ThrowableCollector.execute(ThrowableCollector.java:73)
	at org.junit.platform.engine.support.hierarchical.NodeTestTask.lambda$executeRecursively$8(NodeTestTask.java:141)
	at org.junit.platform.engine.support.hierarchical.Node.around(Node.java:137)
	at org.junit.platform.engine.support.hierarchical.NodeTestTask.lambda$executeRecursively$9(NodeTestTask.java:139)
	at org.junit.platform.engine.support.hierarchical.ThrowableCollector.execute(ThrowableCollector.java:73)
	at org.junit.platform.engine.support.hierarchical.NodeTestTask.executeRecursively(NodeTestTask.java:138)
	at org.junit.platform.engine.support.hierarchical.NodeTestTask.execute(NodeTestTask.java:95)
	at java.base/java.util.ArrayList.forEach(ArrayList.java:1604)
	at org.junit.platform.engine.support.hierarchical.SameThreadHierarchicalTestExecutorService.invokeAll(SameThreadHierarchicalTestExecutorService.java:41)
	at org.junit.platform.engine.support.hierarchical.NodeTestTask.lambda$executeRecursively$6(NodeTestTask.java:155)
	at org.junit.platform.engine.support.hierarchical.ThrowableCollector.execute(ThrowableCollector.java:73)
	at org.junit.platform.engine.support.hierarchical.NodeTestTask.lambda$executeRecursively$8(NodeTestTask.java:141)
	at org.junit.platform.engine.support.hierarchical.Node.around(Node.java:137)
	at org.junit.platform.engine.support.hierarchical.NodeTestTask.lambda$executeRecursively$9(NodeTestTask.java:139)
	at org.junit.platform.engine.support.hierarchical.ThrowableCollector.execute(ThrowableCollector.java:73)
	at org.junit.platform.engine.support.hierarchical.NodeTestTask.executeRecursively(NodeTestTask.java:138)
	at org.junit.platform.engine.support.hierarchical.NodeTestTask.execute(NodeTestTask.java:95)
	at org.junit.platform.engine.support.hierarchical.SameThreadHierarchicalTestExecutorService.submit(SameThreadHierarchicalTestExecutorService.java:35)
	at org.junit.platform.engine.support.hierarchical.HierarchicalTestExecutor.execute(HierarchicalTestExecutor.java:57)
	at org.junit.platform.engine.support.hierarchical.HierarchicalTestEngine.execute(HierarchicalTestEngine.java:54)
	at org.junit.platform.launcher.core.EngineExecutionOrchestrator.execute(EngineExecutionOrchestrator.java:198)
	at org.junit.platform.launcher.core.EngineExecutionOrchestrator.execute(EngineExecutionOrchestrator.java:169)
	at org.junit.platform.launcher.core.EngineExecutionOrchestrator.execute(EngineExecutionOrchestrator.java:93)
	at org.junit.platform.launcher.core.EngineExecutionOrchestrator.lambda$execute$0(EngineExecutionOrchestrator.java:58)
	at org.junit.platform.launcher.core.EngineExecutionOrchestrator.withInterceptedStreams(EngineExecutionOrchestrator.java:141)
	at org.junit.platform.launcher.core.EngineExecutionOrchestrator.execute(EngineExecutionOrchestrator.java:57)
	at org.junit.platform.launcher.core.DefaultLauncher.execute(DefaultLauncher.java:103)
	at org.junit.platform.launcher.core.DefaultLauncher.execute(DefaultLauncher.java:85)
	at org.junit.platform.launcher.core.DelegatingLauncher.execute(DelegatingLauncher.java:47)
	at org.junit.platform.launcher.core.SessionPerRequestLauncher.execute(SessionPerRequestLauncher.java:63)
	at com.intellij.junit5.JUnit5IdeaTestRunner.startRunnerWithArgs(JUnit5IdeaTestRunner.java:66)
	at com.intellij.rt.junit.IdeaTestRunner$Repeater$1.execute(IdeaTestRunner.java:38)
	at com.intellij.rt.execution.junit.TestsRepeater.repeat(TestsRepeater.java:11)
	at com.intellij.rt.junit.IdeaTestRunner$Repeater.startRunnerWithArgs(IdeaTestRunner.java:35)
	at com.intellij.rt.junit.JUnitStarter.prepareStreamsAndStart(JUnitStarter.java:231)
	at com.intellij.rt.junit.JUnitStarter.main(JUnitStarter.java:55)
2026-04-15 18:48:55.209 [main] DEBUG c.appointmentscheduler.application.AuditLogService - Audit: BOOK | Pat | Appointment 88639ef0-5793-4df0-8a98-277574f8ddbd at 2026-04-17T10:00 to 2026-04-17T11:00 | entity=88639ef0-5793-4df0-8a98-277574f8ddbd
2026-04-15 18:48:55.251 [main] DEBUG c.appointmentscheduler.application.AuditLogService - Audit: BOOK | Pat | Appointment 14e83418-7c76-45f1-8b1a-8cc53e861c63 at 2026-04-19T10:00 to 2026-04-19T11:00 | entity=14e83418-7c76-45f1-8b1a-8cc53e861c63
2026-04-15 18:48:55.942 [main] DEBUG c.a.domain.notifiers.SMSNotification - SMS reminder (stub): userId=1, messageLength=3
2026-04-15 18:48:55.943 [main] DEBUG c.a.domain.notifiers.SMSNotification - SMS reminder (stub): userId=2, messageLength=0
2026-04-15 18:48:55.944 [main] WARN  c.a.domain.notifiers.SMSNotification - SMS reminder skipped: user is null
2026-04-15 18:48:56.025 [main] WARN  c.appointmentscheduler.presentation.ErrorHandler - warn msg
2026-04-15 18:48:56.030 [JavaFX Application Thread] ERROR c.appointmentscheduler.presentation.ErrorHandler - msg with cause
java.lang.IllegalStateException: x
	at com.appointmentscheduler@1.0-SNAPSHOT/com.appointmentscheduler.presentation.ErrorHandlerTest.lambda$handle_withThrowable_andWithout_coversLoggingBranches$0(ErrorHandlerTest.java:56)
	at javafx.graphics/com.sun.javafx.application.PlatformImpl.lambda$runLater$10(PlatformImpl.java:457)
	at java.base/java.security.AccessController.doPrivileged(AccessController.java:138)
	at javafx.graphics/com.sun.javafx.application.PlatformImpl.lambda$runLater$11(PlatformImpl.java:456)
	at javafx.graphics/com.sun.glass.ui.InvokeLaterDispatcher$Future.run$$$capture(InvokeLaterDispatcher.java:96)
	at javafx.graphics/com.sun.glass.ui.InvokeLaterDispatcher$Future.run(InvokeLaterDispatcher.java)
	at javafx.graphics/com.sun.glass.ui.win.WinApplication._enterNestedEventLoopImpl(Native Method)
	at javafx.graphics/com.sun.glass.ui.win.WinApplication._enterNestedEventLoop(WinApplication.java:211)
	at javafx.graphics/com.sun.glass.ui.Application.enterNestedEventLoop(Application.java:515)
	at javafx.graphics/com.sun.glass.ui.EventLoop.enter(EventLoop.java:107)
	at javafx.graphics/com.sun.javafx.tk.quantum.QuantumToolkit.enterNestedEventLoop(QuantumToolkit.java:647)
	at javafx.graphics/javafx.stage.Stage.showAndWait(Stage.java:469)
	at javafx.controls/javafx.scene.control.HeavyweightDialog.showAndWait(HeavyweightDialog.java:162)
	at javafx.controls/javafx.scene.control.Dialog.showAndWait(Unknown Source)
	at com.appointmentscheduler@1.0-SNAPSHOT/com.appointmentscheduler.presentation.MainApp.showDatabaseNotConnectedWarning(MainApp.java:450)
	at com.appointmentscheduler@1.0-SNAPSHOT/com.appointmentscheduler.presentation.MainApp.lambda$initializeServices$1(MainApp.java:256)
	at javafx.graphics/com.sun.javafx.application.PlatformImpl.lambda$runLater$10(PlatformImpl.java:457)
	at java.base/java.security.AccessController.doPrivileged(AccessController.java:138)
	at javafx.graphics/com.sun.javafx.application.PlatformImpl.lambda$runLater$11(PlatformImpl.java:456)
	at javafx.graphics/com.sun.glass.ui.InvokeLaterDispatcher$Future.run$$$capture(InvokeLaterDispatcher.java:96)
	at javafx.graphics/com.sun.glass.ui.InvokeLaterDispatcher$Future.run(InvokeLaterDispatcher.java)
	at javafx.graphics/com.sun.glass.ui.win.WinApplication._enterNestedEventLoopImpl(Native Method)
	at javafx.graphics/com.sun.glass.ui.win.WinApplication._enterNestedEventLoop(WinApplication.java:211)
	at javafx.graphics/com.sun.glass.ui.Application.enterNestedEventLoop(Application.java:515)
	at javafx.graphics/com.sun.glass.ui.EventLoop.enter(EventLoop.java:107)
	at javafx.graphics/com.sun.javafx.tk.quantum.QuantumToolkit.enterNestedEventLoop(QuantumToolkit.java:647)
	at javafx.graphics/javafx.stage.Stage.showAndWait(Stage.java:469)
	at javafx.controls/javafx.scene.control.HeavyweightDialog.showAndWait(HeavyweightDialog.java:162)
	at javafx.controls/javafx.scene.control.Dialog.showAndWait(Unknown Source)
	at com.appointmentscheduler@1.0-SNAPSHOT/com.appointmentscheduler.presentation.ErrorHandler.showErrorOnFxThread(ErrorHandler.java:48)
	at com.appointmentscheduler@1.0-SNAPSHOT/com.appointmentscheduler.presentation.ErrorHandler.lambda$showError$0(ErrorHandler.java:34)
	at javafx.graphics/com.sun.javafx.application.PlatformImpl.lambda$runLater$10(PlatformImpl.java:457)
	at java.base/java.security.AccessController.doPrivileged(AccessController.java:138)
	at javafx.graphics/com.sun.javafx.application.PlatformImpl.lambda$runLater$11(PlatformImpl.java:456)
	at javafx.graphics/com.sun.glass.ui.InvokeLaterDispatcher$Future.run$$$capture(InvokeLaterDispatcher.java:96)
	at javafx.graphics/com.sun.glass.ui.InvokeLaterDispatcher$Future.run(InvokeLaterDispatcher.java)
	at javafx.graphics/com.sun.glass.ui.win.WinApplication._enterNestedEventLoopImpl(Native Method)
	at javafx.graphics/com.sun.glass.ui.win.WinApplication._enterNestedEventLoop(WinApplication.java:211)
	at javafx.graphics/com.sun.glass.ui.Application.enterNestedEventLoop(Application.java:515)
	at javafx.graphics/com.sun.glass.ui.EventLoop.enter(EventLoop.java:107)
	at javafx.graphics/com.sun.javafx.tk.quantum.QuantumToolkit.enterNestedEventLoop(QuantumToolkit.java:647)
	at javafx.graphics/javafx.stage.Stage.showAndWait(Stage.java:469)
	at javafx.controls/javafx.scene.control.HeavyweightDialog.showAndWait(HeavyweightDialog.java:162)
	at javafx.controls/javafx.scene.control.Dialog.showAndWait(Unknown Source)
	at com.appointmentscheduler@1.0-SNAPSHOT/com.appointmentscheduler.presentation.ErrorHandler.showErrorOnFxThread(ErrorHandler.java:48)
	at com.appointmentscheduler@1.0-SNAPSHOT/com.appointmentscheduler.presentation.ErrorHandler.lambda$showError$0(ErrorHandler.java:34)
	at javafx.graphics/com.sun.javafx.application.PlatformImpl.lambda$runLater$10(PlatformImpl.java:457)
	at java.base/java.security.AccessController.doPrivileged(AccessController.java:138)
	at javafx.graphics/com.sun.javafx.application.PlatformImpl.lambda$runLater$11(PlatformImpl.java:456)
	at javafx.graphics/com.sun.glass.ui.InvokeLaterDispatcher$Future.run$$$capture(InvokeLaterDispatcher.java:96)
	at javafx.graphics/com.sun.glass.ui.InvokeLaterDispatcher$Future.run(InvokeLaterDispatcher.java)
	at javafx.graphics/com.sun.glass.ui.win.WinApplication._enterNestedEventLoopImpl(Native Method)
	at javafx.graphics/com.sun.glass.ui.win.WinApplication._enterNestedEventLoop(WinApplication.java:211)
	at javafx.graphics/com.sun.glass.ui.Application.enterNestedEventLoop(Application.java:515)
	at javafx.graphics/com.sun.glass.ui.EventLoop.enter(EventLoop.java:107)
	at javafx.graphics/com.sun.javafx.tk.quantum.QuantumToolkit.enterNestedEventLoop(QuantumToolkit.java:647)
	at javafx.graphics/javafx.stage.Stage.showAndWait(Stage.java:469)
	at javafx.controls/javafx.scene.control.HeavyweightDialog.showAndWait(HeavyweightDialog.java:162)
	at javafx.controls/javafx.scene.control.Dialog.showAndWait(Unknown Source)
	at com.appointmentscheduler@1.0-SNAPSHOT/com.appointmentscheduler.presentation.ErrorHandler.showErrorOnFxThread(ErrorHandler.java:48)
	at com.appointmentscheduler@1.0-SNAPSHOT/com.appointmentscheduler.presentation.ErrorHandler.lambda$showError$0(ErrorHandler.java:34)
	at javafx.graphics/com.sun.javafx.application.PlatformImpl.lambda$runLater$10(PlatformImpl.java:457)
	at java.base/java.security.AccessController.doPrivileged(AccessController.java:138)
	at javafx.graphics/com.sun.javafx.application.PlatformImpl.lambda$runLater$11(PlatformImpl.java:456)
	at javafx.graphics/com.sun.glass.ui.InvokeLaterDispatcher$Future.run$$$capture(InvokeLaterDispatcher.java:96)
	at javafx.graphics/com.sun.glass.ui.InvokeLaterDispatcher$Future.run(InvokeLaterDispatcher.java)
	at javafx.graphics/com.sun.glass.ui.win.WinApplication._enterNestedEventLoopImpl(Native Method)
	at javafx.graphics/com.sun.glass.ui.win.WinApplication._enterNestedEventLoop(WinApplication.java:211)
	at javafx.graphics/com.sun.glass.ui.Application.enterNestedEventLoop(Application.java:515)
	at javafx.graphics/com.sun.glass.ui.EventLoop.enter(EventLoop.java:107)
	at javafx.graphics/com.sun.javafx.tk.quantum.QuantumToolkit.enterNestedEventLoop(QuantumToolkit.java:647)
	at javafx.graphics/javafx.stage.Stage.showAndWait(Stage.java:469)
	at javafx.controls/javafx.scene.control.HeavyweightDialog.showAndWait(HeavyweightDialog.java:162)
	at javafx.controls/javafx.scene.control.Dialog.showAndWait(Unknown Source)
	at com.appointmentscheduler@1.0-SNAPSHOT/com.appointmentscheduler.presentation.ErrorHandler.showErrorOnFxThread(ErrorHandler.java:48)
	at com.appointmentscheduler@1.0-SNAPSHOT/com.appointmentscheduler.presentation.ErrorHandler.lambda$showError$0(ErrorHandler.java:34)
	at javafx.graphics/com.sun.javafx.application.PlatformImpl.lambda$runLater$10(PlatformImpl.java:457)
	at java.base/java.security.AccessController.doPrivileged(AccessController.java:138)
	at javafx.graphics/com.sun.javafx.application.PlatformImpl.lambda$runLater$11(PlatformImpl.java:456)
	at javafx.graphics/com.sun.glass.ui.InvokeLaterDispatcher$Future.run$$$capture(InvokeLaterDispatcher.java:96)
	at javafx.graphics/com.sun.glass.ui.InvokeLaterDispatcher$Future.run(InvokeLaterDispatcher.java)
	at javafx.graphics/com.sun.glass.ui.win.WinApplication._enterNestedEventLoopImpl(Native Method)
	at javafx.graphics/com.sun.glass.ui.win.WinApplication._enterNestedEventLoop(WinApplication.java:211)
	at javafx.graphics/com.sun.glass.ui.Application.enterNestedEventLoop(Application.java:515)
	at javafx.graphics/com.sun.glass.ui.EventLoop.enter(EventLoop.java:107)
	at javafx.graphics/com.sun.javafx.tk.quantum.QuantumToolkit.enterNestedEventLoop(QuantumToolkit.java:647)
	at javafx.graphics/javafx.stage.Stage.showAndWait(Stage.java:469)
	at javafx.controls/javafx.scene.control.HeavyweightDialog.showAndWait(HeavyweightDialog.java:162)
	at javafx.controls/javafx.scene.control.Dialog.showAndWait(Unknown Source)
	at com.appointmentscheduler@1.0-SNAPSHOT/com.appointmentscheduler.presentation.ErrorHandler.showErrorOnFxThread(ErrorHandler.java:48)
	at com.appointmentscheduler@1.0-SNAPSHOT/com.appointmentscheduler.presentation.ErrorHandler.lambda$showError$0(ErrorHandler.java:34)
	at javafx.graphics/com.sun.javafx.application.PlatformImpl.lambda$runLater$10(PlatformImpl.java:457)
	at java.base/java.security.AccessController.doPrivileged(AccessController.java:138)
	at javafx.graphics/com.sun.javafx.application.PlatformImpl.lambda$runLater$11(PlatformImpl.java:456)
	at javafx.graphics/com.sun.glass.ui.InvokeLaterDispatcher$Future.run$$$capture(InvokeLaterDispatcher.java:96)
	at javafx.graphics/com.sun.glass.ui.InvokeLaterDispatcher$Future.run(InvokeLaterDispatcher.java)
	at javafx.graphics/com.sun.glass.ui.win.WinApplication._enterNestedEventLoopImpl(Native Method)
	at javafx.graphics/com.sun.glass.ui.win.WinApplication._enterNestedEventLoop(WinApplication.java:211)
	at javafx.graphics/com.sun.glass.ui.Application.enterNestedEventLoop(Application.java:515)
	at javafx.graphics/com.sun.glass.ui.EventLoop.enter(EventLoop.java:107)
	at javafx.graphics/com.sun.javafx.tk.quantum.QuantumToolkit.enterNestedEventLoop(QuantumToolkit.java:647)
	at javafx.graphics/javafx.stage.Stage.showAndWait(Stage.java:469)
	at javafx.controls/javafx.scene.control.HeavyweightDialog.showAndWait(HeavyweightDialog.java:162)
	at javafx.controls/javafx.scene.control.Dialog.showAndWait(Unknown Source)
	at com.appointmentscheduler@1.0-SNAPSHOT/com.appointmentscheduler.presentation.ErrorHandler.showErrorOnFxThread(ErrorHandler.java:48)
	at com.appointmentscheduler@1.0-SNAPSHOT/com.appointmentscheduler.presentation.ErrorHandler.lambda$showError$0(ErrorHandler.java:34)
	at javafx.graphics/com.sun.javafx.application.PlatformImpl.lambda$runLater$10(PlatformImpl.java:457)
	at java.base/java.security.AccessController.doPrivileged(AccessController.java:138)
	at javafx.graphics/com.sun.javafx.application.PlatformImpl.lambda$runLater$11(PlatformImpl.java:456)
	at javafx.graphics/com.sun.glass.ui.InvokeLaterDispatcher$Future.run$$$capture(InvokeLaterDispatcher.java:96)
	at javafx.graphics/com.sun.glass.ui.InvokeLaterDispatcher$Future.run(InvokeLaterDispatcher.java)
	at javafx.graphics/com.sun.glass.ui.win.WinApplication._enterNestedEventLoopImpl(Native Method)
	at javafx.graphics/com.sun.glass.ui.win.WinApplication._enterNestedEventLoop(WinApplication.java:211)
	at javafx.graphics/com.sun.glass.ui.Application.enterNestedEventLoop(Application.java:515)
	at javafx.graphics/com.sun.glass.ui.EventLoop.enter(EventLoop.java:107)
	at javafx.graphics/com.sun.javafx.tk.quantum.QuantumToolkit.enterNestedEventLoop(QuantumToolkit.java:647)
	at javafx.graphics/javafx.stage.Stage.showAndWait(Stage.java:469)
	at javafx.controls/javafx.scene.control.HeavyweightDialog.showAndWait(HeavyweightDialog.java:162)
	at javafx.controls/javafx.scene.control.Dialog.showAndWait(Unknown Source)
	at com.appointmentscheduler@1.0-SNAPSHOT/com.appointmentscheduler.presentation.ErrorHandler.showErrorOnFxThread(ErrorHandler.java:48)
	at com.appointmentscheduler@1.0-SNAPSHOT/com.appointmentscheduler.presentation.ErrorHandler.lambda$showError$0(ErrorHandler.java:34)
	at javafx.graphics/com.sun.javafx.application.PlatformImpl.lambda$runLater$10(PlatformImpl.java:457)
	at java.base/java.security.AccessController.doPrivileged(AccessController.java:138)
	at javafx.graphics/com.sun.javafx.application.PlatformImpl.lambda$runLater$11(PlatformImpl.java:456)
	at javafx.graphics/com.sun.glass.ui.InvokeLaterDispatcher$Future.run$$$capture(InvokeLaterDispatcher.java:96)
	at javafx.graphics/com.sun.glass.ui.InvokeLaterDispatcher$Future.run(InvokeLaterDispatcher.java)
	at javafx.graphics/com.sun.glass.ui.win.WinApplication._enterNestedEventLoopImpl(Native Method)
	at javafx.graphics/com.sun.glass.ui.win.WinApplication._enterNestedEventLoop(WinApplication.java:211)
	at javafx.graphics/com.sun.glass.ui.Application.enterNestedEventLoop(Application.java:515)
	at javafx.graphics/com.sun.glass.ui.EventLoop.enter(EventLoop.java:107)
	at javafx.graphics/com.sun.javafx.tk.quantum.QuantumToolkit.enterNestedEventLoop(QuantumToolkit.java:647)
	at javafx.graphics/javafx.stage.Stage.showAndWait(Stage.java:469)
	at javafx.controls/javafx.scene.control.HeavyweightDialog.showAndWait(HeavyweightDialog.java:162)
	at javafx.controls/javafx.scene.control.Dialog.showAndWait(Unknown Source)
	at com.appointmentscheduler@1.0-SNAPSHOT/com.appointmentscheduler.presentation.ErrorHandler.showErrorOnFxThread(ErrorHandler.java:48)
	at com.appointmentscheduler@1.0-SNAPSHOT/com.appointmentscheduler.presentation.ErrorHandler.lambda$showError$0(ErrorHandler.java:34)
	at javafx.graphics/com.sun.javafx.application.PlatformImpl.lambda$runLater$10(PlatformImpl.java:457)
	at java.base/java.security.AccessController.doPrivileged(AccessController.java:138)
	at javafx.graphics/com.sun.javafx.application.PlatformImpl.lambda$runLater$11(PlatformImpl.java:456)
	at javafx.graphics/com.sun.glass.ui.InvokeLaterDispatcher$Future.run$$$capture(InvokeLaterDispatcher.java:96)
	at javafx.graphics/com.sun.glass.ui.InvokeLaterDispatcher$Future.run(InvokeLaterDispatcher.java)
	at javafx.graphics/com.sun.glass.ui.win.WinApplication._enterNestedEventLoopImpl(Native Method)
	at javafx.graphics/com.sun.glass.ui.win.WinApplication._enterNestedEventLoop(WinApplication.java:211)
	at javafx.graphics/com.sun.glass.ui.Application.enterNestedEventLoop(Application.java:515)
	at javafx.graphics/com.sun.glass.ui.EventLoop.enter(EventLoop.java:107)
	at javafx.graphics/com.sun.javafx.tk.quantum.QuantumToolkit.enterNestedEventLoop(QuantumToolkit.java:647)
	at javafx.graphics/javafx.stage.Stage.showAndWait(Stage.java:469)
	at javafx.controls/javafx.scene.control.HeavyweightDialog.showAndWait(HeavyweightDialog.java:162)
	at javafx.controls/javafx.scene.control.Dialog.showAndWait(Unknown Source)
	at com.appointmentscheduler@1.0-SNAPSHOT/com.appointmentscheduler.presentation.ErrorHandler.showErrorOnFxThread(ErrorHandler.java:48)
	at com.appointmentscheduler@1.0-SNAPSHOT/com.appointmentscheduler.presentation.ErrorHandler.lambda$showError$0(ErrorHandler.java:34)
	at javafx.graphics/com.sun.javafx.application.PlatformImpl.lambda$runLater$10(PlatformImpl.java:457)
	at java.base/java.security.AccessController.doPrivileged(AccessController.java:138)
	at javafx.graphics/com.sun.javafx.application.PlatformImpl.lambda$runLater$11(PlatformImpl.java:456)
	at javafx.graphics/com.sun.glass.ui.InvokeLaterDispatcher$Future.run$$$capture(InvokeLaterDispatcher.java:96)
	at javafx.graphics/com.sun.glass.ui.InvokeLaterDispatcher$Future.run(InvokeLaterDispatcher.java)
	at javafx.graphics/com.sun.glass.ui.win.WinApplication._runLoop(Native Method)
	at javafx.graphics/com.sun.glass.ui.win.WinApplication.lambda$runLoop$3(WinApplication.java:184)
	at java.base/java.lang.Thread.run(Thread.java:1474)
2026-04-15 18:48:56.032 [JavaFX Application Thread] ERROR c.appointmentscheduler.presentation.ErrorHandler - msg no cause
2026-04-15 18:48:56.042 [main] WARN  c.appointmentscheduler.presentation.ErrorHandler - warn msg
java.io.IOException: boom
	at com.appointmentscheduler@1.0-SNAPSHOT/com.appointmentscheduler.presentation.ErrorHandlerTest.lambda$logWarning_withThrowable_doesNotThrow$0(ErrorHandlerTest.java:48)
	at org.assertj.core.api.ThrowableAssert.catchThrowable(ThrowableAssert.java:63)
	at org.assertj.core.api.AssertionsForClassTypes.catchThrowable(AssertionsForClassTypes.java:892)
	at org.assertj.core.api.AssertionsForClassTypes.assertThatCode(AssertionsForClassTypes.java:863)
	at org.assertj.core.api.Assertions.assertThatCode(Assertions.java:1287)
	at com.appointmentscheduler@1.0-SNAPSHOT/com.appointmentscheduler.presentation.ErrorHandlerTest.logWarning_withThrowable_doesNotThrow(ErrorHandlerTest.java:48)
	at java.base/jdk.internal.reflect.DirectMethodHandleAccessor.invoke(DirectMethodHandleAccessor.java:104)
	at java.base/java.lang.reflect.Method.invoke(Method.java:565)
	at org.junit.platform.commons.util.ReflectionUtils.invokeMethod(ReflectionUtils.java:728)
	at org.junit.jupiter.engine.execution.MethodInvocation.proceed(MethodInvocation.java:60)
	at org.junit.jupiter.engine.execution.InvocationInterceptorChain$ValidatingInvocation.proceed(InvocationInterceptorChain.java:131)
	at org.junit.jupiter.engine.extension.TimeoutExtension.intercept(TimeoutExtension.java:156)
	at org.junit.jupiter.engine.extension.TimeoutExtension.interceptTestableMethod(TimeoutExtension.java:147)
	at org.junit.jupiter.engine.extension.TimeoutExtension.interceptTestMethod(TimeoutExtension.java:86)
	at org.junit.jupiter.engine.execution.InterceptingExecutableInvoker$ReflectiveInterceptorCall.lambda$ofVoidMethod$0(InterceptingExecutableInvoker.java:103)
	at org.junit.jupiter.engine.execution.InterceptingExecutableInvoker.lambda$invoke$0(InterceptingExecutableInvoker.java:93)
	at org.junit.jupiter.engine.execution.InvocationInterceptorChain$InterceptedInvocation.proceed(InvocationInterceptorChain.java:106)
	at org.junit.jupiter.engine.execution.InvocationInterceptorChain.proceed(InvocationInterceptorChain.java:64)
	at org.junit.jupiter.engine.execution.InvocationInterceptorChain.chainAndInvoke(InvocationInterceptorChain.java:45)
	at org.junit.jupiter.engine.execution.InvocationInterceptorChain.invoke(InvocationInterceptorChain.java:37)
	at org.junit.jupiter.engine.execution.InterceptingExecutableInvoker.invoke(InterceptingExecutableInvoker.java:92)
	at org.junit.jupiter.engine.execution.InterceptingExecutableInvoker.invoke(InterceptingExecutableInvoker.java:86)
	at org.junit.jupiter.engine.descriptor.TestMethodTestDescriptor.lambda$invokeTestMethod$7(TestMethodTestDescriptor.java:218)
	at org.junit.platform.engine.support.hierarchical.ThrowableCollector.execute(ThrowableCollector.java:73)
	at org.junit.jupiter.engine.descriptor.TestMethodTestDescriptor.invokeTestMethod(TestMethodTestDescriptor.java:214)
	at org.junit.jupiter.engine.descriptor.TestMethodTestDescriptor.execute(TestMethodTestDescriptor.java:139)
	at org.junit.jupiter.engine.descriptor.TestMethodTestDescriptor.execute(TestMethodTestDescriptor.java:69)
	at org.junit.platform.engine.support.hierarchical.NodeTestTask.lambda$executeRecursively$6(NodeTestTask.java:151)
	at org.junit.platform.engine.support.hierarchical.ThrowableCollector.execute(ThrowableCollector.java:73)
	at org.junit.platform.engine.support.hierarchical.NodeTestTask.lambda$executeRecursively$8(NodeTestTask.java:141)
	at org.junit.platform.engine.support.hierarchical.Node.around(Node.java:137)
	at org.junit.platform.engine.support.hierarchical.NodeTestTask.lambda$executeRecursively$9(NodeTestTask.java:139)
	at org.junit.platform.engine.support.hierarchical.ThrowableCollector.execute(ThrowableCollector.java:73)
	at org.junit.platform.engine.support.hierarchical.NodeTestTask.executeRecursively(NodeTestTask.java:138)
	at org.junit.platform.engine.support.hierarchical.NodeTestTask.execute(NodeTestTask.java:95)
	at java.base/java.util.ArrayList.forEach(ArrayList.java:1604)
	at org.junit.platform.engine.support.hierarchical.SameThreadHierarchicalTestExecutorService.invokeAll(SameThreadHierarchicalTestExecutorService.java:41)
	at org.junit.platform.engine.support.hierarchical.NodeTestTask.lambda$executeRecursively$6(NodeTestTask.java:155)
	at org.junit.platform.engine.support.hierarchical.ThrowableCollector.execute(ThrowableCollector.java:73)
	at org.junit.platform.engine.support.hierarchical.NodeTestTask.lambda$executeRecursively$8(NodeTestTask.java:141)
	at org.junit.platform.engine.support.hierarchical.Node.around(Node.java:137)
	at org.junit.platform.engine.support.hierarchical.NodeTestTask.lambda$executeRecursively$9(NodeTestTask.java:139)
	at org.junit.platform.engine.support.hierarchical.ThrowableCollector.execute(ThrowableCollector.java:73)
	at org.junit.platform.engine.support.hierarchical.NodeTestTask.executeRecursively(NodeTestTask.java:138)
	at org.junit.platform.engine.support.hierarchical.NodeTestTask.execute(NodeTestTask.java:95)
	at java.base/java.util.ArrayList.forEach(ArrayList.java:1604)
	at org.junit.platform.engine.support.hierarchical.SameThreadHierarchicalTestExecutorService.invokeAll(SameThreadHierarchicalTestExecutorService.java:41)
	at org.junit.platform.engine.support.hierarchical.NodeTestTask.lambda$executeRecursively$6(NodeTestTask.java:155)
	at org.junit.platform.engine.support.hierarchical.ThrowableCollector.execute(ThrowableCollector.java:73)
	at org.junit.platform.engine.support.hierarchical.NodeTestTask.lambda$executeRecursively$8(NodeTestTask.java:141)
	at org.junit.platform.engine.support.hierarchical.Node.around(Node.java:137)
	at org.junit.platform.engine.support.hierarchical.NodeTestTask.lambda$executeRecursively$9(NodeTestTask.java:139)
	at org.junit.platform.engine.support.hierarchical.ThrowableCollector.execute(ThrowableCollector.java:73)
	at org.junit.platform.engine.support.hierarchical.NodeTestTask.executeRecursively(NodeTestTask.java:138)
	at org.junit.platform.engine.support.hierarchical.NodeTestTask.execute(NodeTestTask.java:95)
	at org.junit.platform.engine.support.hierarchical.SameThreadHierarchicalTestExecutorService.submit(SameThreadHierarchicalTestExecutorService.java:35)
	at org.junit.platform.engine.support.hierarchical.HierarchicalTestExecutor.execute(HierarchicalTestExecutor.java:57)
	at org.junit.platform.engine.support.hierarchical.HierarchicalTestEngine.execute(HierarchicalTestEngine.java:54)
	at org.junit.platform.launcher.core.EngineExecutionOrchestrator.execute(EngineExecutionOrchestrator.java:198)
	at org.junit.platform.launcher.core.EngineExecutionOrchestrator.execute(EngineExecutionOrchestrator.java:169)
	at org.junit.platform.launcher.core.EngineExecutionOrchestrator.execute(EngineExecutionOrchestrator.java:93)
	at org.junit.platform.launcher.core.EngineExecutionOrchestrator.lambda$execute$0(EngineExecutionOrchestrator.java:58)
	at org.junit.platform.launcher.core.EngineExecutionOrchestrator.withInterceptedStreams(EngineExecutionOrchestrator.java:141)
	at org.junit.platform.launcher.core.EngineExecutionOrchestrator.execute(EngineExecutionOrchestrator.java:57)
	at org.junit.platform.launcher.core.DefaultLauncher.execute(DefaultLauncher.java:103)
	at org.junit.platform.launcher.core.DefaultLauncher.execute(DefaultLauncher.java:85)
	at org.junit.platform.launcher.core.DelegatingLauncher.execute(DelegatingLauncher.java:47)
	at org.junit.platform.launcher.core.SessionPerRequestLauncher.execute(SessionPerRequestLauncher.java:63)
	at com.intellij.junit5.JUnit5IdeaTestRunner.startRunnerWithArgs(JUnit5IdeaTestRunner.java:66)
	at com.intellij.rt.junit.IdeaTestRunner$Repeater$1.execute(IdeaTestRunner.java:38)
	at com.intellij.rt.execution.junit.TestsRepeater.repeat(TestsRepeater.java:11)
	at com.intellij.rt.junit.IdeaTestRunner$Repeater.startRunnerWithArgs(IdeaTestRunner.java:35)
	at com.intellij.rt.junit.JUnitStarter.prepareStreamsAndStart(JUnitStarter.java:231)
	at com.intellij.rt.junit.JUnitStarter.main(JUnitStarter.java:55)
2026-04-15 18:49:00.902 [JavaFX Application Thread] INFO  com.appointmentscheduler.presentation.MainApp - Using database persistence (MySQL). User and appointment data will be saved.
2026-04-15 18:49:00.902 [JavaFX Application Thread] DEBUG c.a.application.AppointmentReminderService - Registered reminder channel: SMSNotification
2026-04-15 18:49:01.338 [JavaFX Application Thread] INFO  com.appointmentscheduler.presentation.MainApp - User admin@admin.com was User; converted to ADMINISTRATOR with default password (startup repair).
2026-04-15 18:49:01.338 [JavaFX Application Thread] INFO  com.appointmentscheduler.presentation.MainApp - Starting Appointment Booking System v3.0.0
2026-04-15 18:49:04.355 [JavaFX Application Thread] INFO  com.appointmentscheduler.presentation.MainApp - Using database persistence (MySQL). User and appointment data will be saved.
2026-04-15 18:49:04.356 [JavaFX Application Thread] DEBUG c.a.application.AppointmentReminderService - Registered reminder channel: SMSNotification
2026-04-15 18:49:04.830 [JavaFX Application Thread] INFO  com.appointmentscheduler.presentation.MainApp - Starting Appointment Booking System v3.0.0
2026-04-15 18:49:06.600 [JavaFX Application Thread] INFO  com.appointmentscheduler.presentation.MainApp - Using database persistence (MySQL). User and appointment data will be saved.
2026-04-15 18:49:06.600 [JavaFX Application Thread] DEBUG c.a.application.AppointmentReminderService - Registered reminder channel: SMSNotification
2026-04-15 18:49:07.112 [JavaFX Application Thread] INFO  com.appointmentscheduler.presentation.MainApp - Starting Appointment Booking System v3.0.0
2026-04-15 18:49:08.615 [main] DEBUG com.appointmentscheduler.application.AppConfig - Application configuration loaded
2026-04-15 18:49:08.616 [main] DEBUG com.appointmentscheduler.application.AppConfig - Merged application-local.properties
2026-04-15 18:49:08.619 [main] DEBUG com.appointmentscheduler.application.AppConfig - Application configuration loaded
2026-04-15 18:49:08.619 [main] DEBUG com.appointmentscheduler.application.AppConfig - Merged application-local.properties
2026-04-15 18:49:08.624 [main] DEBUG com.appointmentscheduler.application.AppConfig - Application configuration loaded
2026-04-15 18:49:08.626 [main] DEBUG com.appointmentscheduler.application.AppConfig - Merged application-local.properties
2026-04-15 18:49:08.656 [main] DEBUG c.appointmentscheduler.application.AuditLogService - Audit: ACT | System | details
2026-04-15 18:49:08.656 [main] DEBUG c.appointmentscheduler.application.AuditLogService - Audit: ACT2 | name | details2
2026-04-15 18:49:08.657 [main] DEBUG com.appointmentscheduler.application.AppConfig - Application configuration loaded
2026-04-15 18:49:08.657 [main] DEBUG com.appointmentscheduler.application.AppConfig - Merged application-local.properties
2026-04-15 18:49:08.660 [main] DEBUG com.appointmentscheduler.application.AppConfig - Application configuration loaded
2026-04-15 18:49:08.660 [main] DEBUG com.appointmentscheduler.application.AppConfig - Merged application-local.properties
2026-04-15 18:49:08.693 [main] DEBUG com.appointmentscheduler.application.AppConfig - Application configuration loaded
2026-04-15 18:49:08.694 [main] DEBUG com.appointmentscheduler.application.AppConfig - Merged application-local.properties
2026-04-15 18:49:08.695 [main] DEBUG com.appointmentscheduler.application.AppConfig - Application configuration loaded
2026-04-15 18:49:08.697 [main] DEBUG com.appointmentscheduler.application.AppConfig - Merged application-local.properties
2026-04-15 18:49:08.704 [main] DEBUG com.appointmentscheduler.application.AppConfig - Application configuration loaded
2026-04-15 18:49:08.704 [main] DEBUG com.appointmentscheduler.application.AppConfig - Merged application-local.properties
2026-04-15 18:49:08.737 [main] DEBUG c.appointmentscheduler.application.AuditLogService - Audit: EXPIRE | System | Appointment pnd auto-expired
2026-04-15 18:49:08.739 [main] DEBUG c.appointmentscheduler.application.AuditLogService - Audit: EXPIRE | System | Appointment a1 auto-expired
2026-04-15 18:49:08.940 [main] DEBUG c.appointmentscheduler.application.AuditLogService - Audit: CANCEL_RECURRENCE_SINGLE | N | Occurrence sid_1776510000 | entity=sid_1776510000
2026-04-15 18:49:08.946 [main] DEBUG c.appointmentscheduler.application.AuditLogService - Audit: CANCEL_RECURRENCE_SERIES | N | Series SER123 occurrence a1 | entity=a1
2026-04-15 18:49:08.946 [main] DEBUG c.appointmentscheduler.application.AuditLogService - Audit: CANCEL_RECURRENCE_SERIES | N | Series SER123 occurrence a2 | entity=a2
2026-04-15 18:49:09.000 [main] DEBUG com.appointmentscheduler.application.AppConfig - Application configuration loaded
2026-04-15 18:49:09.002 [main] DEBUG com.appointmentscheduler.application.AppConfig - Merged application-local.properties
2026-04-15 18:49:09.004 [main] DEBUG com.appointmentscheduler.application.AppConfig - Application configuration loaded
2026-04-15 18:49:09.004 [main] DEBUG com.appointmentscheduler.application.AppConfig - Merged application-local.properties
2026-04-15 18:49:09.007 [main] DEBUG com.appointmentscheduler.application.AppConfig - Application configuration loaded
2026-04-15 18:49:09.008 [main] DEBUG com.appointmentscheduler.application.AppConfig - Merged application-local.properties
2026-04-15 18:49:09.010 [main] DEBUG com.appointmentscheduler.application.AppConfig - Application configuration loaded
2026-04-15 18:49:09.010 [main] DEBUG com.appointmentscheduler.application.AppConfig - Merged application-local.properties
2026-04-15 18:49:09.011 [main] DEBUG com.appointmentscheduler.application.AppConfig - Application configuration loaded
2026-04-15 18:49:09.012 [main] DEBUG com.appointmentscheduler.application.AppConfig - Merged application-local.properties
2026-04-15 18:49:09.015 [main] DEBUG com.appointmentscheduler.application.AppConfig - Application configuration loaded
2026-04-15 18:49:09.017 [main] DEBUG com.appointmentscheduler.application.AppConfig - Merged application-local.properties
2026-04-15 18:49:09.022 [main] DEBUG com.appointmentscheduler.application.AppConfig - Application configuration loaded
2026-04-15 18:49:09.023 [main] DEBUG com.appointmentscheduler.application.AppConfig - Merged application-local.properties
2026-04-15 18:49:09.024 [main] DEBUG com.appointmentscheduler.application.AppConfig - Application configuration loaded
2026-04-15 18:49:09.025 [main] DEBUG com.appointmentscheduler.application.AppConfig - Merged application-local.properties
2026-04-15 18:49:09.026 [main] DEBUG com.appointmentscheduler.application.AppConfig - Application configuration loaded
2026-04-15 18:49:09.027 [main] DEBUG com.appointmentscheduler.application.AppConfig - Merged application-local.properties
2026-04-15 18:49:09.031 [main] DEBUG com.appointmentscheduler.application.AppConfig - Application configuration loaded
2026-04-15 18:49:09.034 [main] DEBUG com.appointmentscheduler.application.AppConfig - Merged application-local.properties
2026-04-15 18:49:09.039 [main] DEBUG com.appointmentscheduler.application.AppConfig - Application configuration loaded
2026-04-15 18:49:09.040 [main] DEBUG com.appointmentscheduler.application.AppConfig - Merged application-local.properties
2026-04-15 18:49:09.041 [main] DEBUG com.appointmentscheduler.application.AppConfig - Application configuration loaded
2026-04-15 18:49:09.042 [main] DEBUG com.appointmentscheduler.application.AppConfig - Merged application-local.properties
2026-04-15 18:49:09.043 [main] DEBUG com.appointmentscheduler.application.AppConfig - Application configuration loaded
2026-04-15 18:49:09.043 [main] DEBUG com.appointmentscheduler.application.AppConfig - Merged application-local.properties
2026-04-15 18:49:09.045 [main] DEBUG com.appointmentscheduler.application.AppConfig - Application configuration loaded
2026-04-15 18:49:09.046 [main] DEBUG com.appointmentscheduler.application.AppConfig - Merged application-local.properties
2026-04-15 18:49:09.048 [main] DEBUG com.appointmentscheduler.application.AppConfig - Application configuration loaded
2026-04-15 18:49:09.050 [main] DEBUG com.appointmentscheduler.application.AppConfig - Merged application-local.properties
2026-04-15 18:49:09.051 [main] DEBUG com.appointmentscheduler.application.AppConfig - Application configuration loaded
2026-04-15 18:49:09.052 [main] DEBUG com.appointmentscheduler.application.AppConfig - Merged application-local.properties
2026-04-15 18:49:09.053 [main] DEBUG com.appointmentscheduler.application.AppConfig - Application configuration loaded
2026-04-15 18:49:09.054 [main] DEBUG com.appointmentscheduler.application.AppConfig - Merged application-local.properties
2026-04-15 18:49:09.058 [main] DEBUG com.appointmentscheduler.application.AppConfig - Application configuration loaded
2026-04-15 18:49:09.059 [main] DEBUG com.appointmentscheduler.application.AppConfig - Merged application-local.properties
2026-04-15 18:49:09.061 [main] DEBUG com.appointmentscheduler.application.AppConfig - Application configuration loaded
2026-04-15 18:49:09.061 [main] DEBUG com.appointmentscheduler.application.AppConfig - Merged application-local.properties
2026-04-15 18:49:09.063 [main] DEBUG com.appointmentscheduler.application.AppConfig - Application configuration loaded
2026-04-15 18:49:09.065 [main] DEBUG com.appointmentscheduler.application.AppConfig - Merged application-local.properties
2026-04-15 18:49:09.066 [main] DEBUG com.appointmentscheduler.application.AppConfig - Application configuration loaded
2026-04-15 18:49:09.068 [main] DEBUG com.appointmentscheduler.application.AppConfig - Merged application-local.properties
2026-04-15 18:49:09.069 [main] DEBUG com.appointmentscheduler.application.AppConfig - Application configuration loaded
2026-04-15 18:49:09.069 [main] DEBUG com.appointmentscheduler.application.AppConfig - Merged application-local.properties
2026-04-15 18:49:09.071 [main] DEBUG com.appointmentscheduler.application.AppConfig - Application configuration loaded
2026-04-15 18:49:09.072 [main] DEBUG com.appointmentscheduler.application.AppConfig - Merged application-local.properties
2026-04-15 18:49:09.074 [main] DEBUG com.appointmentscheduler.application.AppConfig - Application configuration loaded
2026-04-15 18:49:09.075 [main] DEBUG com.appointmentscheduler.application.AppConfig - Merged application-local.properties
2026-04-15 18:49:09.077 [main] DEBUG com.appointmentscheduler.application.AppConfig - Application configuration loaded
2026-04-15 18:49:09.078 [main] DEBUG com.appointmentscheduler.application.AppConfig - Merged application-local.properties
2026-04-15 18:49:09.079 [main] DEBUG com.appointmentscheduler.application.AppConfig - Application configuration loaded
2026-04-15 18:49:09.079 [main] DEBUG com.appointmentscheduler.application.AppConfig - Merged application-local.properties
2026-04-15 18:49:09.291 [main] DEBUG com.appointmentscheduler.application.AppConfig - Application configuration loaded
2026-04-15 18:49:09.292 [main] DEBUG com.appointmentscheduler.application.AppConfig - Merged application-local.properties
2026-04-15 18:49:09.299 [main] DEBUG com.appointmentscheduler.application.AppConfig - Application configuration loaded
2026-04-15 18:49:09.300 [main] DEBUG com.appointmentscheduler.application.AppConfig - Merged application-local.properties
2026-04-15 18:49:09.368 [Thread-284] INFO  com.zaxxer.hikari.HikariDataSource - AppointmentBookingPool - Shutdown initiated...
2026-04-15 18:49:09.377 [Thread-284] INFO  com.zaxxer.hikari.HikariDataSource - AppointmentBookingPool - Shutdown completed.
2026-04-15 18:49:09.377 [Thread-284] INFO  c.a.persistence.database.DatabaseConfig - Database connection pool closed
