2026-04-18 22:37:24.155 [main] INFO  com.appointmentscheduler.presentation.MainApp - Default admin user created (admin@admin.com) — database had users but no admin account.
2026-04-18 22:37:24.228 [main] INFO  com.appointmentscheduler.presentation.MainApp - User admin@admin.com was User; converted to ADMINISTRATOR with default password (startup repair).
2026-04-18 22:37:24.249 [main] DEBUG com.appointmentscheduler.application.AppConfig - Application configuration loaded
2026-04-18 22:37:24.249 [main] DEBUG com.appointmentscheduler.application.AppConfig - Merged application-local.properties
2026-04-18 22:37:24.461 [main] INFO  com.appointmentscheduler.presentation.MainApp - Default admin password reset (email=admin@admin.com): force=true, nonBcryptStored=false.
2026-04-18 22:37:24.466 [main] INFO  com.appointmentscheduler.presentation.MainApp - Default admin password reset (email=admin@admin.com): force=false, nonBcryptStored=true.
2026-04-18 22:37:24.477 [main] WARN  com.appointmentscheduler.presentation.MainApp - Could not ensure default admin user: repo down
2026-04-18 22:37:24.489 [main] DEBUG com.appointmentscheduler.application.AppConfig - Application configuration loaded
2026-04-18 22:37:24.489 [main] DEBUG com.appointmentscheduler.application.AppConfig - Merged application-local.properties
2026-04-18 22:37:24.499 [main] DEBUG com.appointmentscheduler.application.AppConfig - Application configuration loaded
2026-04-18 22:37:24.501 [main] DEBUG com.appointmentscheduler.application.AppConfig - Merged application-local.properties
2026-04-18 22:37:24.515 [main] WARN  com.appointmentscheduler.presentation.MainApp - Could not ensure default admin user: db read failed
2026-04-18 22:37:24.516 [main] DEBUG com.appointmentscheduler.application.AppConfig - Application configuration loaded
2026-04-18 22:37:24.517 [main] DEBUG com.appointmentscheduler.application.AppConfig - Merged application-local.properties
2026-04-18 22:37:25.091 [main] ERROR com.appointmentscheduler.presentation.MainApp - Uncaught exception in thread coverage-thread
com.appointmentscheduler.presentation.MainAppInternalsCoverageTest$1MsgNull: null
	at com.appointmentscheduler/com.appointmentscheduler.presentation.MainAppInternalsCoverageTest.start_uncaughtExceptionHandler_nullMessage_usesThrowableClassName(MainAppInternalsCoverageTest.java:597)
	at java.base/jdk.internal.reflect.DirectMethodHandleAccessor.invoke(DirectMethodHandleAccessor.java:104)
	at java.base/java.lang.reflect.Method.invoke(Method.java:565)
	at org.junit.platform.commons.util.ReflectionUtils.invokeMethod(ReflectionUtils.java:728)
	at org.junit.jupiter.engine.execution.MethodInvocation.proceed(MethodInvocation.java:60)
	at org.junit.jupiter.engine.execution.InvocationInterceptorChain$ValidatingInvocation.proceed(InvocationInterceptorChain.java:131)
	at org.junit.jupiter.engine.extension.TimeoutExtension.intercept(TimeoutExtension.java:156)
	at org.junit.jupiter.engine.extension.TimeoutExtension.interceptTestableMethod(TimeoutExtension.java:147)
	at org.junit.jupiter.engine.extension.TimeoutExtension.interceptTestMethod(TimeoutExtension.java:86)
	at org.junit.jupiter.engine.execution.InterceptingExecutableInvoker$ReflectiveInterceptorCall.lambda$ofVoidMethod$0(InterceptingExecutableInvoker.java:103)
	at org.junit.jupiter.engine.execution.InterceptingExecutableInvoker.lambda$invoke$0(InterceptingExecutableInvoker.java:93)
	at org.junit.jupiter.engine.execution.InvocationInterceptorChain$InterceptedInvocation.proceed(InvocationInterceptorChain.java:106)
	at org.junit.jupiter.engine.execution.InvocationInterceptorChain.proceed(InvocationInterceptorChain.java:64)
	at org.junit.jupiter.engine.execution.InvocationInterceptorChain.chainAndInvoke(InvocationInterceptorChain.java:45)
	at org.junit.jupiter.engine.execution.InvocationInterceptorChain.invoke(InvocationInterceptorChain.java:37)
	at org.junit.jupiter.engine.execution.InterceptingExecutableInvoker.invoke(InterceptingExecutableInvoker.java:92)
	at org.junit.jupiter.engine.execution.InterceptingExecutableInvoker.invoke(InterceptingExecutableInvoker.java:86)
	at org.junit.jupiter.engine.descriptor.TestMethodTestDescriptor.lambda$invokeTestMethod$7(TestMethodTestDescriptor.java:218)
	at org.junit.platform.engine.support.hierarchical.ThrowableCollector.execute(ThrowableCollector.java:73)
	at org.junit.jupiter.engine.descriptor.TestMethodTestDescriptor.invokeTestMethod(TestMethodTestDescriptor.java:214)
	at org.junit.jupiter.engine.descriptor.TestMethodTestDescriptor.execute(TestMethodTestDescriptor.java:139)
	at org.junit.jupiter.engine.descriptor.TestMethodTestDescriptor.execute(TestMethodTestDescriptor.java:69)
	at org.junit.platform.engine.support.hierarchical.NodeTestTask.lambda$executeRecursively$6(NodeTestTask.java:151)
	at org.junit.platform.engine.support.hierarchical.ThrowableCollector.execute(ThrowableCollector.java:73)
	at org.junit.platform.engine.support.hierarchical.NodeTestTask.lambda$executeRecursively$8(NodeTestTask.java:141)
	at org.junit.platform.engine.support.hierarchical.Node.around(Node.java:137)
	at org.junit.platform.engine.support.hierarchical.NodeTestTask.lambda$executeRecursively$9(NodeTestTask.java:139)
	at org.junit.platform.engine.support.hierarchical.ThrowableCollector.execute(ThrowableCollector.java:73)
	at org.junit.platform.engine.support.hierarchical.NodeTestTask.executeRecursively(NodeTestTask.java:138)
	at org.junit.platform.engine.support.hierarchical.NodeTestTask.execute(NodeTestTask.java:95)
	at java.base/java.util.ArrayList.forEach(ArrayList.java:1604)
	at org.junit.platform.engine.support.hierarchical.SameThreadHierarchicalTestExecutorService.invokeAll(SameThreadHierarchicalTestExecutorService.java:41)
	at org.junit.platform.engine.support.hierarchical.NodeTestTask.lambda$executeRecursively$6(NodeTestTask.java:155)
	at org.junit.platform.engine.support.hierarchical.ThrowableCollector.execute(ThrowableCollector.java:73)
	at org.junit.platform.engine.support.hierarchical.NodeTestTask.lambda$executeRecursively$8(NodeTestTask.java:141)
	at org.junit.platform.engine.support.hierarchical.Node.around(Node.java:137)
	at org.junit.platform.engine.support.hierarchical.NodeTestTask.lambda$executeRecursively$9(NodeTestTask.java:139)
	at org.junit.platform.engine.support.hierarchical.ThrowableCollector.execute(ThrowableCollector.java:73)
	at org.junit.platform.engine.support.hierarchical.NodeTestTask.executeRecursively(NodeTestTask.java:138)
	at org.junit.platform.engine.support.hierarchical.NodeTestTask.execute(NodeTestTask.java:95)
	at java.base/java.util.ArrayList.forEach(ArrayList.java:1604)
	at org.junit.platform.engine.support.hierarchical.SameThreadHierarchicalTestExecutorService.invokeAll(SameThreadHierarchicalTestExecutorService.java:41)
	at org.junit.platform.engine.support.hierarchical.NodeTestTask.lambda$executeRecursively$6(NodeTestTask.java:155)
	at org.junit.platform.engine.support.hierarchical.ThrowableCollector.execute(ThrowableCollector.java:73)
	at org.junit.platform.engine.support.hierarchical.NodeTestTask.lambda$executeRecursively$8(NodeTestTask.java:141)
	at org.junit.platform.engine.support.hierarchical.Node.around(Node.java:137)
	at org.junit.platform.engine.support.hierarchical.NodeTestTask.lambda$executeRecursively$9(NodeTestTask.java:139)
	at org.junit.platform.engine.support.hierarchical.ThrowableCollector.execute(ThrowableCollector.java:73)
	at org.junit.platform.engine.support.hierarchical.NodeTestTask.executeRecursively(NodeTestTask.java:138)
	at org.junit.platform.engine.support.hierarchical.NodeTestTask.execute(NodeTestTask.java:95)
	at org.junit.platform.engine.support.hierarchical.SameThreadHierarchicalTestExecutorService.submit(SameThreadHierarchicalTestExecutorService.java:35)
	at org.junit.platform.engine.support.hierarchical.HierarchicalTestExecutor.execute(HierarchicalTestExecutor.java:57)
	at org.junit.platform.engine.support.hierarchical.HierarchicalTestEngine.execute(HierarchicalTestEngine.java:54)
	at org.junit.platform.launcher.core.EngineExecutionOrchestrator.execute(EngineExecutionOrchestrator.java:198)
	at org.junit.platform.launcher.core.EngineExecutionOrchestrator.execute(EngineExecutionOrchestrator.java:169)
	at org.junit.platform.launcher.core.EngineExecutionOrchestrator.execute(EngineExecutionOrchestrator.java:93)
	at org.junit.platform.launcher.core.EngineExecutionOrchestrator.lambda$execute$0(EngineExecutionOrchestrator.java:58)
	at org.junit.platform.launcher.core.EngineExecutionOrchestrator.withInterceptedStreams(EngineExecutionOrchestrator.java:141)
	at org.junit.platform.launcher.core.EngineExecutionOrchestrator.execute(EngineExecutionOrchestrator.java:57)
	at org.junit.platform.launcher.core.DefaultLauncher.execute(DefaultLauncher.java:103)
	at org.junit.platform.launcher.core.DefaultLauncher.execute(DefaultLauncher.java:85)
	at org.junit.platform.launcher.core.DelegatingLauncher.execute(DelegatingLauncher.java:47)
	at org.junit.platform.launcher.core.SessionPerRequestLauncher.execute(SessionPerRequestLauncher.java:63)
	at com.intellij.junit5.JUnit5IdeaTestRunner.startRunnerWithArgs(JUnit5IdeaTestRunner.java:66)
	at com.intellij.rt.junit.IdeaTestRunner$Repeater$1.execute(IdeaTestRunner.java:38)
	at com.intellij.rt.execution.junit.TestsRepeater.repeat(TestsRepeater.java:11)
	at com.intellij.rt.junit.IdeaTestRunner$Repeater.startRunnerWithArgs(IdeaTestRunner.java:35)
	at com.intellij.rt.junit.JUnitStarter.prepareStreamsAndStart(JUnitStarter.java:231)
	at com.intellij.rt.junit.JUnitStarter.main(JUnitStarter.java:55)
2026-04-18 22:37:26.007 [main] DEBUG com.appointmentscheduler.application.AppConfig - Application configuration loaded
2026-04-18 22:37:26.008 [main] DEBUG com.appointmentscheduler.application.AppConfig - Merged application-local.properties
2026-04-18 22:37:26.042 [main] WARN  com.appointmentscheduler.presentation.MainApp - Stored password for admin@admin.com does not match admin123. Set auth.forceDefaultAdminPassword=true once in application.properties, restart, then set it back to false.
2026-04-18 22:37:26.044 [main] DEBUG com.appointmentscheduler.application.AppConfig - Application configuration loaded
2026-04-18 22:37:26.045 [main] DEBUG com.appointmentscheduler.application.AppConfig - Merged application-local.properties
2026-04-18 22:37:26.119 [main] DEBUG com.appointmentscheduler.application.AppConfig - Application configuration loaded
2026-04-18 22:37:26.132 [main] DEBUG com.appointmentscheduler.application.AppConfig - Merged application-local.properties
2026-04-18 22:37:26.252 [main] WARN  com.appointmentscheduler.presentation.MainApp - Could not show database warning dialog
java.lang.IllegalStateException: Not on FX application thread; currentThread = main
	at javafx.graphics/com.sun.javafx.tk.Toolkit.checkFxUserThread(Toolkit.java:297)
	at javafx.graphics/com.sun.javafx.tk.quantum.QuantumToolkit.checkFxUserThread(QuantumToolkit.java:458)
	at javafx.graphics/javafx.stage.Stage.<init>(Stage.java:258)
	at javafx.graphics/javafx.stage.Stage.<init>(Stage.java:244)
	at javafx.controls/javafx.scene.control.HeavyweightDialog$1.<init>(HeavyweightDialog.java:52)
	at javafx.controls/javafx.scene.control.HeavyweightDialog.<init>(HeavyweightDialog.java:52)
	at javafx.controls/javafx.scene.control.Dialog.<init>(Dialog.java:268)
	at javafx.controls/javafx.scene.control.Alert.<init>(Alert.java:247)
	at javafx.controls/javafx.scene.control.Alert.<init>(Alert.java:222)
	at com.appointmentscheduler/com.appointmentscheduler.presentation.MainApp.showDatabaseNotConnectedWarning(MainApp.java:437)
	at java.base/jdk.internal.reflect.DirectMethodHandleAccessor.invoke(DirectMethodHandleAccessor.java:104)
	at java.base/java.lang.reflect.Method.invoke(Method.java:565)
	at com.appointmentscheduler/com.appointmentscheduler.presentation.MainAppInternalsCoverageTest.lambda$30(MainAppInternalsCoverageTest.java:323)
	at org.assertj.core.api.ThrowableAssert.catchThrowable(ThrowableAssert.java:63)
	at org.assertj.core.api.AssertionsForClassTypes.catchThrowable(AssertionsForClassTypes.java:892)
	at org.assertj.core.api.AssertionsForClassTypes.assertThatCode(AssertionsForClassTypes.java:863)
	at org.assertj.core.api.Assertions.assertThatCode(Assertions.java:1287)
	at com.appointmentscheduler/com.appointmentscheduler.presentation.MainAppInternalsCoverageTest.showDatabaseWarning_offFxThread_hitsCatchBranch(MainAppInternalsCoverageTest.java:323)
	at java.base/jdk.internal.reflect.DirectMethodHandleAccessor.invoke(DirectMethodHandleAccessor.java:104)
	at java.base/java.lang.reflect.Method.invoke(Method.java:565)
	at org.junit.platform.commons.util.ReflectionUtils.invokeMethod(ReflectionUtils.java:728)
	at org.junit.jupiter.engine.execution.MethodInvocation.proceed(MethodInvocation.java:60)
	at org.junit.jupiter.engine.execution.InvocationInterceptorChain$ValidatingInvocation.proceed(InvocationInterceptorChain.java:131)
	at org.junit.jupiter.engine.extension.TimeoutExtension.intercept(TimeoutExtension.java:156)
	at org.junit.jupiter.engine.extension.TimeoutExtension.interceptTestableMethod(TimeoutExtension.java:147)
	at org.junit.jupiter.engine.extension.TimeoutExtension.interceptTestMethod(TimeoutExtension.java:86)
	at org.junit.jupiter.engine.execution.InterceptingExecutableInvoker$ReflectiveInterceptorCall.lambda$ofVoidMethod$0(InterceptingExecutableInvoker.java:103)
	at org.junit.jupiter.engine.execution.InterceptingExecutableInvoker.lambda$invoke$0(InterceptingExecutableInvoker.java:93)
	at org.junit.jupiter.engine.execution.InvocationInterceptorChain$InterceptedInvocation.proceed(InvocationInterceptorChain.java:106)
	at org.junit.jupiter.engine.execution.InvocationInterceptorChain.proceed(InvocationInterceptorChain.java:64)
	at org.junit.jupiter.engine.execution.InvocationInterceptorChain.chainAndInvoke(InvocationInterceptorChain.java:45)
	at org.junit.jupiter.engine.execution.InvocationInterceptorChain.invoke(InvocationInterceptorChain.java:37)
	at org.junit.jupiter.engine.execution.InterceptingExecutableInvoker.invoke(InterceptingExecutableInvoker.java:92)
	at org.junit.jupiter.engine.execution.InterceptingExecutableInvoker.invoke(InterceptingExecutableInvoker.java:86)
	at org.junit.jupiter.engine.descriptor.TestMethodTestDescriptor.lambda$invokeTestMethod$7(TestMethodTestDescriptor.java:218)
	at org.junit.platform.engine.support.hierarchical.ThrowableCollector.execute(ThrowableCollector.java:73)
	at org.junit.jupiter.engine.descriptor.TestMethodTestDescriptor.invokeTestMethod(TestMethodTestDescriptor.java:214)
	at org.junit.jupiter.engine.descriptor.TestMethodTestDescriptor.execute(TestMethodTestDescriptor.java:139)
	at org.junit.jupiter.engine.descriptor.TestMethodTestDescriptor.execute(TestMethodTestDescriptor.java:69)
	at org.junit.platform.engine.support.hierarchical.NodeTestTask.lambda$executeRecursively$6(NodeTestTask.java:151)
	at org.junit.platform.engine.support.hierarchical.ThrowableCollector.execute(ThrowableCollector.java:73)
	at org.junit.platform.engine.support.hierarchical.NodeTestTask.lambda$executeRecursively$8(NodeTestTask.java:141)
	at org.junit.platform.engine.support.hierarchical.Node.around(Node.java:137)
	at org.junit.platform.engine.support.hierarchical.NodeTestTask.lambda$executeRecursively$9(NodeTestTask.java:139)
	at org.junit.platform.engine.support.hierarchical.ThrowableCollector.execute(ThrowableCollector.java:73)
	at org.junit.platform.engine.support.hierarchical.NodeTestTask.executeRecursively(NodeTestTask.java:138)
	at org.junit.platform.engine.support.hierarchical.NodeTestTask.execute(NodeTestTask.java:95)
	at java.base/java.util.ArrayList.forEach(ArrayList.java:1604)
	at org.junit.platform.engine.support.hierarchical.SameThreadHierarchicalTestExecutorService.invokeAll(SameThreadHierarchicalTestExecutorService.java:41)
	at org.junit.platform.engine.support.hierarchical.NodeTestTask.lambda$executeRecursively$6(NodeTestTask.java:155)
	at org.junit.platform.engine.support.hierarchical.ThrowableCollector.execute(ThrowableCollector.java:73)
	at org.junit.platform.engine.support.hierarchical.NodeTestTask.lambda$executeRecursively$8(NodeTestTask.java:141)
	at org.junit.platform.engine.support.hierarchical.Node.around(Node.java:137)
	at org.junit.platform.engine.support.hierarchical.NodeTestTask.lambda$executeRecursively$9(NodeTestTask.java:139)
	at org.junit.platform.engine.support.hierarchical.ThrowableCollector.execute(ThrowableCollector.java:73)
	at org.junit.platform.engine.support.hierarchical.NodeTestTask.executeRecursively(NodeTestTask.java:138)
	at org.junit.platform.engine.support.hierarchical.NodeTestTask.execute(NodeTestTask.java:95)
	at java.base/java.util.ArrayList.forEach(ArrayList.java:1604)
	at org.junit.platform.engine.support.hierarchical.SameThreadHierarchicalTestExecutorService.invokeAll(SameThreadHierarchicalTestExecutorService.java:41)
	at org.junit.platform.engine.support.hierarchical.NodeTestTask.lambda$executeRecursively$6(NodeTestTask.java:155)
	at org.junit.platform.engine.support.hierarchical.ThrowableCollector.execute(ThrowableCollector.java:73)
	at org.junit.platform.engine.support.hierarchical.NodeTestTask.lambda$executeRecursively$8(NodeTestTask.java:141)
	at org.junit.platform.engine.support.hierarchical.Node.around(Node.java:137)
	at org.junit.platform.engine.support.hierarchical.NodeTestTask.lambda$executeRecursively$9(NodeTestTask.java:139)
	at org.junit.platform.engine.support.hierarchical.ThrowableCollector.execute(ThrowableCollector.java:73)
	at org.junit.platform.engine.support.hierarchical.NodeTestTask.executeRecursively(NodeTestTask.java:138)
	at org.junit.platform.engine.support.hierarchical.NodeTestTask.execute(NodeTestTask.java:95)
	at org.junit.platform.engine.support.hierarchical.SameThreadHierarchicalTestExecutorService.submit(SameThreadHierarchicalTestExecutorService.java:35)
	at org.junit.platform.engine.support.hierarchical.HierarchicalTestExecutor.execute(HierarchicalTestExecutor.java:57)
	at org.junit.platform.engine.support.hierarchical.HierarchicalTestEngine.execute(HierarchicalTestEngine.java:54)
	at org.junit.platform.launcher.core.EngineExecutionOrchestrator.execute(EngineExecutionOrchestrator.java:198)
	at org.junit.platform.launcher.core.EngineExecutionOrchestrator.execute(EngineExecutionOrchestrator.java:169)
	at org.junit.platform.launcher.core.EngineExecutionOrchestrator.execute(EngineExecutionOrchestrator.java:93)
	at org.junit.platform.launcher.core.EngineExecutionOrchestrator.lambda$execute$0(EngineExecutionOrchestrator.java:58)
	at org.junit.platform.launcher.core.EngineExecutionOrchestrator.withInterceptedStreams(EngineExecutionOrchestrator.java:141)
	at org.junit.platform.launcher.core.EngineExecutionOrchestrator.execute(EngineExecutionOrchestrator.java:57)
	at org.junit.platform.launcher.core.DefaultLauncher.execute(DefaultLauncher.java:103)
	at org.junit.platform.launcher.core.DefaultLauncher.execute(DefaultLauncher.java:85)
	at org.junit.platform.launcher.core.DelegatingLauncher.execute(DelegatingLauncher.java:47)
	at org.junit.platform.launcher.core.SessionPerRequestLauncher.execute(SessionPerRequestLauncher.java:63)
	at com.intellij.junit5.JUnit5IdeaTestRunner.startRunnerWithArgs(JUnit5IdeaTestRunner.java:66)
	at com.intellij.rt.junit.IdeaTestRunner$Repeater$1.execute(IdeaTestRunner.java:38)
	at com.intellij.rt.execution.junit.TestsRepeater.repeat(TestsRepeater.java:11)
	at com.intellij.rt.junit.IdeaTestRunner$Repeater.startRunnerWithArgs(IdeaTestRunner.java:35)
	at com.intellij.rt.junit.JUnitStarter.prepareStreamsAndStart(JUnitStarter.java:231)
	at com.intellij.rt.junit.JUnitStarter.main(JUnitStarter.java:55)
2026-04-18 22:37:26.268 [main] DEBUG com.appointmentscheduler.application.AppConfig - Application configuration loaded
2026-04-18 22:37:26.272 [main] DEBUG com.appointmentscheduler.application.AppConfig - Merged application-local.properties
2026-04-18 22:37:26.351 [main] DEBUG c.a.application.AppointmentReminderService - Registered reminder channel: SMSNotification
2026-04-18 22:37:28.988 [main] DEBUG com.appointmentscheduler.application.AppConfig - Application configuration loaded
2026-04-18 22:37:28.988 [main] DEBUG com.appointmentscheduler.application.AppConfig - Merged application-local.properties
2026-04-18 22:37:29.067 [main] DEBUG com.appointmentscheduler.application.AppConfig - Application configuration loaded
2026-04-18 22:37:29.067 [main] DEBUG com.appointmentscheduler.application.AppConfig - Merged application-local.properties
2026-04-18 22:37:29.083 [main] ERROR com.appointmentscheduler.presentation.MainApp - Failed to load screen: DefinitelyMissing.fxml
java.lang.IllegalStateException: FXML not found. Tried: /com/appointmentscheduler/presentation/DefinitelyMissing.fxml, com/appointmentscheduler/presentation/DefinitelyMissing.fxml, DefinitelyMissing.fxml. Check that src/main/resources is on classpath.
	at com.appointmentscheduler/com.appointmentscheduler.presentation.MainApp.loadScreen(MainApp.java:394)
	at com.appointmentscheduler/com.appointmentscheduler.presentation.MainAppInternalsCoverageTest.lambda$29(MainAppInternalsCoverageTest.java:279)
	at org.assertj.core.api.ThrowableAssert.catchThrowable(ThrowableAssert.java:63)
	at org.assertj.core.api.AssertionsForClassTypes.catchThrowable(AssertionsForClassTypes.java:892)
	at org.assertj.core.api.AssertionsForClassTypes.assertThatCode(AssertionsForClassTypes.java:863)
	at org.assertj.core.api.Assertions.assertThatCode(Assertions.java:1287)
	at com.appointmentscheduler/com.appointmentscheduler.presentation.MainAppInternalsCoverageTest.loadScreen_missingFxml_hitsCatch_and_resetsInProgressFlag(MainAppInternalsCoverageTest.java:279)
	at java.base/jdk.internal.reflect.DirectMethodHandleAccessor.invoke(DirectMethodHandleAccessor.java:104)
	at java.base/java.lang.reflect.Method.invoke(Method.java:565)
	at org.junit.platform.commons.util.ReflectionUtils.invokeMethod(ReflectionUtils.java:728)
	at org.junit.jupiter.engine.execution.MethodInvocation.proceed(MethodInvocation.java:60)
	at org.junit.jupiter.engine.execution.InvocationInterceptorChain$ValidatingInvocation.proceed(InvocationInterceptorChain.java:131)
	at org.junit.jupiter.engine.extension.TimeoutExtension.intercept(TimeoutExtension.java:156)
	at org.junit.jupiter.engine.extension.TimeoutExtension.interceptTestableMethod(TimeoutExtension.java:147)
	at org.junit.jupiter.engine.extension.TimeoutExtension.interceptTestMethod(TimeoutExtension.java:86)
	at org.junit.jupiter.engine.execution.InterceptingExecutableInvoker$ReflectiveInterceptorCall.lambda$ofVoidMethod$0(InterceptingExecutableInvoker.java:103)
	at org.junit.jupiter.engine.execution.InterceptingExecutableInvoker.lambda$invoke$0(InterceptingExecutableInvoker.java:93)
	at org.junit.jupiter.engine.execution.InvocationInterceptorChain$InterceptedInvocation.proceed(InvocationInterceptorChain.java:106)
	at org.junit.jupiter.engine.execution.InvocationInterceptorChain.proceed(InvocationInterceptorChain.java:64)
	at org.junit.jupiter.engine.execution.InvocationInterceptorChain.chainAndInvoke(InvocationInterceptorChain.java:45)
	at org.junit.jupiter.engine.execution.InvocationInterceptorChain.invoke(InvocationInterceptorChain.java:37)
	at org.junit.jupiter.engine.execution.InterceptingExecutableInvoker.invoke(InterceptingExecutableInvoker.java:92)
	at org.junit.jupiter.engine.execution.InterceptingExecutableInvoker.invoke(InterceptingExecutableInvoker.java:86)
	at org.junit.jupiter.engine.descriptor.TestMethodTestDescriptor.lambda$invokeTestMethod$7(TestMethodTestDescriptor.java:218)
	at org.junit.platform.engine.support.hierarchical.ThrowableCollector.execute(ThrowableCollector.java:73)
	at org.junit.jupiter.engine.descriptor.TestMethodTestDescriptor.invokeTestMethod(TestMethodTestDescriptor.java:214)
	at org.junit.jupiter.engine.descriptor.TestMethodTestDescriptor.execute(TestMethodTestDescriptor.java:139)
	at org.junit.jupiter.engine.descriptor.TestMethodTestDescriptor.execute(TestMethodTestDescriptor.java:69)
	at org.junit.platform.engine.support.hierarchical.NodeTestTask.lambda$executeRecursively$6(NodeTestTask.java:151)
	at org.junit.platform.engine.support.hierarchical.ThrowableCollector.execute(ThrowableCollector.java:73)
	at org.junit.platform.engine.support.hierarchical.NodeTestTask.lambda$executeRecursively$8(NodeTestTask.java:141)
	at org.junit.platform.engine.support.hierarchical.Node.around(Node.java:137)
	at org.junit.platform.engine.support.hierarchical.NodeTestTask.lambda$executeRecursively$9(NodeTestTask.java:139)
	at org.junit.platform.engine.support.hierarchical.ThrowableCollector.execute(ThrowableCollector.java:73)
	at org.junit.platform.engine.support.hierarchical.NodeTestTask.executeRecursively(NodeTestTask.java:138)
	at org.junit.platform.engine.support.hierarchical.NodeTestTask.execute(NodeTestTask.java:95)
	at java.base/java.util.ArrayList.forEach(ArrayList.java:1604)
	at org.junit.platform.engine.support.hierarchical.SameThreadHierarchicalTestExecutorService.invokeAll(SameThreadHierarchicalTestExecutorService.java:41)
	at org.junit.platform.engine.support.hierarchical.NodeTestTask.lambda$executeRecursively$6(NodeTestTask.java:155)
	at org.junit.platform.engine.support.hierarchical.ThrowableCollector.execute(ThrowableCollector.java:73)
	at org.junit.platform.engine.support.hierarchical.NodeTestTask.lambda$executeRecursively$8(NodeTestTask.java:141)
	at org.junit.platform.engine.support.hierarchical.Node.around(Node.java:137)
	at org.junit.platform.engine.support.hierarchical.NodeTestTask.lambda$executeRecursively$9(NodeTestTask.java:139)
	at org.junit.platform.engine.support.hierarchical.ThrowableCollector.execute(ThrowableCollector.java:73)
	at org.junit.platform.engine.support.hierarchical.NodeTestTask.executeRecursively(NodeTestTask.java:138)
	at org.junit.platform.engine.support.hierarchical.NodeTestTask.execute(NodeTestTask.java:95)
	at java.base/java.util.ArrayList.forEach(ArrayList.java:1604)
	at org.junit.platform.engine.support.hierarchical.SameThreadHierarchicalTestExecutorService.invokeAll(SameThreadHierarchicalTestExecutorService.java:41)
	at org.junit.platform.engine.support.hierarchical.NodeTestTask.lambda$executeRecursively$6(NodeTestTask.java:155)
	at org.junit.platform.engine.support.hierarchical.ThrowableCollector.execute(ThrowableCollector.java:73)
	at org.junit.platform.engine.support.hierarchical.NodeTestTask.lambda$executeRecursively$8(NodeTestTask.java:141)
	at org.junit.platform.engine.support.hierarchical.Node.around(Node.java:137)
	at org.junit.platform.engine.support.hierarchical.NodeTestTask.lambda$executeRecursively$9(NodeTestTask.java:139)
	at org.junit.platform.engine.support.hierarchical.ThrowableCollector.execute(ThrowableCollector.java:73)
	at org.junit.platform.engine.support.hierarchical.NodeTestTask.executeRecursively(NodeTestTask.java:138)
	at org.junit.platform.engine.support.hierarchical.NodeTestTask.execute(NodeTestTask.java:95)
	at org.junit.platform.engine.support.hierarchical.SameThreadHierarchicalTestExecutorService.submit(SameThreadHierarchicalTestExecutorService.java:35)
	at org.junit.platform.engine.support.hierarchical.HierarchicalTestExecutor.execute(HierarchicalTestExecutor.java:57)
	at org.junit.platform.engine.support.hierarchical.HierarchicalTestEngine.execute(HierarchicalTestEngine.java:54)
	at org.junit.platform.launcher.core.EngineExecutionOrchestrator.execute(EngineExecutionOrchestrator.java:198)
	at org.junit.platform.launcher.core.EngineExecutionOrchestrator.execute(EngineExecutionOrchestrator.java:169)
	at org.junit.platform.launcher.core.EngineExecutionOrchestrator.execute(EngineExecutionOrchestrator.java:93)
	at org.junit.platform.launcher.core.EngineExecutionOrchestrator.lambda$execute$0(EngineExecutionOrchestrator.java:58)
	at org.junit.platform.launcher.core.EngineExecutionOrchestrator.withInterceptedStreams(EngineExecutionOrchestrator.java:141)
	at org.junit.platform.launcher.core.EngineExecutionOrchestrator.execute(EngineExecutionOrchestrator.java:57)
	at org.junit.platform.launcher.core.DefaultLauncher.execute(DefaultLauncher.java:103)
	at org.junit.platform.launcher.core.DefaultLauncher.execute(DefaultLauncher.java:85)
	at org.junit.platform.launcher.core.DelegatingLauncher.execute(DelegatingLauncher.java:47)
	at org.junit.platform.launcher.core.SessionPerRequestLauncher.execute(SessionPerRequestLauncher.java:63)
	at com.intellij.junit5.JUnit5IdeaTestRunner.startRunnerWithArgs(JUnit5IdeaTestRunner.java:66)
	at com.intellij.rt.junit.IdeaTestRunner$Repeater$1.execute(IdeaTestRunner.java:38)
	at com.intellij.rt.execution.junit.TestsRepeater.repeat(TestsRepeater.java:11)
	at com.intellij.rt.junit.IdeaTestRunner$Repeater.startRunnerWithArgs(IdeaTestRunner.java:35)
	at com.intellij.rt.junit.JUnitStarter.prepareStreamsAndStart(JUnitStarter.java:231)
	at com.intellij.rt.junit.JUnitStarter.main(JUnitStarter.java:55)
2026-04-18 22:37:29.087 [main] ERROR com.appointmentscheduler.presentation.MainApp - Could not show error scene
java.lang.IllegalStateException: Not on FX application thread; currentThread = main
	at javafx.graphics/com.sun.javafx.tk.Toolkit.checkFxUserThread(Toolkit.java:297)
	at javafx.graphics/com.sun.javafx.tk.quantum.QuantumToolkit.checkFxUserThread(QuantumToolkit.java:458)
	at javafx.graphics/javafx.stage.Stage.setScene(Stage.java:269)
	at com.appointmentscheduler/com.appointmentscheduler.presentation.MainApp.showErrorScene(MainApp.java:468)
	at com.appointmentscheduler/com.appointmentscheduler.presentation.MainApp.loadScreen(MainApp.java:416)
	at com.appointmentscheduler/com.appointmentscheduler.presentation.MainAppInternalsCoverageTest.lambda$29(MainAppInternalsCoverageTest.java:279)
	at org.assertj.core.api.ThrowableAssert.catchThrowable(ThrowableAssert.java:63)
	at org.assertj.core.api.AssertionsForClassTypes.catchThrowable(AssertionsForClassTypes.java:892)
	at org.assertj.core.api.AssertionsForClassTypes.assertThatCode(AssertionsForClassTypes.java:863)
	at org.assertj.core.api.Assertions.assertThatCode(Assertions.java:1287)
	at com.appointmentscheduler/com.appointmentscheduler.presentation.MainAppInternalsCoverageTest.loadScreen_missingFxml_hitsCatch_and_resetsInProgressFlag(MainAppInternalsCoverageTest.java:279)
	at java.base/jdk.internal.reflect.DirectMethodHandleAccessor.invoke(DirectMethodHandleAccessor.java:104)
	at java.base/java.lang.reflect.Method.invoke(Method.java:565)
	at org.junit.platform.commons.util.ReflectionUtils.invokeMethod(ReflectionUtils.java:728)
	at org.junit.jupiter.engine.execution.MethodInvocation.proceed(MethodInvocation.java:60)
	at org.junit.jupiter.engine.execution.InvocationInterceptorChain$ValidatingInvocation.proceed(InvocationInterceptorChain.java:131)
	at org.junit.jupiter.engine.extension.TimeoutExtension.intercept(TimeoutExtension.java:156)
	at org.junit.jupiter.engine.extension.TimeoutExtension.interceptTestableMethod(TimeoutExtension.java:147)
	at org.junit.jupiter.engine.extension.TimeoutExtension.interceptTestMethod(TimeoutExtension.java:86)
	at org.junit.jupiter.engine.execution.InterceptingExecutableInvoker$ReflectiveInterceptorCall.lambda$ofVoidMethod$0(InterceptingExecutableInvoker.java:103)
	at org.junit.jupiter.engine.execution.InterceptingExecutableInvoker.lambda$invoke$0(InterceptingExecutableInvoker.java:93)
	at org.junit.jupiter.engine.execution.InvocationInterceptorChain$InterceptedInvocation.proceed(InvocationInterceptorChain.java:106)
	at org.junit.jupiter.engine.execution.InvocationInterceptorChain.proceed(InvocationInterceptorChain.java:64)
	at org.junit.jupiter.engine.execution.InvocationInterceptorChain.chainAndInvoke(InvocationInterceptorChain.java:45)
	at org.junit.jupiter.engine.execution.InvocationInterceptorChain.invoke(InvocationInterceptorChain.java:37)
	at org.junit.jupiter.engine.execution.InterceptingExecutableInvoker.invoke(InterceptingExecutableInvoker.java:92)
	at org.junit.jupiter.engine.execution.InterceptingExecutableInvoker.invoke(InterceptingExecutableInvoker.java:86)
	at org.junit.jupiter.engine.descriptor.TestMethodTestDescriptor.lambda$invokeTestMethod$7(TestMethodTestDescriptor.java:218)
	at org.junit.platform.engine.support.hierarchical.ThrowableCollector.execute(ThrowableCollector.java:73)
	at org.junit.jupiter.engine.descriptor.TestMethodTestDescriptor.invokeTestMethod(TestMethodTestDescriptor.java:214)
	at org.junit.jupiter.engine.descriptor.TestMethodTestDescriptor.execute(TestMethodTestDescriptor.java:139)
	at org.junit.jupiter.engine.descriptor.TestMethodTestDescriptor.execute(TestMethodTestDescriptor.java:69)
	at org.junit.platform.engine.support.hierarchical.NodeTestTask.lambda$executeRecursively$6(NodeTestTask.java:151)
	at org.junit.platform.engine.support.hierarchical.ThrowableCollector.execute(ThrowableCollector.java:73)
	at org.junit.platform.engine.support.hierarchical.NodeTestTask.lambda$executeRecursively$8(NodeTestTask.java:141)
	at org.junit.platform.engine.support.hierarchical.Node.around(Node.java:137)
	at org.junit.platform.engine.support.hierarchical.NodeTestTask.lambda$executeRecursively$9(NodeTestTask.java:139)
	at org.junit.platform.engine.support.hierarchical.ThrowableCollector.execute(ThrowableCollector.java:73)
	at org.junit.platform.engine.support.hierarchical.NodeTestTask.executeRecursively(NodeTestTask.java:138)
	at org.junit.platform.engine.support.hierarchical.NodeTestTask.execute(NodeTestTask.java:95)
	at java.base/java.util.ArrayList.forEach(ArrayList.java:1604)
	at org.junit.platform.engine.support.hierarchical.SameThreadHierarchicalTestExecutorService.invokeAll(SameThreadHierarchicalTestExecutorService.java:41)
	at org.junit.platform.engine.support.hierarchical.NodeTestTask.lambda$executeRecursively$6(NodeTestTask.java:155)
	at org.junit.platform.engine.support.hierarchical.ThrowableCollector.execute(ThrowableCollector.java:73)
	at org.junit.platform.engine.support.hierarchical.NodeTestTask.lambda$executeRecursively$8(NodeTestTask.java:141)
	at org.junit.platform.engine.support.hierarchical.Node.around(Node.java:137)
	at org.junit.platform.engine.support.hierarchical.NodeTestTask.lambda$executeRecursively$9(NodeTestTask.java:139)
	at org.junit.platform.engine.support.hierarchical.ThrowableCollector.execute(ThrowableCollector.java:73)
	at org.junit.platform.engine.support.hierarchical.NodeTestTask.executeRecursively(NodeTestTask.java:138)
	at org.junit.platform.engine.support.hierarchical.NodeTestTask.execute(NodeTestTask.java:95)
	at java.base/java.util.ArrayList.forEach(ArrayList.java:1604)
	at org.junit.platform.engine.support.hierarchical.SameThreadHierarchicalTestExecutorService.invokeAll(SameThreadHierarchicalTestExecutorService.java:41)
	at org.junit.platform.engine.support.hierarchical.NodeTestTask.lambda$executeRecursively$6(NodeTestTask.java:155)
	at org.junit.platform.engine.support.hierarchical.ThrowableCollector.execute(ThrowableCollector.java:73)
	at org.junit.platform.engine.support.hierarchical.NodeTestTask.lambda$executeRecursively$8(NodeTestTask.java:141)
	at org.junit.platform.engine.support.hierarchical.Node.around(Node.java:137)
	at org.junit.platform.engine.support.hierarchical.NodeTestTask.lambda$executeRecursively$9(NodeTestTask.java:139)
	at org.junit.platform.engine.support.hierarchical.ThrowableCollector.execute(ThrowableCollector.java:73)
	at org.junit.platform.engine.support.hierarchical.NodeTestTask.executeRecursively(NodeTestTask.java:138)
	at org.junit.platform.engine.support.hierarchical.NodeTestTask.execute(NodeTestTask.java:95)
	at org.junit.platform.engine.support.hierarchical.SameThreadHierarchicalTestExecutorService.submit(SameThreadHierarchicalTestExecutorService.java:35)
	at org.junit.platform.engine.support.hierarchical.HierarchicalTestExecutor.execute(HierarchicalTestExecutor.java:57)
	at org.junit.platform.engine.support.hierarchical.HierarchicalTestEngine.execute(HierarchicalTestEngine.java:54)
	at org.junit.platform.launcher.core.EngineExecutionOrchestrator.execute(EngineExecutionOrchestrator.java:198)
	at org.junit.platform.launcher.core.EngineExecutionOrchestrator.execute(EngineExecutionOrchestrator.java:169)
	at org.junit.platform.launcher.core.EngineExecutionOrchestrator.execute(EngineExecutionOrchestrator.java:93)
	at org.junit.platform.launcher.core.EngineExecutionOrchestrator.lambda$execute$0(EngineExecutionOrchestrator.java:58)
	at org.junit.platform.launcher.core.EngineExecutionOrchestrator.withInterceptedStreams(EngineExecutionOrchestrator.java:141)
	at org.junit.platform.launcher.core.EngineExecutionOrchestrator.execute(EngineExecutionOrchestrator.java:57)
	at org.junit.platform.launcher.core.DefaultLauncher.execute(DefaultLauncher.java:103)
	at org.junit.platform.launcher.core.DefaultLauncher.execute(DefaultLauncher.java:85)
	at org.junit.platform.launcher.core.DelegatingLauncher.execute(DelegatingLauncher.java:47)
	at org.junit.platform.launcher.core.SessionPerRequestLauncher.execute(SessionPerRequestLauncher.java:63)
	at com.intellij.junit5.JUnit5IdeaTestRunner.startRunnerWithArgs(JUnit5IdeaTestRunner.java:66)
	at com.intellij.rt.junit.IdeaTestRunner$Repeater$1.execute(IdeaTestRunner.java:38)
	at com.intellij.rt.execution.junit.TestsRepeater.repeat(TestsRepeater.java:11)
	at com.intellij.rt.junit.IdeaTestRunner$Repeater.startRunnerWithArgs(IdeaTestRunner.java:35)
	at com.intellij.rt.junit.JUnitStarter.prepareStreamsAndStart(JUnitStarter.java:231)
	at com.intellij.rt.junit.JUnitStarter.main(JUnitStarter.java:55)
2026-04-18 22:37:29.091 [JavaFX Application Thread] ERROR c.appointmentscheduler.presentation.ErrorHandler - Failed to load screen: FXML not found. Tried: /com/appointmentscheduler/presentation/DefinitelyMissing.fxml, com/appointmentscheduler/presentation/DefinitelyMissing.fxml, DefinitelyMissing.fxml. Check that src/main/resources is on classpath.
java.lang.IllegalStateException: FXML not found. Tried: /com/appointmentscheduler/presentation/DefinitelyMissing.fxml, com/appointmentscheduler/presentation/DefinitelyMissing.fxml, DefinitelyMissing.fxml. Check that src/main/resources is on classpath.
	at com.appointmentscheduler/com.appointmentscheduler.presentation.MainApp.loadScreen(MainApp.java:394)
	at com.appointmentscheduler/com.appointmentscheduler.presentation.MainAppInternalsCoverageTest.lambda$29(MainAppInternalsCoverageTest.java:279)
	at org.assertj.core.api.ThrowableAssert.catchThrowable(ThrowableAssert.java:63)
	at org.assertj.core.api.AssertionsForClassTypes.catchThrowable(AssertionsForClassTypes.java:892)
	at org.assertj.core.api.AssertionsForClassTypes.assertThatCode(AssertionsForClassTypes.java:863)
	at org.assertj.core.api.Assertions.assertThatCode(Assertions.java:1287)
	at com.appointmentscheduler/com.appointmentscheduler.presentation.MainAppInternalsCoverageTest.loadScreen_missingFxml_hitsCatch_and_resetsInProgressFlag(MainAppInternalsCoverageTest.java:279)
	at java.base/jdk.internal.reflect.DirectMethodHandleAccessor.invoke(DirectMethodHandleAccessor.java:104)
	at java.base/java.lang.reflect.Method.invoke(Method.java:565)
	at org.junit.platform.commons.util.ReflectionUtils.invokeMethod(ReflectionUtils.java:728)
	at org.junit.jupiter.engine.execution.MethodInvocation.proceed(MethodInvocation.java:60)
	at org.junit.jupiter.engine.execution.InvocationInterceptorChain$ValidatingInvocation.proceed(InvocationInterceptorChain.java:131)
	at org.junit.jupiter.engine.extension.TimeoutExtension.intercept(TimeoutExtension.java:156)
	at org.junit.jupiter.engine.extension.TimeoutExtension.interceptTestableMethod(TimeoutExtension.java:147)
	at org.junit.jupiter.engine.extension.TimeoutExtension.interceptTestMethod(TimeoutExtension.java:86)
	at org.junit.jupiter.engine.execution.InterceptingExecutableInvoker$ReflectiveInterceptorCall.lambda$ofVoidMethod$0(InterceptingExecutableInvoker.java:103)
	at org.junit.jupiter.engine.execution.InterceptingExecutableInvoker.lambda$invoke$0(InterceptingExecutableInvoker.java:93)
	at org.junit.jupiter.engine.execution.InvocationInterceptorChain$InterceptedInvocation.proceed(InvocationInterceptorChain.java:106)
	at org.junit.jupiter.engine.execution.InvocationInterceptorChain.proceed(InvocationInterceptorChain.java:64)
	at org.junit.jupiter.engine.execution.InvocationInterceptorChain.chainAndInvoke(InvocationInterceptorChain.java:45)
	at org.junit.jupiter.engine.execution.InvocationInterceptorChain.invoke(InvocationInterceptorChain.java:37)
	at org.junit.jupiter.engine.execution.InterceptingExecutableInvoker.invoke(InterceptingExecutableInvoker.java:92)
	at org.junit.jupiter.engine.execution.InterceptingExecutableInvoker.invoke(InterceptingExecutableInvoker.java:86)
	at org.junit.jupiter.engine.descriptor.TestMethodTestDescriptor.lambda$invokeTestMethod$7(TestMethodTestDescriptor.java:218)
	at org.junit.platform.engine.support.hierarchical.ThrowableCollector.execute(ThrowableCollector.java:73)
	at org.junit.jupiter.engine.descriptor.TestMethodTestDescriptor.invokeTestMethod(TestMethodTestDescriptor.java:214)
	at org.junit.jupiter.engine.descriptor.TestMethodTestDescriptor.execute(TestMethodTestDescriptor.java:139)
	at org.junit.jupiter.engine.descriptor.TestMethodTestDescriptor.execute(TestMethodTestDescriptor.java:69)
	at org.junit.platform.engine.support.hierarchical.NodeTestTask.lambda$executeRecursively$6(NodeTestTask.java:151)
	at org.junit.platform.engine.support.hierarchical.ThrowableCollector.execute(ThrowableCollector.java:73)
	at org.junit.platform.engine.support.hierarchical.NodeTestTask.lambda$executeRecursively$8(NodeTestTask.java:141)
	at org.junit.platform.engine.support.hierarchical.Node.around(Node.java:137)
	at org.junit.platform.engine.support.hierarchical.NodeTestTask.lambda$executeRecursively$9(NodeTestTask.java:139)
	at org.junit.platform.engine.support.hierarchical.ThrowableCollector.execute(ThrowableCollector.java:73)
	at org.junit.platform.engine.support.hierarchical.NodeTestTask.executeRecursively(NodeTestTask.java:138)
	at org.junit.platform.engine.support.hierarchical.NodeTestTask.execute(NodeTestTask.java:95)
	at java.base/java.util.ArrayList.forEach(ArrayList.java:1604)
	at org.junit.platform.engine.support.hierarchical.SameThreadHierarchicalTestExecutorService.invokeAll(SameThreadHierarchicalTestExecutorService.java:41)
	at org.junit.platform.engine.support.hierarchical.NodeTestTask.lambda$executeRecursively$6(NodeTestTask.java:155)
	at org.junit.platform.engine.support.hierarchical.ThrowableCollector.execute(ThrowableCollector.java:73)
	at org.junit.platform.engine.support.hierarchical.NodeTestTask.lambda$executeRecursively$8(NodeTestTask.java:141)
	at org.junit.platform.engine.support.hierarchical.Node.around(Node.java:137)
	at org.junit.platform.engine.support.hierarchical.NodeTestTask.lambda$executeRecursively$9(NodeTestTask.java:139)
	at org.junit.platform.engine.support.hierarchical.ThrowableCollector.execute(ThrowableCollector.java:73)
	at org.junit.platform.engine.support.hierarchical.NodeTestTask.executeRecursively(NodeTestTask.java:138)
	at org.junit.platform.engine.support.hierarchical.NodeTestTask.execute(NodeTestTask.java:95)
	at java.base/java.util.ArrayList.forEach(ArrayList.java:1604)
	at org.junit.platform.engine.support.hierarchical.SameThreadHierarchicalTestExecutorService.invokeAll(SameThreadHierarchicalTestExecutorService.java:41)
	at org.junit.platform.engine.support.hierarchical.NodeTestTask.lambda$executeRecursively$6(NodeTestTask.java:155)
	at org.junit.platform.engine.support.hierarchical.ThrowableCollector.execute(ThrowableCollector.java:73)
	at org.junit.platform.engine.support.hierarchical.NodeTestTask.lambda$executeRecursively$8(NodeTestTask.java:141)
	at org.junit.platform.engine.support.hierarchical.Node.around(Node.java:137)
	at org.junit.platform.engine.support.hierarchical.NodeTestTask.lambda$executeRecursively$9(NodeTestTask.java:139)
	at org.junit.platform.engine.support.hierarchical.ThrowableCollector.execute(ThrowableCollector.java:73)
	at org.junit.platform.engine.support.hierarchical.NodeTestTask.executeRecursively(NodeTestTask.java:138)
	at org.junit.platform.engine.support.hierarchical.NodeTestTask.execute(NodeTestTask.java:95)
	at org.junit.platform.engine.support.hierarchical.SameThreadHierarchicalTestExecutorService.submit(SameThreadHierarchicalTestExecutorService.java:35)
	at org.junit.platform.engine.support.hierarchical.HierarchicalTestExecutor.execute(HierarchicalTestExecutor.java:57)
	at org.junit.platform.engine.support.hierarchical.HierarchicalTestEngine.execute(HierarchicalTestEngine.java:54)
	at org.junit.platform.launcher.core.EngineExecutionOrchestrator.execute(EngineExecutionOrchestrator.java:198)
	at org.junit.platform.launcher.core.EngineExecutionOrchestrator.execute(EngineExecutionOrchestrator.java:169)
	at org.junit.platform.launcher.core.EngineExecutionOrchestrator.execute(EngineExecutionOrchestrator.java:93)
	at org.junit.platform.launcher.core.EngineExecutionOrchestrator.lambda$execute$0(EngineExecutionOrchestrator.java:58)
	at org.junit.platform.launcher.core.EngineExecutionOrchestrator.withInterceptedStreams(EngineExecutionOrchestrator.java:141)
	at org.junit.platform.launcher.core.EngineExecutionOrchestrator.execute(EngineExecutionOrchestrator.java:57)
	at org.junit.platform.launcher.core.DefaultLauncher.execute(DefaultLauncher.java:103)
	at org.junit.platform.launcher.core.DefaultLauncher.execute(DefaultLauncher.java:85)
	at org.junit.platform.launcher.core.DelegatingLauncher.execute(DelegatingLauncher.java:47)
	at org.junit.platform.launcher.core.SessionPerRequestLauncher.execute(SessionPerRequestLauncher.java:63)
	at com.intellij.junit5.JUnit5IdeaTestRunner.startRunnerWithArgs(JUnit5IdeaTestRunner.java:66)
	at com.intellij.rt.junit.IdeaTestRunner$Repeater$1.execute(IdeaTestRunner.java:38)
	at com.intellij.rt.execution.junit.TestsRepeater.repeat(TestsRepeater.java:11)
	at com.intellij.rt.junit.IdeaTestRunner$Repeater.startRunnerWithArgs(IdeaTestRunner.java:35)
	at com.intellij.rt.junit.JUnitStarter.prepareStreamsAndStart(JUnitStarter.java:231)
	at com.intellij.rt.junit.JUnitStarter.main(JUnitStarter.java:55)
2026-04-18 22:37:29.092 [main] DEBUG com.appointmentscheduler.application.AppConfig - Application configuration loaded
2026-04-18 22:37:29.097 [main] DEBUG com.appointmentscheduler.application.AppConfig - Merged application-local.properties
2026-04-18 22:37:29.101 [main] DEBUG c.a.application.AppointmentReminderService - Registered reminder channel: SMSNotification
2026-04-18 22:37:31.321 [main] DEBUG com.appointmentscheduler.application.AppConfig - Application configuration loaded
2026-04-18 22:37:31.321 [main] DEBUG com.appointmentscheduler.application.AppConfig - Merged application-local.properties
2026-04-18 22:37:31.818 [main] ERROR com.appointmentscheduler.presentation.MainApp - Failed to load screen: 
javafx.fxml.LoadException: 
/C:/Users/PC/Desktop/software%20project/AppointmentSystem/target/test-classes/com/appointmentscheduler/presentation/

	at javafx.fxml/javafx.fxml.FXMLLoader.constructLoadException(FXMLLoader.java:2714)
	at javafx.fxml/javafx.fxml.FXMLLoader.loadImpl(FXMLLoader.java:2657)
	at javafx.fxml/javafx.fxml.FXMLLoader.loadImpl(FXMLLoader.java:2555)
	at javafx.fxml/javafx.fxml.FXMLLoader.load(FXMLLoader.java:2523)
	at com.appointmentscheduler/com.appointmentscheduler.presentation.MainApp.loadScreen(MainApp.java:397)
	at java.base/java.lang.invoke.MethodHandle.invokeWithArguments(MethodHandle.java:735)
	at org.mockito.internal.util.reflection.InstrumentationMemberAccessor$Dispatcher$ByteBuddy$pm2OQBHR.invokeWithArguments(Unknown Source)
	at org.mockito.internal.util.reflection.InstrumentationMemberAccessor.invoke(InstrumentationMemberAccessor.java:265)
	at org.mockito.internal.util.reflection.ModuleMemberAccessor.invoke(ModuleMemberAccessor.java:55)
	at org.mockito.internal.creation.bytebuddy.MockMethodAdvice.tryInvoke(MockMethodAdvice.java:316)
	at org.mockito.internal.creation.bytebuddy.MockMethodAdvice$StaticMethodCall.invoke(MockMethodAdvice.java:308)
	at org.mockito.internal.invocation.InterceptedInvocation.callRealMethod(InterceptedInvocation.java:142)
	at org.mockito.internal.stubbing.answers.CallsRealMethods.answer(CallsRealMethods.java:45)
	at org.mockito.Answers.answer(Answers.java:90)
	at org.mockito.internal.handler.MockHandlerImpl.handle(MockHandlerImpl.java:111)
	at org.mockito.internal.handler.NullResultGuardian.handle(NullResultGuardian.java:29)
	at org.mockito.internal.handler.InvocationNotifierHandler.handle(InvocationNotifierHandler.java:34)
	at org.mockito.internal.creation.bytebuddy.access.MockMethodInterceptor.doIntercept(MockMethodInterceptor.java:84)
	at org.mockito.internal.creation.bytebuddy.MockMethodAdvice.handleStatic(MockMethodAdvice.java:150)
	at com.appointmentscheduler/com.appointmentscheduler.presentation.MainApp.loadScreen(MainApp.java:381)
	at com.appointmentscheduler/com.appointmentscheduler.presentation.MainAppInternalsCoverageTest.lambda$36(MainAppInternalsCoverageTest.java:356)
	at org.mockito.internal.MockedStaticImpl.when(MockedStaticImpl.java:49)
	at com.appointmentscheduler/com.appointmentscheduler.presentation.MainAppInternalsCoverageTest.performLogout_nullOwner_primaryStageWithoutScene_coversOwnerFallbackTernary(MainAppInternalsCoverageTest.java:356)
	at java.base/jdk.internal.reflect.DirectMethodHandleAccessor.invoke(DirectMethodHandleAccessor.java:104)
	at java.base/java.lang.reflect.Method.invoke(Method.java:565)
	at org.junit.platform.commons.util.ReflectionUtils.invokeMethod(ReflectionUtils.java:728)
	at org.junit.jupiter.engine.execution.MethodInvocation.proceed(MethodInvocation.java:60)
	at org.junit.jupiter.engine.execution.InvocationInterceptorChain$ValidatingInvocation.proceed(InvocationInterceptorChain.java:131)
	at org.junit.jupiter.engine.extension.TimeoutExtension.intercept(TimeoutExtension.java:156)
	at org.junit.jupiter.engine.extension.TimeoutExtension.interceptTestableMethod(TimeoutExtension.java:147)
	at org.junit.jupiter.engine.extension.TimeoutExtension.interceptTestMethod(TimeoutExtension.java:86)
	at org.junit.jupiter.engine.execution.InterceptingExecutableInvoker$ReflectiveInterceptorCall.lambda$ofVoidMethod$0(InterceptingExecutableInvoker.java:103)
	at org.junit.jupiter.engine.execution.InterceptingExecutableInvoker.lambda$invoke$0(InterceptingExecutableInvoker.java:93)
	at org.junit.jupiter.engine.execution.InvocationInterceptorChain$InterceptedInvocation.proceed(InvocationInterceptorChain.java:106)
	at org.junit.jupiter.engine.execution.InvocationInterceptorChain.proceed(InvocationInterceptorChain.java:64)
	at org.junit.jupiter.engine.execution.InvocationInterceptorChain.chainAndInvoke(InvocationInterceptorChain.java:45)
	at org.junit.jupiter.engine.execution.InvocationInterceptorChain.invoke(InvocationInterceptorChain.java:37)
	at org.junit.jupiter.engine.execution.InterceptingExecutableInvoker.invoke(InterceptingExecutableInvoker.java:92)
	at org.junit.jupiter.engine.execution.InterceptingExecutableInvoker.invoke(InterceptingExecutableInvoker.java:86)
	at org.junit.jupiter.engine.descriptor.TestMethodTestDescriptor.lambda$invokeTestMethod$7(TestMethodTestDescriptor.java:218)
	at org.junit.platform.engine.support.hierarchical.ThrowableCollector.execute(ThrowableCollector.java:73)
	at org.junit.jupiter.engine.descriptor.TestMethodTestDescriptor.invokeTestMethod(TestMethodTestDescriptor.java:214)
	at org.junit.jupiter.engine.descriptor.TestMethodTestDescriptor.execute(TestMethodTestDescriptor.java:139)
	at org.junit.jupiter.engine.descriptor.TestMethodTestDescriptor.execute(TestMethodTestDescriptor.java:69)
	at org.junit.platform.engine.support.hierarchical.NodeTestTask.lambda$executeRecursively$6(NodeTestTask.java:151)
	at org.junit.platform.engine.support.hierarchical.ThrowableCollector.execute(ThrowableCollector.java:73)
	at org.junit.platform.engine.support.hierarchical.NodeTestTask.lambda$executeRecursively$8(NodeTestTask.java:141)
	at org.junit.platform.engine.support.hierarchical.Node.around(Node.java:137)
	at org.junit.platform.engine.support.hierarchical.NodeTestTask.lambda$executeRecursively$9(NodeTestTask.java:139)
	at org.junit.platform.engine.support.hierarchical.ThrowableCollector.execute(ThrowableCollector.java:73)
	at org.junit.platform.engine.support.hierarchical.NodeTestTask.executeRecursively(NodeTestTask.java:138)
	at org.junit.platform.engine.support.hierarchical.NodeTestTask.execute(NodeTestTask.java:95)
	at java.base/java.util.ArrayList.forEach(ArrayList.java:1604)
	at org.junit.platform.engine.support.hierarchical.SameThreadHierarchicalTestExecutorService.invokeAll(SameThreadHierarchicalTestExecutorService.java:41)
	at org.junit.platform.engine.support.hierarchical.NodeTestTask.lambda$executeRecursively$6(NodeTestTask.java:155)
	at org.junit.platform.engine.support.hierarchical.ThrowableCollector.execute(ThrowableCollector.java:73)
	at org.junit.platform.engine.support.hierarchical.NodeTestTask.lambda$executeRecursively$8(NodeTestTask.java:141)
	at org.junit.platform.engine.support.hierarchical.Node.around(Node.java:137)
	at org.junit.platform.engine.support.hierarchical.NodeTestTask.lambda$executeRecursively$9(NodeTestTask.java:139)
	at org.junit.platform.engine.support.hierarchical.ThrowableCollector.execute(ThrowableCollector.java:73)
	at org.junit.platform.engine.support.hierarchical.NodeTestTask.executeRecursively(NodeTestTask.java:138)
	at org.junit.platform.engine.support.hierarchical.NodeTestTask.execute(NodeTestTask.java:95)
	at java.base/java.util.ArrayList.forEach(ArrayList.java:1604)
	at org.junit.platform.engine.support.hierarchical.SameThreadHierarchicalTestExecutorService.invokeAll(SameThreadHierarchicalTestExecutorService.java:41)
	at org.junit.platform.engine.support.hierarchical.NodeTestTask.lambda$executeRecursively$6(NodeTestTask.java:155)
	at org.junit.platform.engine.support.hierarchical.ThrowableCollector.execute(ThrowableCollector.java:73)
	at org.junit.platform.engine.support.hierarchical.NodeTestTask.lambda$executeRecursively$8(NodeTestTask.java:141)
	at org.junit.platform.engine.support.hierarchical.Node.around(Node.java:137)
	at org.junit.platform.engine.support.hierarchical.NodeTestTask.lambda$executeRecursively$9(NodeTestTask.java:139)
	at org.junit.platform.engine.support.hierarchical.ThrowableCollector.execute(ThrowableCollector.java:73)
	at org.junit.platform.engine.support.hierarchical.NodeTestTask.executeRecursively(NodeTestTask.java:138)
	at org.junit.platform.engine.support.hierarchical.NodeTestTask.execute(NodeTestTask.java:95)
	at org.junit.platform.engine.support.hierarchical.SameThreadHierarchicalTestExecutorService.submit(SameThreadHierarchicalTestExecutorService.java:35)
	at org.junit.platform.engine.support.hierarchical.HierarchicalTestExecutor.execute(HierarchicalTestExecutor.java:57)
	at org.junit.platform.engine.support.hierarchical.HierarchicalTestEngine.execute(HierarchicalTestEngine.java:54)
	at org.junit.platform.launcher.core.EngineExecutionOrchestrator.execute(EngineExecutionOrchestrator.java:198)
	at org.junit.platform.launcher.core.EngineExecutionOrchestrator.execute(EngineExecutionOrchestrator.java:169)
	at org.junit.platform.launcher.core.EngineExecutionOrchestrator.execute(EngineExecutionOrchestrator.java:93)
	at org.junit.platform.launcher.core.EngineExecutionOrchestrator.lambda$execute$0(EngineExecutionOrchestrator.java:58)
	at org.junit.platform.launcher.core.EngineExecutionOrchestrator.withInterceptedStreams(EngineExecutionOrchestrator.java:141)
	at org.junit.platform.launcher.core.EngineExecutionOrchestrator.execute(EngineExecutionOrchestrator.java:57)
	at org.junit.platform.launcher.core.DefaultLauncher.execute(DefaultLauncher.java:103)
	at org.junit.platform.launcher.core.DefaultLauncher.execute(DefaultLauncher.java:85)
	at org.junit.platform.launcher.core.DelegatingLauncher.execute(DelegatingLauncher.java:47)
	at org.junit.platform.launcher.core.SessionPerRequestLauncher.execute(SessionPerRequestLauncher.java:63)
	at com.intellij.junit5.JUnit5IdeaTestRunner.startRunnerWithArgs(JUnit5IdeaTestRunner.java:66)
	at com.intellij.rt.junit.IdeaTestRunner$Repeater$1.execute(IdeaTestRunner.java:38)
	at com.intellij.rt.execution.junit.TestsRepeater.repeat(TestsRepeater.java:11)
	at com.intellij.rt.junit.IdeaTestRunner$Repeater.startRunnerWithArgs(IdeaTestRunner.java:35)
	at com.intellij.rt.junit.JUnitStarter.prepareStreamsAndStart(JUnitStarter.java:231)
	at com.intellij.rt.junit.JUnitStarter.main(JUnitStarter.java:55)
Caused by: javax.xml.stream.XMLStreamException: ParseError at [row,col]:[1,1]
Message: Content is not allowed in prolog.
	at java.xml/com.sun.org.apache.xerces.internal.impl.XMLStreamReaderImpl.next(XMLStreamReaderImpl.java:652)
	at java.xml/javax.xml.stream.util.StreamReaderDelegate.next(StreamReaderDelegate.java:84)
	at javafx.fxml/javafx.fxml.FXMLLoader.loadImpl(FXMLLoader.java:2627)
	... 89 common frames omitted
2026-04-18 22:37:31.828 [main] ERROR com.appointmentscheduler.presentation.MainApp - Could not show error scene
java.lang.IllegalStateException: Not on FX application thread; currentThread = main
	at javafx.graphics/com.sun.javafx.tk.Toolkit.checkFxUserThread(Toolkit.java:297)
	at javafx.graphics/com.sun.javafx.tk.quantum.QuantumToolkit.checkFxUserThread(QuantumToolkit.java:458)
	at javafx.graphics/javafx.stage.Stage.setScene(Stage.java:269)
	at com.appointmentscheduler/com.appointmentscheduler.presentation.MainApp.showErrorScene(MainApp.java:468)
	at java.base/java.lang.invoke.MethodHandle.invokeWithArguments(MethodHandle.java:735)
	at org.mockito.internal.util.reflection.InstrumentationMemberAccessor$Dispatcher$ByteBuddy$pm2OQBHR.invokeWithArguments(Unknown Source)
	at org.mockito.internal.util.reflection.InstrumentationMemberAccessor.invoke(InstrumentationMemberAccessor.java:265)
	at org.mockito.internal.util.reflection.ModuleMemberAccessor.invoke(ModuleMemberAccessor.java:55)
	at org.mockito.internal.creation.bytebuddy.MockMethodAdvice.tryInvoke(MockMethodAdvice.java:316)
	at org.mockito.internal.creation.bytebuddy.MockMethodAdvice$StaticMethodCall.invoke(MockMethodAdvice.java:308)
	at org.mockito.internal.invocation.InterceptedInvocation.callRealMethod(InterceptedInvocation.java:142)
	at org.mockito.internal.stubbing.answers.CallsRealMethods.answer(CallsRealMethods.java:45)
	at org.mockito.Answers.answer(Answers.java:90)
	at org.mockito.internal.handler.MockHandlerImpl.handle(MockHandlerImpl.java:111)
	at org.mockito.internal.handler.NullResultGuardian.handle(NullResultGuardian.java:29)
	at org.mockito.internal.handler.InvocationNotifierHandler.handle(InvocationNotifierHandler.java:34)
	at org.mockito.internal.creation.bytebuddy.access.MockMethodInterceptor.doIntercept(MockMethodInterceptor.java:84)
	at org.mockito.internal.creation.bytebuddy.MockMethodAdvice.handleStatic(MockMethodAdvice.java:150)
	at com.appointmentscheduler/com.appointmentscheduler.presentation.MainApp.showErrorScene(MainApp.java:459)
	at com.appointmentscheduler/com.appointmentscheduler.presentation.MainApp.loadScreen(MainApp.java:416)
	at java.base/java.lang.invoke.MethodHandle.invokeWithArguments(MethodHandle.java:735)
	at org.mockito.internal.util.reflection.InstrumentationMemberAccessor$Dispatcher$ByteBuddy$pm2OQBHR.invokeWithArguments(Unknown Source)
	at org.mockito.internal.util.reflection.InstrumentationMemberAccessor.invoke(InstrumentationMemberAccessor.java:265)
	at org.mockito.internal.util.reflection.ModuleMemberAccessor.invoke(ModuleMemberAccessor.java:55)
	at org.mockito.internal.creation.bytebuddy.MockMethodAdvice.tryInvoke(MockMethodAdvice.java:316)
	at org.mockito.internal.creation.bytebuddy.MockMethodAdvice$StaticMethodCall.invoke(MockMethodAdvice.java:308)
	at org.mockito.internal.invocation.InterceptedInvocation.callRealMethod(InterceptedInvocation.java:142)
	at org.mockito.internal.stubbing.answers.CallsRealMethods.answer(CallsRealMethods.java:45)
	at org.mockito.Answers.answer(Answers.java:90)
	at org.mockito.internal.handler.MockHandlerImpl.handle(MockHandlerImpl.java:111)
	at org.mockito.internal.handler.NullResultGuardian.handle(NullResultGuardian.java:29)
	at org.mockito.internal.handler.InvocationNotifierHandler.handle(InvocationNotifierHandler.java:34)
	at org.mockito.internal.creation.bytebuddy.access.MockMethodInterceptor.doIntercept(MockMethodInterceptor.java:84)
	at org.mockito.internal.creation.bytebuddy.MockMethodAdvice.handleStatic(MockMethodAdvice.java:150)
	at com.appointmentscheduler/com.appointmentscheduler.presentation.MainApp.loadScreen(MainApp.java:381)
	at com.appointmentscheduler/com.appointmentscheduler.presentation.MainAppInternalsCoverageTest.lambda$36(MainAppInternalsCoverageTest.java:356)
	at org.mockito.internal.MockedStaticImpl.when(MockedStaticImpl.java:49)
	at com.appointmentscheduler/com.appointmentscheduler.presentation.MainAppInternalsCoverageTest.performLogout_nullOwner_primaryStageWithoutScene_coversOwnerFallbackTernary(MainAppInternalsCoverageTest.java:356)
	at java.base/jdk.internal.reflect.DirectMethodHandleAccessor.invoke(DirectMethodHandleAccessor.java:104)
	at java.base/java.lang.reflect.Method.invoke(Method.java:565)
	at org.junit.platform.commons.util.ReflectionUtils.invokeMethod(ReflectionUtils.java:728)
	at org.junit.jupiter.engine.execution.MethodInvocation.proceed(MethodInvocation.java:60)
	at org.junit.jupiter.engine.execution.InvocationInterceptorChain$ValidatingInvocation.proceed(InvocationInterceptorChain.java:131)
	at org.junit.jupiter.engine.extension.TimeoutExtension.intercept(TimeoutExtension.java:156)
	at org.junit.jupiter.engine.extension.TimeoutExtension.interceptTestableMethod(TimeoutExtension.java:147)
	at org.junit.jupiter.engine.extension.TimeoutExtension.interceptTestMethod(TimeoutExtension.java:86)
	at org.junit.jupiter.engine.execution.InterceptingExecutableInvoker$ReflectiveInterceptorCall.lambda$ofVoidMethod$0(InterceptingExecutableInvoker.java:103)
	at org.junit.jupiter.engine.execution.InterceptingExecutableInvoker.lambda$invoke$0(InterceptingExecutableInvoker.java:93)
	at org.junit.jupiter.engine.execution.InvocationInterceptorChain$InterceptedInvocation.proceed(InvocationInterceptorChain.java:106)
	at org.junit.jupiter.engine.execution.InvocationInterceptorChain.proceed(InvocationInterceptorChain.java:64)
	at org.junit.jupiter.engine.execution.InvocationInterceptorChain.chainAndInvoke(InvocationInterceptorChain.java:45)
	at org.junit.jupiter.engine.execution.InvocationInterceptorChain.invoke(InvocationInterceptorChain.java:37)
	at org.junit.jupiter.engine.execution.InterceptingExecutableInvoker.invoke(InterceptingExecutableInvoker.java:92)
	at org.junit.jupiter.engine.execution.InterceptingExecutableInvoker.invoke(InterceptingExecutableInvoker.java:86)
	at org.junit.jupiter.engine.descriptor.TestMethodTestDescriptor.lambda$invokeTestMethod$7(TestMethodTestDescriptor.java:218)
	at org.junit.platform.engine.support.hierarchical.ThrowableCollector.execute(ThrowableCollector.java:73)
	at org.junit.jupiter.engine.descriptor.TestMethodTestDescriptor.invokeTestMethod(TestMethodTestDescriptor.java:214)
	at org.junit.jupiter.engine.descriptor.TestMethodTestDescriptor.execute(TestMethodTestDescriptor.java:139)
	at org.junit.jupiter.engine.descriptor.TestMethodTestDescriptor.execute(TestMethodTestDescriptor.java:69)
	at org.junit.platform.engine.support.hierarchical.NodeTestTask.lambda$executeRecursively$6(NodeTestTask.java:151)
	at org.junit.platform.engine.support.hierarchical.ThrowableCollector.execute(ThrowableCollector.java:73)
	at org.junit.platform.engine.support.hierarchical.NodeTestTask.lambda$executeRecursively$8(NodeTestTask.java:141)
	at org.junit.platform.engine.support.hierarchical.Node.around(Node.java:137)
	at org.junit.platform.engine.support.hierarchical.NodeTestTask.lambda$executeRecursively$9(NodeTestTask.java:139)
	at org.junit.platform.engine.support.hierarchical.ThrowableCollector.execute(ThrowableCollector.java:73)
	at org.junit.platform.engine.support.hierarchical.NodeTestTask.executeRecursively(NodeTestTask.java:138)
	at org.junit.platform.engine.support.hierarchical.NodeTestTask.execute(NodeTestTask.java:95)
	at java.base/java.util.ArrayList.forEach(ArrayList.java:1604)
	at org.junit.platform.engine.support.hierarchical.SameThreadHierarchicalTestExecutorService.invokeAll(SameThreadHierarchicalTestExecutorService.java:41)
	at org.junit.platform.engine.support.hierarchical.NodeTestTask.lambda$executeRecursively$6(NodeTestTask.java:155)
	at org.junit.platform.engine.support.hierarchical.ThrowableCollector.execute(ThrowableCollector.java:73)
	at org.junit.platform.engine.support.hierarchical.NodeTestTask.lambda$executeRecursively$8(NodeTestTask.java:141)
	at org.junit.platform.engine.support.hierarchical.Node.around(Node.java:137)
	at org.junit.platform.engine.support.hierarchical.NodeTestTask.lambda$executeRecursively$9(NodeTestTask.java:139)
	at org.junit.platform.engine.support.hierarchical.ThrowableCollector.execute(ThrowableCollector.java:73)
	at org.junit.platform.engine.support.hierarchical.NodeTestTask.executeRecursively(NodeTestTask.java:138)
	at org.junit.platform.engine.support.hierarchical.NodeTestTask.execute(NodeTestTask.java:95)
	at java.base/java.util.ArrayList.forEach(ArrayList.java:1604)
	at org.junit.platform.engine.support.hierarchical.SameThreadHierarchicalTestExecutorService.invokeAll(SameThreadHierarchicalTestExecutorService.java:41)
	at org.junit.platform.engine.support.hierarchical.NodeTestTask.lambda$executeRecursively$6(NodeTestTask.java:155)
	at org.junit.platform.engine.support.hierarchical.ThrowableCollector.execute(ThrowableCollector.java:73)
	at org.junit.platform.engine.support.hierarchical.NodeTestTask.lambda$executeRecursively$8(NodeTestTask.java:141)
	at org.junit.platform.engine.support.hierarchical.Node.around(Node.java:137)
	at org.junit.platform.engine.support.hierarchical.NodeTestTask.lambda$executeRecursively$9(NodeTestTask.java:139)
	at org.junit.platform.engine.support.hierarchical.ThrowableCollector.execute(ThrowableCollector.java:73)
	at org.junit.platform.engine.support.hierarchical.NodeTestTask.executeRecursively(NodeTestTask.java:138)
	at org.junit.platform.engine.support.hierarchical.NodeTestTask.execute(NodeTestTask.java:95)
	at org.junit.platform.engine.support.hierarchical.SameThreadHierarchicalTestExecutorService.submit(SameThreadHierarchicalTestExecutorService.java:35)
	at org.junit.platform.engine.support.hierarchical.HierarchicalTestExecutor.execute(HierarchicalTestExecutor.java:57)
	at org.junit.platform.engine.support.hierarchical.HierarchicalTestEngine.execute(HierarchicalTestEngine.java:54)
	at org.junit.platform.launcher.core.EngineExecutionOrchestrator.execute(EngineExecutionOrchestrator.java:198)
	at org.junit.platform.launcher.core.EngineExecutionOrchestrator.execute(EngineExecutionOrchestrator.java:169)
	at org.junit.platform.launcher.core.EngineExecutionOrchestrator.execute(EngineExecutionOrchestrator.java:93)
	at org.junit.platform.launcher.core.EngineExecutionOrchestrator.lambda$execute$0(EngineExecutionOrchestrator.java:58)
	at org.junit.platform.launcher.core.EngineExecutionOrchestrator.withInterceptedStreams(EngineExecutionOrchestrator.java:141)
	at org.junit.platform.launcher.core.EngineExecutionOrchestrator.execute(EngineExecutionOrchestrator.java:57)
	at org.junit.platform.launcher.core.DefaultLauncher.execute(DefaultLauncher.java:103)
	at org.junit.platform.launcher.core.DefaultLauncher.execute(DefaultLauncher.java:85)
	at org.junit.platform.launcher.core.DelegatingLauncher.execute(DelegatingLauncher.java:47)
	at org.junit.platform.launcher.core.SessionPerRequestLauncher.execute(SessionPerRequestLauncher.java:63)
	at com.intellij.junit5.JUnit5IdeaTestRunner.startRunnerWithArgs(JUnit5IdeaTestRunner.java:66)
	at com.intellij.rt.junit.IdeaTestRunner$Repeater$1.execute(IdeaTestRunner.java:38)
	at com.intellij.rt.execution.junit.TestsRepeater.repeat(TestsRepeater.java:11)
	at com.intellij.rt.junit.IdeaTestRunner$Repeater.startRunnerWithArgs(IdeaTestRunner.java:35)
	at com.intellij.rt.junit.JUnitStarter.prepareStreamsAndStart(JUnitStarter.java:231)
	at com.intellij.rt.junit.JUnitStarter.main(JUnitStarter.java:55)
2026-04-18 22:37:31.835 [JavaFX Application Thread] ERROR c.appointmentscheduler.presentation.ErrorHandler - Failed to load screen: 
/C:/Users/PC/Desktop/software%20project/AppointmentSystem/target/test-classes/com/appointmentscheduler/presentation/

javafx.fxml.LoadException: 
/C:/Users/PC/Desktop/software%20project/AppointmentSystem/target/test-classes/com/appointmentscheduler/presentation/

	at javafx.fxml/javafx.fxml.FXMLLoader.constructLoadException(FXMLLoader.java:2714)
	at javafx.fxml/javafx.fxml.FXMLLoader.loadImpl(FXMLLoader.java:2657)
	at javafx.fxml/javafx.fxml.FXMLLoader.loadImpl(FXMLLoader.java:2555)
	at javafx.fxml/javafx.fxml.FXMLLoader.load(FXMLLoader.java:2523)
	at com.appointmentscheduler/com.appointmentscheduler.presentation.MainApp.loadScreen(MainApp.java:397)
	at java.base/java.lang.invoke.MethodHandle.invokeWithArguments(MethodHandle.java:735)
	at org.mockito.internal.util.reflection.InstrumentationMemberAccessor$Dispatcher$ByteBuddy$pm2OQBHR.invokeWithArguments(Unknown Source)
	at org.mockito.internal.util.reflection.InstrumentationMemberAccessor.invoke(InstrumentationMemberAccessor.java:265)
	at org.mockito.internal.util.reflection.ModuleMemberAccessor.invoke(ModuleMemberAccessor.java:55)
	at org.mockito.internal.creation.bytebuddy.MockMethodAdvice.tryInvoke(MockMethodAdvice.java:316)
	at org.mockito.internal.creation.bytebuddy.MockMethodAdvice$StaticMethodCall.invoke(MockMethodAdvice.java:308)
	at org.mockito.internal.invocation.InterceptedInvocation.callRealMethod(InterceptedInvocation.java:142)
	at org.mockito.internal.stubbing.answers.CallsRealMethods.answer(CallsRealMethods.java:45)
	at org.mockito.Answers.answer(Answers.java:90)
	at org.mockito.internal.handler.MockHandlerImpl.handle(MockHandlerImpl.java:111)
	at org.mockito.internal.handler.NullResultGuardian.handle(NullResultGuardian.java:29)
	at org.mockito.internal.handler.InvocationNotifierHandler.handle(InvocationNotifierHandler.java:34)
	at org.mockito.internal.creation.bytebuddy.access.MockMethodInterceptor.doIntercept(MockMethodInterceptor.java:84)
	at org.mockito.internal.creation.bytebuddy.MockMethodAdvice.handleStatic(MockMethodAdvice.java:150)
	at com.appointmentscheduler/com.appointmentscheduler.presentation.MainApp.loadScreen(MainApp.java:381)
	at com.appointmentscheduler/com.appointmentscheduler.presentation.MainAppInternalsCoverageTest.lambda$36(MainAppInternalsCoverageTest.java:356)
	at org.mockito.internal.MockedStaticImpl.when(MockedStaticImpl.java:49)
	at com.appointmentscheduler/com.appointmentscheduler.presentation.MainAppInternalsCoverageTest.performLogout_nullOwner_primaryStageWithoutScene_coversOwnerFallbackTernary(MainAppInternalsCoverageTest.java:356)
	at java.base/jdk.internal.reflect.DirectMethodHandleAccessor.invoke(DirectMethodHandleAccessor.java:104)
	at java.base/java.lang.reflect.Method.invoke(Method.java:565)
	at org.junit.platform.commons.util.ReflectionUtils.invokeMethod(ReflectionUtils.java:728)
	at org.junit.jupiter.engine.execution.MethodInvocation.proceed(MethodInvocation.java:60)
	at org.junit.jupiter.engine.execution.InvocationInterceptorChain$ValidatingInvocation.proceed(InvocationInterceptorChain.java:131)
	at org.junit.jupiter.engine.extension.TimeoutExtension.intercept(TimeoutExtension.java:156)
	at org.junit.jupiter.engine.extension.TimeoutExtension.interceptTestableMethod(TimeoutExtension.java:147)
	at org.junit.jupiter.engine.extension.TimeoutExtension.interceptTestMethod(TimeoutExtension.java:86)
	at org.junit.jupiter.engine.execution.InterceptingExecutableInvoker$ReflectiveInterceptorCall.lambda$ofVoidMethod$0(InterceptingExecutableInvoker.java:103)
	at org.junit.jupiter.engine.execution.InterceptingExecutableInvoker.lambda$invoke$0(InterceptingExecutableInvoker.java:93)
	at org.junit.jupiter.engine.execution.InvocationInterceptorChain$InterceptedInvocation.proceed(InvocationInterceptorChain.java:106)
	at org.junit.jupiter.engine.execution.InvocationInterceptorChain.proceed(InvocationInterceptorChain.java:64)
	at org.junit.jupiter.engine.execution.InvocationInterceptorChain.chainAndInvoke(InvocationInterceptorChain.java:45)
	at org.junit.jupiter.engine.execution.InvocationInterceptorChain.invoke(InvocationInterceptorChain.java:37)
	at org.junit.jupiter.engine.execution.InterceptingExecutableInvoker.invoke(InterceptingExecutableInvoker.java:92)
	at org.junit.jupiter.engine.execution.InterceptingExecutableInvoker.invoke(InterceptingExecutableInvoker.java:86)
	at org.junit.jupiter.engine.descriptor.TestMethodTestDescriptor.lambda$invokeTestMethod$7(TestMethodTestDescriptor.java:218)
	at org.junit.platform.engine.support.hierarchical.ThrowableCollector.execute(ThrowableCollector.java:73)
	at org.junit.jupiter.engine.descriptor.TestMethodTestDescriptor.invokeTestMethod(TestMethodTestDescriptor.java:214)
	at org.junit.jupiter.engine.descriptor.TestMethodTestDescriptor.execute(TestMethodTestDescriptor.java:139)
	at org.junit.jupiter.engine.descriptor.TestMethodTestDescriptor.execute(TestMethodTestDescriptor.java:69)
	at org.junit.platform.engine.support.hierarchical.NodeTestTask.lambda$executeRecursively$6(NodeTestTask.java:151)
	at org.junit.platform.engine.support.hierarchical.ThrowableCollector.execute(ThrowableCollector.java:73)
	at org.junit.platform.engine.support.hierarchical.NodeTestTask.lambda$executeRecursively$8(NodeTestTask.java:141)
	at org.junit.platform.engine.support.hierarchical.Node.around(Node.java:137)
	at org.junit.platform.engine.support.hierarchical.NodeTestTask.lambda$executeRecursively$9(NodeTestTask.java:139)
	at org.junit.platform.engine.support.hierarchical.ThrowableCollector.execute(ThrowableCollector.java:73)
	at org.junit.platform.engine.support.hierarchical.NodeTestTask.executeRecursively(NodeTestTask.java:138)
	at org.junit.platform.engine.support.hierarchical.NodeTestTask.execute(NodeTestTask.java:95)
	at java.base/java.util.ArrayList.forEach(ArrayList.java:1604)
	at org.junit.platform.engine.support.hierarchical.SameThreadHierarchicalTestExecutorService.invokeAll(SameThreadHierarchicalTestExecutorService.java:41)
	at org.junit.platform.engine.support.hierarchical.NodeTestTask.lambda$executeRecursively$6(NodeTestTask.java:155)
	at org.junit.platform.engine.support.hierarchical.ThrowableCollector.execute(ThrowableCollector.java:73)
	at org.junit.platform.engine.support.hierarchical.NodeTestTask.lambda$executeRecursively$8(NodeTestTask.java:141)
	at org.junit.platform.engine.support.hierarchical.Node.around(Node.java:137)
	at org.junit.platform.engine.support.hierarchical.NodeTestTask.lambda$executeRecursively$9(NodeTestTask.java:139)
	at org.junit.platform.engine.support.hierarchical.ThrowableCollector.execute(ThrowableCollector.java:73)
	at org.junit.platform.engine.support.hierarchical.NodeTestTask.executeRecursively(NodeTestTask.java:138)
	at org.junit.platform.engine.support.hierarchical.NodeTestTask.execute(NodeTestTask.java:95)
	at java.base/java.util.ArrayList.forEach(ArrayList.java:1604)
	at org.junit.platform.engine.support.hierarchical.SameThreadHierarchicalTestExecutorService.invokeAll(SameThreadHierarchicalTestExecutorService.java:41)
	at org.junit.platform.engine.support.hierarchical.NodeTestTask.lambda$executeRecursively$6(NodeTestTask.java:155)
	at org.junit.platform.engine.support.hierarchical.ThrowableCollector.execute(ThrowableCollector.java:73)
	at org.junit.platform.engine.support.hierarchical.NodeTestTask.lambda$executeRecursively$8(NodeTestTask.java:141)
	at org.junit.platform.engine.support.hierarchical.Node.around(Node.java:137)
	at org.junit.platform.engine.support.hierarchical.NodeTestTask.lambda$executeRecursively$9(NodeTestTask.java:139)
	at org.junit.platform.engine.support.hierarchical.ThrowableCollector.execute(ThrowableCollector.java:73)
	at org.junit.platform.engine.support.hierarchical.NodeTestTask.executeRecursively(NodeTestTask.java:138)
	at org.junit.platform.engine.support.hierarchical.NodeTestTask.execute(NodeTestTask.java:95)
	at org.junit.platform.engine.support.hierarchical.SameThreadHierarchicalTestExecutorService.submit(SameThreadHierarchicalTestExecutorService.java:35)
	at org.junit.platform.engine.support.hierarchical.HierarchicalTestExecutor.execute(HierarchicalTestExecutor.java:57)
	at org.junit.platform.engine.support.hierarchical.HierarchicalTestEngine.execute(HierarchicalTestEngine.java:54)
	at org.junit.platform.launcher.core.EngineExecutionOrchestrator.execute(EngineExecutionOrchestrator.java:198)
	at org.junit.platform.launcher.core.EngineExecutionOrchestrator.execute(EngineExecutionOrchestrator.java:169)
	at org.junit.platform.launcher.core.EngineExecutionOrchestrator.execute(EngineExecutionOrchestrator.java:93)
	at org.junit.platform.launcher.core.EngineExecutionOrchestrator.lambda$execute$0(EngineExecutionOrchestrator.java:58)
	at org.junit.platform.launcher.core.EngineExecutionOrchestrator.withInterceptedStreams(EngineExecutionOrchestrator.java:141)
	at org.junit.platform.launcher.core.EngineExecutionOrchestrator.execute(EngineExecutionOrchestrator.java:57)
	at org.junit.platform.launcher.core.DefaultLauncher.execute(DefaultLauncher.java:103)
	at org.junit.platform.launcher.core.DefaultLauncher.execute(DefaultLauncher.java:85)
	at org.junit.platform.launcher.core.DelegatingLauncher.execute(DelegatingLauncher.java:47)
	at org.junit.platform.launcher.core.SessionPerRequestLauncher.execute(SessionPerRequestLauncher.java:63)
	at com.intellij.junit5.JUnit5IdeaTestRunner.startRunnerWithArgs(JUnit5IdeaTestRunner.java:66)
	at com.intellij.rt.junit.IdeaTestRunner$Repeater$1.execute(IdeaTestRunner.java:38)
	at com.intellij.rt.execution.junit.TestsRepeater.repeat(TestsRepeater.java:11)
	at com.intellij.rt.junit.IdeaTestRunner$Repeater.startRunnerWithArgs(IdeaTestRunner.java:35)
	at com.intellij.rt.junit.JUnitStarter.prepareStreamsAndStart(JUnitStarter.java:231)
	at com.intellij.rt.junit.JUnitStarter.main(JUnitStarter.java:55)
Caused by: javax.xml.stream.XMLStreamException: ParseError at [row,col]:[1,1]
Message: Content is not allowed in prolog.
	at java.xml/com.sun.org.apache.xerces.internal.impl.XMLStreamReaderImpl.next(XMLStreamReaderImpl.java:652)
	at java.xml/javax.xml.stream.util.StreamReaderDelegate.next(StreamReaderDelegate.java:84)
	at javafx.fxml/javafx.fxml.FXMLLoader.loadImpl(FXMLLoader.java:2627)
	... 89 common frames omitted
2026-04-18 22:37:31.856 [main] DEBUG com.appointmentscheduler.application.AppConfig - Application configuration loaded
2026-04-18 22:37:31.857 [main] DEBUG com.appointmentscheduler.application.AppConfig - Merged application-local.properties
2026-04-18 22:37:31.879 [main] DEBUG com.appointmentscheduler.application.AppConfig - Application configuration loaded
2026-04-18 22:37:31.881 [main] DEBUG com.appointmentscheduler.application.AppConfig - Merged application-local.properties
2026-04-18 22:37:32.034 [main] ERROR com.appointmentscheduler.presentation.MainApp - Failed to load screen: 
javafx.fxml.LoadException: 
/C:/Users/PC/Desktop/software%20project/AppointmentSystem/target/test-classes/com/appointmentscheduler/presentation/

	at javafx.fxml/javafx.fxml.FXMLLoader.constructLoadException(FXMLLoader.java:2714)
	at javafx.fxml/javafx.fxml.FXMLLoader.loadImpl(FXMLLoader.java:2657)
	at javafx.fxml/javafx.fxml.FXMLLoader.loadImpl(FXMLLoader.java:2555)
	at javafx.fxml/javafx.fxml.FXMLLoader.load(FXMLLoader.java:2523)
	at com.appointmentscheduler/com.appointmentscheduler.presentation.MainApp.loadScreen(MainApp.java:397)
	at java.base/java.lang.invoke.MethodHandle.invokeWithArguments(MethodHandle.java:735)
	at org.mockito.internal.util.reflection.InstrumentationMemberAccessor$Dispatcher$ByteBuddy$pm2OQBHR.invokeWithArguments(Unknown Source)
	at org.mockito.internal.util.reflection.InstrumentationMemberAccessor.invoke(InstrumentationMemberAccessor.java:265)
	at org.mockito.internal.util.reflection.ModuleMemberAccessor.invoke(ModuleMemberAccessor.java:55)
	at org.mockito.internal.creation.bytebuddy.MockMethodAdvice.tryInvoke(MockMethodAdvice.java:316)
	at org.mockito.internal.creation.bytebuddy.MockMethodAdvice$StaticMethodCall.invoke(MockMethodAdvice.java:308)
	at org.mockito.internal.invocation.InterceptedInvocation.callRealMethod(InterceptedInvocation.java:142)
	at org.mockito.internal.stubbing.answers.CallsRealMethods.answer(CallsRealMethods.java:45)
	at org.mockito.Answers.answer(Answers.java:90)
	at org.mockito.internal.handler.MockHandlerImpl.handle(MockHandlerImpl.java:111)
	at org.mockito.internal.handler.NullResultGuardian.handle(NullResultGuardian.java:29)
	at org.mockito.internal.handler.InvocationNotifierHandler.handle(InvocationNotifierHandler.java:34)
	at org.mockito.internal.creation.bytebuddy.access.MockMethodInterceptor.doIntercept(MockMethodInterceptor.java:84)
	at org.mockito.internal.creation.bytebuddy.MockMethodAdvice.handleStatic(MockMethodAdvice.java:150)
	at com.appointmentscheduler/com.appointmentscheduler.presentation.MainApp.loadScreen(MainApp.java:381)
	at com.appointmentscheduler/com.appointmentscheduler.presentation.MainAppInternalsCoverageTest.lambda$41(MainAppInternalsCoverageTest.java:381)
	at org.mockito.internal.MockedStaticImpl.when(MockedStaticImpl.java:49)
	at com.appointmentscheduler/com.appointmentscheduler.presentation.MainAppInternalsCoverageTest.performLogout_nullOwner_primaryStageWithScene_coversOwnerFallbackWindowPath(MainAppInternalsCoverageTest.java:381)
	at java.base/jdk.internal.reflect.DirectMethodHandleAccessor.invoke(DirectMethodHandleAccessor.java:104)
	at java.base/java.lang.reflect.Method.invoke(Method.java:565)
	at org.junit.platform.commons.util.ReflectionUtils.invokeMethod(ReflectionUtils.java:728)
	at org.junit.jupiter.engine.execution.MethodInvocation.proceed(MethodInvocation.java:60)
	at org.junit.jupiter.engine.execution.InvocationInterceptorChain$ValidatingInvocation.proceed(InvocationInterceptorChain.java:131)
	at org.junit.jupiter.engine.extension.TimeoutExtension.intercept(TimeoutExtension.java:156)
	at org.junit.jupiter.engine.extension.TimeoutExtension.interceptTestableMethod(TimeoutExtension.java:147)
	at org.junit.jupiter.engine.extension.TimeoutExtension.interceptTestMethod(TimeoutExtension.java:86)
	at org.junit.jupiter.engine.execution.InterceptingExecutableInvoker$ReflectiveInterceptorCall.lambda$ofVoidMethod$0(InterceptingExecutableInvoker.java:103)
	at org.junit.jupiter.engine.execution.InterceptingExecutableInvoker.lambda$invoke$0(InterceptingExecutableInvoker.java:93)
	at org.junit.jupiter.engine.execution.InvocationInterceptorChain$InterceptedInvocation.proceed(InvocationInterceptorChain.java:106)
	at org.junit.jupiter.engine.execution.InvocationInterceptorChain.proceed(InvocationInterceptorChain.java:64)
	at org.junit.jupiter.engine.execution.InvocationInterceptorChain.chainAndInvoke(InvocationInterceptorChain.java:45)
	at org.junit.jupiter.engine.execution.InvocationInterceptorChain.invoke(InvocationInterceptorChain.java:37)
	at org.junit.jupiter.engine.execution.InterceptingExecutableInvoker.invoke(InterceptingExecutableInvoker.java:92)
	at org.junit.jupiter.engine.execution.InterceptingExecutableInvoker.invoke(InterceptingExecutableInvoker.java:86)
	at org.junit.jupiter.engine.descriptor.TestMethodTestDescriptor.lambda$invokeTestMethod$7(TestMethodTestDescriptor.java:218)
	at org.junit.platform.engine.support.hierarchical.ThrowableCollector.execute(ThrowableCollector.java:73)
	at org.junit.jupiter.engine.descriptor.TestMethodTestDescriptor.invokeTestMethod(TestMethodTestDescriptor.java:214)
	at org.junit.jupiter.engine.descriptor.TestMethodTestDescriptor.execute(TestMethodTestDescriptor.java:139)
	at org.junit.jupiter.engine.descriptor.TestMethodTestDescriptor.execute(TestMethodTestDescriptor.java:69)
	at org.junit.platform.engine.support.hierarchical.NodeTestTask.lambda$executeRecursively$6(NodeTestTask.java:151)
	at org.junit.platform.engine.support.hierarchical.ThrowableCollector.execute(ThrowableCollector.java:73)
	at org.junit.platform.engine.support.hierarchical.NodeTestTask.lambda$executeRecursively$8(NodeTestTask.java:141)
	at org.junit.platform.engine.support.hierarchical.Node.around(Node.java:137)
	at org.junit.platform.engine.support.hierarchical.NodeTestTask.lambda$executeRecursively$9(NodeTestTask.java:139)
	at org.junit.platform.engine.support.hierarchical.ThrowableCollector.execute(ThrowableCollector.java:73)
	at org.junit.platform.engine.support.hierarchical.NodeTestTask.executeRecursively(NodeTestTask.java:138)
	at org.junit.platform.engine.support.hierarchical.NodeTestTask.execute(NodeTestTask.java:95)
	at java.base/java.util.ArrayList.forEach(ArrayList.java:1604)
	at org.junit.platform.engine.support.hierarchical.SameThreadHierarchicalTestExecutorService.invokeAll(SameThreadHierarchicalTestExecutorService.java:41)
	at org.junit.platform.engine.support.hierarchical.NodeTestTask.lambda$executeRecursively$6(NodeTestTask.java:155)
	at org.junit.platform.engine.support.hierarchical.ThrowableCollector.execute(ThrowableCollector.java:73)
	at org.junit.platform.engine.support.hierarchical.NodeTestTask.lambda$executeRecursively$8(NodeTestTask.java:141)
	at org.junit.platform.engine.support.hierarchical.Node.around(Node.java:137)
	at org.junit.platform.engine.support.hierarchical.NodeTestTask.lambda$executeRecursively$9(NodeTestTask.java:139)
	at org.junit.platform.engine.support.hierarchical.ThrowableCollector.execute(ThrowableCollector.java:73)
	at org.junit.platform.engine.support.hierarchical.NodeTestTask.executeRecursively(NodeTestTask.java:138)
	at org.junit.platform.engine.support.hierarchical.NodeTestTask.execute(NodeTestTask.java:95)
	at java.base/java.util.ArrayList.forEach(ArrayList.java:1604)
	at org.junit.platform.engine.support.hierarchical.SameThreadHierarchicalTestExecutorService.invokeAll(SameThreadHierarchicalTestExecutorService.java:41)
	at org.junit.platform.engine.support.hierarchical.NodeTestTask.lambda$executeRecursively$6(NodeTestTask.java:155)
	at org.junit.platform.engine.support.hierarchical.ThrowableCollector.execute(ThrowableCollector.java:73)
	at org.junit.platform.engine.support.hierarchical.NodeTestTask.lambda$executeRecursively$8(NodeTestTask.java:141)
	at org.junit.platform.engine.support.hierarchical.Node.around(Node.java:137)
	at org.junit.platform.engine.support.hierarchical.NodeTestTask.lambda$executeRecursively$9(NodeTestTask.java:139)
	at org.junit.platform.engine.support.hierarchical.ThrowableCollector.execute(ThrowableCollector.java:73)
	at org.junit.platform.engine.support.hierarchical.NodeTestTask.executeRecursively(NodeTestTask.java:138)
	at org.junit.platform.engine.support.hierarchical.NodeTestTask.execute(NodeTestTask.java:95)
	at org.junit.platform.engine.support.hierarchical.SameThreadHierarchicalTestExecutorService.submit(SameThreadHierarchicalTestExecutorService.java:35)
	at org.junit.platform.engine.support.hierarchical.HierarchicalTestExecutor.execute(HierarchicalTestExecutor.java:57)
	at org.junit.platform.engine.support.hierarchical.HierarchicalTestEngine.execute(HierarchicalTestEngine.java:54)
	at org.junit.platform.launcher.core.EngineExecutionOrchestrator.execute(EngineExecutionOrchestrator.java:198)
	at org.junit.platform.launcher.core.EngineExecutionOrchestrator.execute(EngineExecutionOrchestrator.java:169)
	at org.junit.platform.launcher.core.EngineExecutionOrchestrator.execute(EngineExecutionOrchestrator.java:93)
	at org.junit.platform.launcher.core.EngineExecutionOrchestrator.lambda$execute$0(EngineExecutionOrchestrator.java:58)
	at org.junit.platform.launcher.core.EngineExecutionOrchestrator.withInterceptedStreams(EngineExecutionOrchestrator.java:141)
	at org.junit.platform.launcher.core.EngineExecutionOrchestrator.execute(EngineExecutionOrchestrator.java:57)
	at org.junit.platform.launcher.core.DefaultLauncher.execute(DefaultLauncher.java:103)
	at org.junit.platform.launcher.core.DefaultLauncher.execute(DefaultLauncher.java:85)
	at org.junit.platform.launcher.core.DelegatingLauncher.execute(DelegatingLauncher.java:47)
	at org.junit.platform.launcher.core.SessionPerRequestLauncher.execute(SessionPerRequestLauncher.java:63)
	at com.intellij.junit5.JUnit5IdeaTestRunner.startRunnerWithArgs(JUnit5IdeaTestRunner.java:66)
	at com.intellij.rt.junit.IdeaTestRunner$Repeater$1.execute(IdeaTestRunner.java:38)
	at com.intellij.rt.execution.junit.TestsRepeater.repeat(TestsRepeater.java:11)
	at com.intellij.rt.junit.IdeaTestRunner$Repeater.startRunnerWithArgs(IdeaTestRunner.java:35)
	at com.intellij.rt.junit.JUnitStarter.prepareStreamsAndStart(JUnitStarter.java:231)
	at com.intellij.rt.junit.JUnitStarter.main(JUnitStarter.java:55)
Caused by: javax.xml.stream.XMLStreamException: ParseError at [row,col]:[1,1]
Message: Content is not allowed in prolog.
	at java.xml/com.sun.org.apache.xerces.internal.impl.XMLStreamReaderImpl.next(XMLStreamReaderImpl.java:652)
	at java.xml/javax.xml.stream.util.StreamReaderDelegate.next(StreamReaderDelegate.java:84)
	at javafx.fxml/javafx.fxml.FXMLLoader.loadImpl(FXMLLoader.java:2627)
	... 89 common frames omitted
2026-04-18 22:37:32.039 [main] ERROR com.appointmentscheduler.presentation.MainApp - Could not show error scene
java.lang.IllegalStateException: Not on FX application thread; currentThread = main
	at javafx.graphics/com.sun.javafx.tk.Toolkit.checkFxUserThread(Toolkit.java:297)
	at javafx.graphics/com.sun.javafx.tk.quantum.QuantumToolkit.checkFxUserThread(QuantumToolkit.java:458)
	at javafx.graphics/javafx.stage.Stage.setScene(Stage.java:269)
	at com.appointmentscheduler/com.appointmentscheduler.presentation.MainApp.showErrorScene(MainApp.java:468)
	at java.base/java.lang.invoke.MethodHandle.invokeWithArguments(MethodHandle.java:735)
	at org.mockito.internal.util.reflection.InstrumentationMemberAccessor$Dispatcher$ByteBuddy$pm2OQBHR.invokeWithArguments(Unknown Source)
	at org.mockito.internal.util.reflection.InstrumentationMemberAccessor.invoke(InstrumentationMemberAccessor.java:265)
	at org.mockito.internal.util.reflection.ModuleMemberAccessor.invoke(ModuleMemberAccessor.java:55)
	at org.mockito.internal.creation.bytebuddy.MockMethodAdvice.tryInvoke(MockMethodAdvice.java:316)
	at org.mockito.internal.creation.bytebuddy.MockMethodAdvice$StaticMethodCall.invoke(MockMethodAdvice.java:308)
	at org.mockito.internal.invocation.InterceptedInvocation.callRealMethod(InterceptedInvocation.java:142)
	at org.mockito.internal.stubbing.answers.CallsRealMethods.answer(CallsRealMethods.java:45)
	at org.mockito.Answers.answer(Answers.java:90)
	at org.mockito.internal.handler.MockHandlerImpl.handle(MockHandlerImpl.java:111)
	at org.mockito.internal.handler.NullResultGuardian.handle(NullResultGuardian.java:29)
	at org.mockito.internal.handler.InvocationNotifierHandler.handle(InvocationNotifierHandler.java:34)
	at org.mockito.internal.creation.bytebuddy.access.MockMethodInterceptor.doIntercept(MockMethodInterceptor.java:84)
	at org.mockito.internal.creation.bytebuddy.MockMethodAdvice.handleStatic(MockMethodAdvice.java:150)
	at com.appointmentscheduler/com.appointmentscheduler.presentation.MainApp.showErrorScene(MainApp.java:459)
	at com.appointmentscheduler/com.appointmentscheduler.presentation.MainApp.loadScreen(MainApp.java:416)
	at java.base/java.lang.invoke.MethodHandle.invokeWithArguments(MethodHandle.java:735)
	at org.mockito.internal.util.reflection.InstrumentationMemberAccessor$Dispatcher$ByteBuddy$pm2OQBHR.invokeWithArguments(Unknown Source)
	at org.mockito.internal.util.reflection.InstrumentationMemberAccessor.invoke(InstrumentationMemberAccessor.java:265)
	at org.mockito.internal.util.reflection.ModuleMemberAccessor.invoke(ModuleMemberAccessor.java:55)
	at org.mockito.internal.creation.bytebuddy.MockMethodAdvice.tryInvoke(MockMethodAdvice.java:316)
	at org.mockito.internal.creation.bytebuddy.MockMethodAdvice$StaticMethodCall.invoke(MockMethodAdvice.java:308)
	at org.mockito.internal.invocation.InterceptedInvocation.callRealMethod(InterceptedInvocation.java:142)
	at org.mockito.internal.stubbing.answers.CallsRealMethods.answer(CallsRealMethods.java:45)
	at org.mockito.Answers.answer(Answers.java:90)
	at org.mockito.internal.handler.MockHandlerImpl.handle(MockHandlerImpl.java:111)
	at org.mockito.internal.handler.NullResultGuardian.handle(NullResultGuardian.java:29)
	at org.mockito.internal.handler.InvocationNotifierHandler.handle(InvocationNotifierHandler.java:34)
	at org.mockito.internal.creation.bytebuddy.access.MockMethodInterceptor.doIntercept(MockMethodInterceptor.java:84)
	at org.mockito.internal.creation.bytebuddy.MockMethodAdvice.handleStatic(MockMethodAdvice.java:150)
	at com.appointmentscheduler/com.appointmentscheduler.presentation.MainApp.loadScreen(MainApp.java:381)
	at com.appointmentscheduler/com.appointmentscheduler.presentation.MainAppInternalsCoverageTest.lambda$41(MainAppInternalsCoverageTest.java:381)
	at org.mockito.internal.MockedStaticImpl.when(MockedStaticImpl.java:49)
	at com.appointmentscheduler/com.appointmentscheduler.presentation.MainAppInternalsCoverageTest.performLogout_nullOwner_primaryStageWithScene_coversOwnerFallbackWindowPath(MainAppInternalsCoverageTest.java:381)
	at java.base/jdk.internal.reflect.DirectMethodHandleAccessor.invoke(DirectMethodHandleAccessor.java:104)
	at java.base/java.lang.reflect.Method.invoke(Method.java:565)
	at org.junit.platform.commons.util.ReflectionUtils.invokeMethod(ReflectionUtils.java:728)
	at org.junit.jupiter.engine.execution.MethodInvocation.proceed(MethodInvocation.java:60)
	at org.junit.jupiter.engine.execution.InvocationInterceptorChain$ValidatingInvocation.proceed(InvocationInterceptorChain.java:131)
	at org.junit.jupiter.engine.extension.TimeoutExtension.intercept(TimeoutExtension.java:156)
	at org.junit.jupiter.engine.extension.TimeoutExtension.interceptTestableMethod(TimeoutExtension.java:147)
	at org.junit.jupiter.engine.extension.TimeoutExtension.interceptTestMethod(TimeoutExtension.java:86)
	at org.junit.jupiter.engine.execution.InterceptingExecutableInvoker$ReflectiveInterceptorCall.lambda$ofVoidMethod$0(InterceptingExecutableInvoker.java:103)
	at org.junit.jupiter.engine.execution.InterceptingExecutableInvoker.lambda$invoke$0(InterceptingExecutableInvoker.java:93)
	at org.junit.jupiter.engine.execution.InvocationInterceptorChain$InterceptedInvocation.proceed(InvocationInterceptorChain.java:106)
	at org.junit.jupiter.engine.execution.InvocationInterceptorChain.proceed(InvocationInterceptorChain.java:64)
	at org.junit.jupiter.engine.execution.InvocationInterceptorChain.chainAndInvoke(InvocationInterceptorChain.java:45)
	at org.junit.jupiter.engine.execution.InvocationInterceptorChain.invoke(InvocationInterceptorChain.java:37)
	at org.junit.jupiter.engine.execution.InterceptingExecutableInvoker.invoke(InterceptingExecutableInvoker.java:92)
	at org.junit.jupiter.engine.execution.InterceptingExecutableInvoker.invoke(InterceptingExecutableInvoker.java:86)
	at org.junit.jupiter.engine.descriptor.TestMethodTestDescriptor.lambda$invokeTestMethod$7(TestMethodTestDescriptor.java:218)
	at org.junit.platform.engine.support.hierarchical.ThrowableCollector.execute(ThrowableCollector.java:73)
	at org.junit.jupiter.engine.descriptor.TestMethodTestDescriptor.invokeTestMethod(TestMethodTestDescriptor.java:214)
	at org.junit.jupiter.engine.descriptor.TestMethodTestDescriptor.execute(TestMethodTestDescriptor.java:139)
	at org.junit.jupiter.engine.descriptor.TestMethodTestDescriptor.execute(TestMethodTestDescriptor.java:69)
	at org.junit.platform.engine.support.hierarchical.NodeTestTask.lambda$executeRecursively$6(NodeTestTask.java:151)
	at org.junit.platform.engine.support.hierarchical.ThrowableCollector.execute(ThrowableCollector.java:73)
	at org.junit.platform.engine.support.hierarchical.NodeTestTask.lambda$executeRecursively$8(NodeTestTask.java:141)
	at org.junit.platform.engine.support.hierarchical.Node.around(Node.java:137)
	at org.junit.platform.engine.support.hierarchical.NodeTestTask.lambda$executeRecursively$9(NodeTestTask.java:139)
	at org.junit.platform.engine.support.hierarchical.ThrowableCollector.execute(ThrowableCollector.java:73)
	at org.junit.platform.engine.support.hierarchical.NodeTestTask.executeRecursively(NodeTestTask.java:138)
	at org.junit.platform.engine.support.hierarchical.NodeTestTask.execute(NodeTestTask.java:95)
	at java.base/java.util.ArrayList.forEach(ArrayList.java:1604)
	at org.junit.platform.engine.support.hierarchical.SameThreadHierarchicalTestExecutorService.invokeAll(SameThreadHierarchicalTestExecutorService.java:41)
	at org.junit.platform.engine.support.hierarchical.NodeTestTask.lambda$executeRecursively$6(NodeTestTask.java:155)
	at org.junit.platform.engine.support.hierarchical.ThrowableCollector.execute(ThrowableCollector.java:73)
	at org.junit.platform.engine.support.hierarchical.NodeTestTask.lambda$executeRecursively$8(NodeTestTask.java:141)
	at org.junit.platform.engine.support.hierarchical.Node.around(Node.java:137)
	at org.junit.platform.engine.support.hierarchical.NodeTestTask.lambda$executeRecursively$9(NodeTestTask.java:139)
	at org.junit.platform.engine.support.hierarchical.ThrowableCollector.execute(ThrowableCollector.java:73)
	at org.junit.platform.engine.support.hierarchical.NodeTestTask.executeRecursively(NodeTestTask.java:138)
	at org.junit.platform.engine.support.hierarchical.NodeTestTask.execute(NodeTestTask.java:95)
	at java.base/java.util.ArrayList.forEach(ArrayList.java:1604)
	at org.junit.platform.engine.support.hierarchical.SameThreadHierarchicalTestExecutorService.invokeAll(SameThreadHierarchicalTestExecutorService.java:41)
	at org.junit.platform.engine.support.hierarchical.NodeTestTask.lambda$executeRecursively$6(NodeTestTask.java:155)
	at org.junit.platform.engine.support.hierarchical.ThrowableCollector.execute(ThrowableCollector.java:73)
	at org.junit.platform.engine.support.hierarchical.NodeTestTask.lambda$executeRecursively$8(NodeTestTask.java:141)
	at org.junit.platform.engine.support.hierarchical.Node.around(Node.java:137)
	at org.junit.platform.engine.support.hierarchical.NodeTestTask.lambda$executeRecursively$9(NodeTestTask.java:139)
	at org.junit.platform.engine.support.hierarchical.ThrowableCollector.execute(ThrowableCollector.java:73)
	at org.junit.platform.engine.support.hierarchical.NodeTestTask.executeRecursively(NodeTestTask.java:138)
	at org.junit.platform.engine.support.hierarchical.NodeTestTask.execute(NodeTestTask.java:95)
	at org.junit.platform.engine.support.hierarchical.SameThreadHierarchicalTestExecutorService.submit(SameThreadHierarchicalTestExecutorService.java:35)
	at org.junit.platform.engine.support.hierarchical.HierarchicalTestExecutor.execute(HierarchicalTestExecutor.java:57)
	at org.junit.platform.engine.support.hierarchical.HierarchicalTestEngine.execute(HierarchicalTestEngine.java:54)
	at org.junit.platform.launcher.core.EngineExecutionOrchestrator.execute(EngineExecutionOrchestrator.java:198)
	at org.junit.platform.launcher.core.EngineExecutionOrchestrator.execute(EngineExecutionOrchestrator.java:169)
	at org.junit.platform.launcher.core.EngineExecutionOrchestrator.execute(EngineExecutionOrchestrator.java:93)
	at org.junit.platform.launcher.core.EngineExecutionOrchestrator.lambda$execute$0(EngineExecutionOrchestrator.java:58)
	at org.junit.platform.launcher.core.EngineExecutionOrchestrator.withInterceptedStreams(EngineExecutionOrchestrator.java:141)
	at org.junit.platform.launcher.core.EngineExecutionOrchestrator.execute(EngineExecutionOrchestrator.java:57)
	at org.junit.platform.launcher.core.DefaultLauncher.execute(DefaultLauncher.java:103)
	at org.junit.platform.launcher.core.DefaultLauncher.execute(DefaultLauncher.java:85)
	at org.junit.platform.launcher.core.DelegatingLauncher.execute(DelegatingLauncher.java:47)
	at org.junit.platform.launcher.core.SessionPerRequestLauncher.execute(SessionPerRequestLauncher.java:63)
	at com.intellij.junit5.JUnit5IdeaTestRunner.startRunnerWithArgs(JUnit5IdeaTestRunner.java:66)
	at com.intellij.rt.junit.IdeaTestRunner$Repeater$1.execute(IdeaTestRunner.java:38)
	at com.intellij.rt.execution.junit.TestsRepeater.repeat(TestsRepeater.java:11)
	at com.intellij.rt.junit.IdeaTestRunner$Repeater.startRunnerWithArgs(IdeaTestRunner.java:35)
	at com.intellij.rt.junit.JUnitStarter.prepareStreamsAndStart(JUnitStarter.java:231)
	at com.intellij.rt.junit.JUnitStarter.main(JUnitStarter.java:55)
2026-04-18 22:37:32.053 [JavaFX Application Thread] ERROR c.appointmentscheduler.presentation.ErrorHandler - Failed to load screen: 
/C:/Users/PC/Desktop/software%20project/AppointmentSystem/target/test-classes/com/appointmentscheduler/presentation/

javafx.fxml.LoadException: 
/C:/Users/PC/Desktop/software%20project/AppointmentSystem/target/test-classes/com/appointmentscheduler/presentation/

	at javafx.fxml/javafx.fxml.FXMLLoader.constructLoadException(FXMLLoader.java:2714)
	at javafx.fxml/javafx.fxml.FXMLLoader.loadImpl(FXMLLoader.java:2657)
	at javafx.fxml/javafx.fxml.FXMLLoader.loadImpl(FXMLLoader.java:2555)
	at javafx.fxml/javafx.fxml.FXMLLoader.load(FXMLLoader.java:2523)
	at com.appointmentscheduler/com.appointmentscheduler.presentation.MainApp.loadScreen(MainApp.java:397)
	at java.base/java.lang.invoke.MethodHandle.invokeWithArguments(MethodHandle.java:735)
	at org.mockito.internal.util.reflection.InstrumentationMemberAccessor$Dispatcher$ByteBuddy$pm2OQBHR.invokeWithArguments(Unknown Source)
	at org.mockito.internal.util.reflection.InstrumentationMemberAccessor.invoke(InstrumentationMemberAccessor.java:265)
	at org.mockito.internal.util.reflection.ModuleMemberAccessor.invoke(ModuleMemberAccessor.java:55)
	at org.mockito.internal.creation.bytebuddy.MockMethodAdvice.tryInvoke(MockMethodAdvice.java:316)
	at org.mockito.internal.creation.bytebuddy.MockMethodAdvice$StaticMethodCall.invoke(MockMethodAdvice.java:308)
	at org.mockito.internal.invocation.InterceptedInvocation.callRealMethod(InterceptedInvocation.java:142)
	at org.mockito.internal.stubbing.answers.CallsRealMethods.answer(CallsRealMethods.java:45)
	at org.mockito.Answers.answer(Answers.java:90)
	at org.mockito.internal.handler.MockHandlerImpl.handle(MockHandlerImpl.java:111)
	at org.mockito.internal.handler.NullResultGuardian.handle(NullResultGuardian.java:29)
	at org.mockito.internal.handler.InvocationNotifierHandler.handle(InvocationNotifierHandler.java:34)
	at org.mockito.internal.creation.bytebuddy.access.MockMethodInterceptor.doIntercept(MockMethodInterceptor.java:84)
	at org.mockito.internal.creation.bytebuddy.MockMethodAdvice.handleStatic(MockMethodAdvice.java:150)
	at com.appointmentscheduler/com.appointmentscheduler.presentation.MainApp.loadScreen(MainApp.java:381)
	at com.appointmentscheduler/com.appointmentscheduler.presentation.MainAppInternalsCoverageTest.lambda$41(MainAppInternalsCoverageTest.java:381)
	at org.mockito.internal.MockedStaticImpl.when(MockedStaticImpl.java:49)
	at com.appointmentscheduler/com.appointmentscheduler.presentation.MainAppInternalsCoverageTest.performLogout_nullOwner_primaryStageWithScene_coversOwnerFallbackWindowPath(MainAppInternalsCoverageTest.java:381)
	at java.base/jdk.internal.reflect.DirectMethodHandleAccessor.invoke(DirectMethodHandleAccessor.java:104)
	at java.base/java.lang.reflect.Method.invoke(Method.java:565)
	at org.junit.platform.commons.util.ReflectionUtils.invokeMethod(ReflectionUtils.java:728)
	at org.junit.jupiter.engine.execution.MethodInvocation.proceed(MethodInvocation.java:60)
	at org.junit.jupiter.engine.execution.InvocationInterceptorChain$ValidatingInvocation.proceed(InvocationInterceptorChain.java:131)
	at org.junit.jupiter.engine.extension.TimeoutExtension.intercept(TimeoutExtension.java:156)
	at org.junit.jupiter.engine.extension.TimeoutExtension.interceptTestableMethod(TimeoutExtension.java:147)
	at org.junit.jupiter.engine.extension.TimeoutExtension.interceptTestMethod(TimeoutExtension.java:86)
	at org.junit.jupiter.engine.execution.InterceptingExecutableInvoker$ReflectiveInterceptorCall.lambda$ofVoidMethod$0(InterceptingExecutableInvoker.java:103)
	at org.junit.jupiter.engine.execution.InterceptingExecutableInvoker.lambda$invoke$0(InterceptingExecutableInvoker.java:93)
	at org.junit.jupiter.engine.execution.InvocationInterceptorChain$InterceptedInvocation.proceed(InvocationInterceptorChain.java:106)
	at org.junit.jupiter.engine.execution.InvocationInterceptorChain.proceed(InvocationInterceptorChain.java:64)
	at org.junit.jupiter.engine.execution.InvocationInterceptorChain.chainAndInvoke(InvocationInterceptorChain.java:45)
	at org.junit.jupiter.engine.execution.InvocationInterceptorChain.invoke(InvocationInterceptorChain.java:37)
	at org.junit.jupiter.engine.execution.InterceptingExecutableInvoker.invoke(InterceptingExecutableInvoker.java:92)
	at org.junit.jupiter.engine.execution.InterceptingExecutableInvoker.invoke(InterceptingExecutableInvoker.java:86)
	at org.junit.jupiter.engine.descriptor.TestMethodTestDescriptor.lambda$invokeTestMethod$7(TestMethodTestDescriptor.java:218)
	at org.junit.platform.engine.support.hierarchical.ThrowableCollector.execute(ThrowableCollector.java:73)
	at org.junit.jupiter.engine.descriptor.TestMethodTestDescriptor.invokeTestMethod(TestMethodTestDescriptor.java:214)
	at org.junit.jupiter.engine.descriptor.TestMethodTestDescriptor.execute(TestMethodTestDescriptor.java:139)
	at org.junit.jupiter.engine.descriptor.TestMethodTestDescriptor.execute(TestMethodTestDescriptor.java:69)
	at org.junit.platform.engine.support.hierarchical.NodeTestTask.lambda$executeRecursively$6(NodeTestTask.java:151)
	at org.junit.platform.engine.support.hierarchical.ThrowableCollector.execute(ThrowableCollector.java:73)
	at org.junit.platform.engine.support.hierarchical.NodeTestTask.lambda$executeRecursively$8(NodeTestTask.java:141)
	at org.junit.platform.engine.support.hierarchical.Node.around(Node.java:137)
	at org.junit.platform.engine.support.hierarchical.NodeTestTask.lambda$executeRecursively$9(NodeTestTask.java:139)
	at org.junit.platform.engine.support.hierarchical.ThrowableCollector.execute(ThrowableCollector.java:73)
	at org.junit.platform.engine.support.hierarchical.NodeTestTask.executeRecursively(NodeTestTask.java:138)
	at org.junit.platform.engine.support.hierarchical.NodeTestTask.execute(NodeTestTask.java:95)
	at java.base/java.util.ArrayList.forEach(ArrayList.java:1604)
	at org.junit.platform.engine.support.hierarchical.SameThreadHierarchicalTestExecutorService.invokeAll(SameThreadHierarchicalTestExecutorService.java:41)
	at org.junit.platform.engine.support.hierarchical.NodeTestTask.lambda$executeRecursively$6(NodeTestTask.java:155)
	at org.junit.platform.engine.support.hierarchical.ThrowableCollector.execute(ThrowableCollector.java:73)
	at org.junit.platform.engine.support.hierarchical.NodeTestTask.lambda$executeRecursively$8(NodeTestTask.java:141)
	at org.junit.platform.engine.support.hierarchical.Node.around(Node.java:137)
	at org.junit.platform.engine.support.hierarchical.NodeTestTask.lambda$executeRecursively$9(NodeTestTask.java:139)
	at org.junit.platform.engine.support.hierarchical.ThrowableCollector.execute(ThrowableCollector.java:73)
	at org.junit.platform.engine.support.hierarchical.NodeTestTask.executeRecursively(NodeTestTask.java:138)
	at org.junit.platform.engine.support.hierarchical.NodeTestTask.execute(NodeTestTask.java:95)
	at java.base/java.util.ArrayList.forEach(ArrayList.java:1604)
	at org.junit.platform.engine.support.hierarchical.SameThreadHierarchicalTestExecutorService.invokeAll(SameThreadHierarchicalTestExecutorService.java:41)
	at org.junit.platform.engine.support.hierarchical.NodeTestTask.lambda$executeRecursively$6(NodeTestTask.java:155)
	at org.junit.platform.engine.support.hierarchical.ThrowableCollector.execute(ThrowableCollector.java:73)
	at org.junit.platform.engine.support.hierarchical.NodeTestTask.lambda$executeRecursively$8(NodeTestTask.java:141)
	at org.junit.platform.engine.support.hierarchical.Node.around(Node.java:137)
	at org.junit.platform.engine.support.hierarchical.NodeTestTask.lambda$executeRecursively$9(NodeTestTask.java:139)
	at org.junit.platform.engine.support.hierarchical.ThrowableCollector.execute(ThrowableCollector.java:73)
	at org.junit.platform.engine.support.hierarchical.NodeTestTask.executeRecursively(NodeTestTask.java:138)
	at org.junit.platform.engine.support.hierarchical.NodeTestTask.execute(NodeTestTask.java:95)
	at org.junit.platform.engine.support.hierarchical.SameThreadHierarchicalTestExecutorService.submit(SameThreadHierarchicalTestExecutorService.java:35)
	at org.junit.platform.engine.support.hierarchical.HierarchicalTestExecutor.execute(HierarchicalTestExecutor.java:57)
	at org.junit.platform.engine.support.hierarchical.HierarchicalTestEngine.execute(HierarchicalTestEngine.java:54)
	at org.junit.platform.launcher.core.EngineExecutionOrchestrator.execute(EngineExecutionOrchestrator.java:198)
	at org.junit.platform.launcher.core.EngineExecutionOrchestrator.execute(EngineExecutionOrchestrator.java:169)
	at org.junit.platform.launcher.core.EngineExecutionOrchestrator.execute(EngineExecutionOrchestrator.java:93)
	at org.junit.platform.launcher.core.EngineExecutionOrchestrator.lambda$execute$0(EngineExecutionOrchestrator.java:58)
	at org.junit.platform.launcher.core.EngineExecutionOrchestrator.withInterceptedStreams(EngineExecutionOrchestrator.java:141)
	at org.junit.platform.launcher.core.EngineExecutionOrchestrator.execute(EngineExecutionOrchestrator.java:57)
	at org.junit.platform.launcher.core.DefaultLauncher.execute(DefaultLauncher.java:103)
	at org.junit.platform.launcher.core.DefaultLauncher.execute(DefaultLauncher.java:85)
	at org.junit.platform.launcher.core.DelegatingLauncher.execute(DelegatingLauncher.java:47)
	at org.junit.platform.launcher.core.SessionPerRequestLauncher.execute(SessionPerRequestLauncher.java:63)
	at com.intellij.junit5.JUnit5IdeaTestRunner.startRunnerWithArgs(JUnit5IdeaTestRunner.java:66)
	at com.intellij.rt.junit.IdeaTestRunner$Repeater$1.execute(IdeaTestRunner.java:38)
	at com.intellij.rt.execution.junit.TestsRepeater.repeat(TestsRepeater.java:11)
	at com.intellij.rt.junit.IdeaTestRunner$Repeater.startRunnerWithArgs(IdeaTestRunner.java:35)
	at com.intellij.rt.junit.JUnitStarter.prepareStreamsAndStart(JUnitStarter.java:231)
	at com.intellij.rt.junit.JUnitStarter.main(JUnitStarter.java:55)
Caused by: javax.xml.stream.XMLStreamException: ParseError at [row,col]:[1,1]
Message: Content is not allowed in prolog.
	at java.xml/com.sun.org.apache.xerces.internal.impl.XMLStreamReaderImpl.next(XMLStreamReaderImpl.java:652)
	at java.xml/javax.xml.stream.util.StreamReaderDelegate.next(StreamReaderDelegate.java:84)
	at javafx.fxml/javafx.fxml.FXMLLoader.loadImpl(FXMLLoader.java:2627)
	... 89 common frames omitted
2026-04-18 22:37:32.063 [main] DEBUG com.appointmentscheduler.application.AppConfig - Application configuration loaded
2026-04-18 22:37:32.064 [main] DEBUG com.appointmentscheduler.application.AppConfig - Merged application-local.properties
2026-04-18 22:37:32.187 [main] ERROR c.appointmentscheduler.presentation.ErrorHandler - Service initialization failed: init failed
java.lang.RuntimeException: init failed
	at com.appointmentscheduler/com.appointmentscheduler.presentation.MainAppInternalsCoverageTest.lambda$49(MainAppInternalsCoverageTest.java:453)
	at org.assertj.core.api.ThrowableAssert.catchThrowable(ThrowableAssert.java:63)
	at org.assertj.core.api.AssertionsForClassTypes.catchThrowable(AssertionsForClassTypes.java:892)
	at org.assertj.core.api.AssertionsForClassTypes.assertThatCode(AssertionsForClassTypes.java:863)
	at org.assertj.core.api.Assertions.assertThatCode(Assertions.java:1287)
	at com.appointmentscheduler/com.appointmentscheduler.presentation.MainAppInternalsCoverageTest.syntheticRunLaterErrorHandlers_invocable_forCoverage(MainAppInternalsCoverageTest.java:453)
	at java.base/jdk.internal.reflect.DirectMethodHandleAccessor.invoke(DirectMethodHandleAccessor.java:104)
	at java.base/java.lang.reflect.Method.invoke(Method.java:565)
	at org.junit.platform.commons.util.ReflectionUtils.invokeMethod(ReflectionUtils.java:728)
	at org.junit.jupiter.engine.execution.MethodInvocation.proceed(MethodInvocation.java:60)
	at org.junit.jupiter.engine.execution.InvocationInterceptorChain$ValidatingInvocation.proceed(InvocationInterceptorChain.java:131)
	at org.junit.jupiter.engine.extension.TimeoutExtension.intercept(TimeoutExtension.java:156)
	at org.junit.jupiter.engine.extension.TimeoutExtension.interceptTestableMethod(TimeoutExtension.java:147)
	at org.junit.jupiter.engine.extension.TimeoutExtension.interceptTestMethod(TimeoutExtension.java:86)
	at org.junit.jupiter.engine.execution.InterceptingExecutableInvoker$ReflectiveInterceptorCall.lambda$ofVoidMethod$0(InterceptingExecutableInvoker.java:103)
	at org.junit.jupiter.engine.execution.InterceptingExecutableInvoker.lambda$invoke$0(InterceptingExecutableInvoker.java:93)
	at org.junit.jupiter.engine.execution.InvocationInterceptorChain$InterceptedInvocation.proceed(InvocationInterceptorChain.java:106)
	at org.junit.jupiter.engine.execution.InvocationInterceptorChain.proceed(InvocationInterceptorChain.java:64)
	at org.junit.jupiter.engine.execution.InvocationInterceptorChain.chainAndInvoke(InvocationInterceptorChain.java:45)
	at org.junit.jupiter.engine.execution.InvocationInterceptorChain.invoke(InvocationInterceptorChain.java:37)
	at org.junit.jupiter.engine.execution.InterceptingExecutableInvoker.invoke(InterceptingExecutableInvoker.java:92)
	at org.junit.jupiter.engine.execution.InterceptingExecutableInvoker.invoke(InterceptingExecutableInvoker.java:86)
	at org.junit.jupiter.engine.descriptor.TestMethodTestDescriptor.lambda$invokeTestMethod$7(TestMethodTestDescriptor.java:218)
	at org.junit.platform.engine.support.hierarchical.ThrowableCollector.execute(ThrowableCollector.java:73)
	at org.junit.jupiter.engine.descriptor.TestMethodTestDescriptor.invokeTestMethod(TestMethodTestDescriptor.java:214)
	at org.junit.jupiter.engine.descriptor.TestMethodTestDescriptor.execute(TestMethodTestDescriptor.java:139)
	at org.junit.jupiter.engine.descriptor.TestMethodTestDescriptor.execute(TestMethodTestDescriptor.java:69)
	at org.junit.platform.engine.support.hierarchical.NodeTestTask.lambda$executeRecursively$6(NodeTestTask.java:151)
	at org.junit.platform.engine.support.hierarchical.ThrowableCollector.execute(ThrowableCollector.java:73)
	at org.junit.platform.engine.support.hierarchical.NodeTestTask.lambda$executeRecursively$8(NodeTestTask.java:141)
	at org.junit.platform.engine.support.hierarchical.Node.around(Node.java:137)
	at org.junit.platform.engine.support.hierarchical.NodeTestTask.lambda$executeRecursively$9(NodeTestTask.java:139)
	at org.junit.platform.engine.support.hierarchical.ThrowableCollector.execute(ThrowableCollector.java:73)
	at org.junit.platform.engine.support.hierarchical.NodeTestTask.executeRecursively(NodeTestTask.java:138)
	at org.junit.platform.engine.support.hierarchical.NodeTestTask.execute(NodeTestTask.java:95)
	at java.base/java.util.ArrayList.forEach(ArrayList.java:1604)
	at org.junit.platform.engine.support.hierarchical.SameThreadHierarchicalTestExecutorService.invokeAll(SameThreadHierarchicalTestExecutorService.java:41)
	at org.junit.platform.engine.support.hierarchical.NodeTestTask.lambda$executeRecursively$6(NodeTestTask.java:155)
	at org.junit.platform.engine.support.hierarchical.ThrowableCollector.execute(ThrowableCollector.java:73)
	at org.junit.platform.engine.support.hierarchical.NodeTestTask.lambda$executeRecursively$8(NodeTestTask.java:141)
	at org.junit.platform.engine.support.hierarchical.Node.around(Node.java:137)
	at org.junit.platform.engine.support.hierarchical.NodeTestTask.lambda$executeRecursively$9(NodeTestTask.java:139)
	at org.junit.platform.engine.support.hierarchical.ThrowableCollector.execute(ThrowableCollector.java:73)
	at org.junit.platform.engine.support.hierarchical.NodeTestTask.executeRecursively(NodeTestTask.java:138)
	at org.junit.platform.engine.support.hierarchical.NodeTestTask.execute(NodeTestTask.java:95)
	at java.base/java.util.ArrayList.forEach(ArrayList.java:1604)
	at org.junit.platform.engine.support.hierarchical.SameThreadHierarchicalTestExecutorService.invokeAll(SameThreadHierarchicalTestExecutorService.java:41)
	at org.junit.platform.engine.support.hierarchical.NodeTestTask.lambda$executeRecursively$6(NodeTestTask.java:155)
	at org.junit.platform.engine.support.hierarchical.ThrowableCollector.execute(ThrowableCollector.java:73)
	at org.junit.platform.engine.support.hierarchical.NodeTestTask.lambda$executeRecursively$8(NodeTestTask.java:141)
	at org.junit.platform.engine.support.hierarchical.Node.around(Node.java:137)
	at org.junit.platform.engine.support.hierarchical.NodeTestTask.lambda$executeRecursively$9(NodeTestTask.java:139)
	at org.junit.platform.engine.support.hierarchical.ThrowableCollector.execute(ThrowableCollector.java:73)
	at org.junit.platform.engine.support.hierarchical.NodeTestTask.executeRecursively(NodeTestTask.java:138)
	at org.junit.platform.engine.support.hierarchical.NodeTestTask.execute(NodeTestTask.java:95)
	at org.junit.platform.engine.support.hierarchical.SameThreadHierarchicalTestExecutorService.submit(SameThreadHierarchicalTestExecutorService.java:35)
	at org.junit.platform.engine.support.hierarchical.HierarchicalTestExecutor.execute(HierarchicalTestExecutor.java:57)
	at org.junit.platform.engine.support.hierarchical.HierarchicalTestEngine.execute(HierarchicalTestEngine.java:54)
	at org.junit.platform.launcher.core.EngineExecutionOrchestrator.execute(EngineExecutionOrchestrator.java:198)
	at org.junit.platform.launcher.core.EngineExecutionOrchestrator.execute(EngineExecutionOrchestrator.java:169)
	at org.junit.platform.launcher.core.EngineExecutionOrchestrator.execute(EngineExecutionOrchestrator.java:93)
	at org.junit.platform.launcher.core.EngineExecutionOrchestrator.lambda$execute$0(EngineExecutionOrchestrator.java:58)
	at org.junit.platform.launcher.core.EngineExecutionOrchestrator.withInterceptedStreams(EngineExecutionOrchestrator.java:141)
	at org.junit.platform.launcher.core.EngineExecutionOrchestrator.execute(EngineExecutionOrchestrator.java:57)
	at org.junit.platform.launcher.core.DefaultLauncher.execute(DefaultLauncher.java:103)
	at org.junit.platform.launcher.core.DefaultLauncher.execute(DefaultLauncher.java:85)
	at org.junit.platform.launcher.core.DelegatingLauncher.execute(DelegatingLauncher.java:47)
	at org.junit.platform.launcher.core.SessionPerRequestLauncher.execute(SessionPerRequestLauncher.java:63)
	at com.intellij.junit5.JUnit5IdeaTestRunner.startRunnerWithArgs(JUnit5IdeaTestRunner.java:66)
	at com.intellij.rt.junit.IdeaTestRunner$Repeater$1.execute(IdeaTestRunner.java:38)
	at com.intellij.rt.execution.junit.TestsRepeater.repeat(TestsRepeater.java:11)
	at com.intellij.rt.junit.IdeaTestRunner$Repeater.startRunnerWithArgs(IdeaTestRunner.java:35)
	at com.intellij.rt.junit.JUnitStarter.prepareStreamsAndStart(JUnitStarter.java:231)
	at com.intellij.rt.junit.JUnitStarter.main(JUnitStarter.java:55)
2026-04-18 22:37:32.193 [main] ERROR c.appointmentscheduler.presentation.ErrorHandler - Failed to load screen: load failed
java.lang.RuntimeException: x
	at com.appointmentscheduler/com.appointmentscheduler.presentation.MainAppInternalsCoverageTest.lambda$50(MainAppInternalsCoverageTest.java:457)
	at org.assertj.core.api.ThrowableAssert.catchThrowable(ThrowableAssert.java:63)
	at org.assertj.core.api.AssertionsForClassTypes.catchThrowable(AssertionsForClassTypes.java:892)
	at org.assertj.core.api.AssertionsForClassTypes.assertThatCode(AssertionsForClassTypes.java:863)
	at org.assertj.core.api.Assertions.assertThatCode(Assertions.java:1287)
	at com.appointmentscheduler/com.appointmentscheduler.presentation.MainAppInternalsCoverageTest.syntheticRunLaterErrorHandlers_invocable_forCoverage(MainAppInternalsCoverageTest.java:457)
	at java.base/jdk.internal.reflect.DirectMethodHandleAccessor.invoke(DirectMethodHandleAccessor.java:104)
	at java.base/java.lang.reflect.Method.invoke(Method.java:565)
	at org.junit.platform.commons.util.ReflectionUtils.invokeMethod(ReflectionUtils.java:728)
	at org.junit.jupiter.engine.execution.MethodInvocation.proceed(MethodInvocation.java:60)
	at org.junit.jupiter.engine.execution.InvocationInterceptorChain$ValidatingInvocation.proceed(InvocationInterceptorChain.java:131)
	at org.junit.jupiter.engine.extension.TimeoutExtension.intercept(TimeoutExtension.java:156)
	at org.junit.jupiter.engine.extension.TimeoutExtension.interceptTestableMethod(TimeoutExtension.java:147)
	at org.junit.jupiter.engine.extension.TimeoutExtension.interceptTestMethod(TimeoutExtension.java:86)
	at org.junit.jupiter.engine.execution.InterceptingExecutableInvoker$ReflectiveInterceptorCall.lambda$ofVoidMethod$0(InterceptingExecutableInvoker.java:103)
	at org.junit.jupiter.engine.execution.InterceptingExecutableInvoker.lambda$invoke$0(InterceptingExecutableInvoker.java:93)
	at org.junit.jupiter.engine.execution.InvocationInterceptorChain$InterceptedInvocation.proceed(InvocationInterceptorChain.java:106)
	at org.junit.jupiter.engine.execution.InvocationInterceptorChain.proceed(InvocationInterceptorChain.java:64)
	at org.junit.jupiter.engine.execution.InvocationInterceptorChain.chainAndInvoke(InvocationInterceptorChain.java:45)
	at org.junit.jupiter.engine.execution.InvocationInterceptorChain.invoke(InvocationInterceptorChain.java:37)
	at org.junit.jupiter.engine.execution.InterceptingExecutableInvoker.invoke(InterceptingExecutableInvoker.java:92)
	at org.junit.jupiter.engine.execution.InterceptingExecutableInvoker.invoke(InterceptingExecutableInvoker.java:86)
	at org.junit.jupiter.engine.descriptor.TestMethodTestDescriptor.lambda$invokeTestMethod$7(TestMethodTestDescriptor.java:218)
	at org.junit.platform.engine.support.hierarchical.ThrowableCollector.execute(ThrowableCollector.java:73)
	at org.junit.jupiter.engine.descriptor.TestMethodTestDescriptor.invokeTestMethod(TestMethodTestDescriptor.java:214)
	at org.junit.jupiter.engine.descriptor.TestMethodTestDescriptor.execute(TestMethodTestDescriptor.java:139)
	at org.junit.jupiter.engine.descriptor.TestMethodTestDescriptor.execute(TestMethodTestDescriptor.java:69)
	at org.junit.platform.engine.support.hierarchical.NodeTestTask.lambda$executeRecursively$6(NodeTestTask.java:151)
	at org.junit.platform.engine.support.hierarchical.ThrowableCollector.execute(ThrowableCollector.java:73)
	at org.junit.platform.engine.support.hierarchical.NodeTestTask.lambda$executeRecursively$8(NodeTestTask.java:141)
	at org.junit.platform.engine.support.hierarchical.Node.around(Node.java:137)
	at org.junit.platform.engine.support.hierarchical.NodeTestTask.lambda$executeRecursively$9(NodeTestTask.java:139)
	at org.junit.platform.engine.support.hierarchical.ThrowableCollector.execute(ThrowableCollector.java:73)
	at org.junit.platform.engine.support.hierarchical.NodeTestTask.executeRecursively(NodeTestTask.java:138)
	at org.junit.platform.engine.support.hierarchical.NodeTestTask.execute(NodeTestTask.java:95)
	at java.base/java.util.ArrayList.forEach(ArrayList.java:1604)
	at org.junit.platform.engine.support.hierarchical.SameThreadHierarchicalTestExecutorService.invokeAll(SameThreadHierarchicalTestExecutorService.java:41)
	at org.junit.platform.engine.support.hierarchical.NodeTestTask.lambda$executeRecursively$6(NodeTestTask.java:155)
	at org.junit.platform.engine.support.hierarchical.ThrowableCollector.execute(ThrowableCollector.java:73)
	at org.junit.platform.engine.support.hierarchical.NodeTestTask.lambda$executeRecursively$8(NodeTestTask.java:141)
	at org.junit.platform.engine.support.hierarchical.Node.around(Node.java:137)
	at org.junit.platform.engine.support.hierarchical.NodeTestTask.lambda$executeRecursively$9(NodeTestTask.java:139)
	at org.junit.platform.engine.support.hierarchical.ThrowableCollector.execute(ThrowableCollector.java:73)
	at org.junit.platform.engine.support.hierarchical.NodeTestTask.executeRecursively(NodeTestTask.java:138)
	at org.junit.platform.engine.support.hierarchical.NodeTestTask.execute(NodeTestTask.java:95)
	at java.base/java.util.ArrayList.forEach(ArrayList.java:1604)
	at org.junit.platform.engine.support.hierarchical.SameThreadHierarchicalTestExecutorService.invokeAll(SameThreadHierarchicalTestExecutorService.java:41)
	at org.junit.platform.engine.support.hierarchical.NodeTestTask.lambda$executeRecursively$6(NodeTestTask.java:155)
	at org.junit.platform.engine.support.hierarchical.ThrowableCollector.execute(ThrowableCollector.java:73)
	at org.junit.platform.engine.support.hierarchical.NodeTestTask.lambda$executeRecursively$8(NodeTestTask.java:141)
	at org.junit.platform.engine.support.hierarchical.Node.around(Node.java:137)
	at org.junit.platform.engine.support.hierarchical.NodeTestTask.lambda$executeRecursively$9(NodeTestTask.java:139)
	at org.junit.platform.engine.support.hierarchical.ThrowableCollector.execute(ThrowableCollector.java:73)
	at org.junit.platform.engine.support.hierarchical.NodeTestTask.executeRecursively(NodeTestTask.java:138)
	at org.junit.platform.engine.support.hierarchical.NodeTestTask.execute(NodeTestTask.java:95)
	at org.junit.platform.engine.support.hierarchical.SameThreadHierarchicalTestExecutorService.submit(SameThreadHierarchicalTestExecutorService.java:35)
	at org.junit.platform.engine.support.hierarchical.HierarchicalTestExecutor.execute(HierarchicalTestExecutor.java:57)
	at org.junit.platform.engine.support.hierarchical.HierarchicalTestEngine.execute(HierarchicalTestEngine.java:54)
	at org.junit.platform.launcher.core.EngineExecutionOrchestrator.execute(EngineExecutionOrchestrator.java:198)
	at org.junit.platform.launcher.core.EngineExecutionOrchestrator.execute(EngineExecutionOrchestrator.java:169)
	at org.junit.platform.launcher.core.EngineExecutionOrchestrator.execute(EngineExecutionOrchestrator.java:93)
	at org.junit.platform.launcher.core.EngineExecutionOrchestrator.lambda$execute$0(EngineExecutionOrchestrator.java:58)
	at org.junit.platform.launcher.core.EngineExecutionOrchestrator.withInterceptedStreams(EngineExecutionOrchestrator.java:141)
	at org.junit.platform.launcher.core.EngineExecutionOrchestrator.execute(EngineExecutionOrchestrator.java:57)
	at org.junit.platform.launcher.core.DefaultLauncher.execute(DefaultLauncher.java:103)
	at org.junit.platform.launcher.core.DefaultLauncher.execute(DefaultLauncher.java:85)
	at org.junit.platform.launcher.core.DelegatingLauncher.execute(DelegatingLauncher.java:47)
	at org.junit.platform.launcher.core.SessionPerRequestLauncher.execute(SessionPerRequestLauncher.java:63)
	at com.intellij.junit5.JUnit5IdeaTestRunner.startRunnerWithArgs(JUnit5IdeaTestRunner.java:66)
	at com.intellij.rt.junit.IdeaTestRunner$Repeater$1.execute(IdeaTestRunner.java:38)
	at com.intellij.rt.execution.junit.TestsRepeater.repeat(TestsRepeater.java:11)
	at com.intellij.rt.junit.IdeaTestRunner$Repeater.startRunnerWithArgs(IdeaTestRunner.java:35)
	at com.intellij.rt.junit.JUnitStarter.prepareStreamsAndStart(JUnitStarter.java:231)
	at com.intellij.rt.junit.JUnitStarter.main(JUnitStarter.java:55)
2026-04-18 22:37:32.196 [main] ERROR c.appointmentscheduler.presentation.ErrorHandler - Failed to load screen: load failed
java.lang.RuntimeException: x
	at com.appointmentscheduler/com.appointmentscheduler.presentation.MainAppInternalsCoverageTest.lambda$50(MainAppInternalsCoverageTest.java:457)
	at org.assertj.core.api.ThrowableAssert.catchThrowable(ThrowableAssert.java:63)
	at org.assertj.core.api.AssertionsForClassTypes.catchThrowable(AssertionsForClassTypes.java:892)
	at org.assertj.core.api.AssertionsForClassTypes.assertThatCode(AssertionsForClassTypes.java:863)
	at org.assertj.core.api.Assertions.assertThatCode(Assertions.java:1287)
	at com.appointmentscheduler/com.appointmentscheduler.presentation.MainAppInternalsCoverageTest.syntheticRunLaterErrorHandlers_invocable_forCoverage(MainAppInternalsCoverageTest.java:457)
	at java.base/jdk.internal.reflect.DirectMethodHandleAccessor.invoke(DirectMethodHandleAccessor.java:104)
	at java.base/java.lang.reflect.Method.invoke(Method.java:565)
	at org.junit.platform.commons.util.ReflectionUtils.invokeMethod(ReflectionUtils.java:728)
	at org.junit.jupiter.engine.execution.MethodInvocation.proceed(MethodInvocation.java:60)
	at org.junit.jupiter.engine.execution.InvocationInterceptorChain$ValidatingInvocation.proceed(InvocationInterceptorChain.java:131)
	at org.junit.jupiter.engine.extension.TimeoutExtension.intercept(TimeoutExtension.java:156)
	at org.junit.jupiter.engine.extension.TimeoutExtension.interceptTestableMethod(TimeoutExtension.java:147)
	at org.junit.jupiter.engine.extension.TimeoutExtension.interceptTestMethod(TimeoutExtension.java:86)
	at org.junit.jupiter.engine.execution.InterceptingExecutableInvoker$ReflectiveInterceptorCall.lambda$ofVoidMethod$0(InterceptingExecutableInvoker.java:103)
	at org.junit.jupiter.engine.execution.InterceptingExecutableInvoker.lambda$invoke$0(InterceptingExecutableInvoker.java:93)
	at org.junit.jupiter.engine.execution.InvocationInterceptorChain$InterceptedInvocation.proceed(InvocationInterceptorChain.java:106)
	at org.junit.jupiter.engine.execution.InvocationInterceptorChain.proceed(InvocationInterceptorChain.java:64)
	at org.junit.jupiter.engine.execution.InvocationInterceptorChain.chainAndInvoke(InvocationInterceptorChain.java:45)
	at org.junit.jupiter.engine.execution.InvocationInterceptorChain.invoke(InvocationInterceptorChain.java:37)
	at org.junit.jupiter.engine.execution.InterceptingExecutableInvoker.invoke(InterceptingExecutableInvoker.java:92)
	at org.junit.jupiter.engine.execution.InterceptingExecutableInvoker.invoke(InterceptingExecutableInvoker.java:86)
	at org.junit.jupiter.engine.descriptor.TestMethodTestDescriptor.lambda$invokeTestMethod$7(TestMethodTestDescriptor.java:218)
	at org.junit.platform.engine.support.hierarchical.ThrowableCollector.execute(ThrowableCollector.java:73)
	at org.junit.jupiter.engine.descriptor.TestMethodTestDescriptor.invokeTestMethod(TestMethodTestDescriptor.java:214)
	at org.junit.jupiter.engine.descriptor.TestMethodTestDescriptor.execute(TestMethodTestDescriptor.java:139)
	at org.junit.jupiter.engine.descriptor.TestMethodTestDescriptor.execute(TestMethodTestDescriptor.java:69)
	at org.junit.platform.engine.support.hierarchical.NodeTestTask.lambda$executeRecursively$6(NodeTestTask.java:151)
	at org.junit.platform.engine.support.hierarchical.ThrowableCollector.execute(ThrowableCollector.java:73)
	at org.junit.platform.engine.support.hierarchical.NodeTestTask.lambda$executeRecursively$8(NodeTestTask.java:141)
	at org.junit.platform.engine.support.hierarchical.Node.around(Node.java:137)
	at org.junit.platform.engine.support.hierarchical.NodeTestTask.lambda$executeRecursively$9(NodeTestTask.java:139)
	at org.junit.platform.engine.support.hierarchical.ThrowableCollector.execute(ThrowableCollector.java:73)
	at org.junit.platform.engine.support.hierarchical.NodeTestTask.executeRecursively(NodeTestTask.java:138)
	at org.junit.platform.engine.support.hierarchical.NodeTestTask.execute(NodeTestTask.java:95)
	at java.base/java.util.ArrayList.forEach(ArrayList.java:1604)
	at org.junit.platform.engine.support.hierarchical.SameThreadHierarchicalTestExecutorService.invokeAll(SameThreadHierarchicalTestExecutorService.java:41)
	at org.junit.platform.engine.support.hierarchical.NodeTestTask.lambda$executeRecursively$6(NodeTestTask.java:155)
	at org.junit.platform.engine.support.hierarchical.ThrowableCollector.execute(ThrowableCollector.java:73)
	at org.junit.platform.engine.support.hierarchical.NodeTestTask.lambda$executeRecursively$8(NodeTestTask.java:141)
	at org.junit.platform.engine.support.hierarchical.Node.around(Node.java:137)
	at org.junit.platform.engine.support.hierarchical.NodeTestTask.lambda$executeRecursively$9(NodeTestTask.java:139)
	at org.junit.platform.engine.support.hierarchical.ThrowableCollector.execute(ThrowableCollector.java:73)
	at org.junit.platform.engine.support.hierarchical.NodeTestTask.executeRecursively(NodeTestTask.java:138)
	at org.junit.platform.engine.support.hierarchical.NodeTestTask.execute(NodeTestTask.java:95)
	at java.base/java.util.ArrayList.forEach(ArrayList.java:1604)
	at org.junit.platform.engine.support.hierarchical.SameThreadHierarchicalTestExecutorService.invokeAll(SameThreadHierarchicalTestExecutorService.java:41)
	at org.junit.platform.engine.support.hierarchical.NodeTestTask.lambda$executeRecursively$6(NodeTestTask.java:155)
	at org.junit.platform.engine.support.hierarchical.ThrowableCollector.execute(ThrowableCollector.java:73)
	at org.junit.platform.engine.support.hierarchical.NodeTestTask.lambda$executeRecursively$8(NodeTestTask.java:141)
	at org.junit.platform.engine.support.hierarchical.Node.around(Node.java:137)
	at org.junit.platform.engine.support.hierarchical.NodeTestTask.lambda$executeRecursively$9(NodeTestTask.java:139)
	at org.junit.platform.engine.support.hierarchical.ThrowableCollector.execute(ThrowableCollector.java:73)
	at org.junit.platform.engine.support.hierarchical.NodeTestTask.executeRecursively(NodeTestTask.java:138)
	at org.junit.platform.engine.support.hierarchical.NodeTestTask.execute(NodeTestTask.java:95)
	at org.junit.platform.engine.support.hierarchical.SameThreadHierarchicalTestExecutorService.submit(SameThreadHierarchicalTestExecutorService.java:35)
	at org.junit.platform.engine.support.hierarchical.HierarchicalTestExecutor.execute(HierarchicalTestExecutor.java:57)
	at org.junit.platform.engine.support.hierarchical.HierarchicalTestEngine.execute(HierarchicalTestEngine.java:54)
	at org.junit.platform.launcher.core.EngineExecutionOrchestrator.execute(EngineExecutionOrchestrator.java:198)
	at org.junit.platform.launcher.core.EngineExecutionOrchestrator.execute(EngineExecutionOrchestrator.java:169)
	at org.junit.platform.launcher.core.EngineExecutionOrchestrator.execute(EngineExecutionOrchestrator.java:93)
	at org.junit.platform.launcher.core.EngineExecutionOrchestrator.lambda$execute$0(EngineExecutionOrchestrator.java:58)
	at org.junit.platform.launcher.core.EngineExecutionOrchestrator.withInterceptedStreams(EngineExecutionOrchestrator.java:141)
	at org.junit.platform.launcher.core.EngineExecutionOrchestrator.execute(EngineExecutionOrchestrator.java:57)
	at org.junit.platform.launcher.core.DefaultLauncher.execute(DefaultLauncher.java:103)
	at org.junit.platform.launcher.core.DefaultLauncher.execute(DefaultLauncher.java:85)
	at org.junit.platform.launcher.core.DelegatingLauncher.execute(DelegatingLauncher.java:47)
	at org.junit.platform.launcher.core.SessionPerRequestLauncher.execute(SessionPerRequestLauncher.java:63)
	at com.intellij.junit5.JUnit5IdeaTestRunner.startRunnerWithArgs(JUnit5IdeaTestRunner.java:66)
	at com.intellij.rt.junit.IdeaTestRunner$Repeater$1.execute(IdeaTestRunner.java:38)
	at com.intellij.rt.execution.junit.TestsRepeater.repeat(TestsRepeater.java:11)
	at com.intellij.rt.junit.IdeaTestRunner$Repeater.startRunnerWithArgs(IdeaTestRunner.java:35)
	at com.intellij.rt.junit.JUnitStarter.prepareStreamsAndStart(JUnitStarter.java:231)
	at com.intellij.rt.junit.JUnitStarter.main(JUnitStarter.java:55)
2026-04-18 22:37:32.198 [main] DEBUG com.appointmentscheduler.application.AppConfig - Application configuration loaded
2026-04-18 22:37:32.199 [main] DEBUG com.appointmentscheduler.application.AppConfig - Merged application-local.properties
2026-04-18 22:37:32.228 [main] ERROR com.appointmentscheduler.presentation.MainApp - Failed to load screen: 
javafx.fxml.LoadException: 
/C:/Users/PC/Desktop/software%20project/AppointmentSystem/target/test-classes/com/appointmentscheduler/presentation/

	at javafx.fxml/javafx.fxml.FXMLLoader.constructLoadException(FXMLLoader.java:2714)
	at javafx.fxml/javafx.fxml.FXMLLoader.loadImpl(FXMLLoader.java:2657)
	at javafx.fxml/javafx.fxml.FXMLLoader.loadImpl(FXMLLoader.java:2555)
	at javafx.fxml/javafx.fxml.FXMLLoader.load(FXMLLoader.java:2523)
	at com.appointmentscheduler/com.appointmentscheduler.presentation.MainApp.loadScreen(MainApp.java:397)
	at java.base/java.lang.invoke.MethodHandle.invokeWithArguments(MethodHandle.java:735)
	at org.mockito.internal.util.reflection.InstrumentationMemberAccessor$Dispatcher$ByteBuddy$pm2OQBHR.invokeWithArguments(Unknown Source)
	at org.mockito.internal.util.reflection.InstrumentationMemberAccessor.invoke(InstrumentationMemberAccessor.java:265)
	at org.mockito.internal.util.reflection.ModuleMemberAccessor.invoke(ModuleMemberAccessor.java:55)
	at org.mockito.internal.creation.bytebuddy.MockMethodAdvice.tryInvoke(MockMethodAdvice.java:316)
	at org.mockito.internal.creation.bytebuddy.MockMethodAdvice$StaticMethodCall.invoke(MockMethodAdvice.java:308)
	at org.mockito.internal.invocation.InterceptedInvocation.callRealMethod(InterceptedInvocation.java:142)
	at org.mockito.internal.stubbing.answers.CallsRealMethods.answer(CallsRealMethods.java:45)
	at org.mockito.Answers.answer(Answers.java:90)
	at org.mockito.internal.handler.MockHandlerImpl.handle(MockHandlerImpl.java:111)
	at org.mockito.internal.handler.NullResultGuardian.handle(NullResultGuardian.java:29)
	at org.mockito.internal.handler.InvocationNotifierHandler.handle(InvocationNotifierHandler.java:34)
	at org.mockito.internal.creation.bytebuddy.access.MockMethodInterceptor.doIntercept(MockMethodInterceptor.java:84)
	at org.mockito.internal.creation.bytebuddy.MockMethodAdvice.handleStatic(MockMethodAdvice.java:150)
	at com.appointmentscheduler/com.appointmentscheduler.presentation.MainApp.loadScreen(MainApp.java:381)
	at com.appointmentscheduler/com.appointmentscheduler.presentation.MainAppInternalsCoverageTest.lambda$32(MainAppInternalsCoverageTest.java:335)
	at org.mockito.internal.MockedStaticImpl.when(MockedStaticImpl.java:49)
	at com.appointmentscheduler/com.appointmentscheduler.presentation.MainAppInternalsCoverageTest.performLogout_whenAuditServiceNull_confirmTrue_stillLogsOut(MainAppInternalsCoverageTest.java:335)
	at java.base/jdk.internal.reflect.DirectMethodHandleAccessor.invoke(DirectMethodHandleAccessor.java:104)
	at java.base/java.lang.reflect.Method.invoke(Method.java:565)
	at org.junit.platform.commons.util.ReflectionUtils.invokeMethod(ReflectionUtils.java:728)
	at org.junit.jupiter.engine.execution.MethodInvocation.proceed(MethodInvocation.java:60)
	at org.junit.jupiter.engine.execution.InvocationInterceptorChain$ValidatingInvocation.proceed(InvocationInterceptorChain.java:131)
	at org.junit.jupiter.engine.extension.TimeoutExtension.intercept(TimeoutExtension.java:156)
	at org.junit.jupiter.engine.extension.TimeoutExtension.interceptTestableMethod(TimeoutExtension.java:147)
	at org.junit.jupiter.engine.extension.TimeoutExtension.interceptTestMethod(TimeoutExtension.java:86)
	at org.junit.jupiter.engine.execution.InterceptingExecutableInvoker$ReflectiveInterceptorCall.lambda$ofVoidMethod$0(InterceptingExecutableInvoker.java:103)
	at org.junit.jupiter.engine.execution.InterceptingExecutableInvoker.lambda$invoke$0(InterceptingExecutableInvoker.java:93)
	at org.junit.jupiter.engine.execution.InvocationInterceptorChain$InterceptedInvocation.proceed(InvocationInterceptorChain.java:106)
	at org.junit.jupiter.engine.execution.InvocationInterceptorChain.proceed(InvocationInterceptorChain.java:64)
	at org.junit.jupiter.engine.execution.InvocationInterceptorChain.chainAndInvoke(InvocationInterceptorChain.java:45)
	at org.junit.jupiter.engine.execution.InvocationInterceptorChain.invoke(InvocationInterceptorChain.java:37)
	at org.junit.jupiter.engine.execution.InterceptingExecutableInvoker.invoke(InterceptingExecutableInvoker.java:92)
	at org.junit.jupiter.engine.execution.InterceptingExecutableInvoker.invoke(InterceptingExecutableInvoker.java:86)
	at org.junit.jupiter.engine.descriptor.TestMethodTestDescriptor.lambda$invokeTestMethod$7(TestMethodTestDescriptor.java:218)
	at org.junit.platform.engine.support.hierarchical.ThrowableCollector.execute(ThrowableCollector.java:73)
	at org.junit.jupiter.engine.descriptor.TestMethodTestDescriptor.invokeTestMethod(TestMethodTestDescriptor.java:214)
	at org.junit.jupiter.engine.descriptor.TestMethodTestDescriptor.execute(TestMethodTestDescriptor.java:139)
	at org.junit.jupiter.engine.descriptor.TestMethodTestDescriptor.execute(TestMethodTestDescriptor.java:69)
	at org.junit.platform.engine.support.hierarchical.NodeTestTask.lambda$executeRecursively$6(NodeTestTask.java:151)
	at org.junit.platform.engine.support.hierarchical.ThrowableCollector.execute(ThrowableCollector.java:73)
	at org.junit.platform.engine.support.hierarchical.NodeTestTask.lambda$executeRecursively$8(NodeTestTask.java:141)
	at org.junit.platform.engine.support.hierarchical.Node.around(Node.java:137)
	at org.junit.platform.engine.support.hierarchical.NodeTestTask.lambda$executeRecursively$9(NodeTestTask.java:139)
	at org.junit.platform.engine.support.hierarchical.ThrowableCollector.execute(ThrowableCollector.java:73)
	at org.junit.platform.engine.support.hierarchical.NodeTestTask.executeRecursively(NodeTestTask.java:138)
	at org.junit.platform.engine.support.hierarchical.NodeTestTask.execute(NodeTestTask.java:95)
	at java.base/java.util.ArrayList.forEach(ArrayList.java:1604)
	at org.junit.platform.engine.support.hierarchical.SameThreadHierarchicalTestExecutorService.invokeAll(SameThreadHierarchicalTestExecutorService.java:41)
	at org.junit.platform.engine.support.hierarchical.NodeTestTask.lambda$executeRecursively$6(NodeTestTask.java:155)
	at org.junit.platform.engine.support.hierarchical.ThrowableCollector.execute(ThrowableCollector.java:73)
	at org.junit.platform.engine.support.hierarchical.NodeTestTask.lambda$executeRecursively$8(NodeTestTask.java:141)
	at org.junit.platform.engine.support.hierarchical.Node.around(Node.java:137)
	at org.junit.platform.engine.support.hierarchical.NodeTestTask.lambda$executeRecursively$9(NodeTestTask.java:139)
	at org.junit.platform.engine.support.hierarchical.ThrowableCollector.execute(ThrowableCollector.java:73)
	at org.junit.platform.engine.support.hierarchical.NodeTestTask.executeRecursively(NodeTestTask.java:138)
	at org.junit.platform.engine.support.hierarchical.NodeTestTask.execute(NodeTestTask.java:95)
	at java.base/java.util.ArrayList.forEach(ArrayList.java:1604)
	at org.junit.platform.engine.support.hierarchical.SameThreadHierarchicalTestExecutorService.invokeAll(SameThreadHierarchicalTestExecutorService.java:41)
	at org.junit.platform.engine.support.hierarchical.NodeTestTask.lambda$executeRecursively$6(NodeTestTask.java:155)
	at org.junit.platform.engine.support.hierarchical.ThrowableCollector.execute(ThrowableCollector.java:73)
	at org.junit.platform.engine.support.hierarchical.NodeTestTask.lambda$executeRecursively$8(NodeTestTask.java:141)
	at org.junit.platform.engine.support.hierarchical.Node.around(Node.java:137)
	at org.junit.platform.engine.support.hierarchical.NodeTestTask.lambda$executeRecursively$9(NodeTestTask.java:139)
	at org.junit.platform.engine.support.hierarchical.ThrowableCollector.execute(ThrowableCollector.java:73)
	at org.junit.platform.engine.support.hierarchical.NodeTestTask.executeRecursively(NodeTestTask.java:138)
	at org.junit.platform.engine.support.hierarchical.NodeTestTask.execute(NodeTestTask.java:95)
	at org.junit.platform.engine.support.hierarchical.SameThreadHierarchicalTestExecutorService.submit(SameThreadHierarchicalTestExecutorService.java:35)
	at org.junit.platform.engine.support.hierarchical.HierarchicalTestExecutor.execute(HierarchicalTestExecutor.java:57)
	at org.junit.platform.engine.support.hierarchical.HierarchicalTestEngine.execute(HierarchicalTestEngine.java:54)
	at org.junit.platform.launcher.core.EngineExecutionOrchestrator.execute(EngineExecutionOrchestrator.java:198)
	at org.junit.platform.launcher.core.EngineExecutionOrchestrator.execute(EngineExecutionOrchestrator.java:169)
	at org.junit.platform.launcher.core.EngineExecutionOrchestrator.execute(EngineExecutionOrchestrator.java:93)
	at org.junit.platform.launcher.core.EngineExecutionOrchestrator.lambda$execute$0(EngineExecutionOrchestrator.java:58)
	at org.junit.platform.launcher.core.EngineExecutionOrchestrator.withInterceptedStreams(EngineExecutionOrchestrator.java:141)
	at org.junit.platform.launcher.core.EngineExecutionOrchestrator.execute(EngineExecutionOrchestrator.java:57)
	at org.junit.platform.launcher.core.DefaultLauncher.execute(DefaultLauncher.java:103)
	at org.junit.platform.launcher.core.DefaultLauncher.execute(DefaultLauncher.java:85)
	at org.junit.platform.launcher.core.DelegatingLauncher.execute(DelegatingLauncher.java:47)
	at org.junit.platform.launcher.core.SessionPerRequestLauncher.execute(SessionPerRequestLauncher.java:63)
	at com.intellij.junit5.JUnit5IdeaTestRunner.startRunnerWithArgs(JUnit5IdeaTestRunner.java:66)
	at com.intellij.rt.junit.IdeaTestRunner$Repeater$1.execute(IdeaTestRunner.java:38)
	at com.intellij.rt.execution.junit.TestsRepeater.repeat(TestsRepeater.java:11)
	at com.intellij.rt.junit.IdeaTestRunner$Repeater.startRunnerWithArgs(IdeaTestRunner.java:35)
	at com.intellij.rt.junit.JUnitStarter.prepareStreamsAndStart(JUnitStarter.java:231)
	at com.intellij.rt.junit.JUnitStarter.main(JUnitStarter.java:55)
Caused by: javax.xml.stream.XMLStreamException: ParseError at [row,col]:[1,1]
Message: Content is not allowed in prolog.
	at java.xml/com.sun.org.apache.xerces.internal.impl.XMLStreamReaderImpl.next(XMLStreamReaderImpl.java:652)
	at java.xml/javax.xml.stream.util.StreamReaderDelegate.next(StreamReaderDelegate.java:84)
	at javafx.fxml/javafx.fxml.FXMLLoader.loadImpl(FXMLLoader.java:2627)
	... 89 common frames omitted
2026-04-18 22:37:32.234 [main] ERROR com.appointmentscheduler.presentation.MainApp - Could not show error scene
java.lang.IllegalStateException: Not on FX application thread; currentThread = main
	at javafx.graphics/com.sun.javafx.tk.Toolkit.checkFxUserThread(Toolkit.java:297)
	at javafx.graphics/com.sun.javafx.tk.quantum.QuantumToolkit.checkFxUserThread(QuantumToolkit.java:458)
	at javafx.graphics/javafx.stage.Stage.setScene(Stage.java:269)
	at com.appointmentscheduler/com.appointmentscheduler.presentation.MainApp.showErrorScene(MainApp.java:468)
	at java.base/java.lang.invoke.MethodHandle.invokeWithArguments(MethodHandle.java:735)
	at org.mockito.internal.util.reflection.InstrumentationMemberAccessor$Dispatcher$ByteBuddy$pm2OQBHR.invokeWithArguments(Unknown Source)
	at org.mockito.internal.util.reflection.InstrumentationMemberAccessor.invoke(InstrumentationMemberAccessor.java:265)
	at org.mockito.internal.util.reflection.ModuleMemberAccessor.invoke(ModuleMemberAccessor.java:55)
	at org.mockito.internal.creation.bytebuddy.MockMethodAdvice.tryInvoke(MockMethodAdvice.java:316)
	at org.mockito.internal.creation.bytebuddy.MockMethodAdvice$StaticMethodCall.invoke(MockMethodAdvice.java:308)
	at org.mockito.internal.invocation.InterceptedInvocation.callRealMethod(InterceptedInvocation.java:142)
	at org.mockito.internal.stubbing.answers.CallsRealMethods.answer(CallsRealMethods.java:45)
	at org.mockito.Answers.answer(Answers.java:90)
	at org.mockito.internal.handler.MockHandlerImpl.handle(MockHandlerImpl.java:111)
	at org.mockito.internal.handler.NullResultGuardian.handle(NullResultGuardian.java:29)
	at org.mockito.internal.handler.InvocationNotifierHandler.handle(InvocationNotifierHandler.java:34)
	at org.mockito.internal.creation.bytebuddy.access.MockMethodInterceptor.doIntercept(MockMethodInterceptor.java:84)
	at org.mockito.internal.creation.bytebuddy.MockMethodAdvice.handleStatic(MockMethodAdvice.java:150)
	at com.appointmentscheduler/com.appointmentscheduler.presentation.MainApp.showErrorScene(MainApp.java:459)
	at com.appointmentscheduler/com.appointmentscheduler.presentation.MainApp.loadScreen(MainApp.java:416)
	at java.base/java.lang.invoke.MethodHandle.invokeWithArguments(MethodHandle.java:735)
	at org.mockito.internal.util.reflection.InstrumentationMemberAccessor$Dispatcher$ByteBuddy$pm2OQBHR.invokeWithArguments(Unknown Source)
	at org.mockito.internal.util.reflection.InstrumentationMemberAccessor.invoke(InstrumentationMemberAccessor.java:265)
	at org.mockito.internal.util.reflection.ModuleMemberAccessor.invoke(ModuleMemberAccessor.java:55)
	at org.mockito.internal.creation.bytebuddy.MockMethodAdvice.tryInvoke(MockMethodAdvice.java:316)
	at org.mockito.internal.creation.bytebuddy.MockMethodAdvice$StaticMethodCall.invoke(MockMethodAdvice.java:308)
	at org.mockito.internal.invocation.InterceptedInvocation.callRealMethod(InterceptedInvocation.java:142)
	at org.mockito.internal.stubbing.answers.CallsRealMethods.answer(CallsRealMethods.java:45)
	at org.mockito.Answers.answer(Answers.java:90)
	at org.mockito.internal.handler.MockHandlerImpl.handle(MockHandlerImpl.java:111)
	at org.mockito.internal.handler.NullResultGuardian.handle(NullResultGuardian.java:29)
	at org.mockito.internal.handler.InvocationNotifierHandler.handle(InvocationNotifierHandler.java:34)
	at org.mockito.internal.creation.bytebuddy.access.MockMethodInterceptor.doIntercept(MockMethodInterceptor.java:84)
	at org.mockito.internal.creation.bytebuddy.MockMethodAdvice.handleStatic(MockMethodAdvice.java:150)
	at com.appointmentscheduler/com.appointmentscheduler.presentation.MainApp.loadScreen(MainApp.java:381)
	at com.appointmentscheduler/com.appointmentscheduler.presentation.MainAppInternalsCoverageTest.lambda$32(MainAppInternalsCoverageTest.java:335)
	at org.mockito.internal.MockedStaticImpl.when(MockedStaticImpl.java:49)
	at com.appointmentscheduler/com.appointmentscheduler.presentation.MainAppInternalsCoverageTest.performLogout_whenAuditServiceNull_confirmTrue_stillLogsOut(MainAppInternalsCoverageTest.java:335)
	at java.base/jdk.internal.reflect.DirectMethodHandleAccessor.invoke(DirectMethodHandleAccessor.java:104)
	at java.base/java.lang.reflect.Method.invoke(Method.java:565)
	at org.junit.platform.commons.util.ReflectionUtils.invokeMethod(ReflectionUtils.java:728)
	at org.junit.jupiter.engine.execution.MethodInvocation.proceed(MethodInvocation.java:60)
	at org.junit.jupiter.engine.execution.InvocationInterceptorChain$ValidatingInvocation.proceed(InvocationInterceptorChain.java:131)
	at org.junit.jupiter.engine.extension.TimeoutExtension.intercept(TimeoutExtension.java:156)
	at org.junit.jupiter.engine.extension.TimeoutExtension.interceptTestableMethod(TimeoutExtension.java:147)
	at org.junit.jupiter.engine.extension.TimeoutExtension.interceptTestMethod(TimeoutExtension.java:86)
	at org.junit.jupiter.engine.execution.InterceptingExecutableInvoker$ReflectiveInterceptorCall.lambda$ofVoidMethod$0(InterceptingExecutableInvoker.java:103)
	at org.junit.jupiter.engine.execution.InterceptingExecutableInvoker.lambda$invoke$0(InterceptingExecutableInvoker.java:93)
	at org.junit.jupiter.engine.execution.InvocationInterceptorChain$InterceptedInvocation.proceed(InvocationInterceptorChain.java:106)
	at org.junit.jupiter.engine.execution.InvocationInterceptorChain.proceed(InvocationInterceptorChain.java:64)
	at org.junit.jupiter.engine.execution.InvocationInterceptorChain.chainAndInvoke(InvocationInterceptorChain.java:45)
	at org.junit.jupiter.engine.execution.InvocationInterceptorChain.invoke(InvocationInterceptorChain.java:37)
	at org.junit.jupiter.engine.execution.InterceptingExecutableInvoker.invoke(InterceptingExecutableInvoker.java:92)
	at org.junit.jupiter.engine.execution.InterceptingExecutableInvoker.invoke(InterceptingExecutableInvoker.java:86)
	at org.junit.jupiter.engine.descriptor.TestMethodTestDescriptor.lambda$invokeTestMethod$7(TestMethodTestDescriptor.java:218)
	at org.junit.platform.engine.support.hierarchical.ThrowableCollector.execute(ThrowableCollector.java:73)
	at org.junit.jupiter.engine.descriptor.TestMethodTestDescriptor.invokeTestMethod(TestMethodTestDescriptor.java:214)
	at org.junit.jupiter.engine.descriptor.TestMethodTestDescriptor.execute(TestMethodTestDescriptor.java:139)
	at org.junit.jupiter.engine.descriptor.TestMethodTestDescriptor.execute(TestMethodTestDescriptor.java:69)
	at org.junit.platform.engine.support.hierarchical.NodeTestTask.lambda$executeRecursively$6(NodeTestTask.java:151)
	at org.junit.platform.engine.support.hierarchical.ThrowableCollector.execute(ThrowableCollector.java:73)
	at org.junit.platform.engine.support.hierarchical.NodeTestTask.lambda$executeRecursively$8(NodeTestTask.java:141)
	at org.junit.platform.engine.support.hierarchical.Node.around(Node.java:137)
	at org.junit.platform.engine.support.hierarchical.NodeTestTask.lambda$executeRecursively$9(NodeTestTask.java:139)
	at org.junit.platform.engine.support.hierarchical.ThrowableCollector.execute(ThrowableCollector.java:73)
	at org.junit.platform.engine.support.hierarchical.NodeTestTask.executeRecursively(NodeTestTask.java:138)
	at org.junit.platform.engine.support.hierarchical.NodeTestTask.execute(NodeTestTask.java:95)
	at java.base/java.util.ArrayList.forEach(ArrayList.java:1604)
	at org.junit.platform.engine.support.hierarchical.SameThreadHierarchicalTestExecutorService.invokeAll(SameThreadHierarchicalTestExecutorService.java:41)
	at org.junit.platform.engine.support.hierarchical.NodeTestTask.lambda$executeRecursively$6(NodeTestTask.java:155)
	at org.junit.platform.engine.support.hierarchical.ThrowableCollector.execute(ThrowableCollector.java:73)
	at org.junit.platform.engine.support.hierarchical.NodeTestTask.lambda$executeRecursively$8(NodeTestTask.java:141)
	at org.junit.platform.engine.support.hierarchical.Node.around(Node.java:137)
	at org.junit.platform.engine.support.hierarchical.NodeTestTask.lambda$executeRecursively$9(NodeTestTask.java:139)
	at org.junit.platform.engine.support.hierarchical.ThrowableCollector.execute(ThrowableCollector.java:73)
	at org.junit.platform.engine.support.hierarchical.NodeTestTask.executeRecursively(NodeTestTask.java:138)
	at org.junit.platform.engine.support.hierarchical.NodeTestTask.execute(NodeTestTask.java:95)
	at java.base/java.util.ArrayList.forEach(ArrayList.java:1604)
	at org.junit.platform.engine.support.hierarchical.SameThreadHierarchicalTestExecutorService.invokeAll(SameThreadHierarchicalTestExecutorService.java:41)
	at org.junit.platform.engine.support.hierarchical.NodeTestTask.lambda$executeRecursively$6(NodeTestTask.java:155)
	at org.junit.platform.engine.support.hierarchical.ThrowableCollector.execute(ThrowableCollector.java:73)
	at org.junit.platform.engine.support.hierarchical.NodeTestTask.lambda$executeRecursively$8(NodeTestTask.java:141)
	at org.junit.platform.engine.support.hierarchical.Node.around(Node.java:137)
	at org.junit.platform.engine.support.hierarchical.NodeTestTask.lambda$executeRecursively$9(NodeTestTask.java:139)
	at org.junit.platform.engine.support.hierarchical.ThrowableCollector.execute(ThrowableCollector.java:73)
	at org.junit.platform.engine.support.hierarchical.NodeTestTask.executeRecursively(NodeTestTask.java:138)
	at org.junit.platform.engine.support.hierarchical.NodeTestTask.execute(NodeTestTask.java:95)
	at org.junit.platform.engine.support.hierarchical.SameThreadHierarchicalTestExecutorService.submit(SameThreadHierarchicalTestExecutorService.java:35)
	at org.junit.platform.engine.support.hierarchical.HierarchicalTestExecutor.execute(HierarchicalTestExecutor.java:57)
	at org.junit.platform.engine.support.hierarchical.HierarchicalTestEngine.execute(HierarchicalTestEngine.java:54)
	at org.junit.platform.launcher.core.EngineExecutionOrchestrator.execute(EngineExecutionOrchestrator.java:198)
	at org.junit.platform.launcher.core.EngineExecutionOrchestrator.execute(EngineExecutionOrchestrator.java:169)
	at org.junit.platform.launcher.core.EngineExecutionOrchestrator.execute(EngineExecutionOrchestrator.java:93)
	at org.junit.platform.launcher.core.EngineExecutionOrchestrator.lambda$execute$0(EngineExecutionOrchestrator.java:58)
	at org.junit.platform.launcher.core.EngineExecutionOrchestrator.withInterceptedStreams(EngineExecutionOrchestrator.java:141)
	at org.junit.platform.launcher.core.EngineExecutionOrchestrator.execute(EngineExecutionOrchestrator.java:57)
	at org.junit.platform.launcher.core.DefaultLauncher.execute(DefaultLauncher.java:103)
	at org.junit.platform.launcher.core.DefaultLauncher.execute(DefaultLauncher.java:85)
	at org.junit.platform.launcher.core.DelegatingLauncher.execute(DelegatingLauncher.java:47)
	at org.junit.platform.launcher.core.SessionPerRequestLauncher.execute(SessionPerRequestLauncher.java:63)
	at com.intellij.junit5.JUnit5IdeaTestRunner.startRunnerWithArgs(JUnit5IdeaTestRunner.java:66)
	at com.intellij.rt.junit.IdeaTestRunner$Repeater$1.execute(IdeaTestRunner.java:38)
	at com.intellij.rt.execution.junit.TestsRepeater.repeat(TestsRepeater.java:11)
	at com.intellij.rt.junit.IdeaTestRunner$Repeater.startRunnerWithArgs(IdeaTestRunner.java:35)
	at com.intellij.rt.junit.JUnitStarter.prepareStreamsAndStart(JUnitStarter.java:231)
	at com.intellij.rt.junit.JUnitStarter.main(JUnitStarter.java:55)
2026-04-18 22:37:32.249 [main] DEBUG com.appointmentscheduler.application.AppConfig - Application configuration loaded
2026-04-18 22:37:32.251 [main] DEBUG com.appointmentscheduler.application.AppConfig - Merged application-local.properties
2026-04-18 22:37:32.433 [main] ERROR com.appointmentscheduler.presentation.MainApp - Failed to load screen: 
javafx.fxml.LoadException: 
/C:/Users/PC/Desktop/software%20project/AppointmentSystem/target/test-classes/com/appointmentscheduler/presentation/

	at javafx.fxml/javafx.fxml.FXMLLoader.constructLoadException(FXMLLoader.java:2714)
	at javafx.fxml/javafx.fxml.FXMLLoader.loadImpl(FXMLLoader.java:2657)
	at javafx.fxml/javafx.fxml.FXMLLoader.loadImpl(FXMLLoader.java:2555)
	at javafx.fxml/javafx.fxml.FXMLLoader.load(FXMLLoader.java:2523)
	at com.appointmentscheduler/com.appointmentscheduler.presentation.MainApp.loadScreen(MainApp.java:397)
	at java.base/java.lang.invoke.MethodHandle.invokeWithArguments(MethodHandle.java:735)
	at org.mockito.internal.util.reflection.InstrumentationMemberAccessor$Dispatcher$ByteBuddy$pm2OQBHR.invokeWithArguments(Unknown Source)
	at org.mockito.internal.util.reflection.InstrumentationMemberAccessor.invoke(InstrumentationMemberAccessor.java:265)
	at org.mockito.internal.util.reflection.ModuleMemberAccessor.invoke(ModuleMemberAccessor.java:55)
	at org.mockito.internal.creation.bytebuddy.MockMethodAdvice.tryInvoke(MockMethodAdvice.java:316)
	at org.mockito.internal.creation.bytebuddy.MockMethodAdvice$StaticMethodCall.invoke(MockMethodAdvice.java:308)
	at org.mockito.internal.invocation.InterceptedInvocation.callRealMethod(InterceptedInvocation.java:142)
	at org.mockito.internal.stubbing.answers.CallsRealMethods.answer(CallsRealMethods.java:45)
	at org.mockito.Answers.answer(Answers.java:90)
	at org.mockito.internal.handler.MockHandlerImpl.handle(MockHandlerImpl.java:111)
	at org.mockito.internal.handler.NullResultGuardian.handle(NullResultGuardian.java:29)
	at org.mockito.internal.handler.InvocationNotifierHandler.handle(InvocationNotifierHandler.java:34)
	at org.mockito.internal.creation.bytebuddy.access.MockMethodInterceptor.doIntercept(MockMethodInterceptor.java:84)
	at org.mockito.internal.creation.bytebuddy.MockMethodAdvice.handleStatic(MockMethodAdvice.java:150)
	at com.appointmentscheduler/com.appointmentscheduler.presentation.MainApp.loadScreen(MainApp.java:381)
	at com.appointmentscheduler/com.appointmentscheduler.presentation.MainAppInternalsCoverageTest.lambda$22(MainAppInternalsCoverageTest.java:234)
	at org.mockito.internal.MockedStaticImpl.when(MockedStaticImpl.java:49)
	at com.appointmentscheduler/com.appointmentscheduler.presentation.MainAppInternalsCoverageTest.performLogout_confirmFalseAndTrue_branches(MainAppInternalsCoverageTest.java:234)
	at java.base/jdk.internal.reflect.DirectMethodHandleAccessor.invoke(DirectMethodHandleAccessor.java:104)
	at java.base/java.lang.reflect.Method.invoke(Method.java:565)
	at org.junit.platform.commons.util.ReflectionUtils.invokeMethod(ReflectionUtils.java:728)
	at org.junit.jupiter.engine.execution.MethodInvocation.proceed(MethodInvocation.java:60)
	at org.junit.jupiter.engine.execution.InvocationInterceptorChain$ValidatingInvocation.proceed(InvocationInterceptorChain.java:131)
	at org.junit.jupiter.engine.extension.TimeoutExtension.intercept(TimeoutExtension.java:156)
	at org.junit.jupiter.engine.extension.TimeoutExtension.interceptTestableMethod(TimeoutExtension.java:147)
	at org.junit.jupiter.engine.extension.TimeoutExtension.interceptTestMethod(TimeoutExtension.java:86)
	at org.junit.jupiter.engine.execution.InterceptingExecutableInvoker$ReflectiveInterceptorCall.lambda$ofVoidMethod$0(InterceptingExecutableInvoker.java:103)
	at org.junit.jupiter.engine.execution.InterceptingExecutableInvoker.lambda$invoke$0(InterceptingExecutableInvoker.java:93)
	at org.junit.jupiter.engine.execution.InvocationInterceptorChain$InterceptedInvocation.proceed(InvocationInterceptorChain.java:106)
	at org.junit.jupiter.engine.execution.InvocationInterceptorChain.proceed(InvocationInterceptorChain.java:64)
	at org.junit.jupiter.engine.execution.InvocationInterceptorChain.chainAndInvoke(InvocationInterceptorChain.java:45)
	at org.junit.jupiter.engine.execution.InvocationInterceptorChain.invoke(InvocationInterceptorChain.java:37)
	at org.junit.jupiter.engine.execution.InterceptingExecutableInvoker.invoke(InterceptingExecutableInvoker.java:92)
	at org.junit.jupiter.engine.execution.InterceptingExecutableInvoker.invoke(InterceptingExecutableInvoker.java:86)
	at org.junit.jupiter.engine.descriptor.TestMethodTestDescriptor.lambda$invokeTestMethod$7(TestMethodTestDescriptor.java:218)
	at org.junit.platform.engine.support.hierarchical.ThrowableCollector.execute(ThrowableCollector.java:73)
	at org.junit.jupiter.engine.descriptor.TestMethodTestDescriptor.invokeTestMethod(TestMethodTestDescriptor.java:214)
	at org.junit.jupiter.engine.descriptor.TestMethodTestDescriptor.execute(TestMethodTestDescriptor.java:139)
	at org.junit.jupiter.engine.descriptor.TestMethodTestDescriptor.execute(TestMethodTestDescriptor.java:69)
	at org.junit.platform.engine.support.hierarchical.NodeTestTask.lambda$executeRecursively$6(NodeTestTask.java:151)
	at org.junit.platform.engine.support.hierarchical.ThrowableCollector.execute(ThrowableCollector.java:73)
	at org.junit.platform.engine.support.hierarchical.NodeTestTask.lambda$executeRecursively$8(NodeTestTask.java:141)
	at org.junit.platform.engine.support.hierarchical.Node.around(Node.java:137)
	at org.junit.platform.engine.support.hierarchical.NodeTestTask.lambda$executeRecursively$9(NodeTestTask.java:139)
	at org.junit.platform.engine.support.hierarchical.ThrowableCollector.execute(ThrowableCollector.java:73)
	at org.junit.platform.engine.support.hierarchical.NodeTestTask.executeRecursively(NodeTestTask.java:138)
	at org.junit.platform.engine.support.hierarchical.NodeTestTask.execute(NodeTestTask.java:95)
	at java.base/java.util.ArrayList.forEach(ArrayList.java:1604)
	at org.junit.platform.engine.support.hierarchical.SameThreadHierarchicalTestExecutorService.invokeAll(SameThreadHierarchicalTestExecutorService.java:41)
	at org.junit.platform.engine.support.hierarchical.NodeTestTask.lambda$executeRecursively$6(NodeTestTask.java:155)
	at org.junit.platform.engine.support.hierarchical.ThrowableCollector.execute(ThrowableCollector.java:73)
	at org.junit.platform.engine.support.hierarchical.NodeTestTask.lambda$executeRecursively$8(NodeTestTask.java:141)
	at org.junit.platform.engine.support.hierarchical.Node.around(Node.java:137)
	at org.junit.platform.engine.support.hierarchical.NodeTestTask.lambda$executeRecursively$9(NodeTestTask.java:139)
	at org.junit.platform.engine.support.hierarchical.ThrowableCollector.execute(ThrowableCollector.java:73)
	at org.junit.platform.engine.support.hierarchical.NodeTestTask.executeRecursively(NodeTestTask.java:138)
	at org.junit.platform.engine.support.hierarchical.NodeTestTask.execute(NodeTestTask.java:95)
	at java.base/java.util.ArrayList.forEach(ArrayList.java:1604)
	at org.junit.platform.engine.support.hierarchical.SameThreadHierarchicalTestExecutorService.invokeAll(SameThreadHierarchicalTestExecutorService.java:41)
	at org.junit.platform.engine.support.hierarchical.NodeTestTask.lambda$executeRecursively$6(NodeTestTask.java:155)
	at org.junit.platform.engine.support.hierarchical.ThrowableCollector.execute(ThrowableCollector.java:73)
	at org.junit.platform.engine.support.hierarchical.NodeTestTask.lambda$executeRecursively$8(NodeTestTask.java:141)
	at org.junit.platform.engine.support.hierarchical.Node.around(Node.java:137)
	at org.junit.platform.engine.support.hierarchical.NodeTestTask.lambda$executeRecursively$9(NodeTestTask.java:139)
	at org.junit.platform.engine.support.hierarchical.ThrowableCollector.execute(ThrowableCollector.java:73)
	at org.junit.platform.engine.support.hierarchical.NodeTestTask.executeRecursively(NodeTestTask.java:138)
	at org.junit.platform.engine.support.hierarchical.NodeTestTask.execute(NodeTestTask.java:95)
	at org.junit.platform.engine.support.hierarchical.SameThreadHierarchicalTestExecutorService.submit(SameThreadHierarchicalTestExecutorService.java:35)
	at org.junit.platform.engine.support.hierarchical.HierarchicalTestExecutor.execute(HierarchicalTestExecutor.java:57)
	at org.junit.platform.engine.support.hierarchical.HierarchicalTestEngine.execute(HierarchicalTestEngine.java:54)
	at org.junit.platform.launcher.core.EngineExecutionOrchestrator.execute(EngineExecutionOrchestrator.java:198)
	at org.junit.platform.launcher.core.EngineExecutionOrchestrator.execute(EngineExecutionOrchestrator.java:169)
	at org.junit.platform.launcher.core.EngineExecutionOrchestrator.execute(EngineExecutionOrchestrator.java:93)
	at org.junit.platform.launcher.core.EngineExecutionOrchestrator.lambda$execute$0(EngineExecutionOrchestrator.java:58)
	at org.junit.platform.launcher.core.EngineExecutionOrchestrator.withInterceptedStreams(EngineExecutionOrchestrator.java:141)
	at org.junit.platform.launcher.core.EngineExecutionOrchestrator.execute(EngineExecutionOrchestrator.java:57)
	at org.junit.platform.launcher.core.DefaultLauncher.execute(DefaultLauncher.java:103)
	at org.junit.platform.launcher.core.DefaultLauncher.execute(DefaultLauncher.java:85)
	at org.junit.platform.launcher.core.DelegatingLauncher.execute(DelegatingLauncher.java:47)
	at org.junit.platform.launcher.core.SessionPerRequestLauncher.execute(SessionPerRequestLauncher.java:63)
	at com.intellij.junit5.JUnit5IdeaTestRunner.startRunnerWithArgs(JUnit5IdeaTestRunner.java:66)
	at com.intellij.rt.junit.IdeaTestRunner$Repeater$1.execute(IdeaTestRunner.java:38)
	at com.intellij.rt.execution.junit.TestsRepeater.repeat(TestsRepeater.java:11)
	at com.intellij.rt.junit.IdeaTestRunner$Repeater.startRunnerWithArgs(IdeaTestRunner.java:35)
	at com.intellij.rt.junit.JUnitStarter.prepareStreamsAndStart(JUnitStarter.java:231)
	at com.intellij.rt.junit.JUnitStarter.main(JUnitStarter.java:55)
Caused by: javax.xml.stream.XMLStreamException: ParseError at [row,col]:[1,1]
Message: Content is not allowed in prolog.
	at java.xml/com.sun.org.apache.xerces.internal.impl.XMLStreamReaderImpl.next(XMLStreamReaderImpl.java:652)
	at java.xml/javax.xml.stream.util.StreamReaderDelegate.next(StreamReaderDelegate.java:84)
	at javafx.fxml/javafx.fxml.FXMLLoader.loadImpl(FXMLLoader.java:2627)
	... 89 common frames omitted
2026-04-18 22:37:32.439 [main] ERROR com.appointmentscheduler.presentation.MainApp - Could not show error scene
java.lang.IllegalStateException: Not on FX application thread; currentThread = main
	at javafx.graphics/com.sun.javafx.tk.Toolkit.checkFxUserThread(Toolkit.java:297)
	at javafx.graphics/com.sun.javafx.tk.quantum.QuantumToolkit.checkFxUserThread(QuantumToolkit.java:458)
	at javafx.graphics/javafx.stage.Stage.setScene(Stage.java:269)
	at com.appointmentscheduler/com.appointmentscheduler.presentation.MainApp.showErrorScene(MainApp.java:468)
	at java.base/java.lang.invoke.MethodHandle.invokeWithArguments(MethodHandle.java:735)
	at org.mockito.internal.util.reflection.InstrumentationMemberAccessor$Dispatcher$ByteBuddy$pm2OQBHR.invokeWithArguments(Unknown Source)
	at org.mockito.internal.util.reflection.InstrumentationMemberAccessor.invoke(InstrumentationMemberAccessor.java:265)
	at org.mockito.internal.util.reflection.ModuleMemberAccessor.invoke(ModuleMemberAccessor.java:55)
	at org.mockito.internal.creation.bytebuddy.MockMethodAdvice.tryInvoke(MockMethodAdvice.java:316)
	at org.mockito.internal.creation.bytebuddy.MockMethodAdvice$StaticMethodCall.invoke(MockMethodAdvice.java:308)
	at org.mockito.internal.invocation.InterceptedInvocation.callRealMethod(InterceptedInvocation.java:142)
	at org.mockito.internal.stubbing.answers.CallsRealMethods.answer(CallsRealMethods.java:45)
	at org.mockito.Answers.answer(Answers.java:90)
	at org.mockito.internal.handler.MockHandlerImpl.handle(MockHandlerImpl.java:111)
	at org.mockito.internal.handler.NullResultGuardian.handle(NullResultGuardian.java:29)
	at org.mockito.internal.handler.InvocationNotifierHandler.handle(InvocationNotifierHandler.java:34)
	at org.mockito.internal.creation.bytebuddy.access.MockMethodInterceptor.doIntercept(MockMethodInterceptor.java:84)
	at org.mockito.internal.creation.bytebuddy.MockMethodAdvice.handleStatic(MockMethodAdvice.java:150)
	at com.appointmentscheduler/com.appointmentscheduler.presentation.MainApp.showErrorScene(MainApp.java:459)
	at com.appointmentscheduler/com.appointmentscheduler.presentation.MainApp.loadScreen(MainApp.java:416)
	at java.base/java.lang.invoke.MethodHandle.invokeWithArguments(MethodHandle.java:735)
	at org.mockito.internal.util.reflection.InstrumentationMemberAccessor$Dispatcher$ByteBuddy$pm2OQBHR.invokeWithArguments(Unknown Source)
	at org.mockito.internal.util.reflection.InstrumentationMemberAccessor.invoke(InstrumentationMemberAccessor.java:265)
	at org.mockito.internal.util.reflection.ModuleMemberAccessor.invoke(ModuleMemberAccessor.java:55)
	at org.mockito.internal.creation.bytebuddy.MockMethodAdvice.tryInvoke(MockMethodAdvice.java:316)
	at org.mockito.internal.creation.bytebuddy.MockMethodAdvice$StaticMethodCall.invoke(MockMethodAdvice.java:308)
	at org.mockito.internal.invocation.InterceptedInvocation.callRealMethod(InterceptedInvocation.java:142)
	at org.mockito.internal.stubbing.answers.CallsRealMethods.answer(CallsRealMethods.java:45)
	at org.mockito.Answers.answer(Answers.java:90)
	at org.mockito.internal.handler.MockHandlerImpl.handle(MockHandlerImpl.java:111)
	at org.mockito.internal.handler.NullResultGuardian.handle(NullResultGuardian.java:29)
	at org.mockito.internal.handler.InvocationNotifierHandler.handle(InvocationNotifierHandler.java:34)
	at org.mockito.internal.creation.bytebuddy.access.MockMethodInterceptor.doIntercept(MockMethodInterceptor.java:84)
	at org.mockito.internal.creation.bytebuddy.MockMethodAdvice.handleStatic(MockMethodAdvice.java:150)
	at com.appointmentscheduler/com.appointmentscheduler.presentation.MainApp.loadScreen(MainApp.java:381)
	at com.appointmentscheduler/com.appointmentscheduler.presentation.MainAppInternalsCoverageTest.lambda$22(MainAppInternalsCoverageTest.java:234)
	at org.mockito.internal.MockedStaticImpl.when(MockedStaticImpl.java:49)
	at com.appointmentscheduler/com.appointmentscheduler.presentation.MainAppInternalsCoverageTest.performLogout_confirmFalseAndTrue_branches(MainAppInternalsCoverageTest.java:234)
	at java.base/jdk.internal.reflect.DirectMethodHandleAccessor.invoke(DirectMethodHandleAccessor.java:104)
	at java.base/java.lang.reflect.Method.invoke(Method.java:565)
	at org.junit.platform.commons.util.ReflectionUtils.invokeMethod(ReflectionUtils.java:728)
	at org.junit.jupiter.engine.execution.MethodInvocation.proceed(MethodInvocation.java:60)
	at org.junit.jupiter.engine.execution.InvocationInterceptorChain$ValidatingInvocation.proceed(InvocationInterceptorChain.java:131)
	at org.junit.jupiter.engine.extension.TimeoutExtension.intercept(TimeoutExtension.java:156)
	at org.junit.jupiter.engine.extension.TimeoutExtension.interceptTestableMethod(TimeoutExtension.java:147)
	at org.junit.jupiter.engine.extension.TimeoutExtension.interceptTestMethod(TimeoutExtension.java:86)
	at org.junit.jupiter.engine.execution.InterceptingExecutableInvoker$ReflectiveInterceptorCall.lambda$ofVoidMethod$0(InterceptingExecutableInvoker.java:103)
	at org.junit.jupiter.engine.execution.InterceptingExecutableInvoker.lambda$invoke$0(InterceptingExecutableInvoker.java:93)
	at org.junit.jupiter.engine.execution.InvocationInterceptorChain$InterceptedInvocation.proceed(InvocationInterceptorChain.java:106)
	at org.junit.jupiter.engine.execution.InvocationInterceptorChain.proceed(InvocationInterceptorChain.java:64)
	at org.junit.jupiter.engine.execution.InvocationInterceptorChain.chainAndInvoke(InvocationInterceptorChain.java:45)
	at org.junit.jupiter.engine.execution.InvocationInterceptorChain.invoke(InvocationInterceptorChain.java:37)
	at org.junit.jupiter.engine.execution.InterceptingExecutableInvoker.invoke(InterceptingExecutableInvoker.java:92)
	at org.junit.jupiter.engine.execution.InterceptingExecutableInvoker.invoke(InterceptingExecutableInvoker.java:86)
	at org.junit.jupiter.engine.descriptor.TestMethodTestDescriptor.lambda$invokeTestMethod$7(TestMethodTestDescriptor.java:218)
	at org.junit.platform.engine.support.hierarchical.ThrowableCollector.execute(ThrowableCollector.java:73)
	at org.junit.jupiter.engine.descriptor.TestMethodTestDescriptor.invokeTestMethod(TestMethodTestDescriptor.java:214)
	at org.junit.jupiter.engine.descriptor.TestMethodTestDescriptor.execute(TestMethodTestDescriptor.java:139)
	at org.junit.jupiter.engine.descriptor.TestMethodTestDescriptor.execute(TestMethodTestDescriptor.java:69)
	at org.junit.platform.engine.support.hierarchical.NodeTestTask.lambda$executeRecursively$6(NodeTestTask.java:151)
	at org.junit.platform.engine.support.hierarchical.ThrowableCollector.execute(ThrowableCollector.java:73)
	at org.junit.platform.engine.support.hierarchical.NodeTestTask.lambda$executeRecursively$8(NodeTestTask.java:141)
	at org.junit.platform.engine.support.hierarchical.Node.around(Node.java:137)
	at org.junit.platform.engine.support.hierarchical.NodeTestTask.lambda$executeRecursively$9(NodeTestTask.java:139)
	at org.junit.platform.engine.support.hierarchical.ThrowableCollector.execute(ThrowableCollector.java:73)
	at org.junit.platform.engine.support.hierarchical.NodeTestTask.executeRecursively(NodeTestTask.java:138)
	at org.junit.platform.engine.support.hierarchical.NodeTestTask.execute(NodeTestTask.java:95)
	at java.base/java.util.ArrayList.forEach(ArrayList.java:1604)
	at org.junit.platform.engine.support.hierarchical.SameThreadHierarchicalTestExecutorService.invokeAll(SameThreadHierarchicalTestExecutorService.java:41)
	at org.junit.platform.engine.support.hierarchical.NodeTestTask.lambda$executeRecursively$6(NodeTestTask.java:155)
	at org.junit.platform.engine.support.hierarchical.ThrowableCollector.execute(ThrowableCollector.java:73)
	at org.junit.platform.engine.support.hierarchical.NodeTestTask.lambda$executeRecursively$8(NodeTestTask.java:141)
	at org.junit.platform.engine.support.hierarchical.Node.around(Node.java:137)
	at org.junit.platform.engine.support.hierarchical.NodeTestTask.lambda$executeRecursively$9(NodeTestTask.java:139)
	at org.junit.platform.engine.support.hierarchical.ThrowableCollector.execute(ThrowableCollector.java:73)
	at org.junit.platform.engine.support.hierarchical.NodeTestTask.executeRecursively(NodeTestTask.java:138)
	at org.junit.platform.engine.support.hierarchical.NodeTestTask.execute(NodeTestTask.java:95)
	at java.base/java.util.ArrayList.forEach(ArrayList.java:1604)
	at org.junit.platform.engine.support.hierarchical.SameThreadHierarchicalTestExecutorService.invokeAll(SameThreadHierarchicalTestExecutorService.java:41)
	at org.junit.platform.engine.support.hierarchical.NodeTestTask.lambda$executeRecursively$6(NodeTestTask.java:155)
	at org.junit.platform.engine.support.hierarchical.ThrowableCollector.execute(ThrowableCollector.java:73)
	at org.junit.platform.engine.support.hierarchical.NodeTestTask.lambda$executeRecursively$8(NodeTestTask.java:141)
	at org.junit.platform.engine.support.hierarchical.Node.around(Node.java:137)
	at org.junit.platform.engine.support.hierarchical.NodeTestTask.lambda$executeRecursively$9(NodeTestTask.java:139)
	at org.junit.platform.engine.support.hierarchical.ThrowableCollector.execute(ThrowableCollector.java:73)
	at org.junit.platform.engine.support.hierarchical.NodeTestTask.executeRecursively(NodeTestTask.java:138)
	at org.junit.platform.engine.support.hierarchical.NodeTestTask.execute(NodeTestTask.java:95)
	at org.junit.platform.engine.support.hierarchical.SameThreadHierarchicalTestExecutorService.submit(SameThreadHierarchicalTestExecutorService.java:35)
	at org.junit.platform.engine.support.hierarchical.HierarchicalTestExecutor.execute(HierarchicalTestExecutor.java:57)
	at org.junit.platform.engine.support.hierarchical.HierarchicalTestEngine.execute(HierarchicalTestEngine.java:54)
	at org.junit.platform.launcher.core.EngineExecutionOrchestrator.execute(EngineExecutionOrchestrator.java:198)
	at org.junit.platform.launcher.core.EngineExecutionOrchestrator.execute(EngineExecutionOrchestrator.java:169)
	at org.junit.platform.launcher.core.EngineExecutionOrchestrator.execute(EngineExecutionOrchestrator.java:93)
	at org.junit.platform.launcher.core.EngineExecutionOrchestrator.lambda$execute$0(EngineExecutionOrchestrator.java:58)
	at org.junit.platform.launcher.core.EngineExecutionOrchestrator.withInterceptedStreams(EngineExecutionOrchestrator.java:141)
	at org.junit.platform.launcher.core.EngineExecutionOrchestrator.execute(EngineExecutionOrchestrator.java:57)
	at org.junit.platform.launcher.core.DefaultLauncher.execute(DefaultLauncher.java:103)
	at org.junit.platform.launcher.core.DefaultLauncher.execute(DefaultLauncher.java:85)
	at org.junit.platform.launcher.core.DelegatingLauncher.execute(DelegatingLauncher.java:47)
	at org.junit.platform.launcher.core.SessionPerRequestLauncher.execute(SessionPerRequestLauncher.java:63)
	at com.intellij.junit5.JUnit5IdeaTestRunner.startRunnerWithArgs(JUnit5IdeaTestRunner.java:66)
	at com.intellij.rt.junit.IdeaTestRunner$Repeater$1.execute(IdeaTestRunner.java:38)
	at com.intellij.rt.execution.junit.TestsRepeater.repeat(TestsRepeater.java:11)
	at com.intellij.rt.junit.IdeaTestRunner$Repeater.startRunnerWithArgs(IdeaTestRunner.java:35)
	at com.intellij.rt.junit.JUnitStarter.prepareStreamsAndStart(JUnitStarter.java:231)
	at com.intellij.rt.junit.JUnitStarter.main(JUnitStarter.java:55)
2026-04-18 22:37:32.458 [main] DEBUG com.appointmentscheduler.application.AppConfig - Application configuration loaded
2026-04-18 22:37:32.461 [main] DEBUG com.appointmentscheduler.application.AppConfig - Merged application-local.properties
2026-04-18 22:37:32.533 [main] ERROR com.appointmentscheduler.presentation.MainApp - Failed to load screen: 
javafx.fxml.LoadException: 
/C:/Users/PC/Desktop/software%20project/AppointmentSystem/target/test-classes/com/appointmentscheduler/presentation/

	at javafx.fxml/javafx.fxml.FXMLLoader.constructLoadException(FXMLLoader.java:2714)
	at javafx.fxml/javafx.fxml.FXMLLoader.loadImpl(FXMLLoader.java:2657)
	at javafx.fxml/javafx.fxml.FXMLLoader.loadImpl(FXMLLoader.java:2555)
	at javafx.fxml/javafx.fxml.FXMLLoader.load(FXMLLoader.java:2523)
	at com.appointmentscheduler/com.appointmentscheduler.presentation.MainApp.loadScreen(MainApp.java:397)
	at java.base/java.lang.invoke.MethodHandle.invokeWithArguments(MethodHandle.java:735)
	at org.mockito.internal.util.reflection.InstrumentationMemberAccessor$Dispatcher$ByteBuddy$pm2OQBHR.invokeWithArguments(Unknown Source)
	at org.mockito.internal.util.reflection.InstrumentationMemberAccessor.invoke(InstrumentationMemberAccessor.java:265)
	at org.mockito.internal.util.reflection.ModuleMemberAccessor.invoke(ModuleMemberAccessor.java:55)
	at org.mockito.internal.creation.bytebuddy.MockMethodAdvice.tryInvoke(MockMethodAdvice.java:316)
	at org.mockito.internal.creation.bytebuddy.MockMethodAdvice$StaticMethodCall.invoke(MockMethodAdvice.java:308)
	at org.mockito.internal.invocation.InterceptedInvocation.callRealMethod(InterceptedInvocation.java:142)
	at org.mockito.internal.stubbing.answers.CallsRealMethods.answer(CallsRealMethods.java:45)
	at org.mockito.Answers.answer(Answers.java:90)
	at org.mockito.internal.handler.MockHandlerImpl.handle(MockHandlerImpl.java:111)
	at org.mockito.internal.handler.NullResultGuardian.handle(NullResultGuardian.java:29)
	at org.mockito.internal.handler.InvocationNotifierHandler.handle(InvocationNotifierHandler.java:34)
	at org.mockito.internal.creation.bytebuddy.access.MockMethodInterceptor.doIntercept(MockMethodInterceptor.java:84)
	at org.mockito.internal.creation.bytebuddy.MockMethodAdvice.handleStatic(MockMethodAdvice.java:150)
	at com.appointmentscheduler/com.appointmentscheduler.presentation.MainApp.loadScreen(MainApp.java:381)
	at com.appointmentscheduler/com.appointmentscheduler.presentation.MainAppInternalsCoverageTest.lambda$25(MainAppInternalsCoverageTest.java:251)
	at org.mockito.internal.MockedStaticImpl.when(MockedStaticImpl.java:49)
	at com.appointmentscheduler/com.appointmentscheduler.presentation.MainAppInternalsCoverageTest.performLogout_withNullCurrentUser_and_loadScreenReentryGuard(MainAppInternalsCoverageTest.java:251)
	at java.base/jdk.internal.reflect.DirectMethodHandleAccessor.invoke(DirectMethodHandleAccessor.java:104)
	at java.base/java.lang.reflect.Method.invoke(Method.java:565)
	at org.junit.platform.commons.util.ReflectionUtils.invokeMethod(ReflectionUtils.java:728)
	at org.junit.jupiter.engine.execution.MethodInvocation.proceed(MethodInvocation.java:60)
	at org.junit.jupiter.engine.execution.InvocationInterceptorChain$ValidatingInvocation.proceed(InvocationInterceptorChain.java:131)
	at org.junit.jupiter.engine.extension.TimeoutExtension.intercept(TimeoutExtension.java:156)
	at org.junit.jupiter.engine.extension.TimeoutExtension.interceptTestableMethod(TimeoutExtension.java:147)
	at org.junit.jupiter.engine.extension.TimeoutExtension.interceptTestMethod(TimeoutExtension.java:86)
	at org.junit.jupiter.engine.execution.InterceptingExecutableInvoker$ReflectiveInterceptorCall.lambda$ofVoidMethod$0(InterceptingExecutableInvoker.java:103)
	at org.junit.jupiter.engine.execution.InterceptingExecutableInvoker.lambda$invoke$0(InterceptingExecutableInvoker.java:93)
	at org.junit.jupiter.engine.execution.InvocationInterceptorChain$InterceptedInvocation.proceed(InvocationInterceptorChain.java:106)
	at org.junit.jupiter.engine.execution.InvocationInterceptorChain.proceed(InvocationInterceptorChain.java:64)
	at org.junit.jupiter.engine.execution.InvocationInterceptorChain.chainAndInvoke(InvocationInterceptorChain.java:45)
	at org.junit.jupiter.engine.execution.InvocationInterceptorChain.invoke(InvocationInterceptorChain.java:37)
	at org.junit.jupiter.engine.execution.InterceptingExecutableInvoker.invoke(InterceptingExecutableInvoker.java:92)
	at org.junit.jupiter.engine.execution.InterceptingExecutableInvoker.invoke(InterceptingExecutableInvoker.java:86)
	at org.junit.jupiter.engine.descriptor.TestMethodTestDescriptor.lambda$invokeTestMethod$7(TestMethodTestDescriptor.java:218)
	at org.junit.platform.engine.support.hierarchical.ThrowableCollector.execute(ThrowableCollector.java:73)
	at org.junit.jupiter.engine.descriptor.TestMethodTestDescriptor.invokeTestMethod(TestMethodTestDescriptor.java:214)
	at org.junit.jupiter.engine.descriptor.TestMethodTestDescriptor.execute(TestMethodTestDescriptor.java:139)
	at org.junit.jupiter.engine.descriptor.TestMethodTestDescriptor.execute(TestMethodTestDescriptor.java:69)
	at org.junit.platform.engine.support.hierarchical.NodeTestTask.lambda$executeRecursively$6(NodeTestTask.java:151)
	at org.junit.platform.engine.support.hierarchical.ThrowableCollector.execute(ThrowableCollector.java:73)
	at org.junit.platform.engine.support.hierarchical.NodeTestTask.lambda$executeRecursively$8(NodeTestTask.java:141)
	at org.junit.platform.engine.support.hierarchical.Node.around(Node.java:137)
	at org.junit.platform.engine.support.hierarchical.NodeTestTask.lambda$executeRecursively$9(NodeTestTask.java:139)
	at org.junit.platform.engine.support.hierarchical.ThrowableCollector.execute(ThrowableCollector.java:73)
	at org.junit.platform.engine.support.hierarchical.NodeTestTask.executeRecursively(NodeTestTask.java:138)
	at org.junit.platform.engine.support.hierarchical.NodeTestTask.execute(NodeTestTask.java:95)
	at java.base/java.util.ArrayList.forEach(ArrayList.java:1604)
	at org.junit.platform.engine.support.hierarchical.SameThreadHierarchicalTestExecutorService.invokeAll(SameThreadHierarchicalTestExecutorService.java:41)
	at org.junit.platform.engine.support.hierarchical.NodeTestTask.lambda$executeRecursively$6(NodeTestTask.java:155)
	at org.junit.platform.engine.support.hierarchical.ThrowableCollector.execute(ThrowableCollector.java:73)
	at org.junit.platform.engine.support.hierarchical.NodeTestTask.lambda$executeRecursively$8(NodeTestTask.java:141)
	at org.junit.platform.engine.support.hierarchical.Node.around(Node.java:137)
	at org.junit.platform.engine.support.hierarchical.NodeTestTask.lambda$executeRecursively$9(NodeTestTask.java:139)
	at org.junit.platform.engine.support.hierarchical.ThrowableCollector.execute(ThrowableCollector.java:73)
	at org.junit.platform.engine.support.hierarchical.NodeTestTask.executeRecursively(NodeTestTask.java:138)
	at org.junit.platform.engine.support.hierarchical.NodeTestTask.execute(NodeTestTask.java:95)
	at java.base/java.util.ArrayList.forEach(ArrayList.java:1604)
	at org.junit.platform.engine.support.hierarchical.SameThreadHierarchicalTestExecutorService.invokeAll(SameThreadHierarchicalTestExecutorService.java:41)
	at org.junit.platform.engine.support.hierarchical.NodeTestTask.lambda$executeRecursively$6(NodeTestTask.java:155)
	at org.junit.platform.engine.support.hierarchical.ThrowableCollector.execute(ThrowableCollector.java:73)
	at org.junit.platform.engine.support.hierarchical.NodeTestTask.lambda$executeRecursively$8(NodeTestTask.java:141)
	at org.junit.platform.engine.support.hierarchical.Node.around(Node.java:137)
	at org.junit.platform.engine.support.hierarchical.NodeTestTask.lambda$executeRecursively$9(NodeTestTask.java:139)
	at org.junit.platform.engine.support.hierarchical.ThrowableCollector.execute(ThrowableCollector.java:73)
	at org.junit.platform.engine.support.hierarchical.NodeTestTask.executeRecursively(NodeTestTask.java:138)
	at org.junit.platform.engine.support.hierarchical.NodeTestTask.execute(NodeTestTask.java:95)
	at org.junit.platform.engine.support.hierarchical.SameThreadHierarchicalTestExecutorService.submit(SameThreadHierarchicalTestExecutorService.java:35)
	at org.junit.platform.engine.support.hierarchical.HierarchicalTestExecutor.execute(HierarchicalTestExecutor.java:57)
	at org.junit.platform.engine.support.hierarchical.HierarchicalTestEngine.execute(HierarchicalTestEngine.java:54)
	at org.junit.platform.launcher.core.EngineExecutionOrchestrator.execute(EngineExecutionOrchestrator.java:198)
	at org.junit.platform.launcher.core.EngineExecutionOrchestrator.execute(EngineExecutionOrchestrator.java:169)
	at org.junit.platform.launcher.core.EngineExecutionOrchestrator.execute(EngineExecutionOrchestrator.java:93)
	at org.junit.platform.launcher.core.EngineExecutionOrchestrator.lambda$execute$0(EngineExecutionOrchestrator.java:58)
	at org.junit.platform.launcher.core.EngineExecutionOrchestrator.withInterceptedStreams(EngineExecutionOrchestrator.java:141)
	at org.junit.platform.launcher.core.EngineExecutionOrchestrator.execute(EngineExecutionOrchestrator.java:57)
	at org.junit.platform.launcher.core.DefaultLauncher.execute(DefaultLauncher.java:103)
	at org.junit.platform.launcher.core.DefaultLauncher.execute(DefaultLauncher.java:85)
	at org.junit.platform.launcher.core.DelegatingLauncher.execute(DelegatingLauncher.java:47)
	at org.junit.platform.launcher.core.SessionPerRequestLauncher.execute(SessionPerRequestLauncher.java:63)
	at com.intellij.junit5.JUnit5IdeaTestRunner.startRunnerWithArgs(JUnit5IdeaTestRunner.java:66)
	at com.intellij.rt.junit.IdeaTestRunner$Repeater$1.execute(IdeaTestRunner.java:38)
	at com.intellij.rt.execution.junit.TestsRepeater.repeat(TestsRepeater.java:11)
	at com.intellij.rt.junit.IdeaTestRunner$Repeater.startRunnerWithArgs(IdeaTestRunner.java:35)
	at com.intellij.rt.junit.JUnitStarter.prepareStreamsAndStart(JUnitStarter.java:231)
	at com.intellij.rt.junit.JUnitStarter.main(JUnitStarter.java:55)
Caused by: javax.xml.stream.XMLStreamException: ParseError at [row,col]:[1,1]
Message: Content is not allowed in prolog.
	at java.xml/com.sun.org.apache.xerces.internal.impl.XMLStreamReaderImpl.next(XMLStreamReaderImpl.java:652)
	at java.xml/javax.xml.stream.util.StreamReaderDelegate.next(StreamReaderDelegate.java:84)
	at javafx.fxml/javafx.fxml.FXMLLoader.loadImpl(FXMLLoader.java:2627)
	... 89 common frames omitted
2026-04-18 22:37:32.541 [main] ERROR com.appointmentscheduler.presentation.MainApp - Could not show error scene
java.lang.IllegalStateException: Not on FX application thread; currentThread = main
	at javafx.graphics/com.sun.javafx.tk.Toolkit.checkFxUserThread(Toolkit.java:297)
	at javafx.graphics/com.sun.javafx.tk.quantum.QuantumToolkit.checkFxUserThread(QuantumToolkit.java:458)
	at javafx.graphics/javafx.stage.Stage.setScene(Stage.java:269)
	at com.appointmentscheduler/com.appointmentscheduler.presentation.MainApp.showErrorScene(MainApp.java:468)
	at java.base/java.lang.invoke.MethodHandle.invokeWithArguments(MethodHandle.java:735)
	at org.mockito.internal.util.reflection.InstrumentationMemberAccessor$Dispatcher$ByteBuddy$pm2OQBHR.invokeWithArguments(Unknown Source)
	at org.mockito.internal.util.reflection.InstrumentationMemberAccessor.invoke(InstrumentationMemberAccessor.java:265)
	at org.mockito.internal.util.reflection.ModuleMemberAccessor.invoke(ModuleMemberAccessor.java:55)
	at org.mockito.internal.creation.bytebuddy.MockMethodAdvice.tryInvoke(MockMethodAdvice.java:316)
	at org.mockito.internal.creation.bytebuddy.MockMethodAdvice$StaticMethodCall.invoke(MockMethodAdvice.java:308)
	at org.mockito.internal.invocation.InterceptedInvocation.callRealMethod(InterceptedInvocation.java:142)
	at org.mockito.internal.stubbing.answers.CallsRealMethods.answer(CallsRealMethods.java:45)
	at org.mockito.Answers.answer(Answers.java:90)
	at org.mockito.internal.handler.MockHandlerImpl.handle(MockHandlerImpl.java:111)
	at org.mockito.internal.handler.NullResultGuardian.handle(NullResultGuardian.java:29)
	at org.mockito.internal.handler.InvocationNotifierHandler.handle(InvocationNotifierHandler.java:34)
	at org.mockito.internal.creation.bytebuddy.access.MockMethodInterceptor.doIntercept(MockMethodInterceptor.java:84)
	at org.mockito.internal.creation.bytebuddy.MockMethodAdvice.handleStatic(MockMethodAdvice.java:150)
	at com.appointmentscheduler/com.appointmentscheduler.presentation.MainApp.showErrorScene(MainApp.java:459)
	at com.appointmentscheduler/com.appointmentscheduler.presentation.MainApp.loadScreen(MainApp.java:416)
	at java.base/java.lang.invoke.MethodHandle.invokeWithArguments(MethodHandle.java:735)
	at org.mockito.internal.util.reflection.InstrumentationMemberAccessor$Dispatcher$ByteBuddy$pm2OQBHR.invokeWithArguments(Unknown Source)
	at org.mockito.internal.util.reflection.InstrumentationMemberAccessor.invoke(InstrumentationMemberAccessor.java:265)
	at org.mockito.internal.util.reflection.ModuleMemberAccessor.invoke(ModuleMemberAccessor.java:55)
	at org.mockito.internal.creation.bytebuddy.MockMethodAdvice.tryInvoke(MockMethodAdvice.java:316)
	at org.mockito.internal.creation.bytebuddy.MockMethodAdvice$StaticMethodCall.invoke(MockMethodAdvice.java:308)
	at org.mockito.internal.invocation.InterceptedInvocation.callRealMethod(InterceptedInvocation.java:142)
	at org.mockito.internal.stubbing.answers.CallsRealMethods.answer(CallsRealMethods.java:45)
	at org.mockito.Answers.answer(Answers.java:90)
	at org.mockito.internal.handler.MockHandlerImpl.handle(MockHandlerImpl.java:111)
	at org.mockito.internal.handler.NullResultGuardian.handle(NullResultGuardian.java:29)
	at org.mockito.internal.handler.InvocationNotifierHandler.handle(InvocationNotifierHandler.java:34)
	at org.mockito.internal.creation.bytebuddy.access.MockMethodInterceptor.doIntercept(MockMethodInterceptor.java:84)
	at org.mockito.internal.creation.bytebuddy.MockMethodAdvice.handleStatic(MockMethodAdvice.java:150)
	at com.appointmentscheduler/com.appointmentscheduler.presentation.MainApp.loadScreen(MainApp.java:381)
	at com.appointmentscheduler/com.appointmentscheduler.presentation.MainAppInternalsCoverageTest.lambda$25(MainAppInternalsCoverageTest.java:251)
	at org.mockito.internal.MockedStaticImpl.when(MockedStaticImpl.java:49)
	at com.appointmentscheduler/com.appointmentscheduler.presentation.MainAppInternalsCoverageTest.performLogout_withNullCurrentUser_and_loadScreenReentryGuard(MainAppInternalsCoverageTest.java:251)
	at java.base/jdk.internal.reflect.DirectMethodHandleAccessor.invoke(DirectMethodHandleAccessor.java:104)
	at java.base/java.lang.reflect.Method.invoke(Method.java:565)
	at org.junit.platform.commons.util.ReflectionUtils.invokeMethod(ReflectionUtils.java:728)
	at org.junit.jupiter.engine.execution.MethodInvocation.proceed(MethodInvocation.java:60)
	at org.junit.jupiter.engine.execution.InvocationInterceptorChain$ValidatingInvocation.proceed(InvocationInterceptorChain.java:131)
	at org.junit.jupiter.engine.extension.TimeoutExtension.intercept(TimeoutExtension.java:156)
	at org.junit.jupiter.engine.extension.TimeoutExtension.interceptTestableMethod(TimeoutExtension.java:147)
	at org.junit.jupiter.engine.extension.TimeoutExtension.interceptTestMethod(TimeoutExtension.java:86)
	at org.junit.jupiter.engine.execution.InterceptingExecutableInvoker$ReflectiveInterceptorCall.lambda$ofVoidMethod$0(InterceptingExecutableInvoker.java:103)
	at org.junit.jupiter.engine.execution.InterceptingExecutableInvoker.lambda$invoke$0(InterceptingExecutableInvoker.java:93)
	at org.junit.jupiter.engine.execution.InvocationInterceptorChain$InterceptedInvocation.proceed(InvocationInterceptorChain.java:106)
	at org.junit.jupiter.engine.execution.InvocationInterceptorChain.proceed(InvocationInterceptorChain.java:64)
	at org.junit.jupiter.engine.execution.InvocationInterceptorChain.chainAndInvoke(InvocationInterceptorChain.java:45)
	at org.junit.jupiter.engine.execution.InvocationInterceptorChain.invoke(InvocationInterceptorChain.java:37)
	at org.junit.jupiter.engine.execution.InterceptingExecutableInvoker.invoke(InterceptingExecutableInvoker.java:92)
	at org.junit.jupiter.engine.execution.InterceptingExecutableInvoker.invoke(InterceptingExecutableInvoker.java:86)
	at org.junit.jupiter.engine.descriptor.TestMethodTestDescriptor.lambda$invokeTestMethod$7(TestMethodTestDescriptor.java:218)
	at org.junit.platform.engine.support.hierarchical.ThrowableCollector.execute(ThrowableCollector.java:73)
	at org.junit.jupiter.engine.descriptor.TestMethodTestDescriptor.invokeTestMethod(TestMethodTestDescriptor.java:214)
	at org.junit.jupiter.engine.descriptor.TestMethodTestDescriptor.execute(TestMethodTestDescriptor.java:139)
	at org.junit.jupiter.engine.descriptor.TestMethodTestDescriptor.execute(TestMethodTestDescriptor.java:69)
	at org.junit.platform.engine.support.hierarchical.NodeTestTask.lambda$executeRecursively$6(NodeTestTask.java:151)
	at org.junit.platform.engine.support.hierarchical.ThrowableCollector.execute(ThrowableCollector.java:73)
	at org.junit.platform.engine.support.hierarchical.NodeTestTask.lambda$executeRecursively$8(NodeTestTask.java:141)
	at org.junit.platform.engine.support.hierarchical.Node.around(Node.java:137)
	at org.junit.platform.engine.support.hierarchical.NodeTestTask.lambda$executeRecursively$9(NodeTestTask.java:139)
	at org.junit.platform.engine.support.hierarchical.ThrowableCollector.execute(ThrowableCollector.java:73)
	at org.junit.platform.engine.support.hierarchical.NodeTestTask.executeRecursively(NodeTestTask.java:138)
	at org.junit.platform.engine.support.hierarchical.NodeTestTask.execute(NodeTestTask.java:95)
	at java.base/java.util.ArrayList.forEach(ArrayList.java:1604)
	at org.junit.platform.engine.support.hierarchical.SameThreadHierarchicalTestExecutorService.invokeAll(SameThreadHierarchicalTestExecutorService.java:41)
	at org.junit.platform.engine.support.hierarchical.NodeTestTask.lambda$executeRecursively$6(NodeTestTask.java:155)
	at org.junit.platform.engine.support.hierarchical.ThrowableCollector.execute(ThrowableCollector.java:73)
	at org.junit.platform.engine.support.hierarchical.NodeTestTask.lambda$executeRecursively$8(NodeTestTask.java:141)
	at org.junit.platform.engine.support.hierarchical.Node.around(Node.java:137)
	at org.junit.platform.engine.support.hierarchical.NodeTestTask.lambda$executeRecursively$9(NodeTestTask.java:139)
	at org.junit.platform.engine.support.hierarchical.ThrowableCollector.execute(ThrowableCollector.java:73)
	at org.junit.platform.engine.support.hierarchical.NodeTestTask.executeRecursively(NodeTestTask.java:138)
	at org.junit.platform.engine.support.hierarchical.NodeTestTask.execute(NodeTestTask.java:95)
	at java.base/java.util.ArrayList.forEach(ArrayList.java:1604)
	at org.junit.platform.engine.support.hierarchical.SameThreadHierarchicalTestExecutorService.invokeAll(SameThreadHierarchicalTestExecutorService.java:41)
	at org.junit.platform.engine.support.hierarchical.NodeTestTask.lambda$executeRecursively$6(NodeTestTask.java:155)
	at org.junit.platform.engine.support.hierarchical.ThrowableCollector.execute(ThrowableCollector.java:73)
	at org.junit.platform.engine.support.hierarchical.NodeTestTask.lambda$executeRecursively$8(NodeTestTask.java:141)
	at org.junit.platform.engine.support.hierarchical.Node.around(Node.java:137)
	at org.junit.platform.engine.support.hierarchical.NodeTestTask.lambda$executeRecursively$9(NodeTestTask.java:139)
	at org.junit.platform.engine.support.hierarchical.ThrowableCollector.execute(ThrowableCollector.java:73)
	at org.junit.platform.engine.support.hierarchical.NodeTestTask.executeRecursively(NodeTestTask.java:138)
	at org.junit.platform.engine.support.hierarchical.NodeTestTask.execute(NodeTestTask.java:95)
	at org.junit.platform.engine.support.hierarchical.SameThreadHierarchicalTestExecutorService.submit(SameThreadHierarchicalTestExecutorService.java:35)
	at org.junit.platform.engine.support.hierarchical.HierarchicalTestExecutor.execute(HierarchicalTestExecutor.java:57)
	at org.junit.platform.engine.support.hierarchical.HierarchicalTestEngine.execute(HierarchicalTestEngine.java:54)
	at org.junit.platform.launcher.core.EngineExecutionOrchestrator.execute(EngineExecutionOrchestrator.java:198)
	at org.junit.platform.launcher.core.EngineExecutionOrchestrator.execute(EngineExecutionOrchestrator.java:169)
	at org.junit.platform.launcher.core.EngineExecutionOrchestrator.execute(EngineExecutionOrchestrator.java:93)
	at org.junit.platform.launcher.core.EngineExecutionOrchestrator.lambda$execute$0(EngineExecutionOrchestrator.java:58)
	at org.junit.platform.launcher.core.EngineExecutionOrchestrator.withInterceptedStreams(EngineExecutionOrchestrator.java:141)
	at org.junit.platform.launcher.core.EngineExecutionOrchestrator.execute(EngineExecutionOrchestrator.java:57)
	at org.junit.platform.launcher.core.DefaultLauncher.execute(DefaultLauncher.java:103)
	at org.junit.platform.launcher.core.DefaultLauncher.execute(DefaultLauncher.java:85)
	at org.junit.platform.launcher.core.DelegatingLauncher.execute(DelegatingLauncher.java:47)
	at org.junit.platform.launcher.core.SessionPerRequestLauncher.execute(SessionPerRequestLauncher.java:63)
	at com.intellij.junit5.JUnit5IdeaTestRunner.startRunnerWithArgs(JUnit5IdeaTestRunner.java:66)
	at com.intellij.rt.junit.IdeaTestRunner$Repeater$1.execute(IdeaTestRunner.java:38)
	at com.intellij.rt.execution.junit.TestsRepeater.repeat(TestsRepeater.java:11)
	at com.intellij.rt.junit.IdeaTestRunner$Repeater.startRunnerWithArgs(IdeaTestRunner.java:35)
	at com.intellij.rt.junit.JUnitStarter.prepareStreamsAndStart(JUnitStarter.java:231)
	at com.intellij.rt.junit.JUnitStarter.main(JUnitStarter.java:55)
2026-04-18 22:37:32.704 [main] WARN  com.appointmentscheduler.presentation.MainApp - loadScreen re-entry ignored: Missing.fxml
2026-04-18 22:37:32.707 [main] DEBUG com.appointmentscheduler.application.AppConfig - Application configuration loaded
2026-04-18 22:37:32.721 [main] DEBUG com.appointmentscheduler.application.AppConfig - Merged application-local.properties
2026-04-18 22:37:33.216 [JavaFX Application Thread] ERROR c.appointmentscheduler.presentation.ErrorHandler - Failed to load screen: 
/C:/Users/PC/Desktop/software%20project/AppointmentSystem/target/test-classes/com/appointmentscheduler/presentation/

javafx.fxml.LoadException: 
/C:/Users/PC/Desktop/software%20project/AppointmentSystem/target/test-classes/com/appointmentscheduler/presentation/

	at javafx.fxml/javafx.fxml.FXMLLoader.constructLoadException(FXMLLoader.java:2714)
	at javafx.fxml/javafx.fxml.FXMLLoader.loadImpl(FXMLLoader.java:2657)
	at javafx.fxml/javafx.fxml.FXMLLoader.loadImpl(FXMLLoader.java:2555)
	at javafx.fxml/javafx.fxml.FXMLLoader.load(FXMLLoader.java:2523)
	at com.appointmentscheduler/com.appointmentscheduler.presentation.MainApp.loadScreen(MainApp.java:397)
	at java.base/java.lang.invoke.MethodHandle.invokeWithArguments(MethodHandle.java:735)
	at org.mockito.internal.util.reflection.InstrumentationMemberAccessor$Dispatcher$ByteBuddy$pm2OQBHR.invokeWithArguments(Unknown Source)
	at org.mockito.internal.util.reflection.InstrumentationMemberAccessor.invoke(InstrumentationMemberAccessor.java:265)
	at org.mockito.internal.util.reflection.ModuleMemberAccessor.invoke(ModuleMemberAccessor.java:55)
	at org.mockito.internal.creation.bytebuddy.MockMethodAdvice.tryInvoke(MockMethodAdvice.java:316)
	at org.mockito.internal.creation.bytebuddy.MockMethodAdvice$StaticMethodCall.invoke(MockMethodAdvice.java:308)
	at org.mockito.internal.invocation.InterceptedInvocation.callRealMethod(InterceptedInvocation.java:142)
	at org.mockito.internal.stubbing.answers.CallsRealMethods.answer(CallsRealMethods.java:45)
	at org.mockito.Answers.answer(Answers.java:90)
	at org.mockito.internal.handler.MockHandlerImpl.handle(MockHandlerImpl.java:111)
	at org.mockito.internal.handler.NullResultGuardian.handle(NullResultGuardian.java:29)
	at org.mockito.internal.handler.InvocationNotifierHandler.handle(InvocationNotifierHandler.java:34)
	at org.mockito.internal.creation.bytebuddy.access.MockMethodInterceptor.doIntercept(MockMethodInterceptor.java:84)
	at org.mockito.internal.creation.bytebuddy.MockMethodAdvice.handleStatic(MockMethodAdvice.java:150)
	at com.appointmentscheduler/com.appointmentscheduler.presentation.MainApp.loadScreen(MainApp.java:381)
	at com.appointmentscheduler/com.appointmentscheduler.presentation.MainAppInternalsCoverageTest.lambda$32(MainAppInternalsCoverageTest.java:335)
	at org.mockito.internal.MockedStaticImpl.when(MockedStaticImpl.java:49)
	at com.appointmentscheduler/com.appointmentscheduler.presentation.MainAppInternalsCoverageTest.performLogout_whenAuditServiceNull_confirmTrue_stillLogsOut(MainAppInternalsCoverageTest.java:335)
	at java.base/jdk.internal.reflect.DirectMethodHandleAccessor.invoke(DirectMethodHandleAccessor.java:104)
	at java.base/java.lang.reflect.Method.invoke(Method.java:565)
	at org.junit.platform.commons.util.ReflectionUtils.invokeMethod(ReflectionUtils.java:728)
	at org.junit.jupiter.engine.execution.MethodInvocation.proceed(MethodInvocation.java:60)
	at org.junit.jupiter.engine.execution.InvocationInterceptorChain$ValidatingInvocation.proceed(InvocationInterceptorChain.java:131)
	at org.junit.jupiter.engine.extension.TimeoutExtension.intercept(TimeoutExtension.java:156)
	at org.junit.jupiter.engine.extension.TimeoutExtension.interceptTestableMethod(TimeoutExtension.java:147)
	at org.junit.jupiter.engine.extension.TimeoutExtension.interceptTestMethod(TimeoutExtension.java:86)
	at org.junit.jupiter.engine.execution.InterceptingExecutableInvoker$ReflectiveInterceptorCall.lambda$ofVoidMethod$0(InterceptingExecutableInvoker.java:103)
	at org.junit.jupiter.engine.execution.InterceptingExecutableInvoker.lambda$invoke$0(InterceptingExecutableInvoker.java:93)
	at org.junit.jupiter.engine.execution.InvocationInterceptorChain$InterceptedInvocation.proceed(InvocationInterceptorChain.java:106)
	at org.junit.jupiter.engine.execution.InvocationInterceptorChain.proceed(InvocationInterceptorChain.java:64)
	at org.junit.jupiter.engine.execution.InvocationInterceptorChain.chainAndInvoke(InvocationInterceptorChain.java:45)
	at org.junit.jupiter.engine.execution.InvocationInterceptorChain.invoke(InvocationInterceptorChain.java:37)
	at org.junit.jupiter.engine.execution.InterceptingExecutableInvoker.invoke(InterceptingExecutableInvoker.java:92)
	at org.junit.jupiter.engine.execution.InterceptingExecutableInvoker.invoke(InterceptingExecutableInvoker.java:86)
	at org.junit.jupiter.engine.descriptor.TestMethodTestDescriptor.lambda$invokeTestMethod$7(TestMethodTestDescriptor.java:218)
	at org.junit.platform.engine.support.hierarchical.ThrowableCollector.execute(ThrowableCollector.java:73)
	at org.junit.jupiter.engine.descriptor.TestMethodTestDescriptor.invokeTestMethod(TestMethodTestDescriptor.java:214)
	at org.junit.jupiter.engine.descriptor.TestMethodTestDescriptor.execute(TestMethodTestDescriptor.java:139)
	at org.junit.jupiter.engine.descriptor.TestMethodTestDescriptor.execute(TestMethodTestDescriptor.java:69)
	at org.junit.platform.engine.support.hierarchical.NodeTestTask.lambda$executeRecursively$6(NodeTestTask.java:151)
	at org.junit.platform.engine.support.hierarchical.ThrowableCollector.execute(ThrowableCollector.java:73)
	at org.junit.platform.engine.support.hierarchical.NodeTestTask.lambda$executeRecursively$8(NodeTestTask.java:141)
	at org.junit.platform.engine.support.hierarchical.Node.around(Node.java:137)
	at org.junit.platform.engine.support.hierarchical.NodeTestTask.lambda$executeRecursively$9(NodeTestTask.java:139)
	at org.junit.platform.engine.support.hierarchical.ThrowableCollector.execute(ThrowableCollector.java:73)
	at org.junit.platform.engine.support.hierarchical.NodeTestTask.executeRecursively(NodeTestTask.java:138)
	at org.junit.platform.engine.support.hierarchical.NodeTestTask.execute(NodeTestTask.java:95)
	at java.base/java.util.ArrayList.forEach(ArrayList.java:1604)
	at org.junit.platform.engine.support.hierarchical.SameThreadHierarchicalTestExecutorService.invokeAll(SameThreadHierarchicalTestExecutorService.java:41)
	at org.junit.platform.engine.support.hierarchical.NodeTestTask.lambda$executeRecursively$6(NodeTestTask.java:155)
	at org.junit.platform.engine.support.hierarchical.ThrowableCollector.execute(ThrowableCollector.java:73)
	at org.junit.platform.engine.support.hierarchical.NodeTestTask.lambda$executeRecursively$8(NodeTestTask.java:141)
	at org.junit.platform.engine.support.hierarchical.Node.around(Node.java:137)
	at org.junit.platform.engine.support.hierarchical.NodeTestTask.lambda$executeRecursively$9(NodeTestTask.java:139)
	at org.junit.platform.engine.support.hierarchical.ThrowableCollector.execute(ThrowableCollector.java:73)
	at org.junit.platform.engine.support.hierarchical.NodeTestTask.executeRecursively(NodeTestTask.java:138)
	at org.junit.platform.engine.support.hierarchical.NodeTestTask.execute(NodeTestTask.java:95)
	at java.base/java.util.ArrayList.forEach(ArrayList.java:1604)
	at org.junit.platform.engine.support.hierarchical.SameThreadHierarchicalTestExecutorService.invokeAll(SameThreadHierarchicalTestExecutorService.java:41)
	at org.junit.platform.engine.support.hierarchical.NodeTestTask.lambda$executeRecursively$6(NodeTestTask.java:155)
	at org.junit.platform.engine.support.hierarchical.ThrowableCollector.execute(ThrowableCollector.java:73)
	at org.junit.platform.engine.support.hierarchical.NodeTestTask.lambda$executeRecursively$8(NodeTestTask.java:141)
	at org.junit.platform.engine.support.hierarchical.Node.around(Node.java:137)
	at org.junit.platform.engine.support.hierarchical.NodeTestTask.lambda$executeRecursively$9(NodeTestTask.java:139)
	at org.junit.platform.engine.support.hierarchical.ThrowableCollector.execute(ThrowableCollector.java:73)
	at org.junit.platform.engine.support.hierarchical.NodeTestTask.executeRecursively(NodeTestTask.java:138)
	at org.junit.platform.engine.support.hierarchical.NodeTestTask.execute(NodeTestTask.java:95)
	at org.junit.platform.engine.support.hierarchical.SameThreadHierarchicalTestExecutorService.submit(SameThreadHierarchicalTestExecutorService.java:35)
	at org.junit.platform.engine.support.hierarchical.HierarchicalTestExecutor.execute(HierarchicalTestExecutor.java:57)
	at org.junit.platform.engine.support.hierarchical.HierarchicalTestEngine.execute(HierarchicalTestEngine.java:54)
	at org.junit.platform.launcher.core.EngineExecutionOrchestrator.execute(EngineExecutionOrchestrator.java:198)
	at org.junit.platform.launcher.core.EngineExecutionOrchestrator.execute(EngineExecutionOrchestrator.java:169)
	at org.junit.platform.launcher.core.EngineExecutionOrchestrator.execute(EngineExecutionOrchestrator.java:93)
	at org.junit.platform.launcher.core.EngineExecutionOrchestrator.lambda$execute$0(EngineExecutionOrchestrator.java:58)
	at org.junit.platform.launcher.core.EngineExecutionOrchestrator.withInterceptedStreams(EngineExecutionOrchestrator.java:141)
	at org.junit.platform.launcher.core.EngineExecutionOrchestrator.execute(EngineExecutionOrchestrator.java:57)
	at org.junit.platform.launcher.core.DefaultLauncher.execute(DefaultLauncher.java:103)
	at org.junit.platform.launcher.core.DefaultLauncher.execute(DefaultLauncher.java:85)
	at org.junit.platform.launcher.core.DelegatingLauncher.execute(DelegatingLauncher.java:47)
	at org.junit.platform.launcher.core.SessionPerRequestLauncher.execute(SessionPerRequestLauncher.java:63)
	at com.intellij.junit5.JUnit5IdeaTestRunner.startRunnerWithArgs(JUnit5IdeaTestRunner.java:66)
	at com.intellij.rt.junit.IdeaTestRunner$Repeater$1.execute(IdeaTestRunner.java:38)
	at com.intellij.rt.execution.junit.TestsRepeater.repeat(TestsRepeater.java:11)
	at com.intellij.rt.junit.IdeaTestRunner$Repeater.startRunnerWithArgs(IdeaTestRunner.java:35)
	at com.intellij.rt.junit.JUnitStarter.prepareStreamsAndStart(JUnitStarter.java:231)
	at com.intellij.rt.junit.JUnitStarter.main(JUnitStarter.java:55)
Caused by: javax.xml.stream.XMLStreamException: ParseError at [row,col]:[1,1]
Message: Content is not allowed in prolog.
	at java.xml/com.sun.org.apache.xerces.internal.impl.XMLStreamReaderImpl.next(XMLStreamReaderImpl.java:652)
	at java.xml/javax.xml.stream.util.StreamReaderDelegate.next(StreamReaderDelegate.java:84)
	at javafx.fxml/javafx.fxml.FXMLLoader.loadImpl(FXMLLoader.java:2627)
	... 89 common frames omitted
2026-04-18 22:37:33.221 [JavaFX Application Thread] ERROR c.appointmentscheduler.presentation.ErrorHandler - Failed to load screen: 
/C:/Users/PC/Desktop/software%20project/AppointmentSystem/target/test-classes/com/appointmentscheduler/presentation/

javafx.fxml.LoadException: 
/C:/Users/PC/Desktop/software%20project/AppointmentSystem/target/test-classes/com/appointmentscheduler/presentation/

	at javafx.fxml/javafx.fxml.FXMLLoader.constructLoadException(FXMLLoader.java:2714)
	at javafx.fxml/javafx.fxml.FXMLLoader.loadImpl(FXMLLoader.java:2657)
	at javafx.fxml/javafx.fxml.FXMLLoader.loadImpl(FXMLLoader.java:2555)
	at javafx.fxml/javafx.fxml.FXMLLoader.load(FXMLLoader.java:2523)
	at com.appointmentscheduler/com.appointmentscheduler.presentation.MainApp.loadScreen(MainApp.java:397)
	at java.base/java.lang.invoke.MethodHandle.invokeWithArguments(MethodHandle.java:735)
	at org.mockito.internal.util.reflection.InstrumentationMemberAccessor$Dispatcher$ByteBuddy$pm2OQBHR.invokeWithArguments(Unknown Source)
	at org.mockito.internal.util.reflection.InstrumentationMemberAccessor.invoke(InstrumentationMemberAccessor.java:265)
	at org.mockito.internal.util.reflection.ModuleMemberAccessor.invoke(ModuleMemberAccessor.java:55)
	at org.mockito.internal.creation.bytebuddy.MockMethodAdvice.tryInvoke(MockMethodAdvice.java:316)
	at org.mockito.internal.creation.bytebuddy.MockMethodAdvice$StaticMethodCall.invoke(MockMethodAdvice.java:308)
	at org.mockito.internal.invocation.InterceptedInvocation.callRealMethod(InterceptedInvocation.java:142)
	at org.mockito.internal.stubbing.answers.CallsRealMethods.answer(CallsRealMethods.java:45)
	at org.mockito.Answers.answer(Answers.java:90)
	at org.mockito.internal.handler.MockHandlerImpl.handle(MockHandlerImpl.java:111)
	at org.mockito.internal.handler.NullResultGuardian.handle(NullResultGuardian.java:29)
	at org.mockito.internal.handler.InvocationNotifierHandler.handle(InvocationNotifierHandler.java:34)
	at org.mockito.internal.creation.bytebuddy.access.MockMethodInterceptor.doIntercept(MockMethodInterceptor.java:84)
	at org.mockito.internal.creation.bytebuddy.MockMethodAdvice.handleStatic(MockMethodAdvice.java:150)
	at com.appointmentscheduler/com.appointmentscheduler.presentation.MainApp.loadScreen(MainApp.java:381)
	at com.appointmentscheduler/com.appointmentscheduler.presentation.MainAppInternalsCoverageTest.lambda$22(MainAppInternalsCoverageTest.java:234)
	at org.mockito.internal.MockedStaticImpl.when(MockedStaticImpl.java:49)
	at com.appointmentscheduler/com.appointmentscheduler.presentation.MainAppInternalsCoverageTest.performLogout_confirmFalseAndTrue_branches(MainAppInternalsCoverageTest.java:234)
	at java.base/jdk.internal.reflect.DirectMethodHandleAccessor.invoke(DirectMethodHandleAccessor.java:104)
	at java.base/java.lang.reflect.Method.invoke(Method.java:565)
	at org.junit.platform.commons.util.ReflectionUtils.invokeMethod(ReflectionUtils.java:728)
	at org.junit.jupiter.engine.execution.MethodInvocation.proceed(MethodInvocation.java:60)
	at org.junit.jupiter.engine.execution.InvocationInterceptorChain$ValidatingInvocation.proceed(InvocationInterceptorChain.java:131)
	at org.junit.jupiter.engine.extension.TimeoutExtension.intercept(TimeoutExtension.java:156)
	at org.junit.jupiter.engine.extension.TimeoutExtension.interceptTestableMethod(TimeoutExtension.java:147)
	at org.junit.jupiter.engine.extension.TimeoutExtension.interceptTestMethod(TimeoutExtension.java:86)
	at org.junit.jupiter.engine.execution.InterceptingExecutableInvoker$ReflectiveInterceptorCall.lambda$ofVoidMethod$0(InterceptingExecutableInvoker.java:103)
	at org.junit.jupiter.engine.execution.InterceptingExecutableInvoker.lambda$invoke$0(InterceptingExecutableInvoker.java:93)
	at org.junit.jupiter.engine.execution.InvocationInterceptorChain$InterceptedInvocation.proceed(InvocationInterceptorChain.java:106)
	at org.junit.jupiter.engine.execution.InvocationInterceptorChain.proceed(InvocationInterceptorChain.java:64)
	at org.junit.jupiter.engine.execution.InvocationInterceptorChain.chainAndInvoke(InvocationInterceptorChain.java:45)
	at org.junit.jupiter.engine.execution.InvocationInterceptorChain.invoke(InvocationInterceptorChain.java:37)
	at org.junit.jupiter.engine.execution.InterceptingExecutableInvoker.invoke(InterceptingExecutableInvoker.java:92)
	at org.junit.jupiter.engine.execution.InterceptingExecutableInvoker.invoke(InterceptingExecutableInvoker.java:86)
	at org.junit.jupiter.engine.descriptor.TestMethodTestDescriptor.lambda$invokeTestMethod$7(TestMethodTestDescriptor.java:218)
	at org.junit.platform.engine.support.hierarchical.ThrowableCollector.execute(ThrowableCollector.java:73)
	at org.junit.jupiter.engine.descriptor.TestMethodTestDescriptor.invokeTestMethod(TestMethodTestDescriptor.java:214)
	at org.junit.jupiter.engine.descriptor.TestMethodTestDescriptor.execute(TestMethodTestDescriptor.java:139)
	at org.junit.jupiter.engine.descriptor.TestMethodTestDescriptor.execute(TestMethodTestDescriptor.java:69)
	at org.junit.platform.engine.support.hierarchical.NodeTestTask.lambda$executeRecursively$6(NodeTestTask.java:151)
	at org.junit.platform.engine.support.hierarchical.ThrowableCollector.execute(ThrowableCollector.java:73)
	at org.junit.platform.engine.support.hierarchical.NodeTestTask.lambda$executeRecursively$8(NodeTestTask.java:141)
	at org.junit.platform.engine.support.hierarchical.Node.around(Node.java:137)
	at org.junit.platform.engine.support.hierarchical.NodeTestTask.lambda$executeRecursively$9(NodeTestTask.java:139)
	at org.junit.platform.engine.support.hierarchical.ThrowableCollector.execute(ThrowableCollector.java:73)
	at org.junit.platform.engine.support.hierarchical.NodeTestTask.executeRecursively(NodeTestTask.java:138)
	at org.junit.platform.engine.support.hierarchical.NodeTestTask.execute(NodeTestTask.java:95)
	at java.base/java.util.ArrayList.forEach(ArrayList.java:1604)
	at org.junit.platform.engine.support.hierarchical.SameThreadHierarchicalTestExecutorService.invokeAll(SameThreadHierarchicalTestExecutorService.java:41)
	at org.junit.platform.engine.support.hierarchical.NodeTestTask.lambda$executeRecursively$6(NodeTestTask.java:155)
	at org.junit.platform.engine.support.hierarchical.ThrowableCollector.execute(ThrowableCollector.java:73)
	at org.junit.platform.engine.support.hierarchical.NodeTestTask.lambda$executeRecursively$8(NodeTestTask.java:141)
	at org.junit.platform.engine.support.hierarchical.Node.around(Node.java:137)
	at org.junit.platform.engine.support.hierarchical.NodeTestTask.lambda$executeRecursively$9(NodeTestTask.java:139)
	at org.junit.platform.engine.support.hierarchical.ThrowableCollector.execute(ThrowableCollector.java:73)
	at org.junit.platform.engine.support.hierarchical.NodeTestTask.executeRecursively(NodeTestTask.java:138)
	at org.junit.platform.engine.support.hierarchical.NodeTestTask.execute(NodeTestTask.java:95)
	at java.base/java.util.ArrayList.forEach(ArrayList.java:1604)
	at org.junit.platform.engine.support.hierarchical.SameThreadHierarchicalTestExecutorService.invokeAll(SameThreadHierarchicalTestExecutorService.java:41)
	at org.junit.platform.engine.support.hierarchical.NodeTestTask.lambda$executeRecursively$6(NodeTestTask.java:155)
	at org.junit.platform.engine.support.hierarchical.ThrowableCollector.execute(ThrowableCollector.java:73)
	at org.junit.platform.engine.support.hierarchical.NodeTestTask.lambda$executeRecursively$8(NodeTestTask.java:141)
	at org.junit.platform.engine.support.hierarchical.Node.around(Node.java:137)
	at org.junit.platform.engine.support.hierarchical.NodeTestTask.lambda$executeRecursively$9(NodeTestTask.java:139)
	at org.junit.platform.engine.support.hierarchical.ThrowableCollector.execute(ThrowableCollector.java:73)
	at org.junit.platform.engine.support.hierarchical.NodeTestTask.executeRecursively(NodeTestTask.java:138)
	at org.junit.platform.engine.support.hierarchical.NodeTestTask.execute(NodeTestTask.java:95)
	at org.junit.platform.engine.support.hierarchical.SameThreadHierarchicalTestExecutorService.submit(SameThreadHierarchicalTestExecutorService.java:35)
	at org.junit.platform.engine.support.hierarchical.HierarchicalTestExecutor.execute(HierarchicalTestExecutor.java:57)
	at org.junit.platform.engine.support.hierarchical.HierarchicalTestEngine.execute(HierarchicalTestEngine.java:54)
	at org.junit.platform.launcher.core.EngineExecutionOrchestrator.execute(EngineExecutionOrchestrator.java:198)
	at org.junit.platform.launcher.core.EngineExecutionOrchestrator.execute(EngineExecutionOrchestrator.java:169)
	at org.junit.platform.launcher.core.EngineExecutionOrchestrator.execute(EngineExecutionOrchestrator.java:93)
	at org.junit.platform.launcher.core.EngineExecutionOrchestrator.lambda$execute$0(EngineExecutionOrchestrator.java:58)
	at org.junit.platform.launcher.core.EngineExecutionOrchestrator.withInterceptedStreams(EngineExecutionOrchestrator.java:141)
	at org.junit.platform.launcher.core.EngineExecutionOrchestrator.execute(EngineExecutionOrchestrator.java:57)
	at org.junit.platform.launcher.core.DefaultLauncher.execute(DefaultLauncher.java:103)
	at org.junit.platform.launcher.core.DefaultLauncher.execute(DefaultLauncher.java:85)
	at org.junit.platform.launcher.core.DelegatingLauncher.execute(DelegatingLauncher.java:47)
	at org.junit.platform.launcher.core.SessionPerRequestLauncher.execute(SessionPerRequestLauncher.java:63)
	at com.intellij.junit5.JUnit5IdeaTestRunner.startRunnerWithArgs(JUnit5IdeaTestRunner.java:66)
	at com.intellij.rt.junit.IdeaTestRunner$Repeater$1.execute(IdeaTestRunner.java:38)
	at com.intellij.rt.execution.junit.TestsRepeater.repeat(TestsRepeater.java:11)
	at com.intellij.rt.junit.IdeaTestRunner$Repeater.startRunnerWithArgs(IdeaTestRunner.java:35)
	at com.intellij.rt.junit.JUnitStarter.prepareStreamsAndStart(JUnitStarter.java:231)
	at com.intellij.rt.junit.JUnitStarter.main(JUnitStarter.java:55)
Caused by: javax.xml.stream.XMLStreamException: ParseError at [row,col]:[1,1]
Message: Content is not allowed in prolog.
	at java.xml/com.sun.org.apache.xerces.internal.impl.XMLStreamReaderImpl.next(XMLStreamReaderImpl.java:652)
	at java.xml/javax.xml.stream.util.StreamReaderDelegate.next(StreamReaderDelegate.java:84)
	at javafx.fxml/javafx.fxml.FXMLLoader.loadImpl(FXMLLoader.java:2627)
	... 89 common frames omitted
2026-04-18 22:37:33.223 [JavaFX Application Thread] ERROR c.appointmentscheduler.presentation.ErrorHandler - Failed to load screen: 
/C:/Users/PC/Desktop/software%20project/AppointmentSystem/target/test-classes/com/appointmentscheduler/presentation/

javafx.fxml.LoadException: 
/C:/Users/PC/Desktop/software%20project/AppointmentSystem/target/test-classes/com/appointmentscheduler/presentation/

	at javafx.fxml/javafx.fxml.FXMLLoader.constructLoadException(FXMLLoader.java:2714)
	at javafx.fxml/javafx.fxml.FXMLLoader.loadImpl(FXMLLoader.java:2657)
	at javafx.fxml/javafx.fxml.FXMLLoader.loadImpl(FXMLLoader.java:2555)
	at javafx.fxml/javafx.fxml.FXMLLoader.load(FXMLLoader.java:2523)
	at com.appointmentscheduler/com.appointmentscheduler.presentation.MainApp.loadScreen(MainApp.java:397)
	at java.base/java.lang.invoke.MethodHandle.invokeWithArguments(MethodHandle.java:735)
	at org.mockito.internal.util.reflection.InstrumentationMemberAccessor$Dispatcher$ByteBuddy$pm2OQBHR.invokeWithArguments(Unknown Source)
	at org.mockito.internal.util.reflection.InstrumentationMemberAccessor.invoke(InstrumentationMemberAccessor.java:265)
	at org.mockito.internal.util.reflection.ModuleMemberAccessor.invoke(ModuleMemberAccessor.java:55)
	at org.mockito.internal.creation.bytebuddy.MockMethodAdvice.tryInvoke(MockMethodAdvice.java:316)
	at org.mockito.internal.creation.bytebuddy.MockMethodAdvice$StaticMethodCall.invoke(MockMethodAdvice.java:308)
	at org.mockito.internal.invocation.InterceptedInvocation.callRealMethod(InterceptedInvocation.java:142)
	at org.mockito.internal.stubbing.answers.CallsRealMethods.answer(CallsRealMethods.java:45)
	at org.mockito.Answers.answer(Answers.java:90)
	at org.mockito.internal.handler.MockHandlerImpl.handle(MockHandlerImpl.java:111)
	at org.mockito.internal.handler.NullResultGuardian.handle(NullResultGuardian.java:29)
	at org.mockito.internal.handler.InvocationNotifierHandler.handle(InvocationNotifierHandler.java:34)
	at org.mockito.internal.creation.bytebuddy.access.MockMethodInterceptor.doIntercept(MockMethodInterceptor.java:84)
	at org.mockito.internal.creation.bytebuddy.MockMethodAdvice.handleStatic(MockMethodAdvice.java:150)
	at com.appointmentscheduler/com.appointmentscheduler.presentation.MainApp.loadScreen(MainApp.java:381)
	at com.appointmentscheduler/com.appointmentscheduler.presentation.MainAppInternalsCoverageTest.lambda$25(MainAppInternalsCoverageTest.java:251)
	at org.mockito.internal.MockedStaticImpl.when(MockedStaticImpl.java:49)
	at com.appointmentscheduler/com.appointmentscheduler.presentation.MainAppInternalsCoverageTest.performLogout_withNullCurrentUser_and_loadScreenReentryGuard(MainAppInternalsCoverageTest.java:251)
	at java.base/jdk.internal.reflect.DirectMethodHandleAccessor.invoke(DirectMethodHandleAccessor.java:104)
	at java.base/java.lang.reflect.Method.invoke(Method.java:565)
	at org.junit.platform.commons.util.ReflectionUtils.invokeMethod(ReflectionUtils.java:728)
	at org.junit.jupiter.engine.execution.MethodInvocation.proceed(MethodInvocation.java:60)
	at org.junit.jupiter.engine.execution.InvocationInterceptorChain$ValidatingInvocation.proceed(InvocationInterceptorChain.java:131)
	at org.junit.jupiter.engine.extension.TimeoutExtension.intercept(TimeoutExtension.java:156)
	at org.junit.jupiter.engine.extension.TimeoutExtension.interceptTestableMethod(TimeoutExtension.java:147)
	at org.junit.jupiter.engine.extension.TimeoutExtension.interceptTestMethod(TimeoutExtension.java:86)
	at org.junit.jupiter.engine.execution.InterceptingExecutableInvoker$ReflectiveInterceptorCall.lambda$ofVoidMethod$0(InterceptingExecutableInvoker.java:103)
	at org.junit.jupiter.engine.execution.InterceptingExecutableInvoker.lambda$invoke$0(InterceptingExecutableInvoker.java:93)
	at org.junit.jupiter.engine.execution.InvocationInterceptorChain$InterceptedInvocation.proceed(InvocationInterceptorChain.java:106)
	at org.junit.jupiter.engine.execution.InvocationInterceptorChain.proceed(InvocationInterceptorChain.java:64)
	at org.junit.jupiter.engine.execution.InvocationInterceptorChain.chainAndInvoke(InvocationInterceptorChain.java:45)
	at org.junit.jupiter.engine.execution.InvocationInterceptorChain.invoke(InvocationInterceptorChain.java:37)
	at org.junit.jupiter.engine.execution.InterceptingExecutableInvoker.invoke(InterceptingExecutableInvoker.java:92)
	at org.junit.jupiter.engine.execution.InterceptingExecutableInvoker.invoke(InterceptingExecutableInvoker.java:86)
	at org.junit.jupiter.engine.descriptor.TestMethodTestDescriptor.lambda$invokeTestMethod$7(TestMethodTestDescriptor.java:218)
	at org.junit.platform.engine.support.hierarchical.ThrowableCollector.execute(ThrowableCollector.java:73)
	at org.junit.jupiter.engine.descriptor.TestMethodTestDescriptor.invokeTestMethod(TestMethodTestDescriptor.java:214)
	at org.junit.jupiter.engine.descriptor.TestMethodTestDescriptor.execute(TestMethodTestDescriptor.java:139)
	at org.junit.jupiter.engine.descriptor.TestMethodTestDescriptor.execute(TestMethodTestDescriptor.java:69)
	at org.junit.platform.engine.support.hierarchical.NodeTestTask.lambda$executeRecursively$6(NodeTestTask.java:151)
	at org.junit.platform.engine.support.hierarchical.ThrowableCollector.execute(ThrowableCollector.java:73)
	at org.junit.platform.engine.support.hierarchical.NodeTestTask.lambda$executeRecursively$8(NodeTestTask.java:141)
	at org.junit.platform.engine.support.hierarchical.Node.around(Node.java:137)
	at org.junit.platform.engine.support.hierarchical.NodeTestTask.lambda$executeRecursively$9(NodeTestTask.java:139)
	at org.junit.platform.engine.support.hierarchical.ThrowableCollector.execute(ThrowableCollector.java:73)
	at org.junit.platform.engine.support.hierarchical.NodeTestTask.executeRecursively(NodeTestTask.java:138)
	at org.junit.platform.engine.support.hierarchical.NodeTestTask.execute(NodeTestTask.java:95)
	at java.base/java.util.ArrayList.forEach(ArrayList.java:1604)
	at org.junit.platform.engine.support.hierarchical.SameThreadHierarchicalTestExecutorService.invokeAll(SameThreadHierarchicalTestExecutorService.java:41)
	at org.junit.platform.engine.support.hierarchical.NodeTestTask.lambda$executeRecursively$6(NodeTestTask.java:155)
	at org.junit.platform.engine.support.hierarchical.ThrowableCollector.execute(ThrowableCollector.java:73)
	at org.junit.platform.engine.support.hierarchical.NodeTestTask.lambda$executeRecursively$8(NodeTestTask.java:141)
	at org.junit.platform.engine.support.hierarchical.Node.around(Node.java:137)
	at org.junit.platform.engine.support.hierarchical.NodeTestTask.lambda$executeRecursively$9(NodeTestTask.java:139)
	at org.junit.platform.engine.support.hierarchical.ThrowableCollector.execute(ThrowableCollector.java:73)
	at org.junit.platform.engine.support.hierarchical.NodeTestTask.executeRecursively(NodeTestTask.java:138)
	at org.junit.platform.engine.support.hierarchical.NodeTestTask.execute(NodeTestTask.java:95)
	at java.base/java.util.ArrayList.forEach(ArrayList.java:1604)
	at org.junit.platform.engine.support.hierarchical.SameThreadHierarchicalTestExecutorService.invokeAll(SameThreadHierarchicalTestExecutorService.java:41)
	at org.junit.platform.engine.support.hierarchical.NodeTestTask.lambda$executeRecursively$6(NodeTestTask.java:155)
	at org.junit.platform.engine.support.hierarchical.ThrowableCollector.execute(ThrowableCollector.java:73)
	at org.junit.platform.engine.support.hierarchical.NodeTestTask.lambda$executeRecursively$8(NodeTestTask.java:141)
	at org.junit.platform.engine.support.hierarchical.Node.around(Node.java:137)
	at org.junit.platform.engine.support.hierarchical.NodeTestTask.lambda$executeRecursively$9(NodeTestTask.java:139)
	at org.junit.platform.engine.support.hierarchical.ThrowableCollector.execute(ThrowableCollector.java:73)
	at org.junit.platform.engine.support.hierarchical.NodeTestTask.executeRecursively(NodeTestTask.java:138)
	at org.junit.platform.engine.support.hierarchical.NodeTestTask.execute(NodeTestTask.java:95)
	at org.junit.platform.engine.support.hierarchical.SameThreadHierarchicalTestExecutorService.submit(SameThreadHierarchicalTestExecutorService.java:35)
	at org.junit.platform.engine.support.hierarchical.HierarchicalTestExecutor.execute(HierarchicalTestExecutor.java:57)
	at org.junit.platform.engine.support.hierarchical.HierarchicalTestEngine.execute(HierarchicalTestEngine.java:54)
	at org.junit.platform.launcher.core.EngineExecutionOrchestrator.execute(EngineExecutionOrchestrator.java:198)
	at org.junit.platform.launcher.core.EngineExecutionOrchestrator.execute(EngineExecutionOrchestrator.java:169)
	at org.junit.platform.launcher.core.EngineExecutionOrchestrator.execute(EngineExecutionOrchestrator.java:93)
	at org.junit.platform.launcher.core.EngineExecutionOrchestrator.lambda$execute$0(EngineExecutionOrchestrator.java:58)
	at org.junit.platform.launcher.core.EngineExecutionOrchestrator.withInterceptedStreams(EngineExecutionOrchestrator.java:141)
	at org.junit.platform.launcher.core.EngineExecutionOrchestrator.execute(EngineExecutionOrchestrator.java:57)
	at org.junit.platform.launcher.core.DefaultLauncher.execute(DefaultLauncher.java:103)
	at org.junit.platform.launcher.core.DefaultLauncher.execute(DefaultLauncher.java:85)
	at org.junit.platform.launcher.core.DelegatingLauncher.execute(DelegatingLauncher.java:47)
	at org.junit.platform.launcher.core.SessionPerRequestLauncher.execute(SessionPerRequestLauncher.java:63)
	at com.intellij.junit5.JUnit5IdeaTestRunner.startRunnerWithArgs(JUnit5IdeaTestRunner.java:66)
	at com.intellij.rt.junit.IdeaTestRunner$Repeater$1.execute(IdeaTestRunner.java:38)
	at com.intellij.rt.execution.junit.TestsRepeater.repeat(TestsRepeater.java:11)
	at com.intellij.rt.junit.IdeaTestRunner$Repeater.startRunnerWithArgs(IdeaTestRunner.java:35)
	at com.intellij.rt.junit.JUnitStarter.prepareStreamsAndStart(JUnitStarter.java:231)
	at com.intellij.rt.junit.JUnitStarter.main(JUnitStarter.java:55)
Caused by: javax.xml.stream.XMLStreamException: ParseError at [row,col]:[1,1]
Message: Content is not allowed in prolog.
	at java.xml/com.sun.org.apache.xerces.internal.impl.XMLStreamReaderImpl.next(XMLStreamReaderImpl.java:652)
	at java.xml/javax.xml.stream.util.StreamReaderDelegate.next(StreamReaderDelegate.java:84)
	at javafx.fxml/javafx.fxml.FXMLLoader.loadImpl(FXMLLoader.java:2627)
	... 89 common frames omitted
2026-04-18 22:37:35.292 [main] DEBUG com.appointmentscheduler.application.AppConfig - Application configuration loaded
2026-04-18 22:37:35.293 [main] DEBUG com.appointmentscheduler.application.AppConfig - Merged application-local.properties
2026-04-18 22:37:35.326 [main] DEBUG com.appointmentscheduler.application.AppConfig - Application configuration loaded
2026-04-18 22:37:35.327 [main] DEBUG com.appointmentscheduler.application.AppConfig - Merged application-local.properties
2026-04-18 22:37:35.336 [main] DEBUG com.appointmentscheduler.application.AppConfig - Application configuration loaded
2026-04-18 22:37:35.337 [main] DEBUG com.appointmentscheduler.application.AppConfig - Merged application-local.properties
2026-04-18 22:37:37.926 [main] DEBUG com.appointmentscheduler.application.AppConfig - Application configuration loaded
2026-04-18 22:37:37.928 [main] DEBUG com.appointmentscheduler.application.AppConfig - Merged application-local.properties
2026-04-18 22:37:37.929 [main] DEBUG com.appointmentscheduler.application.AppConfig - Application configuration loaded
2026-04-18 22:37:37.930 [main] DEBUG com.appointmentscheduler.application.AppConfig - Merged application-local.properties
2026-04-18 22:37:37.933 [main] DEBUG com.appointmentscheduler.application.AppConfig - Application configuration loaded
2026-04-18 22:37:37.934 [main] DEBUG com.appointmentscheduler.application.AppConfig - Merged application-local.properties
2026-04-18 22:37:37.935 [main] DEBUG com.appointmentscheduler.application.AppConfig - Application configuration loaded
2026-04-18 22:37:37.936 [main] DEBUG com.appointmentscheduler.application.AppConfig - Merged application-local.properties
2026-04-18 22:37:42.227 [main] INFO  c.a.persistence.database.DatabaseConfig - Database connection pool initialized: jdbc:mysql://localhost:3306/appointment
2026-04-18 22:37:42.229 [main] INFO  c.a.persistence.database.DatabaseConfig - MySQL: table app_user verified/created
2026-04-18 22:37:42.229 [main] ERROR c.a.persistence.database.DatabaseConfig - MySQL schema setup failed: fatal
2026-04-18 22:37:42.231 [main] INFO  c.a.persistence.database.DatabaseConfig - Database connection pool closed
2026-04-18 22:37:42.262 [main] INFO  c.a.persistence.database.DatabaseConfig - Database connection pool initialized: jdbc:mysql://localhost:3306/appointment
2026-04-18 22:37:42.263 [main] INFO  c.a.persistence.database.DatabaseConfig - MySQL: table app_user verified/created
2026-04-18 22:37:42.264 [main] DEBUG c.a.persistence.database.DatabaseConfig - MySQL (skipped): ALTER TABLE appointment ADD COLUMN customer_notes VARCHAR(2000) NULL — Table 'appointment' doesn't exist
2026-04-18 22:37:42.265 [main] DEBUG c.a.persistence.database.DatabaseConfig - MySQL (skipped): ALTER TABLE appointment ADD COLUMN contact_phone VARCHAR(64) NULL — Table 'appointment' doesn't exist
2026-04-18 22:37:42.265 [main] DEBUG c.a.persistence.database.DatabaseConfig - MySQL (skipped): ALTER TABLE appointment ADD COLUMN reminder_channel VARCHAR(32) NULL — Table 'appointment' doesn't exist
2026-04-18 22:37:42.265 [main] DEBUG c.a.persistence.database.DatabaseConfig - MySQL (skipped): ALTER TABLE appointment ADD COLUMN accessibility_needs VARCHAR(512) NULL — Table 'appointment' doesn't exist
2026-04-18 22:37:42.271 [main] DEBUG c.a.persistence.database.DatabaseConfig - MySQL (skipped): ALTER TABLE appointment ADD COLUMN preferred_language VARCHAR(16) NULL — Table 'appointment' doesn't exist
2026-04-18 22:37:42.282 [main] INFO  c.a.persistence.database.DatabaseConfig - Database connection pool closed
2026-04-18 22:37:42.297 [main] INFO  c.a.persistence.database.DatabaseConfig - Database connection pool initialized: jdbc:mysql://localhost:3306/appointment
2026-04-18 22:37:42.297 [main] INFO  c.a.persistence.database.DatabaseConfig - MySQL: table app_user verified/created
2026-04-18 22:37:42.297 [main] INFO  c.a.persistence.database.DatabaseConfig - MySQL: ALTER TABLE appointment ADD COLUMN customer_notes VARCHAR(2000) NULL
2026-04-18 22:37:42.299 [main] INFO  c.a.persistence.database.DatabaseConfig - MySQL: ALTER TABLE appointment ADD COLUMN contact_phone VARCHAR(64) NULL
2026-04-18 22:37:42.299 [main] INFO  c.a.persistence.database.DatabaseConfig - MySQL: ALTER TABLE appointment ADD COLUMN reminder_channel VARCHAR(32) NULL
2026-04-18 22:37:42.299 [main] INFO  c.a.persistence.database.DatabaseConfig - MySQL: ALTER TABLE appointment ADD COLUMN accessibility_needs VARCHAR(512) NULL
2026-04-18 22:37:42.303 [main] INFO  c.a.persistence.database.DatabaseConfig - MySQL: ALTER TABLE appointment ADD COLUMN preferred_language VARCHAR(16) NULL
2026-04-18 22:37:42.305 [main] INFO  c.a.persistence.database.DatabaseConfig - Database connection pool closed
2026-04-18 22:37:42.346 [main] INFO  c.a.persistence.database.DatabaseConfig - Database connection pool initialized: jdbc:mysql://localhost:3306/appointment
2026-04-18 22:37:42.348 [main] INFO  c.a.persistence.database.DatabaseConfig - MySQL: table app_user verified/created
2026-04-18 22:37:42.349 [main] INFO  c.a.persistence.database.DatabaseConfig - MySQL: ALTER TABLE appointment ADD COLUMN customer_notes VARCHAR(2000) NULL
2026-04-18 22:37:42.350 [main] INFO  c.a.persistence.database.DatabaseConfig - MySQL: ALTER TABLE appointment ADD COLUMN contact_phone VARCHAR(64) NULL
2026-04-18 22:37:42.353 [main] INFO  c.a.persistence.database.DatabaseConfig - MySQL: ALTER TABLE appointment ADD COLUMN reminder_channel VARCHAR(32) NULL
2026-04-18 22:37:42.353 [main] INFO  c.a.persistence.database.DatabaseConfig - MySQL: ALTER TABLE appointment ADD COLUMN accessibility_needs VARCHAR(512) NULL
2026-04-18 22:37:42.353 [main] INFO  c.a.persistence.database.DatabaseConfig - MySQL: ALTER TABLE appointment ADD COLUMN preferred_language VARCHAR(16) NULL
2026-04-18 22:37:42.355 [main] INFO  c.a.persistence.database.DatabaseConfig - Database connection pool closed
2026-04-18 22:37:42.369 [main] INFO  c.a.persistence.database.DatabaseConfig - Database connection pool initialized: jdbc:mysql://localhost:3306/appointment
2026-04-18 22:37:42.371 [main] INFO  c.a.persistence.database.DatabaseConfig - MySQL: table app_user verified/created
2026-04-18 22:37:42.372 [main] DEBUG c.a.persistence.database.DatabaseConfig - MySQL (skipped): ALTER TABLE appointment ADD COLUMN customer_notes VARCHAR(2000) NULL — Duplicate column
2026-04-18 22:37:42.372 [main] DEBUG c.a.persistence.database.DatabaseConfig - MySQL (skipped): ALTER TABLE appointment ADD COLUMN contact_phone VARCHAR(64) NULL — Duplicate column
2026-04-18 22:37:42.372 [main] DEBUG c.a.persistence.database.DatabaseConfig - MySQL (skipped): ALTER TABLE appointment ADD COLUMN reminder_channel VARCHAR(32) NULL — Duplicate column
2026-04-18 22:37:42.373 [main] DEBUG c.a.persistence.database.DatabaseConfig - MySQL (skipped): ALTER TABLE appointment ADD COLUMN accessibility_needs VARCHAR(512) NULL — Duplicate column
2026-04-18 22:37:42.373 [main] DEBUG c.a.persistence.database.DatabaseConfig - MySQL (skipped): ALTER TABLE appointment ADD COLUMN preferred_language VARCHAR(16) NULL — Duplicate column
2026-04-18 22:37:42.375 [main] INFO  c.a.persistence.database.DatabaseConfig - Database connection pool closed
2026-04-18 22:37:42.819 [main] INFO  c.a.persistence.database.DatabaseConfig - Database connection pool initialized: jdbc:h2:mem:cfg_flyway_2338769512100;DB_CLOSE_DELAY=-1
2026-04-18 22:37:42.823 [main] INFO  c.a.persistence.database.DatabaseConfig - Flyway migrations executed: 0
2026-04-18 22:37:42.824 [main] INFO  c.a.persistence.database.DatabaseConfig - Database connection pool closed
2026-04-18 22:37:42.834 [main] INFO  c.a.persistence.database.DatabaseConfig - Database connection pool initialized: jdbc:mysql://localhost:3306/appointment
2026-04-18 22:37:42.835 [main] INFO  c.a.persistence.database.DatabaseConfig - MySQL: table app_user verified/created
2026-04-18 22:37:42.835 [main] INFO  c.a.persistence.database.DatabaseConfig - MySQL: ALTER TABLE appointment ADD COLUMN customer_notes VARCHAR(2000) NULL
2026-04-18 22:37:42.836 [main] INFO  c.a.persistence.database.DatabaseConfig - MySQL: ALTER TABLE appointment ADD COLUMN contact_phone VARCHAR(64) NULL
2026-04-18 22:37:42.836 [main] INFO  c.a.persistence.database.DatabaseConfig - MySQL: ALTER TABLE appointment ADD COLUMN reminder_channel VARCHAR(32) NULL
2026-04-18 22:37:42.837 [main] INFO  c.a.persistence.database.DatabaseConfig - MySQL: ALTER TABLE appointment ADD COLUMN accessibility_needs VARCHAR(512) NULL
2026-04-18 22:37:42.838 [main] INFO  c.a.persistence.database.DatabaseConfig - MySQL: ALTER TABLE appointment ADD COLUMN preferred_language VARCHAR(16) NULL
2026-04-18 22:37:42.839 [main] INFO  c.a.persistence.database.DatabaseConfig - Database connection pool closed
2026-04-18 22:37:42.847 [main] INFO  c.a.persistence.database.DatabaseConfig - Database connection pool initialized: jdbc:mysql://localhost:3306/appointment
2026-04-18 22:37:42.848 [main] ERROR c.a.persistence.database.DatabaseConfig - MySQL schema setup failed: no route
2026-04-18 22:37:42.849 [main] INFO  c.a.persistence.database.DatabaseConfig - Database connection pool closed
2026-04-18 22:37:42.857 [main] INFO  c.a.persistence.database.DatabaseConfig - Database connection pool closed
2026-04-18 22:37:42.865 [main] INFO  c.a.persistence.database.DatabaseConfig - Database connection pool closed
2026-04-18 22:37:42.875 [main] INFO  c.a.persistence.database.DatabaseConfig - Database connection pool initialized: JDBC:POSTGRESQL://DB:5432/appointment
2026-04-18 22:37:42.876 [main] INFO  c.a.persistence.database.DatabaseConfig - PostgreSQL: schema and table appointment.app_user verified/created
2026-04-18 22:37:42.877 [main] INFO  c.a.persistence.database.DatabaseConfig - Database connection pool closed
2026-04-18 22:37:42.886 [main] INFO  c.a.persistence.database.DatabaseConfig - Database connection pool initialized: jdbc:mysql://localhost:3306/appointment
2026-04-18 22:37:42.886 [main] INFO  c.a.persistence.database.DatabaseConfig - MySQL: table app_user verified/created
2026-04-18 22:37:42.887 [main] DEBUG c.a.persistence.database.DatabaseConfig - MySQL (skipped): ALTER TABLE appointment ADD COLUMN customer_notes VARCHAR(2000) NULL — Duplicate column name 'customer_notes'
2026-04-18 22:37:42.888 [main] DEBUG c.a.persistence.database.DatabaseConfig - MySQL (skipped): ALTER TABLE appointment ADD COLUMN contact_phone VARCHAR(64) NULL — Duplicate column name 'customer_notes'
2026-04-18 22:37:42.888 [main] DEBUG c.a.persistence.database.DatabaseConfig - MySQL (skipped): ALTER TABLE appointment ADD COLUMN reminder_channel VARCHAR(32) NULL — Duplicate column name 'customer_notes'
2026-04-18 22:37:42.889 [main] DEBUG c.a.persistence.database.DatabaseConfig - MySQL (skipped): ALTER TABLE appointment ADD COLUMN accessibility_needs VARCHAR(512) NULL — Duplicate column name 'customer_notes'
2026-04-18 22:37:42.889 [main] DEBUG c.a.persistence.database.DatabaseConfig - MySQL (skipped): ALTER TABLE appointment ADD COLUMN preferred_language VARCHAR(16) NULL — Duplicate column name 'customer_notes'
2026-04-18 22:37:42.891 [main] INFO  c.a.persistence.database.DatabaseConfig - Database connection pool closed
2026-04-18 22:37:42.901 [main] INFO  c.a.persistence.database.DatabaseConfig - Database connection pool initialized: jdbc:mysql://localhost:3306/appointment
2026-04-18 22:37:42.902 [main] ERROR c.a.persistence.database.DatabaseConfig - MySQL schema setup failed: denied
2026-04-18 22:37:42.903 [main] INFO  c.a.persistence.database.DatabaseConfig - Database connection pool closed
2026-04-18 22:37:42.909 [main] INFO  c.a.persistence.database.DatabaseConfig - Database connection pool initialized: jdbc:postgresql://localhost:5432/appointment
2026-04-18 22:37:42.911 [main] ERROR c.a.persistence.database.DatabaseConfig - PostgreSQL schema setup failed: role does not exist
2026-04-18 22:37:42.912 [main] INFO  c.a.persistence.database.DatabaseConfig - Database connection pool closed
2026-04-18 22:37:42.919 [main] INFO  c.a.persistence.database.DatabaseConfig - Database connection pool initialized: jdbc:postgresql://localhost:5432/appointment
2026-04-18 22:37:42.919 [main] INFO  c.a.persistence.database.DatabaseConfig - PostgreSQL: schema and table appointment.app_user verified/created
2026-04-18 22:37:42.921 [main] INFO  c.a.persistence.database.DatabaseConfig - Database connection pool closed
2026-04-18 22:37:42.924 [main] INFO  c.a.persistence.database.DatabaseConfig - Database connection pool closed
2026-04-18 22:37:42.935 [main] INFO  c.a.persistence.database.DatabaseConfig - Database connection pool closed
2026-04-18 22:37:42.947 [main] INFO  c.a.persistence.database.DatabaseConfig - Database connection pool initialized: jdbc:mariadb://localhost:3306/appointment
2026-04-18 22:37:42.948 [main] INFO  c.a.persistence.database.DatabaseConfig - Flyway migrations executed: 0
2026-04-18 22:37:42.949 [main] INFO  c.a.persistence.database.DatabaseConfig - Database connection pool closed
2026-04-18 22:37:42.975 [main] INFO  c.a.persistence.database.DatabaseConfig - Database connection pool initialized: null
2026-04-18 22:37:42.977 [main] INFO  c.a.persistence.database.DatabaseConfig - Flyway migrations executed: 0
2026-04-18 22:37:42.978 [main] INFO  c.a.persistence.database.DatabaseConfig - Database connection pool closed
2026-04-18 22:37:44.025 [main] INFO  com.zaxxer.hikari.HikariDataSource - HikariPool-1 - Starting...
2026-04-18 22:37:45.577 [main] INFO  com.zaxxer.hikari.pool.HikariPool - HikariPool-1 - Added connection conn0: url=jdbc:h2:mem:jdbc_repo_test user=SA
2026-04-18 22:37:45.584 [main] INFO  com.zaxxer.hikari.HikariDataSource - HikariPool-1 - Start completed.
2026-04-18 22:37:46.317 [main] INFO  com.zaxxer.hikari.HikariDataSource - HikariPool-1 - Shutdown initiated...
2026-04-18 22:37:46.321 [main] INFO  com.zaxxer.hikari.HikariDataSource - HikariPool-1 - Shutdown completed.
2026-04-18 22:37:46.459 [JavaFX Application Thread] INFO  com.zaxxer.hikari.HikariDataSource - AppointmentBookingPool - Starting...
2026-04-18 22:37:47.195 [JavaFX Application Thread] INFO  com.zaxxer.hikari.pool.HikariPool - AppointmentBookingPool - Added connection com.mysql.cj.jdbc.ConnectionImpl@131ddad3
2026-04-18 22:37:47.196 [JavaFX Application Thread] INFO  com.zaxxer.hikari.HikariDataSource - AppointmentBookingPool - Start completed.
2026-04-18 22:37:47.197 [JavaFX Application Thread] INFO  c.a.persistence.database.DatabaseConfig - Database connection pool initialized: jdbc:mysql://localhost:3306/appointment?useUnicode=true&characterEncoding=UTF-8&serverTimezone=UTC&useSSL=false&allowPublicKeyRetrieval=true
2026-04-18 22:37:47.221 [JavaFX Application Thread] INFO  c.a.persistence.database.DatabaseConfig - MySQL: table app_user verified/created
2026-04-18 22:37:47.243 [JavaFX Application Thread] DEBUG c.a.persistence.database.DatabaseConfig - MySQL (skipped): ALTER TABLE appointment ADD COLUMN customer_notes VARCHAR(2000) NULL — Duplicate column name 'customer_notes'
2026-04-18 22:37:47.245 [JavaFX Application Thread] DEBUG c.a.persistence.database.DatabaseConfig - MySQL (skipped): ALTER TABLE appointment ADD COLUMN contact_phone VARCHAR(64) NULL — Duplicate column name 'contact_phone'
2026-04-18 22:37:47.246 [JavaFX Application Thread] DEBUG c.a.persistence.database.DatabaseConfig - MySQL (skipped): ALTER TABLE appointment ADD COLUMN reminder_channel VARCHAR(32) NULL — Duplicate column name 'reminder_channel'
2026-04-18 22:37:47.247 [JavaFX Application Thread] DEBUG c.a.persistence.database.DatabaseConfig - MySQL (skipped): ALTER TABLE appointment ADD COLUMN accessibility_needs VARCHAR(512) NULL — Duplicate column name 'accessibility_needs'
2026-04-18 22:37:47.249 [JavaFX Application Thread] DEBUG c.a.persistence.database.DatabaseConfig - MySQL (skipped): ALTER TABLE appointment ADD COLUMN preferred_language VARCHAR(16) NULL — Duplicate column name 'preferred_language'
2026-04-18 22:37:47.249 [JavaFX Application Thread] INFO  com.appointmentscheduler.presentation.MainApp - Using database persistence (MySQL). User and appointment data will be saved.
2026-04-18 22:37:47.250 [JavaFX Application Thread] DEBUG c.a.application.AppointmentReminderService - Registered reminder channel: SMSNotification
2026-04-18 22:37:47.927 [JavaFX Application Thread] INFO  com.appointmentscheduler.presentation.MainApp - Starting Appointment Booking System v3.0.0
2026-04-18 22:37:53.437 [JavaFX Application Thread] DEBUG c.appointmentscheduler.application.AuditLogService - Audit: CANCEL | Admin Sweep | Appointment 958e2065-90a4-4277-8b2b-a2f7ce48a9ce | entity=958e2065-90a4-4277-8b2b-a2f7ce48a9ce
2026-04-18 22:37:53.473 [JavaFX Application Thread] DEBUG c.appointmentscheduler.application.AuditLogService - Audit: DAY_REOPENED | Admin Sweep | Reopened calendar day: 2026-04-18
2026-04-18 22:37:53.505 [JavaFX Application Thread] DEBUG c.appointmentscheduler.application.AuditLogService - Audit: DAY_CLOSED | Admin Sweep | Closed calendar day: 2026-04-18
2026-04-18 22:38:04.577 [JavaFX Application Thread] DEBUG c.appointmentscheduler.application.AuditLogService - Audit: DAY_REOPENED | Admin Mass | Reopened calendar day: 2026-04-18
2026-04-18 22:38:04.597 [JavaFX Application Thread] DEBUG c.appointmentscheduler.application.AuditLogService - Audit: DAY_CLOSED | Admin Mass | Closed calendar day: 2026-04-18
2026-04-18 22:38:10.412 [JavaFX Application Thread] DEBUG c.appointmentscheduler.application.AuditLogService - Audit: DAY_REOPENED | Admin Nav | Reopened calendar day: 2026-04-18
2026-04-18 22:38:10.426 [JavaFX Application Thread] DEBUG c.appointmentscheduler.application.AuditLogService - Audit: DAY_CLOSED | Admin Nav | Closed calendar day: 2026-04-18
2026-04-18 22:38:10.489 [JavaFX Application Thread] DEBUG c.appointmentscheduler.application.AuditLogService - Audit: DAY_REOPENED | Admin Nav | Reopened calendar day: 2026-04-18
2026-04-18 22:38:10.499 [JavaFX Application Thread] DEBUG c.appointmentscheduler.application.AuditLogService - Audit: DAY_CLOSED | Admin Nav | Closed calendar day: 2026-04-18
2026-04-18 22:38:10.600 [JavaFX Application Thread] DEBUG c.appointmentscheduler.application.AuditLogService - Audit: DAY_REOPENED | Admin Nav | Reopened calendar day: 2026-04-18
2026-04-18 22:38:10.619 [JavaFX Application Thread] DEBUG c.appointmentscheduler.application.AuditLogService - Audit: DAY_CLOSED | Admin Nav | Closed calendar day: 2026-04-18
2026-04-18 22:38:19.985 [Thread-137] DEBUG c.appointmentscheduler.application.AuditLogService - Audit: BOOK | Patient Nav | Appointment 183de96f-2893-45c2-afb0-7915640d8868 at 2026-04-19T08:15 to 2026-04-19T09:15 | entity=183de96f-2893-45c2-afb0-7915640d8868
2026-04-18 22:38:24.515 [JavaFX Application Thread] DEBUG c.appointmentscheduler.application.AuditLogService - Audit: DAY_REOPENED | Admin Deep | Reopened calendar day: 2026-04-18
2026-04-18 22:38:24.526 [JavaFX Application Thread] DEBUG c.appointmentscheduler.application.AuditLogService - Audit: DAY_CLOSED | Admin Deep | Closed calendar day: 2026-04-18
2026-04-18 22:38:24.782 [JavaFX Application Thread] DEBUG c.appointmentscheduler.application.AuditLogService - Audit: CANCEL | Admin Deep | Appointment 183de96f-2893-45c2-afb0-7915640d8868 | entity=183de96f-2893-45c2-afb0-7915640d8868
2026-04-18 22:38:32.818 [main] DEBUG c.a.application.AppointmentReminderService - Registered reminder channel: Observer$MockitoMock$bqxtGqVr
2026-04-18 22:38:32.826 [main] DEBUG c.a.application.AppointmentReminderService - Registered reminder channel: Observer$MockitoMock$bqxtGqVr
2026-04-18 22:38:32.842 [main] ERROR c.a.application.AppointmentReminderService - Reminder channel failed: com.appointmentscheduler.domain.notifiers.Observer$MockitoMock$bqxtGqVr
java.lang.RuntimeException: smtp down
	at com.appointmentscheduler/com.appointmentscheduler.application.AppointmentReminderService.dispatchSafely(AppointmentReminderService.java:51)
	at com.appointmentscheduler/com.appointmentscheduler.application.AppointmentReminderService.sendReminder(AppointmentReminderService.java:45)
	at com.appointmentscheduler/com.appointmentscheduler.application.AppointmentReminderServiceTest.sendReminder_oneChannelThrows_otherStillNotified(AppointmentReminderServiceTest.java:62)
	at java.base/jdk.internal.reflect.DirectMethodHandleAccessor.invoke(DirectMethodHandleAccessor.java:104)
	at java.base/java.lang.reflect.Method.invoke(Method.java:565)
	at org.junit.platform.commons.util.ReflectionUtils.invokeMethod(ReflectionUtils.java:728)
	at org.junit.jupiter.engine.execution.MethodInvocation.proceed(MethodInvocation.java:60)
	at org.junit.jupiter.engine.execution.InvocationInterceptorChain$ValidatingInvocation.proceed(InvocationInterceptorChain.java:131)
	at org.junit.jupiter.engine.extension.TimeoutExtension.intercept(TimeoutExtension.java:156)
	at org.junit.jupiter.engine.extension.TimeoutExtension.interceptTestableMethod(TimeoutExtension.java:147)
	at org.junit.jupiter.engine.extension.TimeoutExtension.interceptTestMethod(TimeoutExtension.java:86)
	at org.junit.jupiter.engine.execution.InterceptingExecutableInvoker$ReflectiveInterceptorCall.lambda$ofVoidMethod$0(InterceptingExecutableInvoker.java:103)
	at org.junit.jupiter.engine.execution.InterceptingExecutableInvoker.lambda$invoke$0(InterceptingExecutableInvoker.java:93)
	at org.junit.jupiter.engine.execution.InvocationInterceptorChain$InterceptedInvocation.proceed(InvocationInterceptorChain.java:106)
	at org.junit.jupiter.engine.execution.InvocationInterceptorChain.proceed(InvocationInterceptorChain.java:64)
	at org.junit.jupiter.engine.execution.InvocationInterceptorChain.chainAndInvoke(InvocationInterceptorChain.java:45)
	at org.junit.jupiter.engine.execution.InvocationInterceptorChain.invoke(InvocationInterceptorChain.java:37)
	at org.junit.jupiter.engine.execution.InterceptingExecutableInvoker.invoke(InterceptingExecutableInvoker.java:92)
	at org.junit.jupiter.engine.execution.InterceptingExecutableInvoker.invoke(InterceptingExecutableInvoker.java:86)
	at org.junit.jupiter.engine.descriptor.TestMethodTestDescriptor.lambda$invokeTestMethod$7(TestMethodTestDescriptor.java:218)
	at org.junit.platform.engine.support.hierarchical.ThrowableCollector.execute(ThrowableCollector.java:73)
	at org.junit.jupiter.engine.descriptor.TestMethodTestDescriptor.invokeTestMethod(TestMethodTestDescriptor.java:214)
	at org.junit.jupiter.engine.descriptor.TestMethodTestDescriptor.execute(TestMethodTestDescriptor.java:139)
	at org.junit.jupiter.engine.descriptor.TestMethodTestDescriptor.execute(TestMethodTestDescriptor.java:69)
	at org.junit.platform.engine.support.hierarchical.NodeTestTask.lambda$executeRecursively$6(NodeTestTask.java:151)
	at org.junit.platform.engine.support.hierarchical.ThrowableCollector.execute(ThrowableCollector.java:73)
	at org.junit.platform.engine.support.hierarchical.NodeTestTask.lambda$executeRecursively$8(NodeTestTask.java:141)
	at org.junit.platform.engine.support.hierarchical.Node.around(Node.java:137)
	at org.junit.platform.engine.support.hierarchical.NodeTestTask.lambda$executeRecursively$9(NodeTestTask.java:139)
	at org.junit.platform.engine.support.hierarchical.ThrowableCollector.execute(ThrowableCollector.java:73)
	at org.junit.platform.engine.support.hierarchical.NodeTestTask.executeRecursively(NodeTestTask.java:138)
	at org.junit.platform.engine.support.hierarchical.NodeTestTask.execute(NodeTestTask.java:95)
	at java.base/java.util.ArrayList.forEach(ArrayList.java:1604)
	at org.junit.platform.engine.support.hierarchical.SameThreadHierarchicalTestExecutorService.invokeAll(SameThreadHierarchicalTestExecutorService.java:41)
	at org.junit.platform.engine.support.hierarchical.NodeTestTask.lambda$executeRecursively$6(NodeTestTask.java:155)
	at org.junit.platform.engine.support.hierarchical.ThrowableCollector.execute(ThrowableCollector.java:73)
	at org.junit.platform.engine.support.hierarchical.NodeTestTask.lambda$executeRecursively$8(NodeTestTask.java:141)
	at org.junit.platform.engine.support.hierarchical.Node.around(Node.java:137)
	at org.junit.platform.engine.support.hierarchical.NodeTestTask.lambda$executeRecursively$9(NodeTestTask.java:139)
	at org.junit.platform.engine.support.hierarchical.ThrowableCollector.execute(ThrowableCollector.java:73)
	at org.junit.platform.engine.support.hierarchical.NodeTestTask.executeRecursively(NodeTestTask.java:138)
	at org.junit.platform.engine.support.hierarchical.NodeTestTask.execute(NodeTestTask.java:95)
	at java.base/java.util.ArrayList.forEach(ArrayList.java:1604)
	at org.junit.platform.engine.support.hierarchical.SameThreadHierarchicalTestExecutorService.invokeAll(SameThreadHierarchicalTestExecutorService.java:41)
	at org.junit.platform.engine.support.hierarchical.NodeTestTask.lambda$executeRecursively$6(NodeTestTask.java:155)
	at org.junit.platform.engine.support.hierarchical.ThrowableCollector.execute(ThrowableCollector.java:73)
	at org.junit.platform.engine.support.hierarchical.NodeTestTask.lambda$executeRecursively$8(NodeTestTask.java:141)
	at org.junit.platform.engine.support.hierarchical.Node.around(Node.java:137)
	at org.junit.platform.engine.support.hierarchical.NodeTestTask.lambda$executeRecursively$9(NodeTestTask.java:139)
	at org.junit.platform.engine.support.hierarchical.ThrowableCollector.execute(ThrowableCollector.java:73)
	at org.junit.platform.engine.support.hierarchical.NodeTestTask.executeRecursively(NodeTestTask.java:138)
	at org.junit.platform.engine.support.hierarchical.NodeTestTask.execute(NodeTestTask.java:95)
	at org.junit.platform.engine.support.hierarchical.SameThreadHierarchicalTestExecutorService.submit(SameThreadHierarchicalTestExecutorService.java:35)
	at org.junit.platform.engine.support.hierarchical.HierarchicalTestExecutor.execute(HierarchicalTestExecutor.java:57)
	at org.junit.platform.engine.support.hierarchical.HierarchicalTestEngine.execute(HierarchicalTestEngine.java:54)
	at org.junit.platform.launcher.core.EngineExecutionOrchestrator.execute(EngineExecutionOrchestrator.java:198)
	at org.junit.platform.launcher.core.EngineExecutionOrchestrator.execute(EngineExecutionOrchestrator.java:169)
	at org.junit.platform.launcher.core.EngineExecutionOrchestrator.execute(EngineExecutionOrchestrator.java:93)
	at org.junit.platform.launcher.core.EngineExecutionOrchestrator.lambda$execute$0(EngineExecutionOrchestrator.java:58)
	at org.junit.platform.launcher.core.EngineExecutionOrchestrator.withInterceptedStreams(EngineExecutionOrchestrator.java:141)
	at org.junit.platform.launcher.core.EngineExecutionOrchestrator.execute(EngineExecutionOrchestrator.java:57)
	at org.junit.platform.launcher.core.DefaultLauncher.execute(DefaultLauncher.java:103)
	at org.junit.platform.launcher.core.DefaultLauncher.execute(DefaultLauncher.java:85)
	at org.junit.platform.launcher.core.DelegatingLauncher.execute(DelegatingLauncher.java:47)
	at org.junit.platform.launcher.core.SessionPerRequestLauncher.execute(SessionPerRequestLauncher.java:63)
	at com.intellij.junit5.JUnit5IdeaTestRunner.startRunnerWithArgs(JUnit5IdeaTestRunner.java:66)
	at com.intellij.rt.junit.IdeaTestRunner$Repeater$1.execute(IdeaTestRunner.java:38)
	at com.intellij.rt.execution.junit.TestsRepeater.repeat(TestsRepeater.java:11)
	at com.intellij.rt.junit.IdeaTestRunner$Repeater.startRunnerWithArgs(IdeaTestRunner.java:35)
	at com.intellij.rt.junit.JUnitStarter.prepareStreamsAndStart(JUnitStarter.java:231)
	at com.intellij.rt.junit.JUnitStarter.main(JUnitStarter.java:55)
2026-04-18 22:38:32.863 [main] DEBUG c.a.application.AppointmentReminderService - Registered reminder channel: Observer$MockitoMock$bqxtGqVr
2026-04-18 22:38:33.028 [main] DEBUG c.a.application.AppointmentReminderService - Registered reminder channel: SMSNotification
2026-04-18 22:38:33.028 [main] DEBUG c.a.application.AppointmentReminderService - Registered reminder channel: SMSNotification
2026-04-18 22:38:33.033 [main] DEBUG c.a.domain.notifiers.SMSNotification - SMS reminder (stub): userId=u2, messageLength=31
2026-04-18 22:38:33.034 [main] DEBUG c.a.domain.notifiers.SMSNotification - SMS reminder (stub): userId=u2, messageLength=31
2026-04-18 22:38:33.042 [main] DEBUG c.a.application.AppointmentReminderService - Registered reminder channel: Observer$MockitoMock$bqxtGqVr
2026-04-18 22:38:33.235 [main] DEBUG c.a.application.AppointmentReminderService - Registered reminder channel: Observer$MockitoMock$bqxtGqVr
2026-04-18 22:38:33.238 [main] DEBUG c.a.application.AppointmentReminderService - Registered reminder channel: Observer$MockitoMock$bqxtGqVr
2026-04-18 22:38:34.193 [JavaFX Application Thread] INFO  com.appointmentscheduler.presentation.MainApp - Using database persistence (MySQL). User and appointment data will be saved.
2026-04-18 22:38:34.193 [JavaFX Application Thread] DEBUG c.a.application.AppointmentReminderService - Registered reminder channel: SMSNotification
2026-04-18 22:38:35.812 [JavaFX Application Thread] INFO  com.appointmentscheduler.presentation.MainApp - Starting Appointment Booking System v3.0.0
2026-04-18 22:38:45.519 [JavaFX Application Thread] ERROR c.a.presentation.LoginController - Registration save failed for email auto.2401026756700@test.com
java.lang.RuntimeException: wrap
	at com.appointmentscheduler/com.appointmentscheduler.presentation.LoginController.handleOpenRegistration(LoginController.java:215)
	at com.appointmentscheduler/com.appointmentscheduler.presentation.PresentationBelow80UnifiedBranchBatchTest.lambda$10(PresentationBelow80UnifiedBranchBatchTest.java:258)
	at javafx.graphics/com.sun.javafx.application.PlatformImpl.lambda$runLater$10(PlatformImpl.java:457)
	at java.base/java.security.AccessController.doPrivileged(AccessController.java:138)
	at javafx.graphics/com.sun.javafx.application.PlatformImpl.lambda$runLater$11(PlatformImpl.java:456)
	at javafx.graphics/com.sun.glass.ui.InvokeLaterDispatcher$Future.run$$$capture(InvokeLaterDispatcher.java:96)
	at javafx.graphics/com.sun.glass.ui.InvokeLaterDispatcher$Future.run(InvokeLaterDispatcher.java)
	at javafx.graphics/com.sun.glass.ui.win.WinApplication._enterNestedEventLoopImpl(Native Method)
	at javafx.graphics/com.sun.glass.ui.win.WinApplication._enterNestedEventLoop(WinApplication.java:211)
	at javafx.graphics/com.sun.glass.ui.Application.enterNestedEventLoop(Application.java:515)
	at javafx.graphics/com.sun.glass.ui.EventLoop.enter(EventLoop.java:107)
	at javafx.graphics/com.sun.javafx.tk.quantum.QuantumToolkit.enterNestedEventLoop(QuantumToolkit.java:647)
	at javafx.graphics/javafx.stage.Stage.showAndWait(Stage.java:469)
	at javafx.controls/javafx.scene.control.HeavyweightDialog.showAndWait(HeavyweightDialog.java:162)
	at javafx.controls/javafx.scene.control.Dialog.showAndWait(Dialog.java:346)
	at com.appointmentscheduler/com.appointmentscheduler.presentation.ErrorHandler.showErrorOnFxThread(ErrorHandler.java:48)
	at com.appointmentscheduler/com.appointmentscheduler.presentation.ErrorHandler.lambda$0(ErrorHandler.java:34)
	at javafx.graphics/com.sun.javafx.application.PlatformImpl.lambda$runLater$10(PlatformImpl.java:457)
	at java.base/java.security.AccessController.doPrivileged(AccessController.java:138)
	at javafx.graphics/com.sun.javafx.application.PlatformImpl.lambda$runLater$11(PlatformImpl.java:456)
	at javafx.graphics/com.sun.glass.ui.InvokeLaterDispatcher$Future.run$$$capture(InvokeLaterDispatcher.java:96)
	at javafx.graphics/com.sun.glass.ui.InvokeLaterDispatcher$Future.run(InvokeLaterDispatcher.java)
	at javafx.graphics/com.sun.glass.ui.win.WinApplication._enterNestedEventLoopImpl(Native Method)
	at javafx.graphics/com.sun.glass.ui.win.WinApplication._enterNestedEventLoop(WinApplication.java:211)
	at javafx.graphics/com.sun.glass.ui.Application.enterNestedEventLoop(Application.java:515)
	at javafx.graphics/com.sun.glass.ui.EventLoop.enter(EventLoop.java:107)
	at javafx.graphics/com.sun.javafx.tk.quantum.QuantumToolkit.enterNestedEventLoop(QuantumToolkit.java:647)
	at javafx.graphics/javafx.stage.Stage.showAndWait(Stage.java:469)
	at javafx.controls/javafx.scene.control.HeavyweightDialog.showAndWait(HeavyweightDialog.java:162)
	at javafx.controls/javafx.scene.control.Dialog.showAndWait(Dialog.java:346)
	at com.appointmentscheduler/com.appointmentscheduler.presentation.ErrorHandler.showErrorOnFxThread(ErrorHandler.java:48)
	at com.appointmentscheduler/com.appointmentscheduler.presentation.ErrorHandler.lambda$0(ErrorHandler.java:34)
	at javafx.graphics/com.sun.javafx.application.PlatformImpl.lambda$runLater$10(PlatformImpl.java:457)
	at java.base/java.security.AccessController.doPrivileged(AccessController.java:138)
	at javafx.graphics/com.sun.javafx.application.PlatformImpl.lambda$runLater$11(PlatformImpl.java:456)
	at javafx.graphics/com.sun.glass.ui.InvokeLaterDispatcher$Future.run$$$capture(InvokeLaterDispatcher.java:96)
	at javafx.graphics/com.sun.glass.ui.InvokeLaterDispatcher$Future.run(InvokeLaterDispatcher.java)
	at javafx.graphics/com.sun.glass.ui.win.WinApplication._enterNestedEventLoopImpl(Native Method)
	at javafx.graphics/com.sun.glass.ui.win.WinApplication._enterNestedEventLoop(WinApplication.java:211)
	at javafx.graphics/com.sun.glass.ui.Application.enterNestedEventLoop(Application.java:515)
	at javafx.graphics/com.sun.glass.ui.EventLoop.enter(EventLoop.java:107)
	at javafx.graphics/com.sun.javafx.tk.quantum.QuantumToolkit.enterNestedEventLoop(QuantumToolkit.java:647)
	at javafx.graphics/javafx.stage.Stage.showAndWait(Stage.java:469)
	at javafx.controls/javafx.scene.control.HeavyweightDialog.showAndWait(HeavyweightDialog.java:162)
	at javafx.controls/javafx.scene.control.Dialog.showAndWait(Dialog.java:346)
	at com.appointmentscheduler/com.appointmentscheduler.presentation.ErrorHandler.showErrorOnFxThread(ErrorHandler.java:48)
	at com.appointmentscheduler/com.appointmentscheduler.presentation.ErrorHandler.lambda$0(ErrorHandler.java:34)
	at javafx.graphics/com.sun.javafx.application.PlatformImpl.lambda$runLater$10(PlatformImpl.java:457)
	at java.base/java.security.AccessController.doPrivileged(AccessController.java:138)
	at javafx.graphics/com.sun.javafx.application.PlatformImpl.lambda$runLater$11(PlatformImpl.java:456)
	at javafx.graphics/com.sun.glass.ui.InvokeLaterDispatcher$Future.run$$$capture(InvokeLaterDispatcher.java:96)
	at javafx.graphics/com.sun.glass.ui.InvokeLaterDispatcher$Future.run(InvokeLaterDispatcher.java)
	at javafx.graphics/com.sun.glass.ui.win.WinApplication._enterNestedEventLoopImpl(Native Method)
	at javafx.graphics/com.sun.glass.ui.win.WinApplication._enterNestedEventLoop(WinApplication.java:211)
	at javafx.graphics/com.sun.glass.ui.Application.enterNestedEventLoop(Application.java:515)
	at javafx.graphics/com.sun.glass.ui.EventLoop.enter(EventLoop.java:107)
	at javafx.graphics/com.sun.javafx.tk.quantum.QuantumToolkit.enterNestedEventLoop(QuantumToolkit.java:647)
	at javafx.graphics/javafx.stage.Stage.showAndWait(Stage.java:469)
	at javafx.controls/javafx.scene.control.HeavyweightDialog.showAndWait(HeavyweightDialog.java:162)
	at javafx.controls/javafx.scene.control.Dialog.showAndWait(Dialog.java:346)
	at com.appointmentscheduler/com.appointmentscheduler.presentation.ErrorHandler.showErrorOnFxThread(ErrorHandler.java:48)
	at com.appointmentscheduler/com.appointmentscheduler.presentation.ErrorHandler.lambda$0(ErrorHandler.java:34)
	at javafx.graphics/com.sun.javafx.application.PlatformImpl.lambda$runLater$10(PlatformImpl.java:457)
	at java.base/java.security.AccessController.doPrivileged(AccessController.java:138)
	at javafx.graphics/com.sun.javafx.application.PlatformImpl.lambda$runLater$11(PlatformImpl.java:456)
	at javafx.graphics/com.sun.glass.ui.InvokeLaterDispatcher$Future.run$$$capture(InvokeLaterDispatcher.java:96)
	at javafx.graphics/com.sun.glass.ui.InvokeLaterDispatcher$Future.run(InvokeLaterDispatcher.java)
	at javafx.graphics/com.sun.glass.ui.win.WinApplication._enterNestedEventLoopImpl(Native Method)
	at javafx.graphics/com.sun.glass.ui.win.WinApplication._enterNestedEventLoop(WinApplication.java:211)
	at javafx.graphics/com.sun.glass.ui.Application.enterNestedEventLoop(Application.java:515)
	at javafx.graphics/com.sun.glass.ui.EventLoop.enter(EventLoop.java:107)
	at javafx.graphics/com.sun.javafx.tk.quantum.QuantumToolkit.enterNestedEventLoop(QuantumToolkit.java:647)
	at javafx.graphics/javafx.stage.Stage.showAndWait(Stage.java:469)
	at javafx.controls/javafx.scene.control.HeavyweightDialog.showAndWait(HeavyweightDialog.java:162)
	at javafx.controls/javafx.scene.control.Dialog.showAndWait(Dialog.java:346)
	at com.appointmentscheduler/com.appointmentscheduler.presentation.ErrorHandler.showErrorOnFxThread(ErrorHandler.java:48)
	at com.appointmentscheduler/com.appointmentscheduler.presentation.ErrorHandler.lambda$0(ErrorHandler.java:34)
	at javafx.graphics/com.sun.javafx.application.PlatformImpl.lambda$runLater$10(PlatformImpl.java:457)
	at java.base/java.security.AccessController.doPrivileged(AccessController.java:138)
	at javafx.graphics/com.sun.javafx.application.PlatformImpl.lambda$runLater$11(PlatformImpl.java:456)
	at javafx.graphics/com.sun.glass.ui.InvokeLaterDispatcher$Future.run$$$capture(InvokeLaterDispatcher.java:96)
	at javafx.graphics/com.sun.glass.ui.InvokeLaterDispatcher$Future.run(InvokeLaterDispatcher.java)
	at javafx.graphics/com.sun.glass.ui.win.WinApplication._enterNestedEventLoopImpl(Native Method)
	at javafx.graphics/com.sun.glass.ui.win.WinApplication._enterNestedEventLoop(WinApplication.java:211)
	at javafx.graphics/com.sun.glass.ui.Application.enterNestedEventLoop(Application.java:515)
	at javafx.graphics/com.sun.glass.ui.EventLoop.enter(EventLoop.java:107)
	at javafx.graphics/com.sun.javafx.tk.quantum.QuantumToolkit.enterNestedEventLoop(QuantumToolkit.java:647)
	at javafx.graphics/javafx.stage.Stage.showAndWait(Stage.java:469)
	at javafx.controls/javafx.scene.control.HeavyweightDialog.showAndWait(HeavyweightDialog.java:162)
	at javafx.controls/javafx.scene.control.Dialog.showAndWait(Dialog.java:346)
	at com.appointmentscheduler/com.appointmentscheduler.presentation.ErrorHandler.showErrorOnFxThread(ErrorHandler.java:48)
	at com.appointmentscheduler/com.appointmentscheduler.presentation.ErrorHandler.lambda$0(ErrorHandler.java:34)
	at javafx.graphics/com.sun.javafx.application.PlatformImpl.lambda$runLater$10(PlatformImpl.java:457)
	at java.base/java.security.AccessController.doPrivileged(AccessController.java:138)
	at javafx.graphics/com.sun.javafx.application.PlatformImpl.lambda$runLater$11(PlatformImpl.java:456)
	at javafx.graphics/com.sun.glass.ui.InvokeLaterDispatcher$Future.run$$$capture(InvokeLaterDispatcher.java:96)
	at javafx.graphics/com.sun.glass.ui.InvokeLaterDispatcher$Future.run(InvokeLaterDispatcher.java)
	at javafx.graphics/com.sun.glass.ui.win.WinApplication._enterNestedEventLoopImpl(Native Method)
	at javafx.graphics/com.sun.glass.ui.win.WinApplication._enterNestedEventLoop(WinApplication.java:211)
	at javafx.graphics/com.sun.glass.ui.Application.enterNestedEventLoop(Application.java:515)
	at javafx.graphics/com.sun.glass.ui.EventLoop.enter(EventLoop.java:107)
	at javafx.graphics/com.sun.javafx.tk.quantum.QuantumToolkit.enterNestedEventLoop(QuantumToolkit.java:647)
	at javafx.graphics/javafx.stage.Stage.showAndWait(Stage.java:469)
	at javafx.controls/javafx.scene.control.HeavyweightDialog.showAndWait(HeavyweightDialog.java:162)
	at javafx.controls/javafx.scene.control.Dialog.showAndWait(Dialog.java:346)
	at com.appointmentscheduler/com.appointmentscheduler.presentation.ErrorHandler.showErrorOnFxThread(ErrorHandler.java:48)
	at com.appointmentscheduler/com.appointmentscheduler.presentation.ErrorHandler.lambda$0(ErrorHandler.java:34)
	at javafx.graphics/com.sun.javafx.application.PlatformImpl.lambda$runLater$10(PlatformImpl.java:457)
	at java.base/java.security.AccessController.doPrivileged(AccessController.java:138)
	at javafx.graphics/com.sun.javafx.application.PlatformImpl.lambda$runLater$11(PlatformImpl.java:456)
	at javafx.graphics/com.sun.glass.ui.InvokeLaterDispatcher$Future.run$$$capture(InvokeLaterDispatcher.java:96)
	at javafx.graphics/com.sun.glass.ui.InvokeLaterDispatcher$Future.run(InvokeLaterDispatcher.java)
	at javafx.graphics/com.sun.glass.ui.win.WinApplication._enterNestedEventLoopImpl(Native Method)
	at javafx.graphics/com.sun.glass.ui.win.WinApplication._enterNestedEventLoop(WinApplication.java:211)
	at javafx.graphics/com.sun.glass.ui.Application.enterNestedEventLoop(Application.java:515)
	at javafx.graphics/com.sun.glass.ui.EventLoop.enter(EventLoop.java:107)
	at javafx.graphics/com.sun.javafx.tk.quantum.QuantumToolkit.enterNestedEventLoop(QuantumToolkit.java:647)
	at javafx.graphics/javafx.stage.Stage.showAndWait(Stage.java:469)
	at javafx.controls/javafx.scene.control.HeavyweightDialog.showAndWait(HeavyweightDialog.java:162)
	at javafx.controls/javafx.scene.control.Dialog.showAndWait(Dialog.java:346)
	at com.appointmentscheduler/com.appointmentscheduler.presentation.ErrorHandler.showErrorOnFxThread(ErrorHandler.java:48)
	at com.appointmentscheduler/com.appointmentscheduler.presentation.ErrorHandler.lambda$0(ErrorHandler.java:34)
	at javafx.graphics/com.sun.javafx.application.PlatformImpl.lambda$runLater$10(PlatformImpl.java:457)
	at java.base/java.security.AccessController.doPrivileged(AccessController.java:138)
	at javafx.graphics/com.sun.javafx.application.PlatformImpl.lambda$runLater$11(PlatformImpl.java:456)
	at javafx.graphics/com.sun.glass.ui.InvokeLaterDispatcher$Future.run$$$capture(InvokeLaterDispatcher.java:96)
	at javafx.graphics/com.sun.glass.ui.InvokeLaterDispatcher$Future.run(InvokeLaterDispatcher.java)
	at javafx.graphics/com.sun.glass.ui.win.WinApplication._enterNestedEventLoopImpl(Native Method)
	at javafx.graphics/com.sun.glass.ui.win.WinApplication._enterNestedEventLoop(WinApplication.java:211)
	at javafx.graphics/com.sun.glass.ui.Application.enterNestedEventLoop(Application.java:515)
	at javafx.graphics/com.sun.glass.ui.EventLoop.enter(EventLoop.java:107)
	at javafx.graphics/com.sun.javafx.tk.quantum.QuantumToolkit.enterNestedEventLoop(QuantumToolkit.java:647)
	at javafx.graphics/javafx.stage.Stage.showAndWait(Stage.java:469)
	at javafx.controls/javafx.scene.control.HeavyweightDialog.showAndWait(HeavyweightDialog.java:162)
	at javafx.controls/javafx.scene.control.Dialog.showAndWait(Dialog.java:346)
	at com.appointmentscheduler/com.appointmentscheduler.presentation.ErrorHandler.showErrorOnFxThread(ErrorHandler.java:48)
	at com.appointmentscheduler/com.appointmentscheduler.presentation.ErrorHandler.lambda$0(ErrorHandler.java:34)
	at javafx.graphics/com.sun.javafx.application.PlatformImpl.lambda$runLater$10(PlatformImpl.java:457)
	at java.base/java.security.AccessController.doPrivileged(AccessController.java:138)
	at javafx.graphics/com.sun.javafx.application.PlatformImpl.lambda$runLater$11(PlatformImpl.java:456)
	at javafx.graphics/com.sun.glass.ui.InvokeLaterDispatcher$Future.run$$$capture(InvokeLaterDispatcher.java:96)
	at javafx.graphics/com.sun.glass.ui.InvokeLaterDispatcher$Future.run(InvokeLaterDispatcher.java)
	at javafx.graphics/com.sun.glass.ui.win.WinApplication._runLoop(Native Method)
	at javafx.graphics/com.sun.glass.ui.win.WinApplication.lambda$runLoop$3(WinApplication.java:184)
	at java.base/java.lang.Thread.run(Thread.java:1474)
Caused by: java.lang.IllegalStateException: cause-detail
	at com.appointmentscheduler/com.appointmentscheduler.presentation.PresentationBelow80UnifiedBranchBatchTest.login_handleOpenRegistration_auto_saveFailure_includesCauseMessage(PresentationBelow80UnifiedBranchBatchTest.java:115)
	at java.base/jdk.internal.reflect.DirectMethodHandleAccessor.invoke(DirectMethodHandleAccessor.java:104)
	at java.base/java.lang.reflect.Method.invoke(Method.java:565)
	at org.junit.platform.commons.util.ReflectionUtils.invokeMethod(ReflectionUtils.java:728)
	at org.junit.jupiter.engine.execution.MethodInvocation.proceed(MethodInvocation.java:60)
	at org.junit.jupiter.engine.execution.InvocationInterceptorChain$ValidatingInvocation.proceed(InvocationInterceptorChain.java:131)
	at org.junit.jupiter.engine.extension.TimeoutExtension.intercept(TimeoutExtension.java:156)
	at org.junit.jupiter.engine.extension.TimeoutExtension.interceptTestableMethod(TimeoutExtension.java:147)
	at org.junit.jupiter.engine.extension.TimeoutExtension.interceptTestMethod(TimeoutExtension.java:86)
	at org.junit.jupiter.engine.execution.InterceptingExecutableInvoker$ReflectiveInterceptorCall.lambda$ofVoidMethod$0(InterceptingExecutableInvoker.java:103)
	at org.junit.jupiter.engine.execution.InterceptingExecutableInvoker.lambda$invoke$0(InterceptingExecutableInvoker.java:93)
	at org.junit.jupiter.engine.execution.InvocationInterceptorChain$InterceptedInvocation.proceed(InvocationInterceptorChain.java:106)
	at org.junit.jupiter.engine.execution.InvocationInterceptorChain.proceed(InvocationInterceptorChain.java:64)
	at org.junit.jupiter.engine.execution.InvocationInterceptorChain.chainAndInvoke(InvocationInterceptorChain.java:45)
	at org.junit.jupiter.engine.execution.InvocationInterceptorChain.invoke(InvocationInterceptorChain.java:37)
	at org.junit.jupiter.engine.execution.InterceptingExecutableInvoker.invoke(InterceptingExecutableInvoker.java:92)
	at org.junit.jupiter.engine.execution.InterceptingExecutableInvoker.invoke(InterceptingExecutableInvoker.java:86)
	at org.junit.jupiter.engine.descriptor.TestMethodTestDescriptor.lambda$invokeTestMethod$7(TestMethodTestDescriptor.java:218)
	at org.junit.platform.engine.support.hierarchical.ThrowableCollector.execute(ThrowableCollector.java:73)
	at org.junit.jupiter.engine.descriptor.TestMethodTestDescriptor.invokeTestMethod(TestMethodTestDescriptor.java:214)
	at org.junit.jupiter.engine.descriptor.TestMethodTestDescriptor.execute(TestMethodTestDescriptor.java:139)
	at org.junit.jupiter.engine.descriptor.TestMethodTestDescriptor.execute(TestMethodTestDescriptor.java:69)
	at org.junit.platform.engine.support.hierarchical.NodeTestTask.lambda$executeRecursively$6(NodeTestTask.java:151)
	at org.junit.platform.engine.support.hierarchical.ThrowableCollector.execute(ThrowableCollector.java:73)
	at org.junit.platform.engine.support.hierarchical.NodeTestTask.lambda$executeRecursively$8(NodeTestTask.java:141)
	at org.junit.platform.engine.support.hierarchical.Node.around(Node.java:137)
	at org.junit.platform.engine.support.hierarchical.NodeTestTask.lambda$executeRecursively$9(NodeTestTask.java:139)
	at org.junit.platform.engine.support.hierarchical.ThrowableCollector.execute(ThrowableCollector.java:73)
	at org.junit.platform.engine.support.hierarchical.NodeTestTask.executeRecursively(NodeTestTask.java:138)
	at org.junit.platform.engine.support.hierarchical.NodeTestTask.execute(NodeTestTask.java:95)
	at java.base/java.util.ArrayList.forEach(ArrayList.java:1604)
	at org.junit.platform.engine.support.hierarchical.SameThreadHierarchicalTestExecutorService.invokeAll(SameThreadHierarchicalTestExecutorService.java:41)
	at org.junit.platform.engine.support.hierarchical.NodeTestTask.lambda$executeRecursively$6(NodeTestTask.java:155)
	at org.junit.platform.engine.support.hierarchical.ThrowableCollector.execute(ThrowableCollector.java:73)
	at org.junit.platform.engine.support.hierarchical.NodeTestTask.lambda$executeRecursively$8(NodeTestTask.java:141)
	at org.junit.platform.engine.support.hierarchical.Node.around(Node.java:137)
	at org.junit.platform.engine.support.hierarchical.NodeTestTask.lambda$executeRecursively$9(NodeTestTask.java:139)
	at org.junit.platform.engine.support.hierarchical.ThrowableCollector.execute(ThrowableCollector.java:73)
	at org.junit.platform.engine.support.hierarchical.NodeTestTask.executeRecursively(NodeTestTask.java:138)
	at org.junit.platform.engine.support.hierarchical.NodeTestTask.execute(NodeTestTask.java:95)
	at java.base/java.util.ArrayList.forEach(ArrayList.java:1604)
	at org.junit.platform.engine.support.hierarchical.SameThreadHierarchicalTestExecutorService.invokeAll(SameThreadHierarchicalTestExecutorService.java:41)
	at org.junit.platform.engine.support.hierarchical.NodeTestTask.lambda$executeRecursively$6(NodeTestTask.java:155)
	at org.junit.platform.engine.support.hierarchical.ThrowableCollector.execute(ThrowableCollector.java:73)
	at org.junit.platform.engine.support.hierarchical.NodeTestTask.lambda$executeRecursively$8(NodeTestTask.java:141)
	at org.junit.platform.engine.support.hierarchical.Node.around(Node.java:137)
	at org.junit.platform.engine.support.hierarchical.NodeTestTask.lambda$executeRecursively$9(NodeTestTask.java:139)
	at org.junit.platform.engine.support.hierarchical.ThrowableCollector.execute(ThrowableCollector.java:73)
	at org.junit.platform.engine.support.hierarchical.NodeTestTask.executeRecursively(NodeTestTask.java:138)
	at org.junit.platform.engine.support.hierarchical.NodeTestTask.execute(NodeTestTask.java:95)
	at org.junit.platform.engine.support.hierarchical.SameThreadHierarchicalTestExecutorService.submit(SameThreadHierarchicalTestExecutorService.java:35)
	at org.junit.platform.engine.support.hierarchical.HierarchicalTestExecutor.execute(HierarchicalTestExecutor.java:57)
	at org.junit.platform.engine.support.hierarchical.HierarchicalTestEngine.execute(HierarchicalTestEngine.java:54)
	at org.junit.platform.launcher.core.EngineExecutionOrchestrator.execute(EngineExecutionOrchestrator.java:198)
	at org.junit.platform.launcher.core.EngineExecutionOrchestrator.execute(EngineExecutionOrchestrator.java:169)
	at org.junit.platform.launcher.core.EngineExecutionOrchestrator.execute(EngineExecutionOrchestrator.java:93)
	at org.junit.platform.launcher.core.EngineExecutionOrchestrator.lambda$execute$0(EngineExecutionOrchestrator.java:58)
	at org.junit.platform.launcher.core.EngineExecutionOrchestrator.withInterceptedStreams(EngineExecutionOrchestrator.java:141)
	at org.junit.platform.launcher.core.EngineExecutionOrchestrator.execute(EngineExecutionOrchestrator.java:57)
	at org.junit.platform.launcher.core.DefaultLauncher.execute(DefaultLauncher.java:103)
	at org.junit.platform.launcher.core.DefaultLauncher.execute(DefaultLauncher.java:85)
	at org.junit.platform.launcher.core.DelegatingLauncher.execute(DelegatingLauncher.java:47)
	at org.junit.platform.launcher.core.SessionPerRequestLauncher.execute(SessionPerRequestLauncher.java:63)
	at com.intellij.junit5.JUnit5IdeaTestRunner.startRunnerWithArgs(JUnit5IdeaTestRunner.java:66)
	at com.intellij.rt.junit.IdeaTestRunner$Repeater$1.execute(IdeaTestRunner.java:38)
	at com.intellij.rt.execution.junit.TestsRepeater.repeat(TestsRepeater.java:11)
	at com.intellij.rt.junit.IdeaTestRunner$Repeater.startRunnerWithArgs(IdeaTestRunner.java:35)
	at com.intellij.rt.junit.JUnitStarter.prepareStreamsAndStart(JUnitStarter.java:231)
	at com.intellij.rt.junit.JUnitStarter.main(JUnitStarter.java:55)
2026-04-18 22:38:45.794 [main] DEBUG com.appointmentscheduler.application.AppConfig - Application configuration loaded
2026-04-18 22:38:45.795 [main] DEBUG com.appointmentscheduler.application.AppConfig - Merged application-local.properties
2026-04-18 22:38:45.802 [main] DEBUG com.appointmentscheduler.application.AppConfig - Application configuration loaded
2026-04-18 22:38:45.802 [main] DEBUG com.appointmentscheduler.application.AppConfig - Merged application-local.properties
2026-04-18 22:38:45.807 [main] DEBUG com.appointmentscheduler.application.AppConfig - Application configuration loaded
2026-04-18 22:38:45.809 [main] DEBUG com.appointmentscheduler.application.AppConfig - Merged application-local.properties
2026-04-18 22:38:45.817 [main] DEBUG com.appointmentscheduler.application.AppConfig - Application configuration loaded
2026-04-18 22:38:45.817 [main] DEBUG com.appointmentscheduler.application.AppConfig - Merged application-local.properties
2026-04-18 22:38:45.819 [main] DEBUG com.appointmentscheduler.application.AppConfig - Application configuration loaded
2026-04-18 22:38:45.821 [main] DEBUG com.appointmentscheduler.application.AppConfig - Merged application-local.properties
2026-04-18 22:38:45.823 [main] DEBUG com.appointmentscheduler.application.AppConfig - Application configuration loaded
2026-04-18 22:38:45.823 [main] DEBUG com.appointmentscheduler.application.AppConfig - Merged application-local.properties
2026-04-18 22:38:45.837 [main] DEBUG com.appointmentscheduler.application.AppConfig - Application configuration loaded
2026-04-18 22:38:45.838 [main] DEBUG com.appointmentscheduler.application.AppConfig - Merged application-local.properties
2026-04-18 22:38:45.846 [main] DEBUG com.appointmentscheduler.application.AppConfig - Application configuration loaded
2026-04-18 22:38:45.847 [main] DEBUG com.appointmentscheduler.application.AppConfig - Merged application-local.properties
2026-04-18 22:38:45.849 [main] DEBUG com.appointmentscheduler.application.AppConfig - Application configuration loaded
2026-04-18 22:38:45.852 [main] DEBUG com.appointmentscheduler.application.AppConfig - Merged application-local.properties
2026-04-18 22:38:45.854 [main] DEBUG com.appointmentscheduler.application.AppConfig - Application configuration loaded
2026-04-18 22:38:45.855 [main] DEBUG com.appointmentscheduler.application.AppConfig - Merged application-local.properties
2026-04-18 22:38:45.873 [main] DEBUG com.appointmentscheduler.application.AppConfig - Application configuration loaded
2026-04-18 22:38:45.876 [main] DEBUG com.appointmentscheduler.application.AppConfig - Merged application-local.properties
2026-04-18 22:38:45.887 [main] DEBUG com.appointmentscheduler.application.AppConfig - Application configuration loaded
2026-04-18 22:38:45.892 [main] DEBUG com.appointmentscheduler.application.AppConfig - Merged application-local.properties
2026-04-18 22:38:46.056 [main] DEBUG com.appointmentscheduler.application.AppConfig - Application configuration loaded
2026-04-18 22:38:46.056 [main] DEBUG com.appointmentscheduler.application.AppConfig - Merged application-local.properties
2026-04-18 22:38:46.259 [main] DEBUG com.appointmentscheduler.application.AppConfig - Application configuration loaded
2026-04-18 22:38:46.261 [main] DEBUG com.appointmentscheduler.application.AppConfig - Merged application-local.properties
2026-04-18 22:38:46.286 [main] DEBUG com.appointmentscheduler.application.AppConfig - Application configuration loaded
2026-04-18 22:38:46.286 [main] DEBUG com.appointmentscheduler.application.AppConfig - Merged application-local.properties
2026-04-18 22:38:46.294 [main] DEBUG com.appointmentscheduler.application.AppConfig - Application configuration loaded
2026-04-18 22:38:46.294 [main] DEBUG com.appointmentscheduler.application.AppConfig - Merged application-local.properties
2026-04-18 22:38:46.299 [JavaFX Application Thread] INFO  com.appointmentscheduler.presentation.MainApp - Using database persistence (MySQL). User and appointment data will be saved.
2026-04-18 22:38:46.299 [JavaFX Application Thread] DEBUG c.a.application.AppointmentReminderService - Registered reminder channel: SMSNotification
2026-04-18 22:38:47.042 [JavaFX Application Thread] INFO  com.appointmentscheduler.presentation.MainApp - Starting Appointment Booking System v3.0.0
2026-04-18 22:38:48.357 [JavaFX Application Thread] DEBUG c.appointmentscheduler.application.AuditLogService - Audit: DAY_REOPENED | Forced Admin | Reopened calendar day: 2026-04-18
2026-04-18 22:38:48.368 [JavaFX Application Thread] DEBUG c.appointmentscheduler.application.AuditLogService - Audit: DAY_CLOSED | Forced Admin | Closed calendar day: 2026-04-18
2026-04-18 22:39:00.123 [JavaFX Application Thread] INFO  com.appointmentscheduler.presentation.MainApp - Using database persistence (MySQL). User and appointment data will be saved.
2026-04-18 22:39:00.123 [JavaFX Application Thread] DEBUG c.a.application.AppointmentReminderService - Registered reminder channel: SMSNotification
2026-04-18 22:39:00.674 [JavaFX Application Thread] INFO  com.appointmentscheduler.presentation.MainApp - Starting Appointment Booking System v3.0.0
2026-04-18 22:39:13.391 [JavaFX Application Thread] INFO  com.appointmentscheduler.presentation.MainApp - Using database persistence (MySQL). User and appointment data will be saved.
2026-04-18 22:39:13.391 [JavaFX Application Thread] DEBUG c.a.application.AppointmentReminderService - Registered reminder channel: SMSNotification
2026-04-18 22:39:14.056 [JavaFX Application Thread] INFO  com.appointmentscheduler.presentation.MainApp - Starting Appointment Booking System v3.0.0
2026-04-18 22:39:14.977 [JavaFX Application Thread] DEBUG c.appointmentscheduler.application.AuditLogService - Audit: DAY_REOPENED | Mass Admin | Reopened calendar day: 2026-04-18
2026-04-18 22:39:14.991 [JavaFX Application Thread] DEBUG c.appointmentscheduler.application.AuditLogService - Audit: DAY_CLOSED | Mass Admin | Closed calendar day: 2026-04-18
2026-04-18 22:39:22.853 [main] DEBUG c.a.application.AppointmentReminderService - Registered reminder channel: SMSNotification
2026-04-18 22:39:26.023 [main] DEBUG com.appointmentscheduler.application.AppConfig - Application configuration loaded
2026-04-18 22:39:26.023 [main] DEBUG com.appointmentscheduler.application.AppConfig - Merged application-local.properties
2026-04-18 22:39:26.534 [main] INFO  com.appointmentscheduler.presentation.MainApp - Using database persistence (PostgreSQL). User and appointment data will be saved.
2026-04-18 22:39:26.534 [main] DEBUG c.a.application.AppointmentReminderService - Registered reminder channel: SMSNotification
2026-04-18 22:39:28.571 [main] DEBUG com.appointmentscheduler.application.AppConfig - Application configuration loaded
2026-04-18 22:39:28.571 [main] DEBUG com.appointmentscheduler.application.AppConfig - Merged application-local.properties
2026-04-18 22:39:28.574 [main] ERROR com.appointmentscheduler.presentation.MainApp - Database setup failed — data will NOT persist. Falling back to in-memory. Cause: simulated jdbc wiring failure
java.lang.RuntimeException: simulated jdbc wiring failure
	at com.appointmentscheduler/com.appointmentscheduler.persistence.database.JdbcUserRepository.findAll(JdbcUserRepository.java:149)
	at com.appointmentscheduler/com.appointmentscheduler.presentation.MainApp.initializeServices(MainApp.java:151)
	at java.base/jdk.internal.reflect.DirectMethodHandleAccessor.invoke(DirectMethodHandleAccessor.java:104)
	at java.base/java.lang.reflect.Method.invoke(Method.java:565)
	at com.appointmentscheduler/com.appointmentscheduler.presentation.MainAppInitializeServicesJdbcPathTest.lambda$0(MainAppInitializeServicesJdbcPathTest.java:88)
	at org.assertj.core.api.ThrowableAssert.catchThrowable(ThrowableAssert.java:63)
	at org.assertj.core.api.AssertionsForClassTypes.catchThrowable(AssertionsForClassTypes.java:892)
	at org.assertj.core.api.AssertionsForClassTypes.assertThatCode(AssertionsForClassTypes.java:863)
	at org.assertj.core.api.Assertions.assertThatCode(Assertions.java:1287)
	at com.appointmentscheduler/com.appointmentscheduler.presentation.MainAppInitializeServicesJdbcPathTest.invokeInitializeServices(MainAppInitializeServicesJdbcPathTest.java:88)
	at com.appointmentscheduler/com.appointmentscheduler.presentation.MainAppInitializeServicesJdbcPathTest.initializeServices_jdbcUserRepositoryConstructionFails_fallsBackToInMemory(MainAppInitializeServicesJdbcPathTest.java:195)
	at java.base/jdk.internal.reflect.DirectMethodHandleAccessor.invoke(DirectMethodHandleAccessor.java:104)
	at java.base/java.lang.reflect.Method.invoke(Method.java:565)
	at org.junit.platform.commons.util.ReflectionUtils.invokeMethod(ReflectionUtils.java:728)
	at org.junit.jupiter.engine.execution.MethodInvocation.proceed(MethodInvocation.java:60)
	at org.junit.jupiter.engine.execution.InvocationInterceptorChain$ValidatingInvocation.proceed(InvocationInterceptorChain.java:131)
	at org.junit.jupiter.engine.extension.TimeoutExtension.intercept(TimeoutExtension.java:156)
	at org.junit.jupiter.engine.extension.TimeoutExtension.interceptTestableMethod(TimeoutExtension.java:147)
	at org.junit.jupiter.engine.extension.TimeoutExtension.interceptTestMethod(TimeoutExtension.java:86)
	at org.junit.jupiter.engine.execution.InterceptingExecutableInvoker$ReflectiveInterceptorCall.lambda$ofVoidMethod$0(InterceptingExecutableInvoker.java:103)
	at org.junit.jupiter.engine.execution.InterceptingExecutableInvoker.lambda$invoke$0(InterceptingExecutableInvoker.java:93)
	at org.junit.jupiter.engine.execution.InvocationInterceptorChain$InterceptedInvocation.proceed(InvocationInterceptorChain.java:106)
	at org.junit.jupiter.engine.execution.InvocationInterceptorChain.proceed(InvocationInterceptorChain.java:64)
	at org.junit.jupiter.engine.execution.InvocationInterceptorChain.chainAndInvoke(InvocationInterceptorChain.java:45)
	at org.junit.jupiter.engine.execution.InvocationInterceptorChain.invoke(InvocationInterceptorChain.java:37)
	at org.junit.jupiter.engine.execution.InterceptingExecutableInvoker.invoke(InterceptingExecutableInvoker.java:92)
	at org.junit.jupiter.engine.execution.InterceptingExecutableInvoker.invoke(InterceptingExecutableInvoker.java:86)
	at org.junit.jupiter.engine.descriptor.TestMethodTestDescriptor.lambda$invokeTestMethod$7(TestMethodTestDescriptor.java:218)
	at org.junit.platform.engine.support.hierarchical.ThrowableCollector.execute(ThrowableCollector.java:73)
	at org.junit.jupiter.engine.descriptor.TestMethodTestDescriptor.invokeTestMethod(TestMethodTestDescriptor.java:214)
	at org.junit.jupiter.engine.descriptor.TestMethodTestDescriptor.execute(TestMethodTestDescriptor.java:139)
	at org.junit.jupiter.engine.descriptor.TestMethodTestDescriptor.execute(TestMethodTestDescriptor.java:69)
	at org.junit.platform.engine.support.hierarchical.NodeTestTask.lambda$executeRecursively$6(NodeTestTask.java:151)
	at org.junit.platform.engine.support.hierarchical.ThrowableCollector.execute(ThrowableCollector.java:73)
	at org.junit.platform.engine.support.hierarchical.NodeTestTask.lambda$executeRecursively$8(NodeTestTask.java:141)
	at org.junit.platform.engine.support.hierarchical.Node.around(Node.java:137)
	at org.junit.platform.engine.support.hierarchical.NodeTestTask.lambda$executeRecursively$9(NodeTestTask.java:139)
	at org.junit.platform.engine.support.hierarchical.ThrowableCollector.execute(ThrowableCollector.java:73)
	at org.junit.platform.engine.support.hierarchical.NodeTestTask.executeRecursively(NodeTestTask.java:138)
	at org.junit.platform.engine.support.hierarchical.NodeTestTask.execute(NodeTestTask.java:95)
	at java.base/java.util.ArrayList.forEach(ArrayList.java:1604)
	at org.junit.platform.engine.support.hierarchical.SameThreadHierarchicalTestExecutorService.invokeAll(SameThreadHierarchicalTestExecutorService.java:41)
	at org.junit.platform.engine.support.hierarchical.NodeTestTask.lambda$executeRecursively$6(NodeTestTask.java:155)
	at org.junit.platform.engine.support.hierarchical.ThrowableCollector.execute(ThrowableCollector.java:73)
	at org.junit.platform.engine.support.hierarchical.NodeTestTask.lambda$executeRecursively$8(NodeTestTask.java:141)
	at org.junit.platform.engine.support.hierarchical.Node.around(Node.java:137)
	at org.junit.platform.engine.support.hierarchical.NodeTestTask.lambda$executeRecursively$9(NodeTestTask.java:139)
	at org.junit.platform.engine.support.hierarchical.ThrowableCollector.execute(ThrowableCollector.java:73)
	at org.junit.platform.engine.support.hierarchical.NodeTestTask.executeRecursively(NodeTestTask.java:138)
	at org.junit.platform.engine.support.hierarchical.NodeTestTask.execute(NodeTestTask.java:95)
	at java.base/java.util.ArrayList.forEach(ArrayList.java:1604)
	at org.junit.platform.engine.support.hierarchical.SameThreadHierarchicalTestExecutorService.invokeAll(SameThreadHierarchicalTestExecutorService.java:41)
	at org.junit.platform.engine.support.hierarchical.NodeTestTask.lambda$executeRecursively$6(NodeTestTask.java:155)
	at org.junit.platform.engine.support.hierarchical.ThrowableCollector.execute(ThrowableCollector.java:73)
	at org.junit.platform.engine.support.hierarchical.NodeTestTask.lambda$executeRecursively$8(NodeTestTask.java:141)
	at org.junit.platform.engine.support.hierarchical.Node.around(Node.java:137)
	at org.junit.platform.engine.support.hierarchical.NodeTestTask.lambda$executeRecursively$9(NodeTestTask.java:139)
	at org.junit.platform.engine.support.hierarchical.ThrowableCollector.execute(ThrowableCollector.java:73)
	at org.junit.platform.engine.support.hierarchical.NodeTestTask.executeRecursively(NodeTestTask.java:138)
	at org.junit.platform.engine.support.hierarchical.NodeTestTask.execute(NodeTestTask.java:95)
	at org.junit.platform.engine.support.hierarchical.SameThreadHierarchicalTestExecutorService.submit(SameThreadHierarchicalTestExecutorService.java:35)
	at org.junit.platform.engine.support.hierarchical.HierarchicalTestExecutor.execute(HierarchicalTestExecutor.java:57)
	at org.junit.platform.engine.support.hierarchical.HierarchicalTestEngine.execute(HierarchicalTestEngine.java:54)
	at org.junit.platform.launcher.core.EngineExecutionOrchestrator.execute(EngineExecutionOrchestrator.java:198)
	at org.junit.platform.launcher.core.EngineExecutionOrchestrator.execute(EngineExecutionOrchestrator.java:169)
	at org.junit.platform.launcher.core.EngineExecutionOrchestrator.execute(EngineExecutionOrchestrator.java:93)
	at org.junit.platform.launcher.core.EngineExecutionOrchestrator.lambda$execute$0(EngineExecutionOrchestrator.java:58)
	at org.junit.platform.launcher.core.EngineExecutionOrchestrator.withInterceptedStreams(EngineExecutionOrchestrator.java:141)
	at org.junit.platform.launcher.core.EngineExecutionOrchestrator.execute(EngineExecutionOrchestrator.java:57)
	at org.junit.platform.launcher.core.DefaultLauncher.execute(DefaultLauncher.java:103)
	at org.junit.platform.launcher.core.DefaultLauncher.execute(DefaultLauncher.java:85)
	at org.junit.platform.launcher.core.DelegatingLauncher.execute(DelegatingLauncher.java:47)
	at org.junit.platform.launcher.core.SessionPerRequestLauncher.execute(SessionPerRequestLauncher.java:63)
	at com.intellij.junit5.JUnit5IdeaTestRunner.startRunnerWithArgs(JUnit5IdeaTestRunner.java:66)
	at com.intellij.rt.junit.IdeaTestRunner$Repeater$1.execute(IdeaTestRunner.java:38)
	at com.intellij.rt.execution.junit.TestsRepeater.repeat(TestsRepeater.java:11)
	at com.intellij.rt.junit.IdeaTestRunner$Repeater.startRunnerWithArgs(IdeaTestRunner.java:35)
	at com.intellij.rt.junit.JUnitStarter.prepareStreamsAndStart(JUnitStarter.java:231)
	at com.intellij.rt.junit.JUnitStarter.main(JUnitStarter.java:55)
2026-04-18 22:39:28.576 [main] DEBUG c.a.application.AppointmentReminderService - Registered reminder channel: SMSNotification
2026-04-18 22:39:31.179 [main] DEBUG com.appointmentscheduler.application.AppConfig - Application configuration loaded
2026-04-18 22:39:31.179 [main] DEBUG com.appointmentscheduler.application.AppConfig - Merged application-local.properties
2026-04-18 22:39:31.185 [main] INFO  com.appointmentscheduler.presentation.MainApp - Using database persistence (MySQL). User and appointment data will be saved.
2026-04-18 22:39:31.185 [main] DEBUG c.a.application.AppointmentReminderService - Registered reminder channel: SMSNotification
2026-04-18 22:39:33.208 [main] DEBUG com.appointmentscheduler.application.AppConfig - Application configuration loaded
2026-04-18 22:39:33.208 [main] DEBUG com.appointmentscheduler.application.AppConfig - Merged application-local.properties
2026-04-18 22:39:33.211 [main] INFO  com.appointmentscheduler.presentation.MainApp - Using database persistence (H2). User and appointment data will be saved.
2026-04-18 22:39:33.212 [main] DEBUG c.a.application.AppointmentReminderService - Registered reminder channel: SMSNotification
2026-04-18 22:39:35.167 [main] DEBUG com.appointmentscheduler.application.AppConfig - Application configuration loaded
2026-04-18 22:39:35.167 [main] DEBUG com.appointmentscheduler.application.AppConfig - Merged application-local.properties
2026-04-18 22:39:35.182 [JavaFX Application Thread] INFO  com.appointmentscheduler.presentation.MainApp - Using database persistence (MySQL). User and appointment data will be saved.
2026-04-18 22:39:35.182 [JavaFX Application Thread] DEBUG c.a.application.AppointmentReminderService - Registered reminder channel: SMSNotification
2026-04-18 22:39:35.760 [JavaFX Application Thread] INFO  com.appointmentscheduler.presentation.MainApp - Starting Appointment Booking System v3.0.0
2026-04-18 22:39:41.543 [main] DEBUG com.appointmentscheduler.application.AppConfig - Application configuration loaded
2026-04-18 22:39:41.544 [main] DEBUG com.appointmentscheduler.application.AppConfig - Merged application-local.properties
2026-04-18 22:39:41.546 [main] DEBUG com.appointmentscheduler.application.AppConfig - Application configuration loaded
2026-04-18 22:39:41.547 [main] DEBUG com.appointmentscheduler.application.AppConfig - Merged application-local.properties
2026-04-18 22:39:41.550 [main] DEBUG com.appointmentscheduler.application.AppConfig - Application configuration loaded
2026-04-18 22:39:41.550 [main] DEBUG com.appointmentscheduler.application.AppConfig - Merged application-local.properties
2026-04-18 22:39:41.563 [main] DEBUG com.appointmentscheduler.application.AppConfig - Application configuration loaded
2026-04-18 22:39:41.563 [main] DEBUG com.appointmentscheduler.application.AppConfig - Merged application-local.properties
2026-04-18 22:39:41.564 [main] DEBUG com.appointmentscheduler.application.AppConfig - Application configuration loaded
2026-04-18 22:39:41.565 [main] DEBUG com.appointmentscheduler.application.AppConfig - Merged application-local.properties
2026-04-18 22:39:41.566 [main] DEBUG com.appointmentscheduler.application.AppConfig - Application configuration loaded
2026-04-18 22:39:41.566 [main] DEBUG com.appointmentscheduler.application.AppConfig - Merged application-local.properties
2026-04-18 22:39:41.567 [main] DEBUG com.appointmentscheduler.application.AppConfig - Application configuration loaded
2026-04-18 22:39:41.567 [main] DEBUG com.appointmentscheduler.application.AppConfig - Merged application-local.properties
2026-04-18 22:39:41.567 [main] DEBUG com.appointmentscheduler.application.AppConfig - Application configuration loaded
2026-04-18 22:39:41.567 [main] DEBUG com.appointmentscheduler.application.AppConfig - Merged application-local.properties
2026-04-18 22:39:41.569 [main] DEBUG com.appointmentscheduler.application.AppConfig - Application configuration loaded
2026-04-18 22:39:41.570 [main] DEBUG com.appointmentscheduler.application.AppConfig - Merged application-local.properties
2026-04-18 22:39:41.584 [main] INFO  c.a.presentation.LoginController - Login successful for user: patient-ok@test.com
2026-04-18 22:39:41.597 [main] INFO  c.a.presentation.LoginController - Login successful for user: admin-ok@test.com
2026-04-18 22:39:41.609 [main] WARN  c.a.presentation.LoginController - initialize: could not set dev credentials visibility
java.lang.RuntimeException: boom-config
	at com.appointmentscheduler/com.appointmentscheduler.application.AppConfig.getBrandName(AppConfig.java:104)
	at com.appointmentscheduler/com.appointmentscheduler.presentation.LoginController.initialize(LoginController.java:31)
	at org.assertj.core.api.ThrowableAssert.catchThrowable(ThrowableAssert.java:63)
	at org.assertj.core.api.AssertionsForClassTypes.catchThrowable(AssertionsForClassTypes.java:892)
	at org.assertj.core.api.AssertionsForClassTypes.assertThatCode(AssertionsForClassTypes.java:863)
	at org.assertj.core.api.Assertions.assertThatCode(Assertions.java:1287)
	at com.appointmentscheduler/com.appointmentscheduler.presentation.LoginControllerCoverageTest.initialize_catchesThrowable_fromStaticConfig(LoginControllerCoverageTest.java:380)
	at java.base/jdk.internal.reflect.DirectMethodHandleAccessor.invoke(DirectMethodHandleAccessor.java:104)
	at java.base/java.lang.reflect.Method.invoke(Method.java:565)
	at org.junit.platform.commons.util.ReflectionUtils.invokeMethod(ReflectionUtils.java:728)
	at org.junit.jupiter.engine.execution.MethodInvocation.proceed(MethodInvocation.java:60)
	at org.junit.jupiter.engine.execution.InvocationInterceptorChain$ValidatingInvocation.proceed(InvocationInterceptorChain.java:131)
	at org.junit.jupiter.engine.extension.TimeoutExtension.intercept(TimeoutExtension.java:156)
	at org.junit.jupiter.engine.extension.TimeoutExtension.interceptTestableMethod(TimeoutExtension.java:147)
	at org.junit.jupiter.engine.extension.TimeoutExtension.interceptTestMethod(TimeoutExtension.java:86)
	at org.junit.jupiter.engine.execution.InterceptingExecutableInvoker$ReflectiveInterceptorCall.lambda$ofVoidMethod$0(InterceptingExecutableInvoker.java:103)
	at org.junit.jupiter.engine.execution.InterceptingExecutableInvoker.lambda$invoke$0(InterceptingExecutableInvoker.java:93)
	at org.junit.jupiter.engine.execution.InvocationInterceptorChain$InterceptedInvocation.proceed(InvocationInterceptorChain.java:106)
	at org.junit.jupiter.engine.execution.InvocationInterceptorChain.proceed(InvocationInterceptorChain.java:64)
	at org.junit.jupiter.engine.execution.InvocationInterceptorChain.chainAndInvoke(InvocationInterceptorChain.java:45)
	at org.junit.jupiter.engine.execution.InvocationInterceptorChain.invoke(InvocationInterceptorChain.java:37)
	at org.junit.jupiter.engine.execution.InterceptingExecutableInvoker.invoke(InterceptingExecutableInvoker.java:92)
	at org.junit.jupiter.engine.execution.InterceptingExecutableInvoker.invoke(InterceptingExecutableInvoker.java:86)
	at org.junit.jupiter.engine.descriptor.TestMethodTestDescriptor.lambda$invokeTestMethod$7(TestMethodTestDescriptor.java:218)
	at org.junit.platform.engine.support.hierarchical.ThrowableCollector.execute(ThrowableCollector.java:73)
	at org.junit.jupiter.engine.descriptor.TestMethodTestDescriptor.invokeTestMethod(TestMethodTestDescriptor.java:214)
	at org.junit.jupiter.engine.descriptor.TestMethodTestDescriptor.execute(TestMethodTestDescriptor.java:139)
	at org.junit.jupiter.engine.descriptor.TestMethodTestDescriptor.execute(TestMethodTestDescriptor.java:69)
	at org.junit.platform.engine.support.hierarchical.NodeTestTask.lambda$executeRecursively$6(NodeTestTask.java:151)
	at org.junit.platform.engine.support.hierarchical.ThrowableCollector.execute(ThrowableCollector.java:73)
	at org.junit.platform.engine.support.hierarchical.NodeTestTask.lambda$executeRecursively$8(NodeTestTask.java:141)
	at org.junit.platform.engine.support.hierarchical.Node.around(Node.java:137)
	at org.junit.platform.engine.support.hierarchical.NodeTestTask.lambda$executeRecursively$9(NodeTestTask.java:139)
	at org.junit.platform.engine.support.hierarchical.ThrowableCollector.execute(ThrowableCollector.java:73)
	at org.junit.platform.engine.support.hierarchical.NodeTestTask.executeRecursively(NodeTestTask.java:138)
	at org.junit.platform.engine.support.hierarchical.NodeTestTask.execute(NodeTestTask.java:95)
	at java.base/java.util.ArrayList.forEach(ArrayList.java:1604)
	at org.junit.platform.engine.support.hierarchical.SameThreadHierarchicalTestExecutorService.invokeAll(SameThreadHierarchicalTestExecutorService.java:41)
	at org.junit.platform.engine.support.hierarchical.NodeTestTask.lambda$executeRecursively$6(NodeTestTask.java:155)
	at org.junit.platform.engine.support.hierarchical.ThrowableCollector.execute(ThrowableCollector.java:73)
	at org.junit.platform.engine.support.hierarchical.NodeTestTask.lambda$executeRecursively$8(NodeTestTask.java:141)
	at org.junit.platform.engine.support.hierarchical.Node.around(Node.java:137)
	at org.junit.platform.engine.support.hierarchical.NodeTestTask.lambda$executeRecursively$9(NodeTestTask.java:139)
	at org.junit.platform.engine.support.hierarchical.ThrowableCollector.execute(ThrowableCollector.java:73)
	at org.junit.platform.engine.support.hierarchical.NodeTestTask.executeRecursively(NodeTestTask.java:138)
	at org.junit.platform.engine.support.hierarchical.NodeTestTask.execute(NodeTestTask.java:95)
	at java.base/java.util.ArrayList.forEach(ArrayList.java:1604)
	at org.junit.platform.engine.support.hierarchical.SameThreadHierarchicalTestExecutorService.invokeAll(SameThreadHierarchicalTestExecutorService.java:41)
	at org.junit.platform.engine.support.hierarchical.NodeTestTask.lambda$executeRecursively$6(NodeTestTask.java:155)
	at org.junit.platform.engine.support.hierarchical.ThrowableCollector.execute(ThrowableCollector.java:73)
	at org.junit.platform.engine.support.hierarchical.NodeTestTask.lambda$executeRecursively$8(NodeTestTask.java:141)
	at org.junit.platform.engine.support.hierarchical.Node.around(Node.java:137)
	at org.junit.platform.engine.support.hierarchical.NodeTestTask.lambda$executeRecursively$9(NodeTestTask.java:139)
	at org.junit.platform.engine.support.hierarchical.ThrowableCollector.execute(ThrowableCollector.java:73)
	at org.junit.platform.engine.support.hierarchical.NodeTestTask.executeRecursively(NodeTestTask.java:138)
	at org.junit.platform.engine.support.hierarchical.NodeTestTask.execute(NodeTestTask.java:95)
	at org.junit.platform.engine.support.hierarchical.SameThreadHierarchicalTestExecutorService.submit(SameThreadHierarchicalTestExecutorService.java:35)
	at org.junit.platform.engine.support.hierarchical.HierarchicalTestExecutor.execute(HierarchicalTestExecutor.java:57)
	at org.junit.platform.engine.support.hierarchical.HierarchicalTestEngine.execute(HierarchicalTestEngine.java:54)
	at org.junit.platform.launcher.core.EngineExecutionOrchestrator.execute(EngineExecutionOrchestrator.java:198)
	at org.junit.platform.launcher.core.EngineExecutionOrchestrator.execute(EngineExecutionOrchestrator.java:169)
	at org.junit.platform.launcher.core.EngineExecutionOrchestrator.execute(EngineExecutionOrchestrator.java:93)
	at org.junit.platform.launcher.core.EngineExecutionOrchestrator.lambda$execute$0(EngineExecutionOrchestrator.java:58)
	at org.junit.platform.launcher.core.EngineExecutionOrchestrator.withInterceptedStreams(EngineExecutionOrchestrator.java:141)
	at org.junit.platform.launcher.core.EngineExecutionOrchestrator.execute(EngineExecutionOrchestrator.java:57)
	at org.junit.platform.launcher.core.DefaultLauncher.execute(DefaultLauncher.java:103)
	at org.junit.platform.launcher.core.DefaultLauncher.execute(DefaultLauncher.java:85)
	at org.junit.platform.launcher.core.DelegatingLauncher.execute(DelegatingLauncher.java:47)
	at org.junit.platform.launcher.core.SessionPerRequestLauncher.execute(SessionPerRequestLauncher.java:63)
	at com.intellij.junit5.JUnit5IdeaTestRunner.startRunnerWithArgs(JUnit5IdeaTestRunner.java:66)
	at com.intellij.rt.junit.IdeaTestRunner$Repeater$1.execute(IdeaTestRunner.java:38)
	at com.intellij.rt.execution.junit.TestsRepeater.repeat(TestsRepeater.java:11)
	at com.intellij.rt.junit.IdeaTestRunner$Repeater.startRunnerWithArgs(IdeaTestRunner.java:35)
	at com.intellij.rt.junit.JUnitStarter.prepareStreamsAndStart(JUnitStarter.java:231)
	at com.intellij.rt.junit.JUnitStarter.main(JUnitStarter.java:55)
2026-04-18 22:39:42.659 [JavaFX Application Thread] ERROR c.a.presentation.LoginController - Registration save failed for email auto.2458429651500@test.com
java.lang.RuntimeException: boom
	at com.appointmentscheduler/com.appointmentscheduler.presentation.LoginController.handleOpenRegistration(LoginController.java:215)
	at com.appointmentscheduler/com.appointmentscheduler.presentation.LoginControllerCoverageTest.lambda$12(LoginControllerCoverageTest.java:439)
	at javafx.graphics/com.sun.javafx.application.PlatformImpl.lambda$runLater$10(PlatformImpl.java:457)
	at java.base/java.security.AccessController.doPrivileged(AccessController.java:138)
	at javafx.graphics/com.sun.javafx.application.PlatformImpl.lambda$runLater$11(PlatformImpl.java:456)
	at javafx.graphics/com.sun.glass.ui.InvokeLaterDispatcher$Future.run$$$capture(InvokeLaterDispatcher.java:96)
	at javafx.graphics/com.sun.glass.ui.InvokeLaterDispatcher$Future.run(InvokeLaterDispatcher.java)
	at javafx.graphics/com.sun.glass.ui.win.WinApplication._enterNestedEventLoopImpl(Native Method)
	at javafx.graphics/com.sun.glass.ui.win.WinApplication._enterNestedEventLoop(WinApplication.java:211)
	at javafx.graphics/com.sun.glass.ui.Application.enterNestedEventLoop(Application.java:515)
	at javafx.graphics/com.sun.glass.ui.EventLoop.enter(EventLoop.java:107)
	at javafx.graphics/com.sun.javafx.tk.quantum.QuantumToolkit.enterNestedEventLoop(QuantumToolkit.java:647)
	at javafx.graphics/javafx.stage.Stage.showAndWait(Stage.java:469)
	at javafx.controls/javafx.scene.control.HeavyweightDialog.showAndWait(HeavyweightDialog.java:162)
	at javafx.controls/javafx.scene.control.Dialog.showAndWait(Dialog.java:346)
	at com.appointmentscheduler/com.appointmentscheduler.presentation.ErrorHandler.showErrorOnFxThread(ErrorHandler.java:48)
	at com.appointmentscheduler/com.appointmentscheduler.presentation.ErrorHandler.lambda$0(ErrorHandler.java:34)
	at javafx.graphics/com.sun.javafx.application.PlatformImpl.lambda$runLater$10(PlatformImpl.java:457)
	at java.base/java.security.AccessController.doPrivileged(AccessController.java:138)
	at javafx.graphics/com.sun.javafx.application.PlatformImpl.lambda$runLater$11(PlatformImpl.java:456)
	at javafx.graphics/com.sun.glass.ui.InvokeLaterDispatcher$Future.run$$$capture(InvokeLaterDispatcher.java:96)
	at javafx.graphics/com.sun.glass.ui.InvokeLaterDispatcher$Future.run(InvokeLaterDispatcher.java)
	at javafx.graphics/com.sun.glass.ui.win.WinApplication._enterNestedEventLoopImpl(Native Method)
	at javafx.graphics/com.sun.glass.ui.win.WinApplication._enterNestedEventLoop(WinApplication.java:211)
	at javafx.graphics/com.sun.glass.ui.Application.enterNestedEventLoop(Application.java:515)
	at javafx.graphics/com.sun.glass.ui.EventLoop.enter(EventLoop.java:107)
	at javafx.graphics/com.sun.javafx.tk.quantum.QuantumToolkit.enterNestedEventLoop(QuantumToolkit.java:647)
	at javafx.graphics/javafx.stage.Stage.showAndWait(Stage.java:469)
	at javafx.controls/javafx.scene.control.HeavyweightDialog.showAndWait(HeavyweightDialog.java:162)
	at javafx.controls/javafx.scene.control.Dialog.showAndWait(Dialog.java:346)
	at com.appointmentscheduler/com.appointmentscheduler.presentation.ErrorHandler.showErrorOnFxThread(ErrorHandler.java:48)
	at com.appointmentscheduler/com.appointmentscheduler.presentation.ErrorHandler.lambda$0(ErrorHandler.java:34)
	at javafx.graphics/com.sun.javafx.application.PlatformImpl.lambda$runLater$10(PlatformImpl.java:457)
	at java.base/java.security.AccessController.doPrivileged(AccessController.java:138)
	at javafx.graphics/com.sun.javafx.application.PlatformImpl.lambda$runLater$11(PlatformImpl.java:456)
	at javafx.graphics/com.sun.glass.ui.InvokeLaterDispatcher$Future.run$$$capture(InvokeLaterDispatcher.java:96)
	at javafx.graphics/com.sun.glass.ui.InvokeLaterDispatcher$Future.run(InvokeLaterDispatcher.java)
	at javafx.graphics/com.sun.glass.ui.win.WinApplication._enterNestedEventLoopImpl(Native Method)
	at javafx.graphics/com.sun.glass.ui.win.WinApplication._enterNestedEventLoop(WinApplication.java:211)
	at javafx.graphics/com.sun.glass.ui.Application.enterNestedEventLoop(Application.java:515)
	at javafx.graphics/com.sun.glass.ui.EventLoop.enter(EventLoop.java:107)
	at javafx.graphics/com.sun.javafx.tk.quantum.QuantumToolkit.enterNestedEventLoop(QuantumToolkit.java:647)
	at javafx.graphics/javafx.stage.Stage.showAndWait(Stage.java:469)
	at javafx.controls/javafx.scene.control.HeavyweightDialog.showAndWait(HeavyweightDialog.java:162)
	at javafx.controls/javafx.scene.control.Dialog.showAndWait(Dialog.java:346)
	at com.appointmentscheduler/com.appointmentscheduler.presentation.ErrorHandler.showErrorOnFxThread(ErrorHandler.java:48)
	at com.appointmentscheduler/com.appointmentscheduler.presentation.ErrorHandler.lambda$0(ErrorHandler.java:34)
	at javafx.graphics/com.sun.javafx.application.PlatformImpl.lambda$runLater$10(PlatformImpl.java:457)
	at java.base/java.security.AccessController.doPrivileged(AccessController.java:138)
	at javafx.graphics/com.sun.javafx.application.PlatformImpl.lambda$runLater$11(PlatformImpl.java:456)
	at javafx.graphics/com.sun.glass.ui.InvokeLaterDispatcher$Future.run$$$capture(InvokeLaterDispatcher.java:96)
	at javafx.graphics/com.sun.glass.ui.InvokeLaterDispatcher$Future.run(InvokeLaterDispatcher.java)
	at javafx.graphics/com.sun.glass.ui.win.WinApplication._enterNestedEventLoopImpl(Native Method)
	at javafx.graphics/com.sun.glass.ui.win.WinApplication._enterNestedEventLoop(WinApplication.java:211)
	at javafx.graphics/com.sun.glass.ui.Application.enterNestedEventLoop(Application.java:515)
	at javafx.graphics/com.sun.glass.ui.EventLoop.enter(EventLoop.java:107)
	at javafx.graphics/com.sun.javafx.tk.quantum.QuantumToolkit.enterNestedEventLoop(QuantumToolkit.java:647)
	at javafx.graphics/javafx.stage.Stage.showAndWait(Stage.java:469)
	at javafx.controls/javafx.scene.control.HeavyweightDialog.showAndWait(HeavyweightDialog.java:162)
	at javafx.controls/javafx.scene.control.Dialog.showAndWait(Dialog.java:346)
	at com.appointmentscheduler/com.appointmentscheduler.presentation.ErrorHandler.showErrorOnFxThread(ErrorHandler.java:48)
	at com.appointmentscheduler/com.appointmentscheduler.presentation.ErrorHandler.lambda$0(ErrorHandler.java:34)
	at javafx.graphics/com.sun.javafx.application.PlatformImpl.lambda$runLater$10(PlatformImpl.java:457)
	at java.base/java.security.AccessController.doPrivileged(AccessController.java:138)
	at javafx.graphics/com.sun.javafx.application.PlatformImpl.lambda$runLater$11(PlatformImpl.java:456)
	at javafx.graphics/com.sun.glass.ui.InvokeLaterDispatcher$Future.run$$$capture(InvokeLaterDispatcher.java:96)
	at javafx.graphics/com.sun.glass.ui.InvokeLaterDispatcher$Future.run(InvokeLaterDispatcher.java)
	at javafx.graphics/com.sun.glass.ui.win.WinApplication._enterNestedEventLoopImpl(Native Method)
	at javafx.graphics/com.sun.glass.ui.win.WinApplication._enterNestedEventLoop(WinApplication.java:211)
	at javafx.graphics/com.sun.glass.ui.Application.enterNestedEventLoop(Application.java:515)
	at javafx.graphics/com.sun.glass.ui.EventLoop.enter(EventLoop.java:107)
	at javafx.graphics/com.sun.javafx.tk.quantum.QuantumToolkit.enterNestedEventLoop(QuantumToolkit.java:647)
	at javafx.graphics/javafx.stage.Stage.showAndWait(Stage.java:469)
	at javafx.controls/javafx.scene.control.HeavyweightDialog.showAndWait(HeavyweightDialog.java:162)
	at javafx.controls/javafx.scene.control.Dialog.showAndWait(Dialog.java:346)
	at com.appointmentscheduler/com.appointmentscheduler.presentation.ErrorHandler.showErrorOnFxThread(ErrorHandler.java:48)
	at com.appointmentscheduler/com.appointmentscheduler.presentation.ErrorHandler.lambda$0(ErrorHandler.java:34)
	at javafx.graphics/com.sun.javafx.application.PlatformImpl.lambda$runLater$10(PlatformImpl.java:457)
	at java.base/java.security.AccessController.doPrivileged(AccessController.java:138)
	at javafx.graphics/com.sun.javafx.application.PlatformImpl.lambda$runLater$11(PlatformImpl.java:456)
	at javafx.graphics/com.sun.glass.ui.InvokeLaterDispatcher$Future.run$$$capture(InvokeLaterDispatcher.java:96)
	at javafx.graphics/com.sun.glass.ui.InvokeLaterDispatcher$Future.run(InvokeLaterDispatcher.java)
	at javafx.graphics/com.sun.glass.ui.win.WinApplication._enterNestedEventLoopImpl(Native Method)
	at javafx.graphics/com.sun.glass.ui.win.WinApplication._enterNestedEventLoop(WinApplication.java:211)
	at javafx.graphics/com.sun.glass.ui.Application.enterNestedEventLoop(Application.java:515)
	at javafx.graphics/com.sun.glass.ui.EventLoop.enter(EventLoop.java:107)
	at javafx.graphics/com.sun.javafx.tk.quantum.QuantumToolkit.enterNestedEventLoop(QuantumToolkit.java:647)
	at javafx.graphics/javafx.stage.Stage.showAndWait(Stage.java:469)
	at javafx.controls/javafx.scene.control.HeavyweightDialog.showAndWait(HeavyweightDialog.java:162)
	at javafx.controls/javafx.scene.control.Dialog.showAndWait(Dialog.java:346)
	at com.appointmentscheduler/com.appointmentscheduler.presentation.ErrorHandler.showErrorOnFxThread(ErrorHandler.java:48)
	at com.appointmentscheduler/com.appointmentscheduler.presentation.ErrorHandler.lambda$0(ErrorHandler.java:34)
	at javafx.graphics/com.sun.javafx.application.PlatformImpl.lambda$runLater$10(PlatformImpl.java:457)
	at java.base/java.security.AccessController.doPrivileged(AccessController.java:138)
	at javafx.graphics/com.sun.javafx.application.PlatformImpl.lambda$runLater$11(PlatformImpl.java:456)
	at javafx.graphics/com.sun.glass.ui.InvokeLaterDispatcher$Future.run$$$capture(InvokeLaterDispatcher.java:96)
	at javafx.graphics/com.sun.glass.ui.InvokeLaterDispatcher$Future.run(InvokeLaterDispatcher.java)
	at javafx.graphics/com.sun.glass.ui.win.WinApplication._enterNestedEventLoopImpl(Native Method)
	at javafx.graphics/com.sun.glass.ui.win.WinApplication._enterNestedEventLoop(WinApplication.java:211)
	at javafx.graphics/com.sun.glass.ui.Application.enterNestedEventLoop(Application.java:515)
	at javafx.graphics/com.sun.glass.ui.EventLoop.enter(EventLoop.java:107)
	at javafx.graphics/com.sun.javafx.tk.quantum.QuantumToolkit.enterNestedEventLoop(QuantumToolkit.java:647)
	at javafx.graphics/javafx.stage.Stage.showAndWait(Stage.java:469)
	at javafx.controls/javafx.scene.control.HeavyweightDialog.showAndWait(HeavyweightDialog.java:162)
	at javafx.controls/javafx.scene.control.Dialog.showAndWait(Dialog.java:346)
	at com.appointmentscheduler/com.appointmentscheduler.presentation.ErrorHandler.showErrorOnFxThread(ErrorHandler.java:48)
	at com.appointmentscheduler/com.appointmentscheduler.presentation.ErrorHandler.lambda$0(ErrorHandler.java:34)
	at javafx.graphics/com.sun.javafx.application.PlatformImpl.lambda$runLater$10(PlatformImpl.java:457)
	at java.base/java.security.AccessController.doPrivileged(AccessController.java:138)
	at javafx.graphics/com.sun.javafx.application.PlatformImpl.lambda$runLater$11(PlatformImpl.java:456)
	at javafx.graphics/com.sun.glass.ui.InvokeLaterDispatcher$Future.run$$$capture(InvokeLaterDispatcher.java:96)
	at javafx.graphics/com.sun.glass.ui.InvokeLaterDispatcher$Future.run(InvokeLaterDispatcher.java)
	at javafx.graphics/com.sun.glass.ui.win.WinApplication._enterNestedEventLoopImpl(Native Method)
	at javafx.graphics/com.sun.glass.ui.win.WinApplication._enterNestedEventLoop(WinApplication.java:211)
	at javafx.graphics/com.sun.glass.ui.Application.enterNestedEventLoop(Application.java:515)
	at javafx.graphics/com.sun.glass.ui.EventLoop.enter(EventLoop.java:107)
	at javafx.graphics/com.sun.javafx.tk.quantum.QuantumToolkit.enterNestedEventLoop(QuantumToolkit.java:647)
	at javafx.graphics/javafx.stage.Stage.showAndWait(Stage.java:469)
	at javafx.controls/javafx.scene.control.HeavyweightDialog.showAndWait(HeavyweightDialog.java:162)
	at javafx.controls/javafx.scene.control.Dialog.showAndWait(Dialog.java:346)
	at com.appointmentscheduler/com.appointmentscheduler.presentation.ErrorHandler.showErrorOnFxThread(ErrorHandler.java:48)
	at com.appointmentscheduler/com.appointmentscheduler.presentation.ErrorHandler.lambda$0(ErrorHandler.java:34)
	at javafx.graphics/com.sun.javafx.application.PlatformImpl.lambda$runLater$10(PlatformImpl.java:457)
	at java.base/java.security.AccessController.doPrivileged(AccessController.java:138)
	at javafx.graphics/com.sun.javafx.application.PlatformImpl.lambda$runLater$11(PlatformImpl.java:456)
	at javafx.graphics/com.sun.glass.ui.InvokeLaterDispatcher$Future.run$$$capture(InvokeLaterDispatcher.java:96)
	at javafx.graphics/com.sun.glass.ui.InvokeLaterDispatcher$Future.run(InvokeLaterDispatcher.java)
	at javafx.graphics/com.sun.glass.ui.win.WinApplication._enterNestedEventLoopImpl(Native Method)
	at javafx.graphics/com.sun.glass.ui.win.WinApplication._enterNestedEventLoop(WinApplication.java:211)
	at javafx.graphics/com.sun.glass.ui.Application.enterNestedEventLoop(Application.java:515)
	at javafx.graphics/com.sun.glass.ui.EventLoop.enter(EventLoop.java:107)
	at javafx.graphics/com.sun.javafx.tk.quantum.QuantumToolkit.enterNestedEventLoop(QuantumToolkit.java:647)
	at javafx.graphics/javafx.stage.Stage.showAndWait(Stage.java:469)
	at javafx.controls/javafx.scene.control.HeavyweightDialog.showAndWait(HeavyweightDialog.java:162)
	at javafx.controls/javafx.scene.control.Dialog.showAndWait(Dialog.java:346)
	at com.appointmentscheduler/com.appointmentscheduler.presentation.ErrorHandler.showErrorOnFxThread(ErrorHandler.java:48)
	at com.appointmentscheduler/com.appointmentscheduler.presentation.ErrorHandler.lambda$0(ErrorHandler.java:34)
	at javafx.graphics/com.sun.javafx.application.PlatformImpl.lambda$runLater$10(PlatformImpl.java:457)
	at java.base/java.security.AccessController.doPrivileged(AccessController.java:138)
	at javafx.graphics/com.sun.javafx.application.PlatformImpl.lambda$runLater$11(PlatformImpl.java:456)
	at javafx.graphics/com.sun.glass.ui.InvokeLaterDispatcher$Future.run$$$capture(InvokeLaterDispatcher.java:96)
	at javafx.graphics/com.sun.glass.ui.InvokeLaterDispatcher$Future.run(InvokeLaterDispatcher.java)
	at javafx.graphics/com.sun.glass.ui.win.WinApplication._runLoop(Native Method)
	at javafx.graphics/com.sun.glass.ui.win.WinApplication.lambda$runLoop$3(WinApplication.java:184)
	at java.base/java.lang.Thread.run(Thread.java:1474)
2026-04-18 22:39:42.939 [main] DEBUG com.appointmentscheduler.application.AppConfig - Application configuration loaded
2026-04-18 22:39:42.941 [main] DEBUG com.appointmentscheduler.application.AppConfig - Merged application-local.properties
2026-04-18 22:39:42.945 [main] DEBUG com.appointmentscheduler.application.AppConfig - Application configuration loaded
2026-04-18 22:39:42.946 [main] DEBUG com.appointmentscheduler.application.AppConfig - Merged application-local.properties
2026-04-18 22:39:42.959 [main] DEBUG com.appointmentscheduler.application.AppConfig - Application configuration loaded
2026-04-18 22:39:42.959 [main] DEBUG com.appointmentscheduler.application.AppConfig - Merged application-local.properties
2026-04-18 22:39:42.966 [main] DEBUG com.appointmentscheduler.application.AppConfig - Application configuration loaded
2026-04-18 22:39:42.966 [main] DEBUG com.appointmentscheduler.application.AppConfig - Merged application-local.properties
2026-04-18 22:39:42.974 [main] DEBUG com.appointmentscheduler.application.AppConfig - Application configuration loaded
2026-04-18 22:39:42.975 [main] DEBUG com.appointmentscheduler.application.AppConfig - Merged application-local.properties
2026-04-18 22:39:42.981 [main] DEBUG com.appointmentscheduler.application.AppConfig - Application configuration loaded
2026-04-18 22:39:42.981 [main] DEBUG com.appointmentscheduler.application.AppConfig - Merged application-local.properties
2026-04-18 22:39:42.984 [main] DEBUG com.appointmentscheduler.application.AppConfig - Application configuration loaded
2026-04-18 22:39:42.985 [main] DEBUG com.appointmentscheduler.application.AppConfig - Merged application-local.properties
2026-04-18 22:39:42.996 [main] DEBUG com.appointmentscheduler.application.AppConfig - Application configuration loaded
2026-04-18 22:39:42.997 [main] DEBUG com.appointmentscheduler.application.AppConfig - Merged application-local.properties
2026-04-18 22:39:43.001 [main] DEBUG com.appointmentscheduler.application.AppConfig - Application configuration loaded
2026-04-18 22:39:43.002 [main] DEBUG com.appointmentscheduler.application.AppConfig - Merged application-local.properties
2026-04-18 22:39:43.012 [main] DEBUG com.appointmentscheduler.application.AppConfig - Application configuration loaded
2026-04-18 22:39:43.013 [main] DEBUG com.appointmentscheduler.application.AppConfig - Merged application-local.properties
2026-04-18 22:39:43.020 [main] DEBUG com.appointmentscheduler.application.AppConfig - Application configuration loaded
2026-04-18 22:39:43.022 [main] DEBUG com.appointmentscheduler.application.AppConfig - Merged application-local.properties
2026-04-18 22:39:43.030 [main] DEBUG com.appointmentscheduler.application.AppConfig - Application configuration loaded
2026-04-18 22:39:43.031 [main] DEBUG com.appointmentscheduler.application.AppConfig - Merged application-local.properties
2026-04-18 22:39:43.035 [main] DEBUG com.appointmentscheduler.application.AppConfig - Application configuration loaded
2026-04-18 22:39:43.036 [main] DEBUG com.appointmentscheduler.application.AppConfig - Merged application-local.properties
2026-04-18 22:39:43.048 [main] DEBUG com.appointmentscheduler.application.AppConfig - Application configuration loaded
2026-04-18 22:39:43.049 [main] DEBUG com.appointmentscheduler.application.AppConfig - Merged application-local.properties
2026-04-18 22:39:43.403 [main] DEBUG c.appointmentscheduler.application.AuditLogService - Audit: ACTION | null | details
2026-04-18 22:39:43.403 [main] DEBUG c.appointmentscheduler.application.AuditLogService - Audit: A2 | N | d2
2026-04-18 22:39:43.404 [main] DEBUG c.appointmentscheduler.application.AuditLogService - Audit: A3 | N | d3 | entity=e1
2026-04-18 22:39:43.404 [main] DEBUG c.appointmentscheduler.application.AuditLogService - Audit: A4 | name | d4
2026-04-18 22:39:43.442 [main] INFO  com.appointmentscheduler.presentation.MainApp - Using database persistence (H2). User and appointment data will be saved.
2026-04-18 22:39:43.443 [main] DEBUG c.a.application.AppointmentReminderService - Registered reminder channel: SMSNotification
2026-04-18 22:39:45.915 [main] DEBUG com.appointmentscheduler.application.AppConfig - Application configuration loaded
2026-04-18 22:39:45.915 [main] DEBUG com.appointmentscheduler.application.AppConfig - Merged application-local.properties
2026-04-18 22:39:45.917 [main] INFO  com.appointmentscheduler.presentation.MainApp - Using database persistence (MySQL). User and appointment data will be saved.
2026-04-18 22:39:45.917 [main] DEBUG c.a.application.AppointmentReminderService - Registered reminder channel: SMSNotification
2026-04-18 22:39:48.079 [main] DEBUG com.appointmentscheduler.application.AppConfig - Application configuration loaded
2026-04-18 22:39:48.080 [main] DEBUG com.appointmentscheduler.application.AppConfig - Merged application-local.properties
2026-04-18 22:39:48.083 [main] INFO  com.appointmentscheduler.presentation.MainApp - Using database persistence (PostgreSQL). User and appointment data will be saved.
2026-04-18 22:39:48.083 [main] DEBUG c.a.application.AppointmentReminderService - Registered reminder channel: SMSNotification
2026-04-18 22:39:50.189 [main] DEBUG com.appointmentscheduler.application.AppConfig - Application configuration loaded
2026-04-18 22:39:50.189 [main] DEBUG com.appointmentscheduler.application.AppConfig - Merged application-local.properties
2026-04-18 22:39:50.191 [main] DEBUG c.a.application.AppointmentReminderService - Registered reminder channel: SMSNotification
2026-04-18 22:39:52.656 [main] DEBUG com.appointmentscheduler.application.AppConfig - Application configuration loaded
2026-04-18 22:39:52.657 [main] DEBUG com.appointmentscheduler.application.AppConfig - Merged application-local.properties
2026-04-18 22:39:52.677 [main] DEBUG c.a.application.InAppMessagingService - Customer contact stored in staff inbox id=0842cba9-f593-46de-9f43-7d9ce578406f customerId=p1
2026-04-18 22:39:52.800 [main] DEBUG c.a.application.InAppMessagingService - In-app message stored userId=p1 correlationId=a94446a5-bcec-4dcd-9ef2-bf6bb1cf46b8
2026-04-18 22:39:52.803 [main] DEBUG c.a.application.InAppMessagingService - In-app message stored userId=p1 correlationId=b9f31826-6815-499d-9038-3f23803e524b
2026-04-18 22:39:52.805 [main] DEBUG c.a.application.InAppMessagingService - In-app message stored userId=p1 correlationId=f1291626-a0a0-417d-bede-69b99afba786
2026-04-18 22:39:52.805 [main] DEBUG c.a.application.InAppMessagingService - In-app message stored userId=p2 correlationId=720389da-334e-4abf-9df8-7dd7350cbada
2026-04-18 22:39:53.245 [main] INFO  c.a.a.email.JakartaMailEmailNotificationService - Email sent: subject="Appointment Booking Confirmation" to=recipient@test.com
2026-04-18 22:39:53.253 [main] INFO  c.a.a.email.JakartaMailEmailNotificationService - Email sent: subject="Appointment Rescheduled" to=recipient@test.com
2026-04-18 22:39:53.260 [main] INFO  c.a.a.email.JakartaMailEmailNotificationService - Email sent: subject="Appointment Cancelled" to=recipient@test.com
2026-04-18 22:39:53.267 [main] INFO  c.a.a.email.JakartaMailEmailNotificationService - Email sent: subject="Appointment Reminder" to=recipient@test.com
2026-04-18 22:39:53.275 [main] INFO  c.a.a.email.JakartaMailEmailNotificationService - Email sent: subject="Appointment Reminder" to=recipient@test.com
2026-04-18 22:39:53.277 [main] DEBUG com.appointmentscheduler.application.AppConfig - Application configuration loaded
2026-04-18 22:39:53.277 [main] DEBUG com.appointmentscheduler.application.AppConfig - Merged application-local.properties
2026-04-18 22:39:53.280 [main] WARN  c.a.a.email.JakartaMailEmailNotificationService - Email is enabled but sender credentials are missing; set SENDER_EMAIL and APP_PASSWORD or email.auth.* in application.properties.
2026-04-18 22:39:53.280 [main] WARN  c.a.a.email.JakartaMailEmailNotificationService - Email is enabled but sender credentials are missing; set SENDER_EMAIL and APP_PASSWORD or email.auth.* in application.properties.
2026-04-18 22:39:53.280 [main] WARN  c.a.a.email.JakartaMailEmailNotificationService - Email is enabled but sender credentials are missing; set SENDER_EMAIL and APP_PASSWORD or email.auth.* in application.properties.
2026-04-18 22:39:53.280 [main] WARN  c.a.a.email.JakartaMailEmailNotificationService - Email is enabled but sender credentials are missing; set SENDER_EMAIL and APP_PASSWORD or email.auth.* in application.properties.
2026-04-18 22:39:53.282 [main] DEBUG com.appointmentscheduler.application.AppConfig - Application configuration loaded
2026-04-18 22:39:53.283 [main] DEBUG com.appointmentscheduler.application.AppConfig - Merged application-local.properties
2026-04-18 22:39:53.287 [main] WARN  c.a.a.email.JakartaMailEmailNotificationService - Skipping booking confirmation email: no recipient email on appointment 0c41ce78-4625-425b-b3fd-53f345152e73
2026-04-18 22:39:53.287 [main] WARN  c.a.a.email.JakartaMailEmailNotificationService - Skipping modification email: no recipient email on appointment 0c41ce78-4625-425b-b3fd-53f345152e73
2026-04-18 22:39:53.287 [main] WARN  c.a.a.email.JakartaMailEmailNotificationService - Skipping cancellation email: no recipient email on appointment 0c41ce78-4625-425b-b3fd-53f345152e73
2026-04-18 22:39:53.287 [main] WARN  c.a.a.email.JakartaMailEmailNotificationService - Skipping reminder email: no recipient email on appointment 0c41ce78-4625-425b-b3fd-53f345152e73
2026-04-18 22:39:53.292 [main] WARN  c.a.a.email.JakartaMailEmailNotificationService - Skipping booking confirmation email: no recipient email on appointment 8ba510d0-02db-4cbb-8513-e979f4de2a0a
2026-04-18 22:39:53.292 [main] WARN  c.a.a.email.JakartaMailEmailNotificationService - Skipping modification email: no recipient email on appointment 8ba510d0-02db-4cbb-8513-e979f4de2a0a
2026-04-18 22:39:53.292 [main] WARN  c.a.a.email.JakartaMailEmailNotificationService - Skipping cancellation email: no recipient email on appointment 8ba510d0-02db-4cbb-8513-e979f4de2a0a
2026-04-18 22:39:53.292 [main] WARN  c.a.a.email.JakartaMailEmailNotificationService - Skipping reminder email: no recipient email on appointment 8ba510d0-02db-4cbb-8513-e979f4de2a0a
2026-04-18 22:39:53.293 [main] DEBUG com.appointmentscheduler.application.AppConfig - Application configuration loaded
2026-04-18 22:39:53.293 [main] DEBUG com.appointmentscheduler.application.AppConfig - Merged application-local.properties
2026-04-18 22:39:53.296 [main] DEBUG c.a.a.email.JakartaMailEmailNotificationService - Email notifications are disabled (email.enabled=false).
2026-04-18 22:39:53.298 [main] DEBUG com.appointmentscheduler.application.AppConfig - Application configuration loaded
2026-04-18 22:39:53.299 [main] DEBUG com.appointmentscheduler.application.AppConfig - Merged application-local.properties
2026-04-18 22:39:53.311 [main] ERROR c.a.a.email.JakartaMailEmailNotificationService - Failed to send email (subject="Appointment Booking Confirmation")
jakarta.mail.MessagingException: boom
	at jakarta.mail@2.1.3/jakarta.mail.Transport.send(Transport.java:101)
	at com.appointmentscheduler/com.appointmentscheduler.application.email.JakartaMailEmailNotificationService.sendMime(JakartaMailEmailNotificationService.java:149)
	at com.appointmentscheduler/com.appointmentscheduler.application.email.JakartaMailEmailNotificationService.sendBookingConfirmation(JakartaMailEmailNotificationService.java:51)
	at com.appointmentscheduler/com.appointmentscheduler.application.JakartaMailEmailNotificationServiceTest.lambda$8(JakartaMailEmailNotificationServiceTest.java:137)
	at org.assertj.core.api.ThrowableAssert.catchThrowable(ThrowableAssert.java:63)
	at org.assertj.core.api.AssertionsForClassTypes.catchThrowable(AssertionsForClassTypes.java:892)
	at org.assertj.core.api.Assertions.catchThrowable(Assertions.java:1366)
	at org.assertj.core.api.Assertions.assertThatThrownBy(Assertions.java:1210)
	at com.appointmentscheduler/com.appointmentscheduler.application.JakartaMailEmailNotificationServiceTest.sendMime_wrapsException(JakartaMailEmailNotificationServiceTest.java:137)
	at java.base/jdk.internal.reflect.DirectMethodHandleAccessor.invoke(DirectMethodHandleAccessor.java:104)
	at java.base/java.lang.reflect.Method.invoke(Method.java:565)
	at org.junit.platform.commons.util.ReflectionUtils.invokeMethod(ReflectionUtils.java:728)
	at org.junit.jupiter.engine.execution.MethodInvocation.proceed(MethodInvocation.java:60)
	at org.junit.jupiter.engine.execution.InvocationInterceptorChain$ValidatingInvocation.proceed(InvocationInterceptorChain.java:131)
	at org.junit.jupiter.engine.extension.TimeoutExtension.intercept(TimeoutExtension.java:156)
	at org.junit.jupiter.engine.extension.TimeoutExtension.interceptTestableMethod(TimeoutExtension.java:147)
	at org.junit.jupiter.engine.extension.TimeoutExtension.interceptTestMethod(TimeoutExtension.java:86)
	at org.junit.jupiter.engine.execution.InterceptingExecutableInvoker$ReflectiveInterceptorCall.lambda$ofVoidMethod$0(InterceptingExecutableInvoker.java:103)
	at org.junit.jupiter.engine.execution.InterceptingExecutableInvoker.lambda$invoke$0(InterceptingExecutableInvoker.java:93)
	at org.junit.jupiter.engine.execution.InvocationInterceptorChain$InterceptedInvocation.proceed(InvocationInterceptorChain.java:106)
	at org.junit.jupiter.engine.execution.InvocationInterceptorChain.proceed(InvocationInterceptorChain.java:64)
	at org.junit.jupiter.engine.execution.InvocationInterceptorChain.chainAndInvoke(InvocationInterceptorChain.java:45)
	at org.junit.jupiter.engine.execution.InvocationInterceptorChain.invoke(InvocationInterceptorChain.java:37)
	at org.junit.jupiter.engine.execution.InterceptingExecutableInvoker.invoke(InterceptingExecutableInvoker.java:92)
	at org.junit.jupiter.engine.execution.InterceptingExecutableInvoker.invoke(InterceptingExecutableInvoker.java:86)
	at org.junit.jupiter.engine.descriptor.TestMethodTestDescriptor.lambda$invokeTestMethod$7(TestMethodTestDescriptor.java:218)
	at org.junit.platform.engine.support.hierarchical.ThrowableCollector.execute(ThrowableCollector.java:73)
	at org.junit.jupiter.engine.descriptor.TestMethodTestDescriptor.invokeTestMethod(TestMethodTestDescriptor.java:214)
	at org.junit.jupiter.engine.descriptor.TestMethodTestDescriptor.execute(TestMethodTestDescriptor.java:139)
	at org.junit.jupiter.engine.descriptor.TestMethodTestDescriptor.execute(TestMethodTestDescriptor.java:69)
	at org.junit.platform.engine.support.hierarchical.NodeTestTask.lambda$executeRecursively$6(NodeTestTask.java:151)
	at org.junit.platform.engine.support.hierarchical.ThrowableCollector.execute(ThrowableCollector.java:73)
	at org.junit.platform.engine.support.hierarchical.NodeTestTask.lambda$executeRecursively$8(NodeTestTask.java:141)
	at org.junit.platform.engine.support.hierarchical.Node.around(Node.java:137)
	at org.junit.platform.engine.support.hierarchical.NodeTestTask.lambda$executeRecursively$9(NodeTestTask.java:139)
	at org.junit.platform.engine.support.hierarchical.ThrowableCollector.execute(ThrowableCollector.java:73)
	at org.junit.platform.engine.support.hierarchical.NodeTestTask.executeRecursively(NodeTestTask.java:138)
	at org.junit.platform.engine.support.hierarchical.NodeTestTask.execute(NodeTestTask.java:95)
	at java.base/java.util.ArrayList.forEach(ArrayList.java:1604)
	at org.junit.platform.engine.support.hierarchical.SameThreadHierarchicalTestExecutorService.invokeAll(SameThreadHierarchicalTestExecutorService.java:41)
	at org.junit.platform.engine.support.hierarchical.NodeTestTask.lambda$executeRecursively$6(NodeTestTask.java:155)
	at org.junit.platform.engine.support.hierarchical.ThrowableCollector.execute(ThrowableCollector.java:73)
	at org.junit.platform.engine.support.hierarchical.NodeTestTask.lambda$executeRecursively$8(NodeTestTask.java:141)
	at org.junit.platform.engine.support.hierarchical.Node.around(Node.java:137)
	at org.junit.platform.engine.support.hierarchical.NodeTestTask.lambda$executeRecursively$9(NodeTestTask.java:139)
	at org.junit.platform.engine.support.hierarchical.ThrowableCollector.execute(ThrowableCollector.java:73)
	at org.junit.platform.engine.support.hierarchical.NodeTestTask.executeRecursively(NodeTestTask.java:138)
	at org.junit.platform.engine.support.hierarchical.NodeTestTask.execute(NodeTestTask.java:95)
	at java.base/java.util.ArrayList.forEach(ArrayList.java:1604)
	at org.junit.platform.engine.support.hierarchical.SameThreadHierarchicalTestExecutorService.invokeAll(SameThreadHierarchicalTestExecutorService.java:41)
	at org.junit.platform.engine.support.hierarchical.NodeTestTask.lambda$executeRecursively$6(NodeTestTask.java:155)
	at org.junit.platform.engine.support.hierarchical.ThrowableCollector.execute(ThrowableCollector.java:73)
	at org.junit.platform.engine.support.hierarchical.NodeTestTask.lambda$executeRecursively$8(NodeTestTask.java:141)
	at org.junit.platform.engine.support.hierarchical.Node.around(Node.java:137)
	at org.junit.platform.engine.support.hierarchical.NodeTestTask.lambda$executeRecursively$9(NodeTestTask.java:139)
	at org.junit.platform.engine.support.hierarchical.ThrowableCollector.execute(ThrowableCollector.java:73)
	at org.junit.platform.engine.support.hierarchical.NodeTestTask.executeRecursively(NodeTestTask.java:138)
	at org.junit.platform.engine.support.hierarchical.NodeTestTask.execute(NodeTestTask.java:95)
	at org.junit.platform.engine.support.hierarchical.SameThreadHierarchicalTestExecutorService.submit(SameThreadHierarchicalTestExecutorService.java:35)
	at org.junit.platform.engine.support.hierarchical.HierarchicalTestExecutor.execute(HierarchicalTestExecutor.java:57)
	at org.junit.platform.engine.support.hierarchical.HierarchicalTestEngine.execute(HierarchicalTestEngine.java:54)
	at org.junit.platform.launcher.core.EngineExecutionOrchestrator.execute(EngineExecutionOrchestrator.java:198)
	at org.junit.platform.launcher.core.EngineExecutionOrchestrator.execute(EngineExecutionOrchestrator.java:169)
	at org.junit.platform.launcher.core.EngineExecutionOrchestrator.execute(EngineExecutionOrchestrator.java:93)
	at org.junit.platform.launcher.core.EngineExecutionOrchestrator.lambda$execute$0(EngineExecutionOrchestrator.java:58)
	at org.junit.platform.launcher.core.EngineExecutionOrchestrator.withInterceptedStreams(EngineExecutionOrchestrator.java:141)
	at org.junit.platform.launcher.core.EngineExecutionOrchestrator.execute(EngineExecutionOrchestrator.java:57)
	at org.junit.platform.launcher.core.DefaultLauncher.execute(DefaultLauncher.java:103)
	at org.junit.platform.launcher.core.DefaultLauncher.execute(DefaultLauncher.java:85)
	at org.junit.platform.launcher.core.DelegatingLauncher.execute(DelegatingLauncher.java:47)
	at org.junit.platform.launcher.core.SessionPerRequestLauncher.execute(SessionPerRequestLauncher.java:63)
	at com.intellij.junit5.JUnit5IdeaTestRunner.startRunnerWithArgs(JUnit5IdeaTestRunner.java:66)
	at com.intellij.rt.junit.IdeaTestRunner$Repeater$1.execute(IdeaTestRunner.java:38)
	at com.intellij.rt.execution.junit.TestsRepeater.repeat(TestsRepeater.java:11)
	at com.intellij.rt.junit.IdeaTestRunner$Repeater.startRunnerWithArgs(IdeaTestRunner.java:35)
	at com.intellij.rt.junit.JUnitStarter.prepareStreamsAndStart(JUnitStarter.java:231)
	at com.intellij.rt.junit.JUnitStarter.main(JUnitStarter.java:55)
2026-04-18 22:39:53.315 [main] DEBUG com.appointmentscheduler.application.AppConfig - Application configuration loaded
2026-04-18 22:39:53.315 [main] DEBUG com.appointmentscheduler.application.AppConfig - Merged application-local.properties
2026-04-18 22:39:53.319 [JavaFX Application Thread] INFO  com.appointmentscheduler.presentation.MainApp - Using database persistence (MySQL). User and appointment data will be saved.
2026-04-18 22:39:53.319 [JavaFX Application Thread] DEBUG c.a.application.AppointmentReminderService - Registered reminder channel: SMSNotification
2026-04-18 22:39:53.927 [JavaFX Application Thread] INFO  com.appointmentscheduler.presentation.MainApp - Starting Appointment Booking System v3.0.0
2026-04-18 22:40:00.253 [main] DEBUG c.appointmentscheduler.application.AuditLogService - Audit: EXPORT | Admin One | export test
2026-04-18 22:40:09.156 [JavaFX Application Thread] INFO  com.appointmentscheduler.presentation.MainApp - Using database persistence (MySQL). User and appointment data will be saved.
2026-04-18 22:40:09.157 [JavaFX Application Thread] DEBUG c.a.application.AppointmentReminderService - Registered reminder channel: SMSNotification
2026-04-18 22:40:09.839 [JavaFX Application Thread] INFO  com.appointmentscheduler.presentation.MainApp - Starting Appointment Booking System v3.0.0
2026-04-18 22:40:10.404 [JavaFX Application Thread] WARN  com.appointmentscheduler.presentation.MainApp - loadScreen re-entry ignored: PatientDashboard.fxml
2026-04-18 22:40:10.404 [JavaFX Application Thread] WARN  com.appointmentscheduler.presentation.MainApp - loadScreen re-entry ignored: ThisDoesNotExist.fxml
2026-04-18 22:40:10.409 [JavaFX Application Thread] DEBUG c.appointmentscheduler.application.AuditLogService - Audit: LOGOUT | Admin | User logged out from application
2026-04-18 22:40:10.409 [JavaFX Application Thread] WARN  com.appointmentscheduler.presentation.MainApp - loadScreen re-entry ignored: Login.fxml
2026-04-18 22:40:11.757 [main] DEBUG c.a.persistence.database.DatabaseConfig - MySQL (skipped): ALTER TABLE appointment ADD COLUMN customer_notes VARCHAR(2000) NULL — Duplicate column name 'x'
2026-04-18 22:40:11.758 [main] DEBUG c.a.persistence.database.DatabaseConfig - MySQL (skipped): ALTER TABLE appointment ADD COLUMN contact_phone VARCHAR(64) NULL — Duplicate column name 'x'
2026-04-18 22:40:11.759 [main] DEBUG c.a.persistence.database.DatabaseConfig - MySQL (skipped): ALTER TABLE appointment ADD COLUMN reminder_channel VARCHAR(32) NULL — Duplicate column name 'x'
2026-04-18 22:40:11.759 [main] DEBUG c.a.persistence.database.DatabaseConfig - MySQL (skipped): ALTER TABLE appointment ADD COLUMN accessibility_needs VARCHAR(512) NULL — Duplicate column name 'x'
2026-04-18 22:40:11.759 [main] DEBUG c.a.persistence.database.DatabaseConfig - MySQL (skipped): ALTER TABLE appointment ADD COLUMN preferred_language VARCHAR(16) NULL — Duplicate column name 'x'
2026-04-18 22:40:11.781 [main] DEBUG c.a.persistence.database.DatabaseConfig - MySQL (skipped): ALTER TABLE appointment ADD COLUMN customer_notes VARCHAR(2000) NULL — duplicate column name 'customer_notes'
2026-04-18 22:40:11.781 [main] DEBUG c.a.persistence.database.DatabaseConfig - MySQL (skipped): ALTER TABLE appointment ADD COLUMN contact_phone VARCHAR(64) NULL — duplicate column name 'customer_notes'
2026-04-18 22:40:11.782 [main] DEBUG c.a.persistence.database.DatabaseConfig - MySQL (skipped): ALTER TABLE appointment ADD COLUMN reminder_channel VARCHAR(32) NULL — duplicate column name 'customer_notes'
2026-04-18 22:40:11.782 [main] DEBUG c.a.persistence.database.DatabaseConfig - MySQL (skipped): ALTER TABLE appointment ADD COLUMN accessibility_needs VARCHAR(512) NULL — duplicate column name 'customer_notes'
2026-04-18 22:40:11.782 [main] DEBUG c.a.persistence.database.DatabaseConfig - MySQL (skipped): ALTER TABLE appointment ADD COLUMN preferred_language VARCHAR(16) NULL — duplicate column name 'customer_notes'
2026-04-18 22:40:11.784 [main] INFO  c.a.persistence.database.DatabaseConfig - PostgreSQL: schema and table appointment.app_user verified/created
2026-04-18 22:40:11.805 [main] INFO  c.a.persistence.database.DatabaseConfig - MySQL: table app_user verified/created
2026-04-18 22:40:11.805 [main] INFO  c.a.persistence.database.DatabaseConfig - MySQL: ALTER TABLE appointment ADD COLUMN customer_notes VARCHAR(2000) NULL
2026-04-18 22:40:11.806 [main] INFO  c.a.persistence.database.DatabaseConfig - MySQL: ALTER TABLE appointment ADD COLUMN contact_phone VARCHAR(64) NULL
2026-04-18 22:40:11.807 [main] INFO  c.a.persistence.database.DatabaseConfig - MySQL: ALTER TABLE appointment ADD COLUMN reminder_channel VARCHAR(32) NULL
2026-04-18 22:40:11.807 [main] INFO  c.a.persistence.database.DatabaseConfig - MySQL: ALTER TABLE appointment ADD COLUMN accessibility_needs VARCHAR(512) NULL
2026-04-18 22:40:11.807 [main] INFO  c.a.persistence.database.DatabaseConfig - MySQL: ALTER TABLE appointment ADD COLUMN preferred_language VARCHAR(16) NULL
2026-04-18 22:40:11.823 [main] INFO  c.a.persistence.database.DatabaseConfig - Flyway migrations executed: 0
2026-04-18 22:40:11.824 [main] DEBUG com.appointmentscheduler.application.AppConfig - Application configuration loaded
2026-04-18 22:40:11.825 [main] DEBUG com.appointmentscheduler.application.AppConfig - Merged application-local.properties
2026-04-18 22:40:11.837 [main] DEBUG c.a.persistence.database.DatabaseConfig - MySQL (skipped): ALTER TABLE appointment ADD COLUMN customer_notes VARCHAR(2000) NULL — Table doesn't exist
2026-04-18 22:40:11.837 [main] DEBUG c.a.persistence.database.DatabaseConfig - MySQL (skipped): ALTER TABLE appointment ADD COLUMN contact_phone VARCHAR(64) NULL — Table doesn't exist
2026-04-18 22:40:11.837 [main] DEBUG c.a.persistence.database.DatabaseConfig - MySQL (skipped): ALTER TABLE appointment ADD COLUMN reminder_channel VARCHAR(32) NULL — Table doesn't exist
2026-04-18 22:40:11.837 [main] DEBUG c.a.persistence.database.DatabaseConfig - MySQL (skipped): ALTER TABLE appointment ADD COLUMN accessibility_needs VARCHAR(512) NULL — Table doesn't exist
2026-04-18 22:40:11.839 [main] DEBUG c.a.persistence.database.DatabaseConfig - MySQL (skipped): ALTER TABLE appointment ADD COLUMN preferred_language VARCHAR(16) NULL — Table doesn't exist
2026-04-18 22:40:11.865 [main] INFO  c.a.persistence.database.DatabaseConfig - Flyway migrations executed: 0
2026-04-18 22:40:11.871 [main] INFO  c.a.persistence.database.DatabaseConfig - PostgreSQL detected: baselining Flyway (schema created externally)
2026-04-18 22:40:11.872 [main] INFO  c.a.persistence.database.DatabaseConfig - Flyway migrations executed: 0
2026-04-18 22:40:11.874 [main] DEBUG com.appointmentscheduler.application.AppConfig - Application configuration loaded
2026-04-18 22:40:11.875 [main] DEBUG com.appointmentscheduler.application.AppConfig - Merged application-local.properties
2026-04-18 22:40:11.879 [main] ERROR c.a.persistence.database.DatabaseConfig - MySQL schema setup failed: db down
2026-04-18 22:40:11.887 [main] ERROR c.a.persistence.database.DatabaseConfig - PostgreSQL schema setup failed: cannot create schema
2026-04-18 22:40:11.892 [main] INFO  c.a.persistence.database.DatabaseConfig - Database connection pool closed
2026-04-18 22:40:12.076 [JavaFX Application Thread] INFO  com.zaxxer.hikari.HikariDataSource - AppointmentBookingPool - Starting...
2026-04-18 22:40:12.083 [JavaFX Application Thread] INFO  com.zaxxer.hikari.pool.HikariPool - AppointmentBookingPool - Added connection com.mysql.cj.jdbc.ConnectionImpl@85c6101
2026-04-18 22:40:12.084 [JavaFX Application Thread] INFO  com.zaxxer.hikari.HikariDataSource - AppointmentBookingPool - Start completed.
2026-04-18 22:40:12.084 [JavaFX Application Thread] INFO  c.a.persistence.database.DatabaseConfig - Database connection pool initialized: jdbc:mysql://localhost:3306/appointment?useUnicode=true&characterEncoding=UTF-8&serverTimezone=UTC&useSSL=false&allowPublicKeyRetrieval=true
2026-04-18 22:40:12.085 [JavaFX Application Thread] INFO  c.a.persistence.database.DatabaseConfig - MySQL: table app_user verified/created
2026-04-18 22:40:12.087 [JavaFX Application Thread] DEBUG c.a.persistence.database.DatabaseConfig - MySQL (skipped): ALTER TABLE appointment ADD COLUMN customer_notes VARCHAR(2000) NULL — Duplicate column name 'customer_notes'
2026-04-18 22:40:12.088 [JavaFX Application Thread] DEBUG c.a.persistence.database.DatabaseConfig - MySQL (skipped): ALTER TABLE appointment ADD COLUMN contact_phone VARCHAR(64) NULL — Duplicate column name 'contact_phone'
2026-04-18 22:40:12.089 [JavaFX Application Thread] DEBUG c.a.persistence.database.DatabaseConfig - MySQL (skipped): ALTER TABLE appointment ADD COLUMN reminder_channel VARCHAR(32) NULL — Duplicate column name 'reminder_channel'
2026-04-18 22:40:12.090 [JavaFX Application Thread] DEBUG c.a.persistence.database.DatabaseConfig - MySQL (skipped): ALTER TABLE appointment ADD COLUMN accessibility_needs VARCHAR(512) NULL — Duplicate column name 'accessibility_needs'
2026-04-18 22:40:12.091 [JavaFX Application Thread] DEBUG c.a.persistence.database.DatabaseConfig - MySQL (skipped): ALTER TABLE appointment ADD COLUMN preferred_language VARCHAR(16) NULL — Duplicate column name 'preferred_language'
2026-04-18 22:40:12.092 [JavaFX Application Thread] INFO  com.appointmentscheduler.presentation.MainApp - Using database persistence (MySQL). User and appointment data will be saved.
2026-04-18 22:40:12.092 [JavaFX Application Thread] DEBUG c.a.application.AppointmentReminderService - Registered reminder channel: SMSNotification
2026-04-18 22:40:12.767 [JavaFX Application Thread] INFO  com.appointmentscheduler.presentation.MainApp - Starting Appointment Booking System v3.0.0
2026-04-18 22:40:16.455 [JavaFX Application Thread] INFO  com.appointmentscheduler.presentation.MainApp - Using database persistence (MySQL). User and appointment data will be saved.
2026-04-18 22:40:16.455 [JavaFX Application Thread] DEBUG c.a.application.AppointmentReminderService - Registered reminder channel: SMSNotification
2026-04-18 22:40:17.035 [JavaFX Application Thread] INFO  com.appointmentscheduler.presentation.MainApp - Starting Appointment Booking System v3.0.0
2026-04-18 22:40:18.462 [JavaFX Application Thread] ERROR com.appointmentscheduler.presentation.MainApp - Failed to load screen: ThisDoesNotExist.fxml
java.lang.IllegalStateException: FXML not found. Tried: /com/appointmentscheduler/presentation/ThisDoesNotExist.fxml, com/appointmentscheduler/presentation/ThisDoesNotExist.fxml, ThisDoesNotExist.fxml. Check that src/main/resources is on classpath.
	at com.appointmentscheduler/com.appointmentscheduler.presentation.MainApp.loadScreen(MainApp.java:394)
	at com.appointmentscheduler/com.appointmentscheduler.presentation.PresentationMainAppCoverageTest.lambda$7(PresentationMainAppCoverageTest.java:76)
	at com.appointmentscheduler/com.appointmentscheduler.presentation.PresentationMainAppCoverageTest.lambda$11(PresentationMainAppCoverageTest.java:138)
	at com.appointmentscheduler/com.appointmentscheduler.presentation.PresentationMainAppCoverageTest.lambda$10(PresentationMainAppCoverageTest.java:120)
	at javafx.graphics/com.sun.javafx.application.PlatformImpl.lambda$runLater$10(PlatformImpl.java:457)
	at java.base/java.security.AccessController.doPrivileged(AccessController.java:138)
	at javafx.graphics/com.sun.javafx.application.PlatformImpl.lambda$runLater$11(PlatformImpl.java:456)
	at javafx.graphics/com.sun.glass.ui.InvokeLaterDispatcher$Future.run$$$capture(InvokeLaterDispatcher.java:96)
	at javafx.graphics/com.sun.glass.ui.InvokeLaterDispatcher$Future.run(InvokeLaterDispatcher.java)
	at javafx.graphics/com.sun.glass.ui.win.WinApplication._enterNestedEventLoopImpl(Native Method)
	at javafx.graphics/com.sun.glass.ui.win.WinApplication._enterNestedEventLoop(WinApplication.java:211)
	at javafx.graphics/com.sun.glass.ui.Application.enterNestedEventLoop(Application.java:515)
	at javafx.graphics/com.sun.glass.ui.EventLoop.enter(EventLoop.java:107)
	at javafx.graphics/com.sun.javafx.tk.quantum.QuantumToolkit.enterNestedEventLoop(QuantumToolkit.java:647)
	at javafx.graphics/javafx.stage.Stage.showAndWait(Stage.java:469)
	at javafx.controls/javafx.scene.control.HeavyweightDialog.showAndWait(HeavyweightDialog.java:162)
	at javafx.controls/javafx.scene.control.Dialog.showAndWait(Unknown Source)
	at com.appointmentscheduler/com.appointmentscheduler.presentation.MainApp.showDatabaseNotConnectedWarning(MainApp.java:450)
	at com.appointmentscheduler/com.appointmentscheduler.presentation.MainApp.lambda$6(MainApp.java:256)
	at javafx.graphics/com.sun.javafx.application.PlatformImpl.lambda$runLater$10(PlatformImpl.java:457)
	at java.base/java.security.AccessController.doPrivileged(AccessController.java:138)
	at javafx.graphics/com.sun.javafx.application.PlatformImpl.lambda$runLater$11(PlatformImpl.java:456)
	at javafx.graphics/com.sun.glass.ui.InvokeLaterDispatcher$Future.run$$$capture(InvokeLaterDispatcher.java:96)
	at javafx.graphics/com.sun.glass.ui.InvokeLaterDispatcher$Future.run(InvokeLaterDispatcher.java)
	at javafx.graphics/com.sun.glass.ui.win.WinApplication._enterNestedEventLoopImpl(Native Method)
	at javafx.graphics/com.sun.glass.ui.win.WinApplication._enterNestedEventLoop(WinApplication.java:211)
	at javafx.graphics/com.sun.glass.ui.Application.enterNestedEventLoop(Application.java:515)
	at javafx.graphics/com.sun.glass.ui.EventLoop.enter(EventLoop.java:107)
	at javafx.graphics/com.sun.javafx.tk.quantum.QuantumToolkit.enterNestedEventLoop(QuantumToolkit.java:647)
	at javafx.graphics/javafx.stage.Stage.showAndWait(Stage.java:469)
	at javafx.controls/javafx.scene.control.HeavyweightDialog.showAndWait(HeavyweightDialog.java:162)
	at javafx.controls/javafx.scene.control.Dialog.showAndWait(Unknown Source)
	at com.appointmentscheduler/com.appointmentscheduler.presentation.ErrorHandler.showErrorOnFxThread(ErrorHandler.java:48)
	at com.appointmentscheduler/com.appointmentscheduler.presentation.ErrorHandler.lambda$0(ErrorHandler.java:34)
	at javafx.graphics/com.sun.javafx.application.PlatformImpl.lambda$runLater$10(PlatformImpl.java:457)
	at java.base/java.security.AccessController.doPrivileged(AccessController.java:138)
	at javafx.graphics/com.sun.javafx.application.PlatformImpl.lambda$runLater$11(PlatformImpl.java:456)
	at javafx.graphics/com.sun.glass.ui.InvokeLaterDispatcher$Future.run$$$capture(InvokeLaterDispatcher.java:96)
	at javafx.graphics/com.sun.glass.ui.InvokeLaterDispatcher$Future.run(InvokeLaterDispatcher.java)
	at javafx.graphics/com.sun.glass.ui.win.WinApplication._enterNestedEventLoopImpl(Native Method)
	at javafx.graphics/com.sun.glass.ui.win.WinApplication._enterNestedEventLoop(WinApplication.java:211)
	at javafx.graphics/com.sun.glass.ui.Application.enterNestedEventLoop(Application.java:515)
	at javafx.graphics/com.sun.glass.ui.EventLoop.enter(EventLoop.java:107)
	at javafx.graphics/com.sun.javafx.tk.quantum.QuantumToolkit.enterNestedEventLoop(QuantumToolkit.java:647)
	at javafx.graphics/javafx.stage.Stage.showAndWait(Stage.java:469)
	at javafx.controls/javafx.scene.control.HeavyweightDialog.showAndWait(HeavyweightDialog.java:162)
	at javafx.controls/javafx.scene.control.Dialog.showAndWait(Unknown Source)
	at com.appointmentscheduler/com.appointmentscheduler.presentation.ErrorHandler.showErrorOnFxThread(ErrorHandler.java:48)
	at com.appointmentscheduler/com.appointmentscheduler.presentation.ErrorHandler.lambda$0(ErrorHandler.java:34)
	at javafx.graphics/com.sun.javafx.application.PlatformImpl.lambda$runLater$10(PlatformImpl.java:457)
	at java.base/java.security.AccessController.doPrivileged(AccessController.java:138)
	at javafx.graphics/com.sun.javafx.application.PlatformImpl.lambda$runLater$11(PlatformImpl.java:456)
	at javafx.graphics/com.sun.glass.ui.InvokeLaterDispatcher$Future.run$$$capture(InvokeLaterDispatcher.java:96)
	at javafx.graphics/com.sun.glass.ui.InvokeLaterDispatcher$Future.run(InvokeLaterDispatcher.java)
	at javafx.graphics/com.sun.glass.ui.win.WinApplication._enterNestedEventLoopImpl(Native Method)
	at javafx.graphics/com.sun.glass.ui.win.WinApplication._enterNestedEventLoop(WinApplication.java:211)
	at javafx.graphics/com.sun.glass.ui.Application.enterNestedEventLoop(Application.java:515)
	at javafx.graphics/com.sun.glass.ui.EventLoop.enter(EventLoop.java:107)
	at javafx.graphics/com.sun.javafx.tk.quantum.QuantumToolkit.enterNestedEventLoop(QuantumToolkit.java:647)
	at javafx.graphics/javafx.stage.Stage.showAndWait(Stage.java:469)
	at javafx.controls/javafx.scene.control.HeavyweightDialog.showAndWait(HeavyweightDialog.java:162)
	at javafx.controls/javafx.scene.control.Dialog.showAndWait(Unknown Source)
	at com.appointmentscheduler/com.appointmentscheduler.presentation.ErrorHandler.showErrorOnFxThread(ErrorHandler.java:48)
	at com.appointmentscheduler/com.appointmentscheduler.presentation.ErrorHandler.lambda$0(ErrorHandler.java:34)
	at javafx.graphics/com.sun.javafx.application.PlatformImpl.lambda$runLater$10(PlatformImpl.java:457)
	at java.base/java.security.AccessController.doPrivileged(AccessController.java:138)
	at javafx.graphics/com.sun.javafx.application.PlatformImpl.lambda$runLater$11(PlatformImpl.java:456)
	at javafx.graphics/com.sun.glass.ui.InvokeLaterDispatcher$Future.run$$$capture(InvokeLaterDispatcher.java:96)
	at javafx.graphics/com.sun.glass.ui.InvokeLaterDispatcher$Future.run(InvokeLaterDispatcher.java)
	at javafx.graphics/com.sun.glass.ui.win.WinApplication._enterNestedEventLoopImpl(Native Method)
	at javafx.graphics/com.sun.glass.ui.win.WinApplication._enterNestedEventLoop(WinApplication.java:211)
	at javafx.graphics/com.sun.glass.ui.Application.enterNestedEventLoop(Application.java:515)
	at javafx.graphics/com.sun.glass.ui.EventLoop.enter(EventLoop.java:107)
	at javafx.graphics/com.sun.javafx.tk.quantum.QuantumToolkit.enterNestedEventLoop(QuantumToolkit.java:647)
	at javafx.graphics/javafx.stage.Stage.showAndWait(Stage.java:469)
	at javafx.controls/javafx.scene.control.HeavyweightDialog.showAndWait(HeavyweightDialog.java:162)
	at javafx.controls/javafx.scene.control.Dialog.showAndWait(Unknown Source)
	at com.appointmentscheduler/com.appointmentscheduler.presentation.ErrorHandler.showErrorOnFxThread(ErrorHandler.java:48)
	at com.appointmentscheduler/com.appointmentscheduler.presentation.ErrorHandler.lambda$0(ErrorHandler.java:34)
	at javafx.graphics/com.sun.javafx.application.PlatformImpl.lambda$runLater$10(PlatformImpl.java:457)
	at java.base/java.security.AccessController.doPrivileged(AccessController.java:138)
	at javafx.graphics/com.sun.javafx.application.PlatformImpl.lambda$runLater$11(PlatformImpl.java:456)
	at javafx.graphics/com.sun.glass.ui.InvokeLaterDispatcher$Future.run$$$capture(InvokeLaterDispatcher.java:96)
	at javafx.graphics/com.sun.glass.ui.InvokeLaterDispatcher$Future.run(InvokeLaterDispatcher.java)
	at javafx.graphics/com.sun.glass.ui.win.WinApplication._enterNestedEventLoopImpl(Native Method)
	at javafx.graphics/com.sun.glass.ui.win.WinApplication._enterNestedEventLoop(WinApplication.java:211)
	at javafx.graphics/com.sun.glass.ui.Application.enterNestedEventLoop(Application.java:515)
	at javafx.graphics/com.sun.glass.ui.EventLoop.enter(EventLoop.java:107)
	at javafx.graphics/com.sun.javafx.tk.quantum.QuantumToolkit.enterNestedEventLoop(QuantumToolkit.java:647)
	at javafx.graphics/javafx.stage.Stage.showAndWait(Stage.java:469)
	at javafx.controls/javafx.scene.control.HeavyweightDialog.showAndWait(HeavyweightDialog.java:162)
	at javafx.controls/javafx.scene.control.Dialog.showAndWait(Unknown Source)
	at com.appointmentscheduler/com.appointmentscheduler.presentation.ErrorHandler.showErrorOnFxThread(ErrorHandler.java:48)
	at com.appointmentscheduler/com.appointmentscheduler.presentation.ErrorHandler.lambda$0(ErrorHandler.java:34)
	at javafx.graphics/com.sun.javafx.application.PlatformImpl.lambda$runLater$10(PlatformImpl.java:457)
	at java.base/java.security.AccessController.doPrivileged(AccessController.java:138)
	at javafx.graphics/com.sun.javafx.application.PlatformImpl.lambda$runLater$11(PlatformImpl.java:456)
	at javafx.graphics/com.sun.glass.ui.InvokeLaterDispatcher$Future.run$$$capture(InvokeLaterDispatcher.java:96)
	at javafx.graphics/com.sun.glass.ui.InvokeLaterDispatcher$Future.run(InvokeLaterDispatcher.java)
	at javafx.graphics/com.sun.glass.ui.win.WinApplication._enterNestedEventLoopImpl(Native Method)
	at javafx.graphics/com.sun.glass.ui.win.WinApplication._enterNestedEventLoop(WinApplication.java:211)
	at javafx.graphics/com.sun.glass.ui.Application.enterNestedEventLoop(Application.java:515)
	at javafx.graphics/com.sun.glass.ui.EventLoop.enter(EventLoop.java:107)
	at javafx.graphics/com.sun.javafx.tk.quantum.QuantumToolkit.enterNestedEventLoop(QuantumToolkit.java:647)
	at javafx.graphics/javafx.stage.Stage.showAndWait(Stage.java:469)
	at javafx.controls/javafx.scene.control.HeavyweightDialog.showAndWait(HeavyweightDialog.java:162)
	at javafx.controls/javafx.scene.control.Dialog.showAndWait(Unknown Source)
	at com.appointmentscheduler/com.appointmentscheduler.presentation.ErrorHandler.showErrorOnFxThread(ErrorHandler.java:48)
	at com.appointmentscheduler/com.appointmentscheduler.presentation.ErrorHandler.lambda$0(ErrorHandler.java:34)
	at javafx.graphics/com.sun.javafx.application.PlatformImpl.lambda$runLater$10(PlatformImpl.java:457)
	at java.base/java.security.AccessController.doPrivileged(AccessController.java:138)
	at javafx.graphics/com.sun.javafx.application.PlatformImpl.lambda$runLater$11(PlatformImpl.java:456)
	at javafx.graphics/com.sun.glass.ui.InvokeLaterDispatcher$Future.run$$$capture(InvokeLaterDispatcher.java:96)
	at javafx.graphics/com.sun.glass.ui.InvokeLaterDispatcher$Future.run(InvokeLaterDispatcher.java)
	at javafx.graphics/com.sun.glass.ui.win.WinApplication._enterNestedEventLoopImpl(Native Method)
	at javafx.graphics/com.sun.glass.ui.win.WinApplication._enterNestedEventLoop(WinApplication.java:211)
	at javafx.graphics/com.sun.glass.ui.Application.enterNestedEventLoop(Application.java:515)
	at javafx.graphics/com.sun.glass.ui.EventLoop.enter(EventLoop.java:107)
	at javafx.graphics/com.sun.javafx.tk.quantum.QuantumToolkit.enterNestedEventLoop(QuantumToolkit.java:647)
	at javafx.graphics/javafx.stage.Stage.showAndWait(Stage.java:469)
	at javafx.controls/javafx.scene.control.HeavyweightDialog.showAndWait(HeavyweightDialog.java:162)
	at javafx.controls/javafx.scene.control.Dialog.showAndWait(Unknown Source)
	at com.appointmentscheduler/com.appointmentscheduler.presentation.ErrorHandler.showErrorOnFxThread(ErrorHandler.java:48)
	at com.appointmentscheduler/com.appointmentscheduler.presentation.ErrorHandler.lambda$0(ErrorHandler.java:34)
	at javafx.graphics/com.sun.javafx.application.PlatformImpl.lambda$runLater$10(PlatformImpl.java:457)
	at java.base/java.security.AccessController.doPrivileged(AccessController.java:138)
	at javafx.graphics/com.sun.javafx.application.PlatformImpl.lambda$runLater$11(PlatformImpl.java:456)
	at javafx.graphics/com.sun.glass.ui.InvokeLaterDispatcher$Future.run$$$capture(InvokeLaterDispatcher.java:96)
	at javafx.graphics/com.sun.glass.ui.InvokeLaterDispatcher$Future.run(InvokeLaterDispatcher.java)
	at javafx.graphics/com.sun.glass.ui.win.WinApplication._enterNestedEventLoopImpl(Native Method)
	at javafx.graphics/com.sun.glass.ui.win.WinApplication._enterNestedEventLoop(WinApplication.java:211)
	at javafx.graphics/com.sun.glass.ui.Application.enterNestedEventLoop(Application.java:515)
	at javafx.graphics/com.sun.glass.ui.EventLoop.enter(EventLoop.java:107)
	at javafx.graphics/com.sun.javafx.tk.quantum.QuantumToolkit.enterNestedEventLoop(QuantumToolkit.java:647)
	at javafx.graphics/javafx.stage.Stage.showAndWait(Stage.java:469)
	at javafx.controls/javafx.scene.control.HeavyweightDialog.showAndWait(HeavyweightDialog.java:162)
	at javafx.controls/javafx.scene.control.Dialog.showAndWait(Unknown Source)
	at com.appointmentscheduler/com.appointmentscheduler.presentation.ErrorHandler.showErrorOnFxThread(ErrorHandler.java:48)
	at com.appointmentscheduler/com.appointmentscheduler.presentation.ErrorHandler.lambda$0(ErrorHandler.java:34)
	at javafx.graphics/com.sun.javafx.application.PlatformImpl.lambda$runLater$10(PlatformImpl.java:457)
	at java.base/java.security.AccessController.doPrivileged(AccessController.java:138)
	at javafx.graphics/com.sun.javafx.application.PlatformImpl.lambda$runLater$11(PlatformImpl.java:456)
	at javafx.graphics/com.sun.glass.ui.InvokeLaterDispatcher$Future.run$$$capture(InvokeLaterDispatcher.java:96)
	at javafx.graphics/com.sun.glass.ui.InvokeLaterDispatcher$Future.run(InvokeLaterDispatcher.java)
	at javafx.graphics/com.sun.glass.ui.win.WinApplication._enterNestedEventLoopImpl(Native Method)
	at javafx.graphics/com.sun.glass.ui.win.WinApplication._enterNestedEventLoop(WinApplication.java:211)
	at javafx.graphics/com.sun.glass.ui.Application.enterNestedEventLoop(Application.java:515)
	at javafx.graphics/com.sun.glass.ui.EventLoop.enter(EventLoop.java:107)
	at javafx.graphics/com.sun.javafx.tk.quantum.QuantumToolkit.enterNestedEventLoop(QuantumToolkit.java:647)
	at javafx.graphics/javafx.stage.Stage.showAndWait(Stage.java:469)
	at javafx.controls/javafx.scene.control.HeavyweightDialog.showAndWait(HeavyweightDialog.java:162)
	at javafx.controls/javafx.scene.control.Dialog.showAndWait(Unknown Source)
	at com.appointmentscheduler/com.appointmentscheduler.presentation.ErrorHandler.showErrorOnFxThread(ErrorHandler.java:48)
	at com.appointmentscheduler/com.appointmentscheduler.presentation.ErrorHandler.lambda$0(ErrorHandler.java:34)
	at javafx.graphics/com.sun.javafx.application.PlatformImpl.lambda$runLater$10(PlatformImpl.java:457)
	at java.base/java.security.AccessController.doPrivileged(AccessController.java:138)
	at javafx.graphics/com.sun.javafx.application.PlatformImpl.lambda$runLater$11(PlatformImpl.java:456)
	at javafx.graphics/com.sun.glass.ui.InvokeLaterDispatcher$Future.run$$$capture(InvokeLaterDispatcher.java:96)
	at javafx.graphics/com.sun.glass.ui.InvokeLaterDispatcher$Future.run(InvokeLaterDispatcher.java)
	at javafx.graphics/com.sun.glass.ui.win.WinApplication._runLoop(Native Method)
	at javafx.graphics/com.sun.glass.ui.win.WinApplication.lambda$runLoop$3(WinApplication.java:184)
	at java.base/java.lang.Thread.run(Thread.java:1474)
2026-04-18 22:40:18.479 [JavaFX Application Thread] ERROR c.appointmentscheduler.presentation.ErrorHandler - Failed to load screen: FXML not found. Tried: /com/appointmentscheduler/presentation/ThisDoesNotExist.fxml, com/appointmentscheduler/presentation/ThisDoesNotExist.fxml, ThisDoesNotExist.fxml. Check that src/main/resources is on classpath.
java.lang.IllegalStateException: FXML not found. Tried: /com/appointmentscheduler/presentation/ThisDoesNotExist.fxml, com/appointmentscheduler/presentation/ThisDoesNotExist.fxml, ThisDoesNotExist.fxml. Check that src/main/resources is on classpath.
	at com.appointmentscheduler/com.appointmentscheduler.presentation.MainApp.loadScreen(MainApp.java:394)
	at com.appointmentscheduler/com.appointmentscheduler.presentation.PresentationMainAppCoverageTest.lambda$7(PresentationMainAppCoverageTest.java:76)
	at com.appointmentscheduler/com.appointmentscheduler.presentation.PresentationMainAppCoverageTest.lambda$11(PresentationMainAppCoverageTest.java:138)
	at com.appointmentscheduler/com.appointmentscheduler.presentation.PresentationMainAppCoverageTest.lambda$10(PresentationMainAppCoverageTest.java:120)
	at javafx.graphics/com.sun.javafx.application.PlatformImpl.lambda$runLater$10(PlatformImpl.java:457)
	at java.base/java.security.AccessController.doPrivileged(AccessController.java:138)
	at javafx.graphics/com.sun.javafx.application.PlatformImpl.lambda$runLater$11(PlatformImpl.java:456)
	at javafx.graphics/com.sun.glass.ui.InvokeLaterDispatcher$Future.run$$$capture(InvokeLaterDispatcher.java:96)
	at javafx.graphics/com.sun.glass.ui.InvokeLaterDispatcher$Future.run(InvokeLaterDispatcher.java)
	at javafx.graphics/com.sun.glass.ui.win.WinApplication._enterNestedEventLoopImpl(Native Method)
	at javafx.graphics/com.sun.glass.ui.win.WinApplication._enterNestedEventLoop(WinApplication.java:211)
	at javafx.graphics/com.sun.glass.ui.Application.enterNestedEventLoop(Application.java:515)
	at javafx.graphics/com.sun.glass.ui.EventLoop.enter(EventLoop.java:107)
	at javafx.graphics/com.sun.javafx.tk.quantum.QuantumToolkit.enterNestedEventLoop(QuantumToolkit.java:647)
	at javafx.graphics/javafx.stage.Stage.showAndWait(Stage.java:469)
	at javafx.controls/javafx.scene.control.HeavyweightDialog.showAndWait(HeavyweightDialog.java:162)
	at javafx.controls/javafx.scene.control.Dialog.showAndWait(Unknown Source)
	at com.appointmentscheduler/com.appointmentscheduler.presentation.MainApp.showDatabaseNotConnectedWarning(MainApp.java:450)
	at com.appointmentscheduler/com.appointmentscheduler.presentation.MainApp.lambda$6(MainApp.java:256)
	at javafx.graphics/com.sun.javafx.application.PlatformImpl.lambda$runLater$10(PlatformImpl.java:457)
	at java.base/java.security.AccessController.doPrivileged(AccessController.java:138)
	at javafx.graphics/com.sun.javafx.application.PlatformImpl.lambda$runLater$11(PlatformImpl.java:456)
	at javafx.graphics/com.sun.glass.ui.InvokeLaterDispatcher$Future.run$$$capture(InvokeLaterDispatcher.java:96)
	at javafx.graphics/com.sun.glass.ui.InvokeLaterDispatcher$Future.run(InvokeLaterDispatcher.java)
	at javafx.graphics/com.sun.glass.ui.win.WinApplication._enterNestedEventLoopImpl(Native Method)
	at javafx.graphics/com.sun.glass.ui.win.WinApplication._enterNestedEventLoop(WinApplication.java:211)
	at javafx.graphics/com.sun.glass.ui.Application.enterNestedEventLoop(Application.java:515)
	at javafx.graphics/com.sun.glass.ui.EventLoop.enter(EventLoop.java:107)
	at javafx.graphics/com.sun.javafx.tk.quantum.QuantumToolkit.enterNestedEventLoop(QuantumToolkit.java:647)
	at javafx.graphics/javafx.stage.Stage.showAndWait(Stage.java:469)
	at javafx.controls/javafx.scene.control.HeavyweightDialog.showAndWait(HeavyweightDialog.java:162)
	at javafx.controls/javafx.scene.control.Dialog.showAndWait(Unknown Source)
	at com.appointmentscheduler/com.appointmentscheduler.presentation.ErrorHandler.showErrorOnFxThread(ErrorHandler.java:48)
	at com.appointmentscheduler/com.appointmentscheduler.presentation.ErrorHandler.lambda$0(ErrorHandler.java:34)
	at javafx.graphics/com.sun.javafx.application.PlatformImpl.lambda$runLater$10(PlatformImpl.java:457)
	at java.base/java.security.AccessController.doPrivileged(AccessController.java:138)
	at javafx.graphics/com.sun.javafx.application.PlatformImpl.lambda$runLater$11(PlatformImpl.java:456)
	at javafx.graphics/com.sun.glass.ui.InvokeLaterDispatcher$Future.run$$$capture(InvokeLaterDispatcher.java:96)
	at javafx.graphics/com.sun.glass.ui.InvokeLaterDispatcher$Future.run(InvokeLaterDispatcher.java)
	at javafx.graphics/com.sun.glass.ui.win.WinApplication._enterNestedEventLoopImpl(Native Method)
	at javafx.graphics/com.sun.glass.ui.win.WinApplication._enterNestedEventLoop(WinApplication.java:211)
	at javafx.graphics/com.sun.glass.ui.Application.enterNestedEventLoop(Application.java:515)
	at javafx.graphics/com.sun.glass.ui.EventLoop.enter(EventLoop.java:107)
	at javafx.graphics/com.sun.javafx.tk.quantum.QuantumToolkit.enterNestedEventLoop(QuantumToolkit.java:647)
	at javafx.graphics/javafx.stage.Stage.showAndWait(Stage.java:469)
	at javafx.controls/javafx.scene.control.HeavyweightDialog.showAndWait(HeavyweightDialog.java:162)
	at javafx.controls/javafx.scene.control.Dialog.showAndWait(Unknown Source)
	at com.appointmentscheduler/com.appointmentscheduler.presentation.ErrorHandler.showErrorOnFxThread(ErrorHandler.java:48)
	at com.appointmentscheduler/com.appointmentscheduler.presentation.ErrorHandler.lambda$0(ErrorHandler.java:34)
	at javafx.graphics/com.sun.javafx.application.PlatformImpl.lambda$runLater$10(PlatformImpl.java:457)
	at java.base/java.security.AccessController.doPrivileged(AccessController.java:138)
	at javafx.graphics/com.sun.javafx.application.PlatformImpl.lambda$runLater$11(PlatformImpl.java:456)
	at javafx.graphics/com.sun.glass.ui.InvokeLaterDispatcher$Future.run$$$capture(InvokeLaterDispatcher.java:96)
	at javafx.graphics/com.sun.glass.ui.InvokeLaterDispatcher$Future.run(InvokeLaterDispatcher.java)
	at javafx.graphics/com.sun.glass.ui.win.WinApplication._enterNestedEventLoopImpl(Native Method)
	at javafx.graphics/com.sun.glass.ui.win.WinApplication._enterNestedEventLoop(WinApplication.java:211)
	at javafx.graphics/com.sun.glass.ui.Application.enterNestedEventLoop(Application.java:515)
	at javafx.graphics/com.sun.glass.ui.EventLoop.enter(EventLoop.java:107)
	at javafx.graphics/com.sun.javafx.tk.quantum.QuantumToolkit.enterNestedEventLoop(QuantumToolkit.java:647)
	at javafx.graphics/javafx.stage.Stage.showAndWait(Stage.java:469)
	at javafx.controls/javafx.scene.control.HeavyweightDialog.showAndWait(HeavyweightDialog.java:162)
	at javafx.controls/javafx.scene.control.Dialog.showAndWait(Unknown Source)
	at com.appointmentscheduler/com.appointmentscheduler.presentation.ErrorHandler.showErrorOnFxThread(ErrorHandler.java:48)
	at com.appointmentscheduler/com.appointmentscheduler.presentation.ErrorHandler.lambda$0(ErrorHandler.java:34)
	at javafx.graphics/com.sun.javafx.application.PlatformImpl.lambda$runLater$10(PlatformImpl.java:457)
	at java.base/java.security.AccessController.doPrivileged(AccessController.java:138)
	at javafx.graphics/com.sun.javafx.application.PlatformImpl.lambda$runLater$11(PlatformImpl.java:456)
	at javafx.graphics/com.sun.glass.ui.InvokeLaterDispatcher$Future.run$$$capture(InvokeLaterDispatcher.java:96)
	at javafx.graphics/com.sun.glass.ui.InvokeLaterDispatcher$Future.run(InvokeLaterDispatcher.java)
	at javafx.graphics/com.sun.glass.ui.win.WinApplication._enterNestedEventLoopImpl(Native Method)
	at javafx.graphics/com.sun.glass.ui.win.WinApplication._enterNestedEventLoop(WinApplication.java:211)
	at javafx.graphics/com.sun.glass.ui.Application.enterNestedEventLoop(Application.java:515)
	at javafx.graphics/com.sun.glass.ui.EventLoop.enter(EventLoop.java:107)
	at javafx.graphics/com.sun.javafx.tk.quantum.QuantumToolkit.enterNestedEventLoop(QuantumToolkit.java:647)
	at javafx.graphics/javafx.stage.Stage.showAndWait(Stage.java:469)
	at javafx.controls/javafx.scene.control.HeavyweightDialog.showAndWait(HeavyweightDialog.java:162)
	at javafx.controls/javafx.scene.control.Dialog.showAndWait(Unknown Source)
	at com.appointmentscheduler/com.appointmentscheduler.presentation.ErrorHandler.showErrorOnFxThread(ErrorHandler.java:48)
	at com.appointmentscheduler/com.appointmentscheduler.presentation.ErrorHandler.lambda$0(ErrorHandler.java:34)
	at javafx.graphics/com.sun.javafx.application.PlatformImpl.lambda$runLater$10(PlatformImpl.java:457)
	at java.base/java.security.AccessController.doPrivileged(AccessController.java:138)
	at javafx.graphics/com.sun.javafx.application.PlatformImpl.lambda$runLater$11(PlatformImpl.java:456)
	at javafx.graphics/com.sun.glass.ui.InvokeLaterDispatcher$Future.run$$$capture(InvokeLaterDispatcher.java:96)
	at javafx.graphics/com.sun.glass.ui.InvokeLaterDispatcher$Future.run(InvokeLaterDispatcher.java)
	at javafx.graphics/com.sun.glass.ui.win.WinApplication._enterNestedEventLoopImpl(Native Method)
	at javafx.graphics/com.sun.glass.ui.win.WinApplication._enterNestedEventLoop(WinApplication.java:211)
	at javafx.graphics/com.sun.glass.ui.Application.enterNestedEventLoop(Application.java:515)
	at javafx.graphics/com.sun.glass.ui.EventLoop.enter(EventLoop.java:107)
	at javafx.graphics/com.sun.javafx.tk.quantum.QuantumToolkit.enterNestedEventLoop(QuantumToolkit.java:647)
	at javafx.graphics/javafx.stage.Stage.showAndWait(Stage.java:469)
	at javafx.controls/javafx.scene.control.HeavyweightDialog.showAndWait(HeavyweightDialog.java:162)
	at javafx.controls/javafx.scene.control.Dialog.showAndWait(Unknown Source)
	at com.appointmentscheduler/com.appointmentscheduler.presentation.ErrorHandler.showErrorOnFxThread(ErrorHandler.java:48)
	at com.appointmentscheduler/com.appointmentscheduler.presentation.ErrorHandler.lambda$0(ErrorHandler.java:34)
	at javafx.graphics/com.sun.javafx.application.PlatformImpl.lambda$runLater$10(PlatformImpl.java:457)
	at java.base/java.security.AccessController.doPrivileged(AccessController.java:138)
	at javafx.graphics/com.sun.javafx.application.PlatformImpl.lambda$runLater$11(PlatformImpl.java:456)
	at javafx.graphics/com.sun.glass.ui.InvokeLaterDispatcher$Future.run$$$capture(InvokeLaterDispatcher.java:96)
	at javafx.graphics/com.sun.glass.ui.InvokeLaterDispatcher$Future.run(InvokeLaterDispatcher.java)
	at javafx.graphics/com.sun.glass.ui.win.WinApplication._enterNestedEventLoopImpl(Native Method)
	at javafx.graphics/com.sun.glass.ui.win.WinApplication._enterNestedEventLoop(WinApplication.java:211)
	at javafx.graphics/com.sun.glass.ui.Application.enterNestedEventLoop(Application.java:515)
	at javafx.graphics/com.sun.glass.ui.EventLoop.enter(EventLoop.java:107)
	at javafx.graphics/com.sun.javafx.tk.quantum.QuantumToolkit.enterNestedEventLoop(QuantumToolkit.java:647)
	at javafx.graphics/javafx.stage.Stage.showAndWait(Stage.java:469)
	at javafx.controls/javafx.scene.control.HeavyweightDialog.showAndWait(HeavyweightDialog.java:162)
	at javafx.controls/javafx.scene.control.Dialog.showAndWait(Unknown Source)
	at com.appointmentscheduler/com.appointmentscheduler.presentation.ErrorHandler.showErrorOnFxThread(ErrorHandler.java:48)
	at com.appointmentscheduler/com.appointmentscheduler.presentation.ErrorHandler.lambda$0(ErrorHandler.java:34)
	at javafx.graphics/com.sun.javafx.application.PlatformImpl.lambda$runLater$10(PlatformImpl.java:457)
	at java.base/java.security.AccessController.doPrivileged(AccessController.java:138)
	at javafx.graphics/com.sun.javafx.application.PlatformImpl.lambda$runLater$11(PlatformImpl.java:456)
	at javafx.graphics/com.sun.glass.ui.InvokeLaterDispatcher$Future.run$$$capture(InvokeLaterDispatcher.java:96)
	at javafx.graphics/com.sun.glass.ui.InvokeLaterDispatcher$Future.run(InvokeLaterDispatcher.java)
	at javafx.graphics/com.sun.glass.ui.win.WinApplication._enterNestedEventLoopImpl(Native Method)
	at javafx.graphics/com.sun.glass.ui.win.WinApplication._enterNestedEventLoop(WinApplication.java:211)
	at javafx.graphics/com.sun.glass.ui.Application.enterNestedEventLoop(Application.java:515)
	at javafx.graphics/com.sun.glass.ui.EventLoop.enter(EventLoop.java:107)
	at javafx.graphics/com.sun.javafx.tk.quantum.QuantumToolkit.enterNestedEventLoop(QuantumToolkit.java:647)
	at javafx.graphics/javafx.stage.Stage.showAndWait(Stage.java:469)
	at javafx.controls/javafx.scene.control.HeavyweightDialog.showAndWait(HeavyweightDialog.java:162)
	at javafx.controls/javafx.scene.control.Dialog.showAndWait(Unknown Source)
	at com.appointmentscheduler/com.appointmentscheduler.presentation.ErrorHandler.showErrorOnFxThread(ErrorHandler.java:48)
	at com.appointmentscheduler/com.appointmentscheduler.presentation.ErrorHandler.lambda$0(ErrorHandler.java:34)
	at javafx.graphics/com.sun.javafx.application.PlatformImpl.lambda$runLater$10(PlatformImpl.java:457)
	at java.base/java.security.AccessController.doPrivileged(AccessController.java:138)
	at javafx.graphics/com.sun.javafx.application.PlatformImpl.lambda$runLater$11(PlatformImpl.java:456)
	at javafx.graphics/com.sun.glass.ui.InvokeLaterDispatcher$Future.run$$$capture(InvokeLaterDispatcher.java:96)
	at javafx.graphics/com.sun.glass.ui.InvokeLaterDispatcher$Future.run(InvokeLaterDispatcher.java)
	at javafx.graphics/com.sun.glass.ui.win.WinApplication._enterNestedEventLoopImpl(Native Method)
	at javafx.graphics/com.sun.glass.ui.win.WinApplication._enterNestedEventLoop(WinApplication.java:211)
	at javafx.graphics/com.sun.glass.ui.Application.enterNestedEventLoop(Application.java:515)
	at javafx.graphics/com.sun.glass.ui.EventLoop.enter(EventLoop.java:107)
	at javafx.graphics/com.sun.javafx.tk.quantum.QuantumToolkit.enterNestedEventLoop(QuantumToolkit.java:647)
	at javafx.graphics/javafx.stage.Stage.showAndWait(Stage.java:469)
	at javafx.controls/javafx.scene.control.HeavyweightDialog.showAndWait(HeavyweightDialog.java:162)
	at javafx.controls/javafx.scene.control.Dialog.showAndWait(Unknown Source)
	at com.appointmentscheduler/com.appointmentscheduler.presentation.ErrorHandler.showErrorOnFxThread(ErrorHandler.java:48)
	at com.appointmentscheduler/com.appointmentscheduler.presentation.ErrorHandler.lambda$0(ErrorHandler.java:34)
	at javafx.graphics/com.sun.javafx.application.PlatformImpl.lambda$runLater$10(PlatformImpl.java:457)
	at java.base/java.security.AccessController.doPrivileged(AccessController.java:138)
	at javafx.graphics/com.sun.javafx.application.PlatformImpl.lambda$runLater$11(PlatformImpl.java:456)
	at javafx.graphics/com.sun.glass.ui.InvokeLaterDispatcher$Future.run$$$capture(InvokeLaterDispatcher.java:96)
	at javafx.graphics/com.sun.glass.ui.InvokeLaterDispatcher$Future.run(InvokeLaterDispatcher.java)
	at javafx.graphics/com.sun.glass.ui.win.WinApplication._enterNestedEventLoopImpl(Native Method)
	at javafx.graphics/com.sun.glass.ui.win.WinApplication._enterNestedEventLoop(WinApplication.java:211)
	at javafx.graphics/com.sun.glass.ui.Application.enterNestedEventLoop(Application.java:515)
	at javafx.graphics/com.sun.glass.ui.EventLoop.enter(EventLoop.java:107)
	at javafx.graphics/com.sun.javafx.tk.quantum.QuantumToolkit.enterNestedEventLoop(QuantumToolkit.java:647)
	at javafx.graphics/javafx.stage.Stage.showAndWait(Stage.java:469)
	at javafx.controls/javafx.scene.control.HeavyweightDialog.showAndWait(HeavyweightDialog.java:162)
	at javafx.controls/javafx.scene.control.Dialog.showAndWait(Unknown Source)
	at com.appointmentscheduler/com.appointmentscheduler.presentation.ErrorHandler.showErrorOnFxThread(ErrorHandler.java:48)
	at com.appointmentscheduler/com.appointmentscheduler.presentation.ErrorHandler.lambda$0(ErrorHandler.java:34)
	at javafx.graphics/com.sun.javafx.application.PlatformImpl.lambda$runLater$10(PlatformImpl.java:457)
	at java.base/java.security.AccessController.doPrivileged(AccessController.java:138)
	at javafx.graphics/com.sun.javafx.application.PlatformImpl.lambda$runLater$11(PlatformImpl.java:456)
	at javafx.graphics/com.sun.glass.ui.InvokeLaterDispatcher$Future.run$$$capture(InvokeLaterDispatcher.java:96)
	at javafx.graphics/com.sun.glass.ui.InvokeLaterDispatcher$Future.run(InvokeLaterDispatcher.java)
	at javafx.graphics/com.sun.glass.ui.win.WinApplication._runLoop(Native Method)
	at javafx.graphics/com.sun.glass.ui.win.WinApplication.lambda$runLoop$3(WinApplication.java:184)
	at java.base/java.lang.Thread.run(Thread.java:1474)
2026-04-18 22:40:18.487 [JavaFX Application Thread] DEBUG c.appointmentscheduler.application.AuditLogService - Audit: LOGOUT | Patient | User logged out from application
2026-04-18 22:40:18.929 [main] INFO  com.zaxxer.hikari.HikariDataSource - AppointmentBookingPool - Shutdown initiated...
2026-04-18 22:40:18.947 [main] INFO  com.zaxxer.hikari.HikariDataSource - AppointmentBookingPool - Shutdown completed.
2026-04-18 22:40:18.947 [main] INFO  c.a.persistence.database.DatabaseConfig - Database connection pool closed
2026-04-18 22:40:18.948 [main] DEBUG com.appointmentscheduler.application.AppConfig - Application configuration loaded
2026-04-18 22:40:18.948 [main] DEBUG com.appointmentscheduler.application.AppConfig - Merged application-local.properties
2026-04-18 22:40:18.949 [main] INFO  com.zaxxer.hikari.HikariDataSource - AppointmentBookingPool - Starting...
2026-04-18 22:40:18.958 [main] INFO  com.zaxxer.hikari.pool.HikariPool - AppointmentBookingPool - Added connection conn4: url=jdbc:h2:mem:dbconfig_flyway user=SA
2026-04-18 22:40:18.959 [main] INFO  com.zaxxer.hikari.HikariDataSource - AppointmentBookingPool - Start completed.
2026-04-18 22:40:18.959 [main] INFO  c.a.persistence.database.DatabaseConfig - Database connection pool initialized: jdbc:h2:mem:dbconfig_flyway;DB_CLOSE_DELAY=-1;DATABASE_TO_LOWER=TRUE
2026-04-18 22:40:19.143 [main] INFO  org.flywaydb.core.internal.license.VersionPrinter - Flyway Community Edition 9.22.3 by Redgate
2026-04-18 22:40:19.143 [main] INFO  org.flywaydb.core.internal.license.VersionPrinter - See release notes here: https://rd.gt/416ObMi
2026-04-18 22:40:19.143 [main] INFO  org.flywaydb.core.internal.license.VersionPrinter - 
2026-04-18 22:40:19.242 [main] INFO  org.flywaydb.core.FlywayExecutor - Database: jdbc:h2:mem:dbconfig_flyway (H2 2.2)
2026-04-18 22:40:19.259 [main] WARN  org.flywaydb.core.internal.database.base.Database - Flyway upgrade recommended: H2 2.2.224 is newer than this version of Flyway and support has not been tested. The latest supported version of H2 is 2.2.220.
2026-04-18 22:40:19.358 [main] INFO  o.f.c.i.schemahistory.JdbcTableSchemaHistory - Schema history table "public"."flyway_schema_history" does not exist yet
2026-04-18 22:40:19.373 [main] INFO  org.flywaydb.core.internal.command.DbValidate - Successfully validated 2 migrations (execution time 00:00.068s)
2026-04-18 22:40:19.392 [main] INFO  o.f.c.i.schemahistory.JdbcTableSchemaHistory - Creating Schema History table "public"."flyway_schema_history" ...
2026-04-18 22:40:19.476 [main] INFO  org.flywaydb.core.internal.command.DbMigrate - Current version of schema "public": << Empty Schema >>
2026-04-18 22:40:19.527 [main] INFO  org.flywaydb.core.internal.command.DbMigrate - Migrating schema "public" to version "1 - enterprise schema"
2026-04-18 22:40:19.603 [main] INFO  org.flywaydb.core.internal.command.DbMigrate - Migrating schema "public" to version "2 - booking request fields"
2026-04-18 22:40:19.756 [main] INFO  org.flywaydb.core.internal.command.DbMigrate - Successfully applied 2 migrations to schema "public", now at version v2 (execution time 00:00.198s)
2026-04-18 22:40:19.758 [main] INFO  c.a.persistence.database.DatabaseConfig - Flyway migrations executed: 2
2026-04-18 22:40:19.759 [main] INFO  com.zaxxer.hikari.HikariDataSource - AppointmentBookingPool - Shutdown initiated...
2026-04-18 22:40:19.759 [main] INFO  com.zaxxer.hikari.HikariDataSource - AppointmentBookingPool - Shutdown completed.
2026-04-18 22:40:19.759 [main] INFO  c.a.persistence.database.DatabaseConfig - Database connection pool closed
2026-04-18 22:40:19.759 [main] INFO  com.zaxxer.hikari.HikariDataSource - AppointmentBookingPool - Starting...
2026-04-18 22:40:19.762 [main] INFO  com.zaxxer.hikari.pool.HikariPool - AppointmentBookingPool - Added connection conn6: url=jdbc:h2:mem:dbconfig_flyway user=SA
2026-04-18 22:40:19.762 [main] INFO  com.zaxxer.hikari.HikariDataSource - AppointmentBookingPool - Start completed.
2026-04-18 22:40:19.762 [main] INFO  c.a.persistence.database.DatabaseConfig - Database connection pool initialized: jdbc:h2:mem:dbconfig_flyway;DB_CLOSE_DELAY=-1;DATABASE_TO_LOWER=TRUE
2026-04-18 22:40:19.770 [main] INFO  org.flywaydb.core.FlywayExecutor - Database: jdbc:h2:mem:dbconfig_flyway (H2 2.2)
2026-04-18 22:40:19.773 [main] WARN  org.flywaydb.core.internal.database.base.Database - Flyway upgrade recommended: H2 2.2.224 is newer than this version of Flyway and support has not been tested. The latest supported version of H2 is 2.2.220.
2026-04-18 22:40:19.783 [main] INFO  org.flywaydb.core.internal.command.DbValidate - Successfully validated 2 migrations (execution time 00:00.009s)
2026-04-18 22:40:19.789 [main] INFO  org.flywaydb.core.internal.command.DbMigrate - Current version of schema "public": 2
2026-04-18 22:40:19.790 [main] INFO  org.flywaydb.core.internal.command.DbMigrate - Schema "public" is up to date. No migration necessary.
2026-04-18 22:40:19.791 [main] INFO  c.a.persistence.database.DatabaseConfig - Flyway migrations executed: 0
2026-04-18 22:40:19.791 [main] INFO  com.zaxxer.hikari.HikariDataSource - AppointmentBookingPool - Shutdown initiated...
2026-04-18 22:40:19.829 [main] INFO  com.zaxxer.hikari.HikariDataSource - AppointmentBookingPool - Shutdown completed.
2026-04-18 22:40:19.829 [main] INFO  c.a.persistence.database.DatabaseConfig - Database connection pool closed
2026-04-18 22:40:19.830 [main] DEBUG com.appointmentscheduler.application.AppConfig - Application configuration loaded
2026-04-18 22:40:19.830 [main] DEBUG com.appointmentscheduler.application.AppConfig - Merged application-local.properties
2026-04-18 22:40:19.831 [main] DEBUG com.appointmentscheduler.application.AppConfig - Application configuration loaded
2026-04-18 22:40:19.831 [main] DEBUG com.appointmentscheduler.application.AppConfig - Merged application-local.properties
2026-04-18 22:40:19.833 [main] DEBUG com.appointmentscheduler.application.AppConfig - Application configuration loaded
2026-04-18 22:40:19.833 [main] DEBUG com.appointmentscheduler.application.AppConfig - Merged application-local.properties
2026-04-18 22:40:19.834 [main] DEBUG com.appointmentscheduler.application.AppConfig - Application configuration loaded
2026-04-18 22:40:19.835 [main] DEBUG com.appointmentscheduler.application.AppConfig - Merged application-local.properties
2026-04-18 22:40:19.835 [main] DEBUG com.appointmentscheduler.application.AppConfig - Application configuration loaded
2026-04-18 22:40:19.837 [main] DEBUG com.appointmentscheduler.application.AppConfig - Merged application-local.properties
2026-04-18 22:40:20.939 [main] WARN  com.appointmentscheduler.application.AuthService - Login failed for email: nobody@here.com
2026-04-18 22:40:22.498 [main] WARN  com.appointmentscheduler.application.AuthService - Login failed for email: john@test.com
2026-04-18 22:40:24.392 [main] WARN  com.appointmentscheduler.application.AuthService - Login attempt for locked account: john@test.com
2026-04-18 22:40:27.744 [main] INFO  com.appointmentscheduler.application.AuthService - Login successful for user: john@test.com
2026-04-18 22:40:29.427 [main] INFO  com.appointmentscheduler.application.AuthService - Login successful for user: john@test.com
2026-04-18 22:40:31.146 [main] INFO  com.appointmentscheduler.application.AuthService - Login successful for user: john@test.com
2026-04-18 22:40:32.728 [main] INFO  com.appointmentscheduler.application.AuthService - Login successful for user: john@test.com
2026-04-18 22:40:34.369 [main] INFO  com.appointmentscheduler.application.AuthService - Login successful for user: admin@test.com
2026-04-18 22:40:34.487 [main] DEBUG com.appointmentscheduler.application.AppConfig - Application configuration loaded
2026-04-18 22:40:34.488 [main] DEBUG com.appointmentscheduler.application.AppConfig - Merged application-local.properties
2026-04-18 22:40:34.491 [main] DEBUG com.appointmentscheduler.application.AppConfig - Application configuration loaded
2026-04-18 22:40:34.492 [main] WARN  com.appointmentscheduler.application.AppConfig - Could not load application-local.properties: Malformed \uxxxx encoding.
2026-04-18 22:40:34.499 [main] DEBUG com.appointmentscheduler.application.AppConfig - Application configuration loaded
2026-04-18 22:40:34.500 [main] DEBUG com.appointmentscheduler.application.AppConfig - Merged application-local.properties
2026-04-18 22:40:34.511 [main] DEBUG com.appointmentscheduler.application.AppConfig - Application configuration loaded
2026-04-18 22:40:34.512 [main] DEBUG com.appointmentscheduler.application.AppConfig - Merged application-local.properties
2026-04-18 22:40:34.523 [main] DEBUG com.appointmentscheduler.application.AppConfig - Application configuration loaded
2026-04-18 22:40:34.524 [main] DEBUG com.appointmentscheduler.application.AppConfig - Merged application-local.properties
2026-04-18 22:40:34.534 [main] DEBUG com.appointmentscheduler.application.AppConfig - Application configuration loaded
2026-04-18 22:40:34.535 [main] DEBUG com.appointmentscheduler.application.AppConfig - Merged application-local.properties
2026-04-18 22:40:34.538 [main] WARN  com.appointmentscheduler.application.AppConfig - Could not load application.properties, using defaults: Malformed \uxxxx encoding.
2026-04-18 22:40:34.538 [main] DEBUG com.appointmentscheduler.application.AppConfig - Merged application-local.properties
2026-04-18 22:40:34.546 [main] DEBUG com.appointmentscheduler.application.AppConfig - Application configuration loaded
2026-04-18 22:40:34.547 [main] DEBUG com.appointmentscheduler.application.AppConfig - Merged application-local.properties
2026-04-18 22:40:34.555 [main] DEBUG com.appointmentscheduler.application.AppConfig - Application configuration loaded
2026-04-18 22:40:34.557 [main] DEBUG com.appointmentscheduler.application.AppConfig - Merged application-local.properties
2026-04-18 22:40:34.565 [main] DEBUG com.appointmentscheduler.application.AppConfig - Application configuration loaded
2026-04-18 22:40:34.565 [main] DEBUG com.appointmentscheduler.application.AppConfig - Merged application-local.properties
2026-04-18 22:40:34.699 [JavaFX Application Thread] INFO  com.zaxxer.hikari.HikariDataSource - AppointmentBookingPool - Starting...
2026-04-18 22:40:34.709 [JavaFX Application Thread] INFO  com.zaxxer.hikari.pool.HikariPool - AppointmentBookingPool - Added connection com.mysql.cj.jdbc.ConnectionImpl@268b864
2026-04-18 22:40:34.709 [JavaFX Application Thread] INFO  com.zaxxer.hikari.HikariDataSource - AppointmentBookingPool - Start completed.
2026-04-18 22:40:34.709 [JavaFX Application Thread] INFO  c.a.persistence.database.DatabaseConfig - Database connection pool initialized: jdbc:mysql://localhost:3306/appointment?useUnicode=true&characterEncoding=UTF-8&serverTimezone=UTC&useSSL=false&allowPublicKeyRetrieval=true
2026-04-18 22:40:34.711 [JavaFX Application Thread] INFO  c.a.persistence.database.DatabaseConfig - MySQL: table app_user verified/created
2026-04-18 22:40:34.712 [JavaFX Application Thread] DEBUG c.a.persistence.database.DatabaseConfig - MySQL (skipped): ALTER TABLE appointment ADD COLUMN customer_notes VARCHAR(2000) NULL — Duplicate column name 'customer_notes'
2026-04-18 22:40:34.715 [JavaFX Application Thread] DEBUG c.a.persistence.database.DatabaseConfig - MySQL (skipped): ALTER TABLE appointment ADD COLUMN contact_phone VARCHAR(64) NULL — Duplicate column name 'contact_phone'
2026-04-18 22:40:34.716 [JavaFX Application Thread] DEBUG c.a.persistence.database.DatabaseConfig - MySQL (skipped): ALTER TABLE appointment ADD COLUMN reminder_channel VARCHAR(32) NULL — Duplicate column name 'reminder_channel'
2026-04-18 22:40:34.717 [JavaFX Application Thread] DEBUG c.a.persistence.database.DatabaseConfig - MySQL (skipped): ALTER TABLE appointment ADD COLUMN accessibility_needs VARCHAR(512) NULL — Duplicate column name 'accessibility_needs'
2026-04-18 22:40:34.718 [JavaFX Application Thread] DEBUG c.a.persistence.database.DatabaseConfig - MySQL (skipped): ALTER TABLE appointment ADD COLUMN preferred_language VARCHAR(16) NULL — Duplicate column name 'preferred_language'
2026-04-18 22:40:34.718 [JavaFX Application Thread] INFO  com.appointmentscheduler.presentation.MainApp - Using database persistence (MySQL). User and appointment data will be saved.
2026-04-18 22:40:34.718 [JavaFX Application Thread] DEBUG c.a.application.AppointmentReminderService - Registered reminder channel: SMSNotification
2026-04-18 22:40:35.491 [JavaFX Application Thread] INFO  com.appointmentscheduler.presentation.MainApp - Starting Appointment Booking System v3.0.0
2026-04-18 22:40:37.065 [JavaFX Application Thread] DEBUG c.appointmentscheduler.application.AuditLogService - Audit: LOGIN_SUCCESS | Admin User | Signed in from admin@admin.com
2026-04-18 22:40:37.065 [JavaFX Application Thread] INFO  com.appointmentscheduler.application.AuthService - Login successful for user: admin@admin.com
2026-04-18 22:40:37.065 [JavaFX Application Thread] INFO  c.a.presentation.LoginController - Login successful for user: admin@admin.com
2026-04-18 22:40:39.862 [JavaFX Application Thread] DEBUG c.appointmentscheduler.application.AuditLogService - Audit: LOGIN_FAILED | customer@example.com | Invalid credentials
2026-04-18 22:40:39.862 [JavaFX Application Thread] WARN  com.appointmentscheduler.application.AuthService - Login failed for email: customer@example.com
2026-04-18 22:40:42.095 [main] DEBUG c.appointmentscheduler.application.AuditLogService - Audit: BOOK | Pat | Appointment c2086e21-3476-4599-b361-0e590593d4bd at 2026-04-26T10:00 to 2026-04-26T11:00 | entity=c2086e21-3476-4599-b361-0e590593d4bd
2026-04-18 22:40:42.107 [main] DEBUG c.appointmentscheduler.application.AuditLogService - Audit: BOOK | Pat | Appointment adf4c1c8-6895-4558-b8c5-9c1740613eb4 at 2026-04-28T10:00 to 2026-04-28T11:00 | entity=adf4c1c8-6895-4558-b8c5-9c1740613eb4
2026-04-18 22:40:42.112 [main] DEBUG c.appointmentscheduler.application.AuditLogService - Audit: BOOK | Pat | Appointment 87b12d6b-337d-4711-9905-ca083756c775 at 2026-04-20T10:00 to 2026-04-20T11:00 | entity=87b12d6b-337d-4711-9905-ca083756c775
2026-04-18 22:40:42.223 [main] DEBUG c.appointmentscheduler.application.AuditLogService - Audit: BOOK | Pat | Appointment 8ceebe15-da75-440f-9a33-9495fefe7086 at 2026-04-20T10:00 to 2026-04-20T11:00 | entity=8ceebe15-da75-440f-9a33-9495fefe7086
2026-04-18 22:40:42.227 [main] WARN  c.appointmentscheduler.application.BookingService - Booking confirmation email failed for appointment 4a8fb086-5381-40e1-b146-ad6c919279df; booking remains saved.
java.lang.RuntimeException: smtp unavailable
	at com.appointmentscheduler/com.appointmentscheduler.application.BookingService.sendBookingConfirmationEmail(BookingService.java:184)
	at com.appointmentscheduler/com.appointmentscheduler.application.BookingService.tryBookWithReason(BookingService.java:128)
	at com.appointmentscheduler/com.appointmentscheduler.application.BookingService.bookAppointment(BookingService.java:162)
	at com.appointmentscheduler/com.appointmentscheduler.application.BookingService.bookAppointment(BookingService.java:79)
	at com.appointmentscheduler/com.appointmentscheduler.application.BookingServiceTest$Booking.book_success_emailExceptionDoesNotFailBooking(BookingServiceTest.java:137)
	at java.base/jdk.internal.reflect.DirectMethodHandleAccessor.invoke(DirectMethodHandleAccessor.java:104)
	at java.base/java.lang.reflect.Method.invoke(Method.java:565)
	at org.junit.platform.commons.util.ReflectionUtils.invokeMethod(ReflectionUtils.java:728)
	at org.junit.jupiter.engine.execution.MethodInvocation.proceed(MethodInvocation.java:60)
	at org.junit.jupiter.engine.execution.InvocationInterceptorChain$ValidatingInvocation.proceed(InvocationInterceptorChain.java:131)
	at org.junit.jupiter.engine.extension.TimeoutExtension.intercept(TimeoutExtension.java:156)
	at org.junit.jupiter.engine.extension.TimeoutExtension.interceptTestableMethod(TimeoutExtension.java:147)
	at org.junit.jupiter.engine.extension.TimeoutExtension.interceptTestMethod(TimeoutExtension.java:86)
	at org.junit.jupiter.engine.execution.InterceptingExecutableInvoker$ReflectiveInterceptorCall.lambda$ofVoidMethod$0(InterceptingExecutableInvoker.java:103)
	at org.junit.jupiter.engine.execution.InterceptingExecutableInvoker.lambda$invoke$0(InterceptingExecutableInvoker.java:93)
	at org.junit.jupiter.engine.execution.InvocationInterceptorChain$InterceptedInvocation.proceed(InvocationInterceptorChain.java:106)
	at org.junit.jupiter.engine.execution.InvocationInterceptorChain.proceed(InvocationInterceptorChain.java:64)
	at org.junit.jupiter.engine.execution.InvocationInterceptorChain.chainAndInvoke(InvocationInterceptorChain.java:45)
	at org.junit.jupiter.engine.execution.InvocationInterceptorChain.invoke(InvocationInterceptorChain.java:37)
	at org.junit.jupiter.engine.execution.InterceptingExecutableInvoker.invoke(InterceptingExecutableInvoker.java:92)
	at org.junit.jupiter.engine.execution.InterceptingExecutableInvoker.invoke(InterceptingExecutableInvoker.java:86)
	at org.junit.jupiter.engine.descriptor.TestMethodTestDescriptor.lambda$invokeTestMethod$7(TestMethodTestDescriptor.java:218)
	at org.junit.platform.engine.support.hierarchical.ThrowableCollector.execute(ThrowableCollector.java:73)
	at org.junit.jupiter.engine.descriptor.TestMethodTestDescriptor.invokeTestMethod(TestMethodTestDescriptor.java:214)
	at org.junit.jupiter.engine.descriptor.TestMethodTestDescriptor.execute(TestMethodTestDescriptor.java:139)
	at org.junit.jupiter.engine.descriptor.TestMethodTestDescriptor.execute(TestMethodTestDescriptor.java:69)
	at org.junit.platform.engine.support.hierarchical.NodeTestTask.lambda$executeRecursively$6(NodeTestTask.java:151)
	at org.junit.platform.engine.support.hierarchical.ThrowableCollector.execute(ThrowableCollector.java:73)
	at org.junit.platform.engine.support.hierarchical.NodeTestTask.lambda$executeRecursively$8(NodeTestTask.java:141)
	at org.junit.platform.engine.support.hierarchical.Node.around(Node.java:137)
	at org.junit.platform.engine.support.hierarchical.NodeTestTask.lambda$executeRecursively$9(NodeTestTask.java:139)
	at org.junit.platform.engine.support.hierarchical.ThrowableCollector.execute(ThrowableCollector.java:73)
	at org.junit.platform.engine.support.hierarchical.NodeTestTask.executeRecursively(NodeTestTask.java:138)
	at org.junit.platform.engine.support.hierarchical.NodeTestTask.execute(NodeTestTask.java:95)
	at java.base/java.util.ArrayList.forEach(ArrayList.java:1604)
	at org.junit.platform.engine.support.hierarchical.SameThreadHierarchicalTestExecutorService.invokeAll(SameThreadHierarchicalTestExecutorService.java:41)
	at org.junit.platform.engine.support.hierarchical.NodeTestTask.lambda$executeRecursively$6(NodeTestTask.java:155)
	at org.junit.platform.engine.support.hierarchical.ThrowableCollector.execute(ThrowableCollector.java:73)
	at org.junit.platform.engine.support.hierarchical.NodeTestTask.lambda$executeRecursively$8(NodeTestTask.java:141)
	at org.junit.platform.engine.support.hierarchical.Node.around(Node.java:137)
	at org.junit.platform.engine.support.hierarchical.NodeTestTask.lambda$executeRecursively$9(NodeTestTask.java:139)
	at org.junit.platform.engine.support.hierarchical.ThrowableCollector.execute(ThrowableCollector.java:73)
	at org.junit.platform.engine.support.hierarchical.NodeTestTask.executeRecursively(NodeTestTask.java:138)
	at org.junit.platform.engine.support.hierarchical.NodeTestTask.execute(NodeTestTask.java:95)
	at java.base/java.util.ArrayList.forEach(ArrayList.java:1604)
	at org.junit.platform.engine.support.hierarchical.SameThreadHierarchicalTestExecutorService.invokeAll(SameThreadHierarchicalTestExecutorService.java:41)
	at org.junit.platform.engine.support.hierarchical.NodeTestTask.lambda$executeRecursively$6(NodeTestTask.java:155)
	at org.junit.platform.engine.support.hierarchical.ThrowableCollector.execute(ThrowableCollector.java:73)
	at org.junit.platform.engine.support.hierarchical.NodeTestTask.lambda$executeRecursively$8(NodeTestTask.java:141)
	at org.junit.platform.engine.support.hierarchical.Node.around(Node.java:137)
	at org.junit.platform.engine.support.hierarchical.NodeTestTask.lambda$executeRecursively$9(NodeTestTask.java:139)
	at org.junit.platform.engine.support.hierarchical.ThrowableCollector.execute(ThrowableCollector.java:73)
	at org.junit.platform.engine.support.hierarchical.NodeTestTask.executeRecursively(NodeTestTask.java:138)
	at org.junit.platform.engine.support.hierarchical.NodeTestTask.execute(NodeTestTask.java:95)
	at java.base/java.util.ArrayList.forEach(ArrayList.java:1604)
	at org.junit.platform.engine.support.hierarchical.SameThreadHierarchicalTestExecutorService.invokeAll(SameThreadHierarchicalTestExecutorService.java:41)
	at org.junit.platform.engine.support.hierarchical.NodeTestTask.lambda$executeRecursively$6(NodeTestTask.java:155)
	at org.junit.platform.engine.support.hierarchical.ThrowableCollector.execute(ThrowableCollector.java:73)
	at org.junit.platform.engine.support.hierarchical.NodeTestTask.lambda$executeRecursively$8(NodeTestTask.java:141)
	at org.junit.platform.engine.support.hierarchical.Node.around(Node.java:137)
	at org.junit.platform.engine.support.hierarchical.NodeTestTask.lambda$executeRecursively$9(NodeTestTask.java:139)
	at org.junit.platform.engine.support.hierarchical.ThrowableCollector.execute(ThrowableCollector.java:73)
	at org.junit.platform.engine.support.hierarchical.NodeTestTask.executeRecursively(NodeTestTask.java:138)
	at org.junit.platform.engine.support.hierarchical.NodeTestTask.execute(NodeTestTask.java:95)
	at org.junit.platform.engine.support.hierarchical.SameThreadHierarchicalTestExecutorService.submit(SameThreadHierarchicalTestExecutorService.java:35)
	at org.junit.platform.engine.support.hierarchical.HierarchicalTestExecutor.execute(HierarchicalTestExecutor.java:57)
	at org.junit.platform.engine.support.hierarchical.HierarchicalTestEngine.execute(HierarchicalTestEngine.java:54)
	at org.junit.platform.launcher.core.EngineExecutionOrchestrator.execute(EngineExecutionOrchestrator.java:198)
	at org.junit.platform.launcher.core.EngineExecutionOrchestrator.execute(EngineExecutionOrchestrator.java:169)
	at org.junit.platform.launcher.core.EngineExecutionOrchestrator.execute(EngineExecutionOrchestrator.java:93)
	at org.junit.platform.launcher.core.EngineExecutionOrchestrator.lambda$execute$0(EngineExecutionOrchestrator.java:58)
	at org.junit.platform.launcher.core.EngineExecutionOrchestrator.withInterceptedStreams(EngineExecutionOrchestrator.java:141)
	at org.junit.platform.launcher.core.EngineExecutionOrchestrator.execute(EngineExecutionOrchestrator.java:57)
	at org.junit.platform.launcher.core.DefaultLauncher.execute(DefaultLauncher.java:103)
	at org.junit.platform.launcher.core.DefaultLauncher.execute(DefaultLauncher.java:85)
	at org.junit.platform.launcher.core.DelegatingLauncher.execute(DelegatingLauncher.java:47)
	at org.junit.platform.launcher.core.SessionPerRequestLauncher.execute(SessionPerRequestLauncher.java:63)
	at com.intellij.junit5.JUnit5IdeaTestRunner.startRunnerWithArgs(JUnit5IdeaTestRunner.java:66)
	at com.intellij.rt.junit.IdeaTestRunner$Repeater$1.execute(IdeaTestRunner.java:38)
	at com.intellij.rt.execution.junit.TestsRepeater.repeat(TestsRepeater.java:11)
	at com.intellij.rt.junit.IdeaTestRunner$Repeater.startRunnerWithArgs(IdeaTestRunner.java:35)
	at com.intellij.rt.junit.JUnitStarter.prepareStreamsAndStart(JUnitStarter.java:231)
	at com.intellij.rt.junit.JUnitStarter.main(JUnitStarter.java:55)
2026-04-18 22:40:42.228 [main] DEBUG c.appointmentscheduler.application.AuditLogService - Audit: BOOK | Pat | Appointment 4a8fb086-5381-40e1-b146-ad6c919279df at 2026-04-20T10:00 to 2026-04-20T11:00 | entity=4a8fb086-5381-40e1-b146-ad6c919279df
2026-04-18 22:40:42.325 [main] DEBUG c.appointmentscheduler.application.AuditLogService - Audit: BOOK | Pat | Appointment c45a6bb5-57db-4801-9e01-880b540fb9bb at 2026-04-22T10:00 to 2026-04-22T11:00 | entity=c45a6bb5-57db-4801-9e01-880b540fb9bb
2026-04-18 22:40:42.333 [main] DEBUG c.appointmentscheduler.application.AuditLogService - Audit: CANCEL | A | Appointment cadm | entity=cadm
2026-04-18 22:40:42.417 [main] DEBUG c.appointmentscheduler.application.AuditLogService - Audit: CANCEL | Pat | Appointment cc | entity=cc
2026-04-18 22:40:42.434 [main] WARN  c.appointmentscheduler.application.BookingService - Cancellation email failed for appointment can-email-fail; cancellation remains saved.
java.lang.RuntimeException: smtp cancel failed
	at com.appointmentscheduler/com.appointmentscheduler.application.BookingService.sendAppointmentCancelledEmail(BookingService.java:206)
	at com.appointmentscheduler/com.appointmentscheduler.application.BookingService.cancelAppointment(BookingService.java:326)
	at com.appointmentscheduler/com.appointmentscheduler.application.BookingServiceTest$Cancel.cancel_emailExceptionDoesNotRollback(BookingServiceTest.java:724)
	at java.base/jdk.internal.reflect.DirectMethodHandleAccessor.invoke(DirectMethodHandleAccessor.java:104)
	at java.base/java.lang.reflect.Method.invoke(Method.java:565)
	at org.junit.platform.commons.util.ReflectionUtils.invokeMethod(ReflectionUtils.java:728)
	at org.junit.jupiter.engine.execution.MethodInvocation.proceed(MethodInvocation.java:60)
	at org.junit.jupiter.engine.execution.InvocationInterceptorChain$ValidatingInvocation.proceed(InvocationInterceptorChain.java:131)
	at org.junit.jupiter.engine.extension.TimeoutExtension.intercept(TimeoutExtension.java:156)
	at org.junit.jupiter.engine.extension.TimeoutExtension.interceptTestableMethod(TimeoutExtension.java:147)
	at org.junit.jupiter.engine.extension.TimeoutExtension.interceptTestMethod(TimeoutExtension.java:86)
	at org.junit.jupiter.engine.execution.InterceptingExecutableInvoker$ReflectiveInterceptorCall.lambda$ofVoidMethod$0(InterceptingExecutableInvoker.java:103)
	at org.junit.jupiter.engine.execution.InterceptingExecutableInvoker.lambda$invoke$0(InterceptingExecutableInvoker.java:93)
	at org.junit.jupiter.engine.execution.InvocationInterceptorChain$InterceptedInvocation.proceed(InvocationInterceptorChain.java:106)
	at org.junit.jupiter.engine.execution.InvocationInterceptorChain.proceed(InvocationInterceptorChain.java:64)
	at org.junit.jupiter.engine.execution.InvocationInterceptorChain.chainAndInvoke(InvocationInterceptorChain.java:45)
	at org.junit.jupiter.engine.execution.InvocationInterceptorChain.invoke(InvocationInterceptorChain.java:37)
	at org.junit.jupiter.engine.execution.InterceptingExecutableInvoker.invoke(InterceptingExecutableInvoker.java:92)
	at org.junit.jupiter.engine.execution.InterceptingExecutableInvoker.invoke(InterceptingExecutableInvoker.java:86)
	at org.junit.jupiter.engine.descriptor.TestMethodTestDescriptor.lambda$invokeTestMethod$7(TestMethodTestDescriptor.java:218)
	at org.junit.platform.engine.support.hierarchical.ThrowableCollector.execute(ThrowableCollector.java:73)
	at org.junit.jupiter.engine.descriptor.TestMethodTestDescriptor.invokeTestMethod(TestMethodTestDescriptor.java:214)
	at org.junit.jupiter.engine.descriptor.TestMethodTestDescriptor.execute(TestMethodTestDescriptor.java:139)
	at org.junit.jupiter.engine.descriptor.TestMethodTestDescriptor.execute(TestMethodTestDescriptor.java:69)
	at org.junit.platform.engine.support.hierarchical.NodeTestTask.lambda$executeRecursively$6(NodeTestTask.java:151)
	at org.junit.platform.engine.support.hierarchical.ThrowableCollector.execute(ThrowableCollector.java:73)
	at org.junit.platform.engine.support.hierarchical.NodeTestTask.lambda$executeRecursively$8(NodeTestTask.java:141)
	at org.junit.platform.engine.support.hierarchical.Node.around(Node.java:137)
	at org.junit.platform.engine.support.hierarchical.NodeTestTask.lambda$executeRecursively$9(NodeTestTask.java:139)
	at org.junit.platform.engine.support.hierarchical.ThrowableCollector.execute(ThrowableCollector.java:73)
	at org.junit.platform.engine.support.hierarchical.NodeTestTask.executeRecursively(NodeTestTask.java:138)
	at org.junit.platform.engine.support.hierarchical.NodeTestTask.execute(NodeTestTask.java:95)
	at java.base/java.util.ArrayList.forEach(ArrayList.java:1604)
	at org.junit.platform.engine.support.hierarchical.SameThreadHierarchicalTestExecutorService.invokeAll(SameThreadHierarchicalTestExecutorService.java:41)
	at org.junit.platform.engine.support.hierarchical.NodeTestTask.lambda$executeRecursively$6(NodeTestTask.java:155)
	at org.junit.platform.engine.support.hierarchical.ThrowableCollector.execute(ThrowableCollector.java:73)
	at org.junit.platform.engine.support.hierarchical.NodeTestTask.lambda$executeRecursively$8(NodeTestTask.java:141)
	at org.junit.platform.engine.support.hierarchical.Node.around(Node.java:137)
	at org.junit.platform.engine.support.hierarchical.NodeTestTask.lambda$executeRecursively$9(NodeTestTask.java:139)
	at org.junit.platform.engine.support.hierarchical.ThrowableCollector.execute(ThrowableCollector.java:73)
	at org.junit.platform.engine.support.hierarchical.NodeTestTask.executeRecursively(NodeTestTask.java:138)
	at org.junit.platform.engine.support.hierarchical.NodeTestTask.execute(NodeTestTask.java:95)
	at java.base/java.util.ArrayList.forEach(ArrayList.java:1604)
	at org.junit.platform.engine.support.hierarchical.SameThreadHierarchicalTestExecutorService.invokeAll(SameThreadHierarchicalTestExecutorService.java:41)
	at org.junit.platform.engine.support.hierarchical.NodeTestTask.lambda$executeRecursively$6(NodeTestTask.java:155)
	at org.junit.platform.engine.support.hierarchical.ThrowableCollector.execute(ThrowableCollector.java:73)
	at org.junit.platform.engine.support.hierarchical.NodeTestTask.lambda$executeRecursively$8(NodeTestTask.java:141)
	at org.junit.platform.engine.support.hierarchical.Node.around(Node.java:137)
	at org.junit.platform.engine.support.hierarchical.NodeTestTask.lambda$executeRecursively$9(NodeTestTask.java:139)
	at org.junit.platform.engine.support.hierarchical.ThrowableCollector.execute(ThrowableCollector.java:73)
	at org.junit.platform.engine.support.hierarchical.NodeTestTask.executeRecursively(NodeTestTask.java:138)
	at org.junit.platform.engine.support.hierarchical.NodeTestTask.execute(NodeTestTask.java:95)
	at java.base/java.util.ArrayList.forEach(ArrayList.java:1604)
	at org.junit.platform.engine.support.hierarchical.SameThreadHierarchicalTestExecutorService.invokeAll(SameThreadHierarchicalTestExecutorService.java:41)
	at org.junit.platform.engine.support.hierarchical.NodeTestTask.lambda$executeRecursively$6(NodeTestTask.java:155)
	at org.junit.platform.engine.support.hierarchical.ThrowableCollector.execute(ThrowableCollector.java:73)
	at org.junit.platform.engine.support.hierarchical.NodeTestTask.lambda$executeRecursively$8(NodeTestTask.java:141)
	at org.junit.platform.engine.support.hierarchical.Node.around(Node.java:137)
	at org.junit.platform.engine.support.hierarchical.NodeTestTask.lambda$executeRecursively$9(NodeTestTask.java:139)
	at org.junit.platform.engine.support.hierarchical.ThrowableCollector.execute(ThrowableCollector.java:73)
	at org.junit.platform.engine.support.hierarchical.NodeTestTask.executeRecursively(NodeTestTask.java:138)
	at org.junit.platform.engine.support.hierarchical.NodeTestTask.execute(NodeTestTask.java:95)
	at org.junit.platform.engine.support.hierarchical.SameThreadHierarchicalTestExecutorService.submit(SameThreadHierarchicalTestExecutorService.java:35)
	at org.junit.platform.engine.support.hierarchical.HierarchicalTestExecutor.execute(HierarchicalTestExecutor.java:57)
	at org.junit.platform.engine.support.hierarchical.HierarchicalTestEngine.execute(HierarchicalTestEngine.java:54)
	at org.junit.platform.launcher.core.EngineExecutionOrchestrator.execute(EngineExecutionOrchestrator.java:198)
	at org.junit.platform.launcher.core.EngineExecutionOrchestrator.execute(EngineExecutionOrchestrator.java:169)
	at org.junit.platform.launcher.core.EngineExecutionOrchestrator.execute(EngineExecutionOrchestrator.java:93)
	at org.junit.platform.launcher.core.EngineExecutionOrchestrator.lambda$execute$0(EngineExecutionOrchestrator.java:58)
	at org.junit.platform.launcher.core.EngineExecutionOrchestrator.withInterceptedStreams(EngineExecutionOrchestrator.java:141)
	at org.junit.platform.launcher.core.EngineExecutionOrchestrator.execute(EngineExecutionOrchestrator.java:57)
	at org.junit.platform.launcher.core.DefaultLauncher.execute(DefaultLauncher.java:103)
	at org.junit.platform.launcher.core.DefaultLauncher.execute(DefaultLauncher.java:85)
	at org.junit.platform.launcher.core.DelegatingLauncher.execute(DelegatingLauncher.java:47)
	at org.junit.platform.launcher.core.SessionPerRequestLauncher.execute(SessionPerRequestLauncher.java:63)
	at com.intellij.junit5.JUnit5IdeaTestRunner.startRunnerWithArgs(JUnit5IdeaTestRunner.java:66)
	at com.intellij.rt.junit.IdeaTestRunner$Repeater$1.execute(IdeaTestRunner.java:38)
	at com.intellij.rt.execution.junit.TestsRepeater.repeat(TestsRepeater.java:11)
	at com.intellij.rt.junit.IdeaTestRunner$Repeater.startRunnerWithArgs(IdeaTestRunner.java:35)
	at com.intellij.rt.junit.JUnitStarter.prepareStreamsAndStart(JUnitStarter.java:231)
	at com.intellij.rt.junit.JUnitStarter.main(JUnitStarter.java:55)
2026-04-18 22:40:42.442 [main] DEBUG c.appointmentscheduler.application.AuditLogService - Audit: CANCEL | Pat | Appointment can-email-fail | entity=can-email-fail
2026-04-18 22:40:42.451 [main] DEBUG c.appointmentscheduler.application.AuditLogService - Audit: CANCEL | Pat | Appointment 26984b54-c170-455c-96a9-eee0deee30ba | entity=26984b54-c170-455c-96a9-eee0deee30ba
2026-04-18 22:40:42.462 [main] DEBUG c.appointmentscheduler.application.AuditLogService - Audit: COMPLETE | A | Appointment ex marked COMPLETED | entity=ex
2026-04-18 22:40:42.465 [main] DEBUG c.appointmentscheduler.application.AuditLogService - Audit: COMPLETE | R | Appointment r1 marked COMPLETED | entity=r1
2026-04-18 22:40:42.476 [main] DEBUG c.appointmentscheduler.application.AuditLogService - Audit: COMPLETE | A | Appointment fixed-id marked COMPLETED | entity=fixed-id
2026-04-18 22:40:42.494 [main] WARN  c.appointmentscheduler.application.BookingService - Reschedule notification email failed for appointment mid-email-fail; changes remain saved.
java.lang.RuntimeException: smtp modify failed
	at com.appointmentscheduler/com.appointmentscheduler.application.BookingService.sendAppointmentModifiedEmail(BookingService.java:195)
	at com.appointmentscheduler/com.appointmentscheduler.application.BookingService.modifyAppointment(BookingService.java:287)
	at com.appointmentscheduler/com.appointmentscheduler.application.BookingServiceTest$Modify.modify_emailExceptionDoesNotRollback(BookingServiceTest.java:557)
	at java.base/jdk.internal.reflect.DirectMethodHandleAccessor.invoke(DirectMethodHandleAccessor.java:104)
	at java.base/java.lang.reflect.Method.invoke(Method.java:565)
	at org.junit.platform.commons.util.ReflectionUtils.invokeMethod(ReflectionUtils.java:728)
	at org.junit.jupiter.engine.execution.MethodInvocation.proceed(MethodInvocation.java:60)
	at org.junit.jupiter.engine.execution.InvocationInterceptorChain$ValidatingInvocation.proceed(InvocationInterceptorChain.java:131)
	at org.junit.jupiter.engine.extension.TimeoutExtension.intercept(TimeoutExtension.java:156)
	at org.junit.jupiter.engine.extension.TimeoutExtension.interceptTestableMethod(TimeoutExtension.java:147)
	at org.junit.jupiter.engine.extension.TimeoutExtension.interceptTestMethod(TimeoutExtension.java:86)
	at org.junit.jupiter.engine.execution.InterceptingExecutableInvoker$ReflectiveInterceptorCall.lambda$ofVoidMethod$0(InterceptingExecutableInvoker.java:103)
	at org.junit.jupiter.engine.execution.InterceptingExecutableInvoker.lambda$invoke$0(InterceptingExecutableInvoker.java:93)
	at org.junit.jupiter.engine.execution.InvocationInterceptorChain$InterceptedInvocation.proceed(InvocationInterceptorChain.java:106)
	at org.junit.jupiter.engine.execution.InvocationInterceptorChain.proceed(InvocationInterceptorChain.java:64)
	at org.junit.jupiter.engine.execution.InvocationInterceptorChain.chainAndInvoke(InvocationInterceptorChain.java:45)
	at org.junit.jupiter.engine.execution.InvocationInterceptorChain.invoke(InvocationInterceptorChain.java:37)
	at org.junit.jupiter.engine.execution.InterceptingExecutableInvoker.invoke(InterceptingExecutableInvoker.java:92)
	at org.junit.jupiter.engine.execution.InterceptingExecutableInvoker.invoke(InterceptingExecutableInvoker.java:86)
	at org.junit.jupiter.engine.descriptor.TestMethodTestDescriptor.lambda$invokeTestMethod$7(TestMethodTestDescriptor.java:218)
	at org.junit.platform.engine.support.hierarchical.ThrowableCollector.execute(ThrowableCollector.java:73)
	at org.junit.jupiter.engine.descriptor.TestMethodTestDescriptor.invokeTestMethod(TestMethodTestDescriptor.java:214)
	at org.junit.jupiter.engine.descriptor.TestMethodTestDescriptor.execute(TestMethodTestDescriptor.java:139)
	at org.junit.jupiter.engine.descriptor.TestMethodTestDescriptor.execute(TestMethodTestDescriptor.java:69)
	at org.junit.platform.engine.support.hierarchical.NodeTestTask.lambda$executeRecursively$6(NodeTestTask.java:151)
	at org.junit.platform.engine.support.hierarchical.ThrowableCollector.execute(ThrowableCollector.java:73)
	at org.junit.platform.engine.support.hierarchical.NodeTestTask.lambda$executeRecursively$8(NodeTestTask.java:141)
	at org.junit.platform.engine.support.hierarchical.Node.around(Node.java:137)
	at org.junit.platform.engine.support.hierarchical.NodeTestTask.lambda$executeRecursively$9(NodeTestTask.java:139)
	at org.junit.platform.engine.support.hierarchical.ThrowableCollector.execute(ThrowableCollector.java:73)
	at org.junit.platform.engine.support.hierarchical.NodeTestTask.executeRecursively(NodeTestTask.java:138)
	at org.junit.platform.engine.support.hierarchical.NodeTestTask.execute(NodeTestTask.java:95)
	at java.base/java.util.ArrayList.forEach(ArrayList.java:1604)
	at org.junit.platform.engine.support.hierarchical.SameThreadHierarchicalTestExecutorService.invokeAll(SameThreadHierarchicalTestExecutorService.java:41)
	at org.junit.platform.engine.support.hierarchical.NodeTestTask.lambda$executeRecursively$6(NodeTestTask.java:155)
	at org.junit.platform.engine.support.hierarchical.ThrowableCollector.execute(ThrowableCollector.java:73)
	at org.junit.platform.engine.support.hierarchical.NodeTestTask.lambda$executeRecursively$8(NodeTestTask.java:141)
	at org.junit.platform.engine.support.hierarchical.Node.around(Node.java:137)
	at org.junit.platform.engine.support.hierarchical.NodeTestTask.lambda$executeRecursively$9(NodeTestTask.java:139)
	at org.junit.platform.engine.support.hierarchical.ThrowableCollector.execute(ThrowableCollector.java:73)
	at org.junit.platform.engine.support.hierarchical.NodeTestTask.executeRecursively(NodeTestTask.java:138)
	at org.junit.platform.engine.support.hierarchical.NodeTestTask.execute(NodeTestTask.java:95)
	at java.base/java.util.ArrayList.forEach(ArrayList.java:1604)
	at org.junit.platform.engine.support.hierarchical.SameThreadHierarchicalTestExecutorService.invokeAll(SameThreadHierarchicalTestExecutorService.java:41)
	at org.junit.platform.engine.support.hierarchical.NodeTestTask.lambda$executeRecursively$6(NodeTestTask.java:155)
	at org.junit.platform.engine.support.hierarchical.ThrowableCollector.execute(ThrowableCollector.java:73)
	at org.junit.platform.engine.support.hierarchical.NodeTestTask.lambda$executeRecursively$8(NodeTestTask.java:141)
	at org.junit.platform.engine.support.hierarchical.Node.around(Node.java:137)
	at org.junit.platform.engine.support.hierarchical.NodeTestTask.lambda$executeRecursively$9(NodeTestTask.java:139)
	at org.junit.platform.engine.support.hierarchical.ThrowableCollector.execute(ThrowableCollector.java:73)
	at org.junit.platform.engine.support.hierarchical.NodeTestTask.executeRecursively(NodeTestTask.java:138)
	at org.junit.platform.engine.support.hierarchical.NodeTestTask.execute(NodeTestTask.java:95)
	at java.base/java.util.ArrayList.forEach(ArrayList.java:1604)
	at org.junit.platform.engine.support.hierarchical.SameThreadHierarchicalTestExecutorService.invokeAll(SameThreadHierarchicalTestExecutorService.java:41)
	at org.junit.platform.engine.support.hierarchical.NodeTestTask.lambda$executeRecursively$6(NodeTestTask.java:155)
	at org.junit.platform.engine.support.hierarchical.ThrowableCollector.execute(ThrowableCollector.java:73)
	at org.junit.platform.engine.support.hierarchical.NodeTestTask.lambda$executeRecursively$8(NodeTestTask.java:141)
	at org.junit.platform.engine.support.hierarchical.Node.around(Node.java:137)
	at org.junit.platform.engine.support.hierarchical.NodeTestTask.lambda$executeRecursively$9(NodeTestTask.java:139)
	at org.junit.platform.engine.support.hierarchical.ThrowableCollector.execute(ThrowableCollector.java:73)
	at org.junit.platform.engine.support.hierarchical.NodeTestTask.executeRecursively(NodeTestTask.java:138)
	at org.junit.platform.engine.support.hierarchical.NodeTestTask.execute(NodeTestTask.java:95)
	at org.junit.platform.engine.support.hierarchical.SameThreadHierarchicalTestExecutorService.submit(SameThreadHierarchicalTestExecutorService.java:35)
	at org.junit.platform.engine.support.hierarchical.HierarchicalTestExecutor.execute(HierarchicalTestExecutor.java:57)
	at org.junit.platform.engine.support.hierarchical.HierarchicalTestEngine.execute(HierarchicalTestEngine.java:54)
	at org.junit.platform.launcher.core.EngineExecutionOrchestrator.execute(EngineExecutionOrchestrator.java:198)
	at org.junit.platform.launcher.core.EngineExecutionOrchestrator.execute(EngineExecutionOrchestrator.java:169)
	at org.junit.platform.launcher.core.EngineExecutionOrchestrator.execute(EngineExecutionOrchestrator.java:93)
	at org.junit.platform.launcher.core.EngineExecutionOrchestrator.lambda$execute$0(EngineExecutionOrchestrator.java:58)
	at org.junit.platform.launcher.core.EngineExecutionOrchestrator.withInterceptedStreams(EngineExecutionOrchestrator.java:141)
	at org.junit.platform.launcher.core.EngineExecutionOrchestrator.execute(EngineExecutionOrchestrator.java:57)
	at org.junit.platform.launcher.core.DefaultLauncher.execute(DefaultLauncher.java:103)
	at org.junit.platform.launcher.core.DefaultLauncher.execute(DefaultLauncher.java:85)
	at org.junit.platform.launcher.core.DelegatingLauncher.execute(DelegatingLauncher.java:47)
	at org.junit.platform.launcher.core.SessionPerRequestLauncher.execute(SessionPerRequestLauncher.java:63)
	at com.intellij.junit5.JUnit5IdeaTestRunner.startRunnerWithArgs(JUnit5IdeaTestRunner.java:66)
	at com.intellij.rt.junit.IdeaTestRunner$Repeater$1.execute(IdeaTestRunner.java:38)
	at com.intellij.rt.execution.junit.TestsRepeater.repeat(TestsRepeater.java:11)
	at com.intellij.rt.junit.IdeaTestRunner$Repeater.startRunnerWithArgs(IdeaTestRunner.java:35)
	at com.intellij.rt.junit.JUnitStarter.prepareStreamsAndStart(JUnitStarter.java:231)
	at com.intellij.rt.junit.JUnitStarter.main(JUnitStarter.java:55)
2026-04-18 22:40:42.494 [main] DEBUG c.appointmentscheduler.application.AuditLogService - Audit: MODIFY | Pat | Appointment mid-email-fail to 2026-04-24T10:00 to 2026-04-24T11:00 | entity=mid-email-fail
2026-04-18 22:40:42.497 [main] DEBUG c.appointmentscheduler.application.AuditLogService - Audit: MODIFY | Pat | Appointment mid to 2026-04-22T10:00 to 2026-04-22T11:00 | entity=mid
2026-04-18 22:40:42.501 [main] DEBUG c.appointmentscheduler.application.AuditLogService - Audit: MODIFY | Pat | Appointment mod to 2026-04-23T10:00 to 2026-04-23T11:00 | entity=mod
2026-04-18 22:40:42.505 [main] DEBUG c.appointmentscheduler.application.AuditLogService - Audit: MODIFY | Pat | Appointment ev to 2026-04-23T10:00 to 2026-04-23T11:00 | entity=ev
2026-04-18 22:40:42.526 [main] DEBUG c.appointmentscheduler.application.AuditLogService - Audit: MODIFY | A | Appointment adm to 2026-04-23T10:00 to 2026-04-23T11:00 | entity=adm
2026-04-18 22:40:43.155 [main] DEBUG c.a.domain.notifiers.SMSNotification - SMS reminder (stub): userId=1, messageLength=3
2026-04-18 22:40:43.155 [main] DEBUG c.a.domain.notifiers.SMSNotification - SMS reminder (stub): userId=2, messageLength=0
2026-04-18 22:40:43.159 [main] WARN  c.a.domain.notifiers.SMSNotification - SMS reminder skipped: user is null
2026-04-18 22:40:43.299 [main] WARN  c.appointmentscheduler.presentation.ErrorHandler - warn msg
2026-04-18 22:40:43.301 [JavaFX Application Thread] ERROR c.appointmentscheduler.presentation.ErrorHandler - msg with cause
java.lang.IllegalStateException: x
	at com.appointmentscheduler/com.appointmentscheduler.presentation.ErrorHandlerTest.lambda$2(ErrorHandlerTest.java:56)
	at javafx.graphics/com.sun.javafx.application.PlatformImpl.lambda$runLater$10(PlatformImpl.java:457)
	at java.base/java.security.AccessController.doPrivileged(AccessController.java:138)
	at javafx.graphics/com.sun.javafx.application.PlatformImpl.lambda$runLater$11(PlatformImpl.java:456)
	at javafx.graphics/com.sun.glass.ui.InvokeLaterDispatcher$Future.run$$$capture(InvokeLaterDispatcher.java:96)
	at javafx.graphics/com.sun.glass.ui.InvokeLaterDispatcher$Future.run(InvokeLaterDispatcher.java)
	at javafx.graphics/com.sun.glass.ui.win.WinApplication._enterNestedEventLoopImpl(Native Method)
	at javafx.graphics/com.sun.glass.ui.win.WinApplication._enterNestedEventLoop(WinApplication.java:211)
	at javafx.graphics/com.sun.glass.ui.Application.enterNestedEventLoop(Application.java:515)
	at javafx.graphics/com.sun.glass.ui.EventLoop.enter(EventLoop.java:107)
	at javafx.graphics/com.sun.javafx.tk.quantum.QuantumToolkit.enterNestedEventLoop(QuantumToolkit.java:647)
	at javafx.graphics/javafx.stage.Stage.showAndWait(Stage.java:469)
	at javafx.controls/javafx.scene.control.HeavyweightDialog.showAndWait(HeavyweightDialog.java:162)
	at javafx.controls/javafx.scene.control.Dialog.showAndWait(Unknown Source)
	at com.appointmentscheduler/com.appointmentscheduler.presentation.MainApp.showDatabaseNotConnectedWarning(MainApp.java:450)
	at com.appointmentscheduler/com.appointmentscheduler.presentation.MainApp.lambda$6(MainApp.java:256)
	at javafx.graphics/com.sun.javafx.application.PlatformImpl.lambda$runLater$10(PlatformImpl.java:457)
	at java.base/java.security.AccessController.doPrivileged(AccessController.java:138)
	at javafx.graphics/com.sun.javafx.application.PlatformImpl.lambda$runLater$11(PlatformImpl.java:456)
	at javafx.graphics/com.sun.glass.ui.InvokeLaterDispatcher$Future.run$$$capture(InvokeLaterDispatcher.java:96)
	at javafx.graphics/com.sun.glass.ui.InvokeLaterDispatcher$Future.run(InvokeLaterDispatcher.java)
	at javafx.graphics/com.sun.glass.ui.win.WinApplication._enterNestedEventLoopImpl(Native Method)
	at javafx.graphics/com.sun.glass.ui.win.WinApplication._enterNestedEventLoop(WinApplication.java:211)
	at javafx.graphics/com.sun.glass.ui.Application.enterNestedEventLoop(Application.java:515)
	at javafx.graphics/com.sun.glass.ui.EventLoop.enter(EventLoop.java:107)
	at javafx.graphics/com.sun.javafx.tk.quantum.QuantumToolkit.enterNestedEventLoop(QuantumToolkit.java:647)
	at javafx.graphics/javafx.stage.Stage.showAndWait(Stage.java:469)
	at javafx.controls/javafx.scene.control.HeavyweightDialog.showAndWait(HeavyweightDialog.java:162)
	at javafx.controls/javafx.scene.control.Dialog.showAndWait(Unknown Source)
	at com.appointmentscheduler/com.appointmentscheduler.presentation.ErrorHandler.showErrorOnFxThread(ErrorHandler.java:48)
	at com.appointmentscheduler/com.appointmentscheduler.presentation.ErrorHandler.lambda$0(ErrorHandler.java:34)
	at javafx.graphics/com.sun.javafx.application.PlatformImpl.lambda$runLater$10(PlatformImpl.java:457)
	at java.base/java.security.AccessController.doPrivileged(AccessController.java:138)
	at javafx.graphics/com.sun.javafx.application.PlatformImpl.lambda$runLater$11(PlatformImpl.java:456)
	at javafx.graphics/com.sun.glass.ui.InvokeLaterDispatcher$Future.run$$$capture(InvokeLaterDispatcher.java:96)
	at javafx.graphics/com.sun.glass.ui.InvokeLaterDispatcher$Future.run(InvokeLaterDispatcher.java)
	at javafx.graphics/com.sun.glass.ui.win.WinApplication._enterNestedEventLoopImpl(Native Method)
	at javafx.graphics/com.sun.glass.ui.win.WinApplication._enterNestedEventLoop(WinApplication.java:211)
	at javafx.graphics/com.sun.glass.ui.Application.enterNestedEventLoop(Application.java:515)
	at javafx.graphics/com.sun.glass.ui.EventLoop.enter(EventLoop.java:107)
	at javafx.graphics/com.sun.javafx.tk.quantum.QuantumToolkit.enterNestedEventLoop(QuantumToolkit.java:647)
	at javafx.graphics/javafx.stage.Stage.showAndWait(Stage.java:469)
	at javafx.controls/javafx.scene.control.HeavyweightDialog.showAndWait(HeavyweightDialog.java:162)
	at javafx.controls/javafx.scene.control.Dialog.showAndWait(Unknown Source)
	at com.appointmentscheduler/com.appointmentscheduler.presentation.ErrorHandler.showErrorOnFxThread(ErrorHandler.java:48)
	at com.appointmentscheduler/com.appointmentscheduler.presentation.ErrorHandler.lambda$0(ErrorHandler.java:34)
	at javafx.graphics/com.sun.javafx.application.PlatformImpl.lambda$runLater$10(PlatformImpl.java:457)
	at java.base/java.security.AccessController.doPrivileged(AccessController.java:138)
	at javafx.graphics/com.sun.javafx.application.PlatformImpl.lambda$runLater$11(PlatformImpl.java:456)
	at javafx.graphics/com.sun.glass.ui.InvokeLaterDispatcher$Future.run$$$capture(InvokeLaterDispatcher.java:96)
	at javafx.graphics/com.sun.glass.ui.InvokeLaterDispatcher$Future.run(InvokeLaterDispatcher.java)
	at javafx.graphics/com.sun.glass.ui.win.WinApplication._enterNestedEventLoopImpl(Native Method)
	at javafx.graphics/com.sun.glass.ui.win.WinApplication._enterNestedEventLoop(WinApplication.java:211)
	at javafx.graphics/com.sun.glass.ui.Application.enterNestedEventLoop(Application.java:515)
	at javafx.graphics/com.sun.glass.ui.EventLoop.enter(EventLoop.java:107)
	at javafx.graphics/com.sun.javafx.tk.quantum.QuantumToolkit.enterNestedEventLoop(QuantumToolkit.java:647)
	at javafx.graphics/javafx.stage.Stage.showAndWait(Stage.java:469)
	at javafx.controls/javafx.scene.control.HeavyweightDialog.showAndWait(HeavyweightDialog.java:162)
	at javafx.controls/javafx.scene.control.Dialog.showAndWait(Unknown Source)
	at com.appointmentscheduler/com.appointmentscheduler.presentation.ErrorHandler.showErrorOnFxThread(ErrorHandler.java:48)
	at com.appointmentscheduler/com.appointmentscheduler.presentation.ErrorHandler.lambda$0(ErrorHandler.java:34)
	at javafx.graphics/com.sun.javafx.application.PlatformImpl.lambda$runLater$10(PlatformImpl.java:457)
	at java.base/java.security.AccessController.doPrivileged(AccessController.java:138)
	at javafx.graphics/com.sun.javafx.application.PlatformImpl.lambda$runLater$11(PlatformImpl.java:456)
	at javafx.graphics/com.sun.glass.ui.InvokeLaterDispatcher$Future.run$$$capture(InvokeLaterDispatcher.java:96)
	at javafx.graphics/com.sun.glass.ui.InvokeLaterDispatcher$Future.run(InvokeLaterDispatcher.java)
	at javafx.graphics/com.sun.glass.ui.win.WinApplication._enterNestedEventLoopImpl(Native Method)
	at javafx.graphics/com.sun.glass.ui.win.WinApplication._enterNestedEventLoop(WinApplication.java:211)
	at javafx.graphics/com.sun.glass.ui.Application.enterNestedEventLoop(Application.java:515)
	at javafx.graphics/com.sun.glass.ui.EventLoop.enter(EventLoop.java:107)
	at javafx.graphics/com.sun.javafx.tk.quantum.QuantumToolkit.enterNestedEventLoop(QuantumToolkit.java:647)
	at javafx.graphics/javafx.stage.Stage.showAndWait(Stage.java:469)
	at javafx.controls/javafx.scene.control.HeavyweightDialog.showAndWait(HeavyweightDialog.java:162)
	at javafx.controls/javafx.scene.control.Dialog.showAndWait(Unknown Source)
	at com.appointmentscheduler/com.appointmentscheduler.presentation.ErrorHandler.showErrorOnFxThread(ErrorHandler.java:48)
	at com.appointmentscheduler/com.appointmentscheduler.presentation.ErrorHandler.lambda$0(ErrorHandler.java:34)
	at javafx.graphics/com.sun.javafx.application.PlatformImpl.lambda$runLater$10(PlatformImpl.java:457)
	at java.base/java.security.AccessController.doPrivileged(AccessController.java:138)
	at javafx.graphics/com.sun.javafx.application.PlatformImpl.lambda$runLater$11(PlatformImpl.java:456)
	at javafx.graphics/com.sun.glass.ui.InvokeLaterDispatcher$Future.run$$$capture(InvokeLaterDispatcher.java:96)
	at javafx.graphics/com.sun.glass.ui.InvokeLaterDispatcher$Future.run(InvokeLaterDispatcher.java)
	at javafx.graphics/com.sun.glass.ui.win.WinApplication._enterNestedEventLoopImpl(Native Method)
	at javafx.graphics/com.sun.glass.ui.win.WinApplication._enterNestedEventLoop(WinApplication.java:211)
	at javafx.graphics/com.sun.glass.ui.Application.enterNestedEventLoop(Application.java:515)
	at javafx.graphics/com.sun.glass.ui.EventLoop.enter(EventLoop.java:107)
	at javafx.graphics/com.sun.javafx.tk.quantum.QuantumToolkit.enterNestedEventLoop(QuantumToolkit.java:647)
	at javafx.graphics/javafx.stage.Stage.showAndWait(Stage.java:469)
	at javafx.controls/javafx.scene.control.HeavyweightDialog.showAndWait(HeavyweightDialog.java:162)
	at javafx.controls/javafx.scene.control.Dialog.showAndWait(Unknown Source)
	at com.appointmentscheduler/com.appointmentscheduler.presentation.ErrorHandler.showErrorOnFxThread(ErrorHandler.java:48)
	at com.appointmentscheduler/com.appointmentscheduler.presentation.ErrorHandler.lambda$0(ErrorHandler.java:34)
	at javafx.graphics/com.sun.javafx.application.PlatformImpl.lambda$runLater$10(PlatformImpl.java:457)
	at java.base/java.security.AccessController.doPrivileged(AccessController.java:138)
	at javafx.graphics/com.sun.javafx.application.PlatformImpl.lambda$runLater$11(PlatformImpl.java:456)
	at javafx.graphics/com.sun.glass.ui.InvokeLaterDispatcher$Future.run$$$capture(InvokeLaterDispatcher.java:96)
	at javafx.graphics/com.sun.glass.ui.InvokeLaterDispatcher$Future.run(InvokeLaterDispatcher.java)
	at javafx.graphics/com.sun.glass.ui.win.WinApplication._enterNestedEventLoopImpl(Native Method)
	at javafx.graphics/com.sun.glass.ui.win.WinApplication._enterNestedEventLoop(WinApplication.java:211)
	at javafx.graphics/com.sun.glass.ui.Application.enterNestedEventLoop(Application.java:515)
	at javafx.graphics/com.sun.glass.ui.EventLoop.enter(EventLoop.java:107)
	at javafx.graphics/com.sun.javafx.tk.quantum.QuantumToolkit.enterNestedEventLoop(QuantumToolkit.java:647)
	at javafx.graphics/javafx.stage.Stage.showAndWait(Stage.java:469)
	at javafx.controls/javafx.scene.control.HeavyweightDialog.showAndWait(HeavyweightDialog.java:162)
	at javafx.controls/javafx.scene.control.Dialog.showAndWait(Unknown Source)
	at com.appointmentscheduler/com.appointmentscheduler.presentation.ErrorHandler.showErrorOnFxThread(ErrorHandler.java:48)
	at com.appointmentscheduler/com.appointmentscheduler.presentation.ErrorHandler.lambda$0(ErrorHandler.java:34)
	at javafx.graphics/com.sun.javafx.application.PlatformImpl.lambda$runLater$10(PlatformImpl.java:457)
	at java.base/java.security.AccessController.doPrivileged(AccessController.java:138)
	at javafx.graphics/com.sun.javafx.application.PlatformImpl.lambda$runLater$11(PlatformImpl.java:456)
	at javafx.graphics/com.sun.glass.ui.InvokeLaterDispatcher$Future.run$$$capture(InvokeLaterDispatcher.java:96)
	at javafx.graphics/com.sun.glass.ui.InvokeLaterDispatcher$Future.run(InvokeLaterDispatcher.java)
	at javafx.graphics/com.sun.glass.ui.win.WinApplication._enterNestedEventLoopImpl(Native Method)
	at javafx.graphics/com.sun.glass.ui.win.WinApplication._enterNestedEventLoop(WinApplication.java:211)
	at javafx.graphics/com.sun.glass.ui.Application.enterNestedEventLoop(Application.java:515)
	at javafx.graphics/com.sun.glass.ui.EventLoop.enter(EventLoop.java:107)
	at javafx.graphics/com.sun.javafx.tk.quantum.QuantumToolkit.enterNestedEventLoop(QuantumToolkit.java:647)
	at javafx.graphics/javafx.stage.Stage.showAndWait(Stage.java:469)
	at javafx.controls/javafx.scene.control.HeavyweightDialog.showAndWait(HeavyweightDialog.java:162)
	at javafx.controls/javafx.scene.control.Dialog.showAndWait(Unknown Source)
	at com.appointmentscheduler/com.appointmentscheduler.presentation.ErrorHandler.showErrorOnFxThread(ErrorHandler.java:48)
	at com.appointmentscheduler/com.appointmentscheduler.presentation.ErrorHandler.lambda$0(ErrorHandler.java:34)
	at javafx.graphics/com.sun.javafx.application.PlatformImpl.lambda$runLater$10(PlatformImpl.java:457)
	at java.base/java.security.AccessController.doPrivileged(AccessController.java:138)
	at javafx.graphics/com.sun.javafx.application.PlatformImpl.lambda$runLater$11(PlatformImpl.java:456)
	at javafx.graphics/com.sun.glass.ui.InvokeLaterDispatcher$Future.run$$$capture(InvokeLaterDispatcher.java:96)
	at javafx.graphics/com.sun.glass.ui.InvokeLaterDispatcher$Future.run(InvokeLaterDispatcher.java)
	at javafx.graphics/com.sun.glass.ui.win.WinApplication._enterNestedEventLoopImpl(Native Method)
	at javafx.graphics/com.sun.glass.ui.win.WinApplication._enterNestedEventLoop(WinApplication.java:211)
	at javafx.graphics/com.sun.glass.ui.Application.enterNestedEventLoop(Application.java:515)
	at javafx.graphics/com.sun.glass.ui.EventLoop.enter(EventLoop.java:107)
	at javafx.graphics/com.sun.javafx.tk.quantum.QuantumToolkit.enterNestedEventLoop(QuantumToolkit.java:647)
	at javafx.graphics/javafx.stage.Stage.showAndWait(Stage.java:469)
	at javafx.controls/javafx.scene.control.HeavyweightDialog.showAndWait(HeavyweightDialog.java:162)
	at javafx.controls/javafx.scene.control.Dialog.showAndWait(Unknown Source)
	at com.appointmentscheduler/com.appointmentscheduler.presentation.ErrorHandler.showErrorOnFxThread(ErrorHandler.java:48)
	at com.appointmentscheduler/com.appointmentscheduler.presentation.ErrorHandler.lambda$0(ErrorHandler.java:34)
	at javafx.graphics/com.sun.javafx.application.PlatformImpl.lambda$runLater$10(PlatformImpl.java:457)
	at java.base/java.security.AccessController.doPrivileged(AccessController.java:138)
	at javafx.graphics/com.sun.javafx.application.PlatformImpl.lambda$runLater$11(PlatformImpl.java:456)
	at javafx.graphics/com.sun.glass.ui.InvokeLaterDispatcher$Future.run$$$capture(InvokeLaterDispatcher.java:96)
	at javafx.graphics/com.sun.glass.ui.InvokeLaterDispatcher$Future.run(InvokeLaterDispatcher.java)
	at javafx.graphics/com.sun.glass.ui.win.WinApplication._enterNestedEventLoopImpl(Native Method)
	at javafx.graphics/com.sun.glass.ui.win.WinApplication._enterNestedEventLoop(WinApplication.java:211)
	at javafx.graphics/com.sun.glass.ui.Application.enterNestedEventLoop(Application.java:515)
	at javafx.graphics/com.sun.glass.ui.EventLoop.enter(EventLoop.java:107)
	at javafx.graphics/com.sun.javafx.tk.quantum.QuantumToolkit.enterNestedEventLoop(QuantumToolkit.java:647)
	at javafx.graphics/javafx.stage.Stage.showAndWait(Stage.java:469)
	at javafx.controls/javafx.scene.control.HeavyweightDialog.showAndWait(HeavyweightDialog.java:162)
	at javafx.controls/javafx.scene.control.Dialog.showAndWait(Unknown Source)
	at com.appointmentscheduler/com.appointmentscheduler.presentation.ErrorHandler.showErrorOnFxThread(ErrorHandler.java:48)
	at com.appointmentscheduler/com.appointmentscheduler.presentation.ErrorHandler.lambda$0(ErrorHandler.java:34)
	at javafx.graphics/com.sun.javafx.application.PlatformImpl.lambda$runLater$10(PlatformImpl.java:457)
	at java.base/java.security.AccessController.doPrivileged(AccessController.java:138)
	at javafx.graphics/com.sun.javafx.application.PlatformImpl.lambda$runLater$11(PlatformImpl.java:456)
	at javafx.graphics/com.sun.glass.ui.InvokeLaterDispatcher$Future.run$$$capture(InvokeLaterDispatcher.java:96)
	at javafx.graphics/com.sun.glass.ui.InvokeLaterDispatcher$Future.run(InvokeLaterDispatcher.java)
	at javafx.graphics/com.sun.glass.ui.win.WinApplication._runLoop(Native Method)
	at javafx.graphics/com.sun.glass.ui.win.WinApplication.lambda$runLoop$3(WinApplication.java:184)
	at java.base/java.lang.Thread.run(Thread.java:1474)
2026-04-18 22:40:43.306 [JavaFX Application Thread] ERROR c.appointmentscheduler.presentation.ErrorHandler - msg no cause
2026-04-18 22:40:43.317 [main] WARN  c.appointmentscheduler.presentation.ErrorHandler - warn msg
java.io.IOException: boom
	at com.appointmentscheduler/com.appointmentscheduler.presentation.ErrorHandlerTest.lambda$1(ErrorHandlerTest.java:48)
	at org.assertj.core.api.ThrowableAssert.catchThrowable(ThrowableAssert.java:63)
	at org.assertj.core.api.AssertionsForClassTypes.catchThrowable(AssertionsForClassTypes.java:892)
	at org.assertj.core.api.AssertionsForClassTypes.assertThatCode(AssertionsForClassTypes.java:863)
	at org.assertj.core.api.Assertions.assertThatCode(Assertions.java:1287)
	at com.appointmentscheduler/com.appointmentscheduler.presentation.ErrorHandlerTest.logWarning_withThrowable_doesNotThrow(ErrorHandlerTest.java:48)
	at java.base/jdk.internal.reflect.DirectMethodHandleAccessor.invoke(DirectMethodHandleAccessor.java:104)
	at java.base/java.lang.reflect.Method.invoke(Method.java:565)
	at org.junit.platform.commons.util.ReflectionUtils.invokeMethod(ReflectionUtils.java:728)
	at org.junit.jupiter.engine.execution.MethodInvocation.proceed(MethodInvocation.java:60)
	at org.junit.jupiter.engine.execution.InvocationInterceptorChain$ValidatingInvocation.proceed(InvocationInterceptorChain.java:131)
	at org.junit.jupiter.engine.extension.TimeoutExtension.intercept(TimeoutExtension.java:156)
	at org.junit.jupiter.engine.extension.TimeoutExtension.interceptTestableMethod(TimeoutExtension.java:147)
	at org.junit.jupiter.engine.extension.TimeoutExtension.interceptTestMethod(TimeoutExtension.java:86)
	at org.junit.jupiter.engine.execution.InterceptingExecutableInvoker$ReflectiveInterceptorCall.lambda$ofVoidMethod$0(InterceptingExecutableInvoker.java:103)
	at org.junit.jupiter.engine.execution.InterceptingExecutableInvoker.lambda$invoke$0(InterceptingExecutableInvoker.java:93)
	at org.junit.jupiter.engine.execution.InvocationInterceptorChain$InterceptedInvocation.proceed(InvocationInterceptorChain.java:106)
	at org.junit.jupiter.engine.execution.InvocationInterceptorChain.proceed(InvocationInterceptorChain.java:64)
	at org.junit.jupiter.engine.execution.InvocationInterceptorChain.chainAndInvoke(InvocationInterceptorChain.java:45)
	at org.junit.jupiter.engine.execution.InvocationInterceptorChain.invoke(InvocationInterceptorChain.java:37)
	at org.junit.jupiter.engine.execution.InterceptingExecutableInvoker.invoke(InterceptingExecutableInvoker.java:92)
	at org.junit.jupiter.engine.execution.InterceptingExecutableInvoker.invoke(InterceptingExecutableInvoker.java:86)
	at org.junit.jupiter.engine.descriptor.TestMethodTestDescriptor.lambda$invokeTestMethod$7(TestMethodTestDescriptor.java:218)
	at org.junit.platform.engine.support.hierarchical.ThrowableCollector.execute(ThrowableCollector.java:73)
	at org.junit.jupiter.engine.descriptor.TestMethodTestDescriptor.invokeTestMethod(TestMethodTestDescriptor.java:214)
	at org.junit.jupiter.engine.descriptor.TestMethodTestDescriptor.execute(TestMethodTestDescriptor.java:139)
	at org.junit.jupiter.engine.descriptor.TestMethodTestDescriptor.execute(TestMethodTestDescriptor.java:69)
	at org.junit.platform.engine.support.hierarchical.NodeTestTask.lambda$executeRecursively$6(NodeTestTask.java:151)
	at org.junit.platform.engine.support.hierarchical.ThrowableCollector.execute(ThrowableCollector.java:73)
	at org.junit.platform.engine.support.hierarchical.NodeTestTask.lambda$executeRecursively$8(NodeTestTask.java:141)
	at org.junit.platform.engine.support.hierarchical.Node.around(Node.java:137)
	at org.junit.platform.engine.support.hierarchical.NodeTestTask.lambda$executeRecursively$9(NodeTestTask.java:139)
	at org.junit.platform.engine.support.hierarchical.ThrowableCollector.execute(ThrowableCollector.java:73)
	at org.junit.platform.engine.support.hierarchical.NodeTestTask.executeRecursively(NodeTestTask.java:138)
	at org.junit.platform.engine.support.hierarchical.NodeTestTask.execute(NodeTestTask.java:95)
	at java.base/java.util.ArrayList.forEach(ArrayList.java:1604)
	at org.junit.platform.engine.support.hierarchical.SameThreadHierarchicalTestExecutorService.invokeAll(SameThreadHierarchicalTestExecutorService.java:41)
	at org.junit.platform.engine.support.hierarchical.NodeTestTask.lambda$executeRecursively$6(NodeTestTask.java:155)
	at org.junit.platform.engine.support.hierarchical.ThrowableCollector.execute(ThrowableCollector.java:73)
	at org.junit.platform.engine.support.hierarchical.NodeTestTask.lambda$executeRecursively$8(NodeTestTask.java:141)
	at org.junit.platform.engine.support.hierarchical.Node.around(Node.java:137)
	at org.junit.platform.engine.support.hierarchical.NodeTestTask.lambda$executeRecursively$9(NodeTestTask.java:139)
	at org.junit.platform.engine.support.hierarchical.ThrowableCollector.execute(ThrowableCollector.java:73)
	at org.junit.platform.engine.support.hierarchical.NodeTestTask.executeRecursively(NodeTestTask.java:138)
	at org.junit.platform.engine.support.hierarchical.NodeTestTask.execute(NodeTestTask.java:95)
	at java.base/java.util.ArrayList.forEach(ArrayList.java:1604)
	at org.junit.platform.engine.support.hierarchical.SameThreadHierarchicalTestExecutorService.invokeAll(SameThreadHierarchicalTestExecutorService.java:41)
	at org.junit.platform.engine.support.hierarchical.NodeTestTask.lambda$executeRecursively$6(NodeTestTask.java:155)
	at org.junit.platform.engine.support.hierarchical.ThrowableCollector.execute(ThrowableCollector.java:73)
	at org.junit.platform.engine.support.hierarchical.NodeTestTask.lambda$executeRecursively$8(NodeTestTask.java:141)
	at org.junit.platform.engine.support.hierarchical.Node.around(Node.java:137)
	at org.junit.platform.engine.support.hierarchical.NodeTestTask.lambda$executeRecursively$9(NodeTestTask.java:139)
	at org.junit.platform.engine.support.hierarchical.ThrowableCollector.execute(ThrowableCollector.java:73)
	at org.junit.platform.engine.support.hierarchical.NodeTestTask.executeRecursively(NodeTestTask.java:138)
	at org.junit.platform.engine.support.hierarchical.NodeTestTask.execute(NodeTestTask.java:95)
	at org.junit.platform.engine.support.hierarchical.SameThreadHierarchicalTestExecutorService.submit(SameThreadHierarchicalTestExecutorService.java:35)
	at org.junit.platform.engine.support.hierarchical.HierarchicalTestExecutor.execute(HierarchicalTestExecutor.java:57)
	at org.junit.platform.engine.support.hierarchical.HierarchicalTestEngine.execute(HierarchicalTestEngine.java:54)
	at org.junit.platform.launcher.core.EngineExecutionOrchestrator.execute(EngineExecutionOrchestrator.java:198)
	at org.junit.platform.launcher.core.EngineExecutionOrchestrator.execute(EngineExecutionOrchestrator.java:169)
	at org.junit.platform.launcher.core.EngineExecutionOrchestrator.execute(EngineExecutionOrchestrator.java:93)
	at org.junit.platform.launcher.core.EngineExecutionOrchestrator.lambda$execute$0(EngineExecutionOrchestrator.java:58)
	at org.junit.platform.launcher.core.EngineExecutionOrchestrator.withInterceptedStreams(EngineExecutionOrchestrator.java:141)
	at org.junit.platform.launcher.core.EngineExecutionOrchestrator.execute(EngineExecutionOrchestrator.java:57)
	at org.junit.platform.launcher.core.DefaultLauncher.execute(DefaultLauncher.java:103)
	at org.junit.platform.launcher.core.DefaultLauncher.execute(DefaultLauncher.java:85)
	at org.junit.platform.launcher.core.DelegatingLauncher.execute(DelegatingLauncher.java:47)
	at org.junit.platform.launcher.core.SessionPerRequestLauncher.execute(SessionPerRequestLauncher.java:63)
	at com.intellij.junit5.JUnit5IdeaTestRunner.startRunnerWithArgs(JUnit5IdeaTestRunner.java:66)
	at com.intellij.rt.junit.IdeaTestRunner$Repeater$1.execute(IdeaTestRunner.java:38)
	at com.intellij.rt.execution.junit.TestsRepeater.repeat(TestsRepeater.java:11)
	at com.intellij.rt.junit.IdeaTestRunner$Repeater.startRunnerWithArgs(IdeaTestRunner.java:35)
	at com.intellij.rt.junit.JUnitStarter.prepareStreamsAndStart(JUnitStarter.java:231)
	at com.intellij.rt.junit.JUnitStarter.main(JUnitStarter.java:55)
2026-04-18 22:40:48.260 [JavaFX Application Thread] INFO  com.appointmentscheduler.presentation.MainApp - Using database persistence (MySQL). User and appointment data will be saved.
2026-04-18 22:40:48.260 [JavaFX Application Thread] DEBUG c.a.application.AppointmentReminderService - Registered reminder channel: SMSNotification
2026-04-18 22:40:48.681 [JavaFX Application Thread] INFO  com.appointmentscheduler.presentation.MainApp - User admin@admin.com was User; converted to ADMINISTRATOR with default password (startup repair).
2026-04-18 22:40:48.681 [JavaFX Application Thread] INFO  com.appointmentscheduler.presentation.MainApp - Starting Appointment Booking System v3.0.0
2026-04-18 22:40:51.700 [JavaFX Application Thread] INFO  com.appointmentscheduler.presentation.MainApp - Using database persistence (MySQL). User and appointment data will be saved.
2026-04-18 22:40:51.701 [JavaFX Application Thread] DEBUG c.a.application.AppointmentReminderService - Registered reminder channel: SMSNotification
2026-04-18 22:40:52.167 [JavaFX Application Thread] INFO  com.appointmentscheduler.presentation.MainApp - Starting Appointment Booking System v3.0.0
2026-04-18 22:40:53.179 [JavaFX Application Thread] INFO  com.appointmentscheduler.presentation.MainApp - Using database persistence (MySQL). User and appointment data will be saved.
2026-04-18 22:40:53.179 [JavaFX Application Thread] DEBUG c.a.application.AppointmentReminderService - Registered reminder channel: SMSNotification
2026-04-18 22:40:53.743 [JavaFX Application Thread] INFO  com.appointmentscheduler.presentation.MainApp - Starting Appointment Booking System v3.0.0
2026-04-18 22:40:55.517 [main] DEBUG com.appointmentscheduler.application.AppConfig - Application configuration loaded
2026-04-18 22:40:55.517 [main] DEBUG com.appointmentscheduler.application.AppConfig - Merged application-local.properties
2026-04-18 22:40:55.522 [main] DEBUG com.appointmentscheduler.application.AppConfig - Application configuration loaded
2026-04-18 22:40:55.523 [main] DEBUG com.appointmentscheduler.application.AppConfig - Merged application-local.properties
2026-04-18 22:40:55.528 [main] DEBUG com.appointmentscheduler.application.AppConfig - Application configuration loaded
2026-04-18 22:40:55.528 [main] DEBUG com.appointmentscheduler.application.AppConfig - Merged application-local.properties
2026-04-18 22:40:55.549 [main] DEBUG c.appointmentscheduler.application.AuditLogService - Audit: ACT | System | details
2026-04-18 22:40:55.549 [main] DEBUG c.appointmentscheduler.application.AuditLogService - Audit: ACT2 | name | details2
2026-04-18 22:40:55.551 [main] DEBUG com.appointmentscheduler.application.AppConfig - Application configuration loaded
2026-04-18 22:40:55.551 [main] DEBUG com.appointmentscheduler.application.AppConfig - Merged application-local.properties
2026-04-18 22:40:55.556 [main] DEBUG com.appointmentscheduler.application.AppConfig - Application configuration loaded
2026-04-18 22:40:55.556 [main] DEBUG com.appointmentscheduler.application.AppConfig - Merged application-local.properties
2026-04-18 22:40:55.579 [main] DEBUG com.appointmentscheduler.application.AppConfig - Application configuration loaded
2026-04-18 22:40:55.579 [main] DEBUG com.appointmentscheduler.application.AppConfig - Merged application-local.properties
2026-04-18 22:40:55.581 [main] DEBUG com.appointmentscheduler.application.AppConfig - Application configuration loaded
2026-04-18 22:40:55.581 [main] DEBUG com.appointmentscheduler.application.AppConfig - Merged application-local.properties
2026-04-18 22:40:55.585 [main] DEBUG com.appointmentscheduler.application.AppConfig - Application configuration loaded
2026-04-18 22:40:55.585 [main] DEBUG com.appointmentscheduler.application.AppConfig - Merged application-local.properties
2026-04-18 22:40:55.611 [main] DEBUG c.appointmentscheduler.application.AuditLogService - Audit: EXPIRE | System | Appointment pnd auto-expired
2026-04-18 22:40:55.616 [main] DEBUG c.appointmentscheduler.application.AuditLogService - Audit: EXPIRE | System | Appointment a1 auto-expired
2026-04-18 22:40:55.726 [main] DEBUG c.appointmentscheduler.application.AuditLogService - Audit: CANCEL_RECURRENCE_SINGLE | N | Occurrence sid_1776769200 | entity=sid_1776769200
2026-04-18 22:40:55.729 [main] DEBUG c.appointmentscheduler.application.AuditLogService - Audit: CANCEL_RECURRENCE_SERIES | N | Series SER123 occurrence a1 | entity=a1
2026-04-18 22:40:55.729 [main] DEBUG c.appointmentscheduler.application.AuditLogService - Audit: CANCEL_RECURRENCE_SERIES | N | Series SER123 occurrence a2 | entity=a2
2026-04-18 22:40:55.754 [main] DEBUG com.appointmentscheduler.application.AppConfig - Application configuration loaded
2026-04-18 22:40:55.754 [main] DEBUG com.appointmentscheduler.application.AppConfig - Merged application-local.properties
2026-04-18 22:40:55.756 [main] DEBUG com.appointmentscheduler.application.AppConfig - Application configuration loaded
2026-04-18 22:40:55.756 [main] DEBUG com.appointmentscheduler.application.AppConfig - Merged application-local.properties
2026-04-18 22:40:55.757 [main] DEBUG com.appointmentscheduler.application.AppConfig - Application configuration loaded
2026-04-18 22:40:55.759 [main] DEBUG com.appointmentscheduler.application.AppConfig - Merged application-local.properties
2026-04-18 22:40:55.763 [main] DEBUG com.appointmentscheduler.application.AppConfig - Application configuration loaded
2026-04-18 22:40:55.763 [main] DEBUG com.appointmentscheduler.application.AppConfig - Merged application-local.properties
2026-04-18 22:40:55.765 [main] DEBUG com.appointmentscheduler.application.AppConfig - Application configuration loaded
2026-04-18 22:40:55.766 [main] DEBUG com.appointmentscheduler.application.AppConfig - Merged application-local.properties
2026-04-18 22:40:55.767 [main] DEBUG com.appointmentscheduler.application.AppConfig - Application configuration loaded
2026-04-18 22:40:55.767 [main] DEBUG com.appointmentscheduler.application.AppConfig - Merged application-local.properties
2026-04-18 22:40:55.787 [main] DEBUG com.appointmentscheduler.application.AppConfig - Application configuration loaded
2026-04-18 22:40:55.788 [main] DEBUG com.appointmentscheduler.application.AppConfig - Merged application-local.properties
2026-04-18 22:40:55.789 [main] DEBUG com.appointmentscheduler.application.AppConfig - Application configuration loaded
2026-04-18 22:40:55.789 [main] DEBUG com.appointmentscheduler.application.AppConfig - Merged application-local.properties
2026-04-18 22:40:55.791 [main] DEBUG com.appointmentscheduler.application.AppConfig - Application configuration loaded
2026-04-18 22:40:55.792 [main] DEBUG com.appointmentscheduler.application.AppConfig - Merged application-local.properties
2026-04-18 22:40:55.792 [main] DEBUG com.appointmentscheduler.application.AppConfig - Application configuration loaded
2026-04-18 22:40:55.793 [main] DEBUG com.appointmentscheduler.application.AppConfig - Merged application-local.properties
2026-04-18 22:40:55.795 [main] DEBUG com.appointmentscheduler.application.AppConfig - Application configuration loaded
2026-04-18 22:40:55.795 [main] DEBUG com.appointmentscheduler.application.AppConfig - Merged application-local.properties
2026-04-18 22:40:55.796 [main] DEBUG com.appointmentscheduler.application.AppConfig - Application configuration loaded
2026-04-18 22:40:55.796 [main] DEBUG com.appointmentscheduler.application.AppConfig - Merged application-local.properties
2026-04-18 22:40:55.815 [main] DEBUG com.appointmentscheduler.application.AppConfig - Application configuration loaded
2026-04-18 22:40:55.815 [main] DEBUG com.appointmentscheduler.application.AppConfig - Merged application-local.properties
2026-04-18 22:40:55.816 [main] DEBUG com.appointmentscheduler.application.AppConfig - Application configuration loaded
2026-04-18 22:40:55.817 [main] DEBUG com.appointmentscheduler.application.AppConfig - Merged application-local.properties
2026-04-18 22:40:55.823 [main] DEBUG com.appointmentscheduler.application.AppConfig - Application configuration loaded
2026-04-18 22:40:55.824 [main] DEBUG com.appointmentscheduler.application.AppConfig - Merged application-local.properties
2026-04-18 22:40:55.825 [main] DEBUG com.appointmentscheduler.application.AppConfig - Application configuration loaded
2026-04-18 22:40:55.826 [main] DEBUG com.appointmentscheduler.application.AppConfig - Merged application-local.properties
2026-04-18 22:40:55.827 [main] DEBUG com.appointmentscheduler.application.AppConfig - Application configuration loaded
2026-04-18 22:40:55.828 [main] DEBUG com.appointmentscheduler.application.AppConfig - Merged application-local.properties
2026-04-18 22:40:55.829 [main] DEBUG com.appointmentscheduler.application.AppConfig - Application configuration loaded
2026-04-18 22:40:55.829 [main] DEBUG com.appointmentscheduler.application.AppConfig - Merged application-local.properties
2026-04-18 22:40:55.832 [main] DEBUG com.appointmentscheduler.application.AppConfig - Application configuration loaded
2026-04-18 22:40:55.832 [main] DEBUG com.appointmentscheduler.application.AppConfig - Merged application-local.properties
2026-04-18 22:40:55.833 [main] DEBUG com.appointmentscheduler.application.AppConfig - Application configuration loaded
2026-04-18 22:40:55.834 [main] DEBUG com.appointmentscheduler.application.AppConfig - Merged application-local.properties
2026-04-18 22:40:55.836 [main] DEBUG com.appointmentscheduler.application.AppConfig - Application configuration loaded
2026-04-18 22:40:55.837 [main] DEBUG com.appointmentscheduler.application.AppConfig - Merged application-local.properties
2026-04-18 22:40:55.842 [main] DEBUG com.appointmentscheduler.application.AppConfig - Application configuration loaded
2026-04-18 22:40:55.842 [main] DEBUG com.appointmentscheduler.application.AppConfig - Merged application-local.properties
2026-04-18 22:40:55.844 [main] DEBUG com.appointmentscheduler.application.AppConfig - Application configuration loaded
2026-04-18 22:40:55.845 [main] DEBUG com.appointmentscheduler.application.AppConfig - Merged application-local.properties
2026-04-18 22:40:55.849 [main] DEBUG com.appointmentscheduler.application.AppConfig - Application configuration loaded
2026-04-18 22:40:55.859 [main] DEBUG com.appointmentscheduler.application.AppConfig - Merged application-local.properties
2026-04-18 22:40:55.862 [main] DEBUG com.appointmentscheduler.application.AppConfig - Application configuration loaded
2026-04-18 22:40:55.863 [main] DEBUG com.appointmentscheduler.application.AppConfig - Merged application-local.properties
2026-04-18 22:40:55.864 [main] DEBUG com.appointmentscheduler.application.AppConfig - Application configuration loaded
2026-04-18 22:40:55.864 [main] DEBUG com.appointmentscheduler.application.AppConfig - Merged application-local.properties
2026-04-18 22:40:56.084 [main] DEBUG com.appointmentscheduler.application.AppConfig - Application configuration loaded
2026-04-18 22:40:56.086 [main] DEBUG com.appointmentscheduler.application.AppConfig - Merged application-local.properties
2026-04-18 22:40:56.092 [main] DEBUG com.appointmentscheduler.application.AppConfig - Application configuration loaded
2026-04-18 22:40:56.092 [main] DEBUG com.appointmentscheduler.application.AppConfig - Merged application-local.properties
2026-04-18 22:40:56.183 [Thread-202] INFO  com.zaxxer.hikari.HikariDataSource - AppointmentBookingPool - Shutdown initiated...
2026-04-18 22:40:56.207 [Thread-202] INFO  com.zaxxer.hikari.HikariDataSource - AppointmentBookingPool - Shutdown completed.
2026-04-18 22:40:56.209 [Thread-202] INFO  c.a.persistence.database.DatabaseConfig - Database connection pool closed
